INSERT INTO "Artist" ("id", "name", "avatar", "bio", "followersCount", "createdAt", "updatedAt") VALUES
('c1562ce6-5c07-4030-b5a5-c09c04193bc8', 'Hoàng Tôn', 'https://i.scdn.co/image/ab67616100005174cb8a5343ffa6b1395bc66f6a', Null, '272303', NOW(), NOW()),
('9d4ee2e7-3d80-4fbf-9938-b17e9360f513', 'Ricky Star', 'https://i.scdn.co/image/ab67616100005174e7012a07d44b58b0d2812c5b', Null, '66523', NOW(), NOW()),
('c0e4555f-08d5-4b87-bbf3-f9d976bff1ae', 'LyHan', 'https://i.scdn.co/image/ab67616100005174c6db364f01d9744359b45e74', Null, '251', NOW(), NOW()),
('099eaddb-56d0-43fb-a05b-f234e3516558', 'GREY D', 'https://i.scdn.co/image/ab67616100005174d23b0ac7f33678be5753e1f5', Null, '377129', NOW(), NOW()),
('e81c2ff2-235f-4d12-afa8-2282b1ec4252', 'BeepBeepChild', 'https://i.scdn.co/image/ab676161000051746b9a8dd1668932fdbc307628', Null, '540', NOW(), NOW()),
('32fb3e4f-1822-4ca5-8714-df955bf61539', 'WOKEUP', 'https://i.scdn.co/image/ab676161000051745d82b0067daf861bf0ef3c51', Null, '17195', NOW(), NOW()),
('358d92bc-69b8-4a66-8c04-b61e9902fb74', 'Blackalicious', 'https://i.scdn.co/image/ab67616100005174772e43ea0f6e9e2e03eef2f5', Null, '194111', NOW(), NOW()),
('2088d666-25eb-4c9b-88dc-5fb6d4363c87', 'Nguyen Hoang Duy', 'https://i.scdn.co/image/ab67616d00001e020d6dacb5ccd1b6b4987b422f', Null, '7', NOW(), NOW()),
('3da11b67-9d85-4c10-ad10-209705f27e19', 'Exclusive Music', 'https://i.scdn.co/image/ab67616100005174379d8af97335673fadb4a7e3', Null, '11886', NOW(), NOW()),
('5a7c59ba-eef0-4ad6-9a3c-77e10f6bfcaf', 'Thanh Lam', 'https://i.scdn.co/image/ab67616d00001e02e78b9e50d2a7b64e00f35f39', Null, '35230', NOW(), NOW()),
('b049e9ac-e4de-45b5-8d7a-cb917be356ea', 'Denzel Curry', 'https://i.scdn.co/image/ab676161000051748e265da892579da2139b659f', Null, '2637547', NOW(), NOW()),
('56d01d81-6f1c-451e-9747-dd4d4806adf2', 'Kairikibear', 'https://i.scdn.co/image/ab67616d00001e02745ff8443f0db1cda32e5c97', Null, '625676', NOW(), NOW()),
('e8feb04f-5fc6-4273-b35d-8586138db784', 'CHARLES.', 'https://i.scdn.co/image/ab676161000051749d8811f8df8f618fba0dbb6f', Null, '11773', NOW(), NOW()),
('a5d3d9bd-acb3-489c-b44d-5eba7c3b87a9', 'SOOBIN', 'https://i.scdn.co/image/ab67616100005174b9c9e23c646125922719489e', Null, '905137', NOW(), NOW()),
('8cfcbc3a-012b-4d1a-b73e-0b7ba50b7998', 'Kriss Ngo', 'https://i.scdn.co/image/ab6761610000517471655f2ce168fdc7935b220b', Null, '3924', NOW(), NOW()),
('1b7a1e30-0b34-4227-90b8-d305b167bf39', 'YanBi', 'https://i.scdn.co/image/ab676161000051740a5e78a281128467b1a42f6e', Null, '107002', NOW(), NOW()),
('96631658-c5db-48d5-8c18-975475eab6b3', 'Jin', 'https://i.scdn.co/image/ab67616100005174ca4f165e62fbf5ab5a3750ba', Null, '8281116', NOW(), NOW()),
('f9d22be2-e05a-4665-8280-019f6c77cb65', 'Thu Minh', 'https://i.scdn.co/image/ab6761610000517404226ec6af8b00f7baf9ce07', Null, '36808', NOW(), NOW()),
('2118b3bd-5567-4a91-9934-657232767384', 'Mỹ Tâm', 'https://i.scdn.co/image/ab676161000051745d4a6001ce67c78aa3873c6a', Null, '1942187', NOW(), NOW()),
('155a831d-1e97-4f7e-9137-565a20101270', 'Tuấn Ngọc', 'https://i.scdn.co/image/ab676161000051749e41d6d7b3489b23b1031574', Null, '112667', NOW(), NOW()),
('69c78f8f-42e9-4a41-9a47-e848d5dae4c0', 'Rhymastic', 'https://i.scdn.co/image/ab676161000051740e62e694576ab6f8e56db3d8', Null, '673184', NOW(), NOW()),
('6a16d72a-0343-4e1b-85b5-37ceca1c1542', 'Ưng Hoàng Phúc', 'https://i.scdn.co/image/ab67616100005174c82b2868da4bf85069366d70', Null, '193699', NOW(), NOW()),
('c8096705-b708-4728-b0dd-e53e7c97d860', 'Kewtiie', 'https://i.scdn.co/image/ab676161000051747be25f3882dabd2238c07e8b', Null, '30351', NOW(), NOW()),
('2bfdb12c-9849-44f8-a22c-d07788996861', 'Phan Mạnh Quỳnh', 'https://i.scdn.co/image/ab67616100005174f3ac22c53b34150b407c3410', Null, '968763', NOW(), NOW()),
('0feeeded-231c-4905-9cea-ab96c4b0ba63', 'DSmall', 'https://i.scdn.co/image/ab676161000051748f02f05981799a96b699b8b5', Null, '3651', NOW(), NOW()),
('31c62849-3e00-4b46-9fb9-073a09214d2d', 'Mynhon', 'https://i.scdn.co/image/ab67616d00001e02264793bf88bed7c9098a200e', Null, '11', NOW(), NOW()),
('f660d88e-5c1d-4713-b52c-1377337a16c7', 'FBBOIZ', 'https://i.scdn.co/image/ab67616d00001e02424d135059c3392c4111aa23', Null, '190', NOW(), NOW()),
('8c2a3102-69b0-4eef-b278-ea899975d29e', 'Bảo Kun', 'https://i.scdn.co/image/ab67616d00001e02a476a0bc9ba45cfa639cde0e', Null, '414', NOW(), NOW()),
('cc39ee73-e5b2-4eb9-acd4-58ceb5b9322b', 'Hoàng Thùy Linh', 'https://i.scdn.co/image/ab67616100005174e7b7fa8d03a2e3b6a800bdb4', Null, '880956', NOW(), NOW()),
('b417be4e-aa9d-4ec8-ba27-530e7a3ff8a0', 'Kai Dinh', 'Unknown', Null, '238', NOW(), NOW()),
('30c785fd-8d7c-4598-a3bf-80f99de8ff9f', 'Đông Nhi', 'https://i.scdn.co/image/ab67616100005174e90ee6acf05599eeeab1beca', Null, '306768', NOW(), NOW()),
('1e6d82fd-781a-4b51-996d-303d76bc168c', 'Phúc Bồ', 'https://i.scdn.co/image/ab67616d00001e02e72355234efe6d9310bc5f90', Null, '1042', NOW(), NOW()),
('b9a5ed22-05a6-4a35-814d-78f84e8e0ee4', '16 Typh', 'https://i.scdn.co/image/ab67616100005174926ea7f4eb9e0b1764aec0a7', Null, '277534', NOW(), NOW()),
('5eba04b9-591b-4770-834f-a7215a3320fa', 'Khắc Hưng', 'https://i.scdn.co/image/ab6761610000517437e01567a89005eb0feb38d2', Null, '2252', NOW(), NOW()),
('34a949d6-2630-4f1b-ba18-d9f52333050b', 'Lam Truong', 'https://i.scdn.co/image/ab67616100005174a61c5c97b1b318f1b04fcd97', Null, '126976', NOW(), NOW()),
('6a5a08d3-9159-4bef-b716-7f2d2bd1afec', 'DuongK', 'https://i.scdn.co/image/ab676161000051741cf4343978c794c4b528d440', Null, '471', NOW(), NOW()),
('bba8f23f-d4cb-4062-b98c-16ea0fb620c1', 'Sony Tran', 'https://i.scdn.co/image/ab676161000051745dd3343b6a403ef401590861', Null, '1955', NOW(), NOW()),
('903425e7-18e7-444a-83f3-bac5b51ad63a', 'Tùng Dương', 'https://i.scdn.co/image/ab67616100005174a28c7a26b5199f00b3655bc2', Null, '18959', NOW(), NOW()),
('f8196d95-7144-4dbf-86b9-90b226d6003f', 'Hozier', 'https://i.scdn.co/image/ab67616100005174ad85a585103dfc2f3439119a', Null, '7950524', NOW(), NOW()),
('0c5ec355-eac8-4960-859e-8039e13c3d63', 'HIEUTHUHAI', 'https://i.scdn.co/image/ab67616100005174e1cbc9e7ba8fbc5d7738ea51', Null, '1672201', NOW(), NOW()),
('daa990e6-db85-482b-96f9-556f6f34e796', 'Bảo Anh', 'https://i.scdn.co/image/ab67616100005174c8a99b7d4971c74cd6dc0eaa', Null, '497853', NOW(), NOW()),
('78b8062d-11b9-4e21-8273-c4faed1708b6', 'Annoying Orange', 'https://i.scdn.co/image/ab6761610000517448fc798d43d57df3708f09fa', Null, '76864', NOW(), NOW()),
('38cfa98b-d77a-4f9b-8370-ca605cc280b5', 'Hoàng Rob', 'https://i.scdn.co/image/ab6761610000517438c9854bc98a000fa5c402d3', Null, '494', NOW(), NOW()),
('1dd0394f-0f37-42bf-9a0f-7f011f2b4b02', 'NHATNGUYEN', 'https://i.scdn.co/image/ab67616d00001e0289e74c70d03d156be4f0b442', Null, '31', NOW(), NOW()),
('efeea6e6-d945-4c0e-94b0-5964ea7f165c', 'Droppy', 'https://i.scdn.co/image/ab67616100005174411f3b12dea0208448e89f1c', Null, '2447', NOW(), NOW()),
('90ed25d1-412a-49ea-8a18-df5f5706e3e2', '1DEE', 'https://i.scdn.co/image/ab676161000051747d0217f84cccb456294dacd4', Null, '399', NOW(), NOW()),
('f34d0e65-c5fd-4f8c-adfd-989e390eaa93', 'Basick', 'https://i.scdn.co/image/ab6761610000517439bf033dbb25e5483994f51c', Null, '39583', NOW(), NOW()),
('69e3ae4e-2c17-4a69-b12e-3a2b985121b6', 'Touliver', 'https://i.scdn.co/image/ab67616100005174d1791a8797ebb54224bbe240', Null, '186464', NOW(), NOW()),
('91918902-1d19-4ce7-9967-07e784933795', 'Noo Phước Thịnh', 'https://i.scdn.co/image/ab67616100005174da93c541daefd806b8992302', Null, '759947', NOW(), NOW()),
('2586db19-c9a4-4a52-8f4f-3c8f1d57824d', 'Trung Ngon', 'https://i.scdn.co/image/ab67616d00001e02dc3ceb5a2903593a4f871528', Null, '745', NOW(), NOW()),
('ced97d1a-1a78-45c7-9045-491cb55b1b72', 'JustaTee', 'https://i.scdn.co/image/ab67616100005174de3d3210433dd11c07678420', Null, '1008365', NOW(), NOW()),
('8492579f-88a1-4172-a5bc-3ec6a20e1396', 'Liên Quân Mobile', 'https://i.scdn.co/image/ab67616d00001e02fbdef36900f2c177294c1ec8', Null, '5953', NOW(), NOW()),
('45895800-9b8a-43f8-8a99-8f6ef3df37c9', 'Machiot', 'https://i.scdn.co/image/ab67616100005174660708de56a68b77910c92f8', Null, '8713', NOW(), NOW()),
('93dc53ef-6706-4762-b0f0-3667130e3f62', 'HuyTran', 'https://i.scdn.co/image/ab67616d00001e022763a25faa329b5db1f3077c', Null, '64', NOW(), NOW()),
('834ce268-a55a-47c4-83f0-480d800f3cb3', 'Tóc Tiên', 'https://i.scdn.co/image/ab67616100005174e51f475c32e7e8f34faf95c5', Null, '268125', NOW(), NOW()),
('9c781c8c-d3f8-4d76-981d-f41f8eb5ce01', 'tlinh', 'https://i.scdn.co/image/ab67616100005174230e62752ca87da1d85d0445', Null, '1161665', NOW(), NOW()),
('e4252d69-9acf-42c4-a193-a4ea008a2dec', 'Rtee', 'https://i.scdn.co/image/ab676161000051743e54d0220b3bcfdc0eb6cda4', Null, '6565', NOW(), NOW()),
('bfe5f7cd-bce0-4fdf-8e5d-fa89d1d2f03e', 'DJ Gin', 'https://i.scdn.co/image/ab67616d00001e02e1957cbdff8f43e9323ee083', Null, '55', NOW(), NOW()),
('7a9199f2-878b-42a2-b4b2-01dafda3ccec', 'SUNI Hạ Linh', 'https://i.scdn.co/image/ab67616100005174ad1569e5633b6b9b2e3cc27b', Null, '296103', NOW(), NOW()),
('e7961acf-026d-457e-952e-d43ab798bbc6', 'TINLE', 'Unknown', Null, '56', NOW(), NOW()),
('59592ac6-1ddf-405d-b07b-e2ecf4f279b6', 'Kay Trần', 'https://i.scdn.co/image/ab67616100005174b182f76a2211e3ace1e24764', Null, '96653', NOW(), NOW()),
('c33b240f-91fb-44ca-bd11-ca2c6c8e4c50', 'SlimV', 'https://i.scdn.co/image/ab67616100005174c22a603a6c20b3030007fc27', Null, '1419', NOW(), NOW()),
('33f9e437-495f-4e4a-9264-a2cb95926624', 'Binz', 'https://i.scdn.co/image/ab67616100005174cbc6b072aec429273fdbd53b', Null, '1136921', NOW(), NOW()),
('f3ede310-631c-440f-931a-9e2ab0daa718', 'BOMATELA', 'https://i.scdn.co/image/ab67616d00001e0213d38e4353a8c3ae89fec15b', Null, '661', NOW(), NOW()),
('cc5c51ac-f8ca-440b-9489-bf7bf3771621', 'Only C', 'https://i.scdn.co/image/ab67616100005174c7c8ae4ffa1d7f3bfd4aadfa', Null, '546349', NOW(), NOW()),
('e71c0937-89c3-4060-aa20-755a4ac70003', 'Darrys.', 'https://i.scdn.co/image/ab67616d00001e021f52bf5bdc18ca3b54ab36f4', Null, '7', NOW(), NOW()),
('d0845ba7-8662-4cbc-b2d2-091b6f9afa75', 'Hà Trần', 'https://i.scdn.co/image/ab676161000051741bc3f539a3a740271e3f7162', Null, '101736', NOW(), NOW()),
('ea443ea8-1878-4f8c-9b93-21d4f80d9632', 'Alleviate', 'https://i.scdn.co/image/ab6761610000517476c4383ef1ff3d93322bc21f', Null, '14488', NOW(), NOW()),
('64328e49-904e-44d8-8496-bd4babca6960', 'Hồ Ngọc Hà', 'https://i.scdn.co/image/ab67616100005174270de06a6bf1d7f168339c58', Null, '453657', NOW(), NOW()),
('5260dc33-282c-429c-8873-d098af3ba9ba', 'Ji Yeon', 'https://i.scdn.co/image/ab67616d00001e028faca292dc30e3e240b00119', Null, '76171', NOW(), NOW()),
('cfdad998-d620-4519-8228-f2548e123a91', 'Tăng Duy Tân', 'https://i.scdn.co/image/ab6761610000517495b944a60972bb6261880cd4', Null, '280351', NOW(), NOW()),
('9e2800cf-e80d-4cf6-baa4-251a045af3c7', 'Mlee', 'https://i.scdn.co/image/ab67616100005174cf5b3ba75a68debbf0d6633e', Null, '4757', NOW(), NOW()),
('ea3fff24-7e67-4155-ba90-d94555a79dae', 'Lê Hiếu', 'https://i.scdn.co/image/ab67616d00001e02caa7ef3c1e269ce6b12f6b3e', Null, '115099', NOW(), NOW()),
('bffc04c4-0c13-4446-a043-af0bbc7534c0', 'Sơn Tùng M-TP', 'https://i.scdn.co/image/ab676161000051745a79a6ca8c60e4ec1440be53', Null, '5960852', NOW(), NOW());







--------------------SonTungMTP



INSERT INTO "Album" ("albumId",  "title", "releaseDate", "albumType", "createdAt", "updatedAt") VALUES
('ca8b8a4a-7164-463b-a297-d67bd2ebec28', 'Sky Tour (Original Motion Picture Soundtrack)', '2020-06-12', 'album', NOW(), NOW()),
('8f4abf06-bcd4-49bf-be59-b70e60745163', 'm-tp M-TP', '2017-04-01', 'album', NOW(), NOW()),
('abc600b4-71cb-4c7f-bdc0-ccde79e44f46', 'Đừng Làm Trái Tim Anh Đau', '2024-06-08', 'single', NOW(), NOW()),
('6e423d66-691d-476c-ab93-78f665347e81', 'Chúng Ta Của Tương Lai', '2024-03-08', 'single', NOW(), NOW()),
('54dd4eec-1d95-44d8-a4c5-c9c563d9a8ec', 'Có Chắc Yêu Là Đây (Remix)', '2023-09-29', 'single', NOW(), NOW()),
('75cd0867-d458-4b17-94e8-6a2d0c1f2116', 'Nơi Này Có Anh (Remix)', '2023-09-20', 'single', NOW(), NOW()),
('b13b7ee3-d919-489b-96bf-e41d32f432eb', 'Muộn Rồi Mà Sao Còn (Remix)', '2023-09-08', 'single', NOW(), NOW()),
('c157e6df-8429-458e-bbf8-532813dac5cd', 'MAKING MY WAY', '2023-05-05', 'single', NOW(), NOW()),
('d502ab48-5b90-4b14-bc17-998e6e5ed68f', 'SKY DECADE', '2022-10-06', 'ep', NOW(), NOW()),
('78826d78-68b2-4d8b-b8f0-7667e5e873c5', 'SKY DECADE', '2022-10-06', 'ep', NOW(), NOW()),
('2791a3fa-e7c3-4654-8155-977dde9eedcd', 'Cơn Mưa Ngang Qua (Remix 2022)', '2022-07-06', 'single', NOW(), NOW()),
('fea3da95-2671-4707-85c3-6d096a3e0c25', 'There''s No One At All (Another Version)', '2022-07-05', 'single', NOW(), NOW()),
('92309939-d26b-4acf-b42b-71f7c7551f02', 'THERE''S NO ONE AT ALL', '2022-04-28', 'single', NOW(), NOW()),
('cfbcf703-218c-4b16-b07c-a7b7869b5fc2', 'Muộn Rồi Mà Sao Còn', '2021-04-29', 'single', NOW(), NOW()),
('df31cb69-7290-4e9b-ab41-d2a0c72e7ff9', 'Remember Me (Onionn Remix Countdown 2021)', '2021-02-08', 'single', NOW(), NOW()),
('eafdff13-9837-48ec-84b0-345ee9882276', 'Có Chắc Yêu Là Đây (Onionn Remix Countdown 2021)', '2021-02-08', 'single', NOW(), NOW()),
('c6b099b9-e549-43e6-bb0b-c75e67bcdbf0', 'Skyler', '2021-01-28', 'single', NOW(), NOW()),
('f8ad1a34-d92b-42fd-acf8-420db3400df2', 'Chúng Ta Của Hiện Tại', '2020-12-20', 'single', NOW(), NOW()),
('f319594b-3321-4e4f-bebc-db195caa6798', 'Có Chắc Yêu Là Đây', '2020-07-06', 'single', NOW(), NOW()),
('b7d544f9-307c-4a24-b000-9965c0eaf115', 'Gia Đình Tôi Chọn', '2020-01-01', 'single', NOW(), NOW()),
('84e54a29-c981-4b63-9f3e-4dd06a0ff495', 'Hãy Trao Cho Anh', '2019-07-02', 'single', NOW(), NOW()),
('6596a9a0-070e-4147-b341-730bc8cefd00', 'Nắng Ấm Xa Dần (Onionn Remix)', '2019-04-05', 'single', NOW(), NOW()),
('d3e78feb-4f9f-4cb5-a61b-59f140b150a3', 'You Of Yesterday (Khắc Hưng Remix)', '2018-07-13', 'single', NOW(), NOW()),
('4182c49b-a3b9-4639-acd4-7f23187c4f75', 'Chạy Ngay Đi (Onionn Remix)', '2018-07-05', 'single', NOW(), NOW()),
('6a2b3fac-0cdf-43b4-b134-5ac437cdd07e', 'Chạy Ngay Đi', '2018-05-11', 'single', NOW(), NOW()),
('aaaa0b5b-8797-4ccb-997f-a4f7b2c0c65b', 'Lạc Trôi (Triple D Remix)', '2017-09-08', 'single', NOW(), NOW()),
('40556dff-a088-42ec-af01-79b2f378cd16', 'Nơi Này Có Anh', '2017-02-13', 'single', NOW(), NOW()),
('e0c098b6-78a3-4a82-9d16-5223fbe41a74', 'Lạc Trôi', '2016-12-31', 'single', NOW(), NOW()),
('97590aad-a350-427b-aa2d-c0e03a44e461', 'Chúng Ta Không Thuộc Về Nhau', '2016-08-02', 'single', NOW(), NOW()),
('06410559-29c6-4f15-a0fd-b9d5c278c560', 'Một Năm Mới Bình An', '2016-01-22', 'single', NOW(), NOW()),
('1a9e6531-ec17-4f72-a681-32204fa752b8', 'Anh Sai Rồi', '2015-12-05', 'single', NOW(), NOW()),
('e878fadb-6b5b-4e48-ab9b-8f4ab5b5bed3', 'Âm Thầm Bên Em', '2015-08-21', 'single', NOW(), NOW()),
('22a54879-ccd0-4f57-b329-1a620ef37024', 'Ấn Nút Nhớ... Thả Giấc Mơ', '2015-06-17', 'single', NOW(), NOW()),
('014af7d1-728f-4698-b55f-897abba910b6', 'Tiến Lên Việt Nam Ơi', '2015-06-16', 'single', NOW(), NOW()),
('939ded7a-b213-4865-8fea-48d3298166dc', 'Thái Bình Mồ Hôi Rơi', '2015-05-14', 'single', NOW(), NOW()),
('72c3258d-d13a-43f2-be80-1051b668e578', 'Không Phải Dạng Vừa Đâu', '2015-04-22', 'single', NOW(), NOW()),
('c52818d3-427a-44b9-98ce-48b905585bd3', 'Khuôn Mặt Đáng Thương', '2015-03-31', 'single', NOW(), NOW()),
('6477384e-0ec9-43b8-b318-29a9786b943e', 'Chắc Ai Đó Sẽ Về', '2015-01-30', 'single', NOW(), NOW()),
('acd53513-1aa4-43f9-ba58-4df501fd8234', 'Em Của Ngày Hôm Qua', '2014-10-20', 'single', NOW(), NOW()),
('de33fd50-7af0-4a05-a51a-31f012424a1d', 'Nắng Ấm Xa Dần', '2014-01-19', 'single', NOW(), NOW());



INSERT INTO "AlbumImage" ("albumId", "image", "size", "createdAt", "updatedAt") VALUES
('ca8b8a4a-7164-463b-a297-d67bd2ebec28',  'https://i.scdn.co/image/ab67616d0000b2738a0966b80365345d1a56a20a', '640', NOW(), NOW()),
('ca8b8a4a-7164-463b-a297-d67bd2ebec28',  'https://i.scdn.co/image/ab67616d00001e028a0966b80365345d1a56a20a', '300', NOW(), NOW()),
('ca8b8a4a-7164-463b-a297-d67bd2ebec28',  'https://i.scdn.co/image/ab67616d000048518a0966b80365345d1a56a20a', '64', NOW(), NOW()),
('8f4abf06-bcd4-49bf-be59-b70e60745163',  'https://i.scdn.co/image/ab67616d0000b273794744c57c9f35db88249842', '640', NOW(), NOW()),
('8f4abf06-bcd4-49bf-be59-b70e60745163',  'https://i.scdn.co/image/ab67616d00001e02794744c57c9f35db88249842', '300', NOW(), NOW()),
('8f4abf06-bcd4-49bf-be59-b70e60745163',  'https://i.scdn.co/image/ab67616d00004851794744c57c9f35db88249842', '64', NOW(), NOW()),
('abc600b4-71cb-4c7f-bdc0-ccde79e44f46',  'https://i.scdn.co/image/ab67616d0000b273a1bc26cdd8eecd89da3adc39', '640', NOW(), NOW()),
('abc600b4-71cb-4c7f-bdc0-ccde79e44f46',  'https://i.scdn.co/image/ab67616d00001e02a1bc26cdd8eecd89da3adc39', '300', NOW(), NOW()),
('abc600b4-71cb-4c7f-bdc0-ccde79e44f46',  'https://i.scdn.co/image/ab67616d00004851a1bc26cdd8eecd89da3adc39', '64', NOW(), NOW()),
('6e423d66-691d-476c-ab93-78f665347e81',  'https://i.scdn.co/image/ab67616d0000b273b5a7da0c97f51481d6f7a3c6', '640', NOW(), NOW()),
('6e423d66-691d-476c-ab93-78f665347e81',  'https://i.scdn.co/image/ab67616d00001e02b5a7da0c97f51481d6f7a3c6', '300', NOW(), NOW()),
('6e423d66-691d-476c-ab93-78f665347e81',  'https://i.scdn.co/image/ab67616d00004851b5a7da0c97f51481d6f7a3c6', '64', NOW(), NOW()),
('54dd4eec-1d95-44d8-a4c5-c9c563d9a8ec',  'https://i.scdn.co/image/ab67616d0000b273b7f41f4d85812467205c1156', '640', NOW(), NOW()),
('54dd4eec-1d95-44d8-a4c5-c9c563d9a8ec',  'https://i.scdn.co/image/ab67616d00001e02b7f41f4d85812467205c1156', '300', NOW(), NOW()),
('54dd4eec-1d95-44d8-a4c5-c9c563d9a8ec',  'https://i.scdn.co/image/ab67616d00004851b7f41f4d85812467205c1156', '64', NOW(), NOW()),
('75cd0867-d458-4b17-94e8-6a2d0c1f2116',  'https://i.scdn.co/image/ab67616d0000b27313d38e4353a8c3ae89fec15b', '640', NOW(), NOW()),
('75cd0867-d458-4b17-94e8-6a2d0c1f2116',  'https://i.scdn.co/image/ab67616d00001e0213d38e4353a8c3ae89fec15b', '300', NOW(), NOW()),
('75cd0867-d458-4b17-94e8-6a2d0c1f2116',  'https://i.scdn.co/image/ab67616d0000485113d38e4353a8c3ae89fec15b', '64', NOW(), NOW()),
('b13b7ee3-d919-489b-96bf-e41d32f432eb',  'https://i.scdn.co/image/ab67616d0000b273c9f20f36f29f30bf2c3fbd19', '640', NOW(), NOW()),
('b13b7ee3-d919-489b-96bf-e41d32f432eb',  'https://i.scdn.co/image/ab67616d00001e02c9f20f36f29f30bf2c3fbd19', '300', NOW(), NOW()),
('b13b7ee3-d919-489b-96bf-e41d32f432eb',  'https://i.scdn.co/image/ab67616d00004851c9f20f36f29f30bf2c3fbd19', '64', NOW(), NOW()),
('c157e6df-8429-458e-bbf8-532813dac5cd',  'https://i.scdn.co/image/ab67616d0000b273fe9b8ddbf97fcd1d049197f7', '640', NOW(), NOW()),
('c157e6df-8429-458e-bbf8-532813dac5cd',  'https://i.scdn.co/image/ab67616d00001e02fe9b8ddbf97fcd1d049197f7', '300', NOW(), NOW()),
('c157e6df-8429-458e-bbf8-532813dac5cd',  'https://i.scdn.co/image/ab67616d00004851fe9b8ddbf97fcd1d049197f7', '64', NOW(), NOW()),
('d502ab48-5b90-4b14-bc17-998e6e5ed68f',  'https://i.scdn.co/image/ab67616d0000b273958ead5f61728bc5d99892df', '640', NOW(), NOW()),
('d502ab48-5b90-4b14-bc17-998e6e5ed68f',  'https://i.scdn.co/image/ab67616d00001e02958ead5f61728bc5d99892df', '300', NOW(), NOW()),
('d502ab48-5b90-4b14-bc17-998e6e5ed68f',  'https://i.scdn.co/image/ab67616d00004851958ead5f61728bc5d99892df', '64', NOW(), NOW()),
('78826d78-68b2-4d8b-b8f0-7667e5e873c5',  'https://i.scdn.co/image/ab67616d0000b273b0711adaaff88567278fcb53', '640', NOW(), NOW()),
('78826d78-68b2-4d8b-b8f0-7667e5e873c5',  'https://i.scdn.co/image/ab67616d00001e02b0711adaaff88567278fcb53', '300', NOW(), NOW()),
('78826d78-68b2-4d8b-b8f0-7667e5e873c5',  'https://i.scdn.co/image/ab67616d00004851b0711adaaff88567278fcb53', '64', NOW(), NOW()),
('2791a3fa-e7c3-4654-8155-977dde9eedcd',  'https://i.scdn.co/image/ab67616d0000b273cc1536367e60eda5afe53705', '640', NOW(), NOW()),
('2791a3fa-e7c3-4654-8155-977dde9eedcd',  'https://i.scdn.co/image/ab67616d00001e02cc1536367e60eda5afe53705', '300', NOW(), NOW()),
('2791a3fa-e7c3-4654-8155-977dde9eedcd',  'https://i.scdn.co/image/ab67616d00004851cc1536367e60eda5afe53705', '64', NOW(), NOW()),
('fea3da95-2671-4707-85c3-6d096a3e0c25',  'https://i.scdn.co/image/ab67616d0000b2738df0d48c84650c99b01a3fd3', '640', NOW(), NOW()),
('fea3da95-2671-4707-85c3-6d096a3e0c25',  'https://i.scdn.co/image/ab67616d00001e028df0d48c84650c99b01a3fd3', '300', NOW(), NOW()),
('fea3da95-2671-4707-85c3-6d096a3e0c25',  'https://i.scdn.co/image/ab67616d000048518df0d48c84650c99b01a3fd3', '64', NOW(), NOW()),
('92309939-d26b-4acf-b42b-71f7c7551f02',  'https://i.scdn.co/image/ab67616d0000b27348e90a4c48b31c66e8b0d24f', '640', NOW(), NOW()),
('92309939-d26b-4acf-b42b-71f7c7551f02',  'https://i.scdn.co/image/ab67616d00001e0248e90a4c48b31c66e8b0d24f', '300', NOW(), NOW()),

('92309939-d26b-4acf-b42b-71f7c7551f02',  'https://i.scdn.co/image/ab67616d0000485148e90a4c48b31c66e8b0d24f', '64', NOW(), NOW()),
('cfbcf703-218c-4b16-b07c-a7b7869b5fc2',  'https://i.scdn.co/image/ab67616d0000b2730121ea113166222d5c743e2e', '640', NOW(), NOW()),
('cfbcf703-218c-4b16-b07c-a7b7869b5fc2',  'https://i.scdn.co/image/ab67616d00001e020121ea113166222d5c743e2e', '300', NOW(), NOW()),
('cfbcf703-218c-4b16-b07c-a7b7869b5fc2',  'https://i.scdn.co/image/ab67616d000048510121ea113166222d5c743e2e', '64', NOW(), NOW()),
('df31cb69-7290-4e9b-ab41-d2a0c72e7ff9',  'https://i.scdn.co/image/ab67616d0000b273c75842b600a2227136b5632d', '640', NOW(), NOW()),
('df31cb69-7290-4e9b-ab41-d2a0c72e7ff9',  'https://i.scdn.co/image/ab67616d00001e02c75842b600a2227136b5632d', '300', NOW(), NOW()),
('df31cb69-7290-4e9b-ab41-d2a0c72e7ff9',  'https://i.scdn.co/image/ab67616d00004851c75842b600a2227136b5632d', '64', NOW(), NOW()),
('eafdff13-9837-48ec-84b0-345ee9882276',  'https://i.scdn.co/image/ab67616d0000b273aa35b8fca95fb30b132c2d25', '640', NOW(), NOW()),
('eafdff13-9837-48ec-84b0-345ee9882276',  'https://i.scdn.co/image/ab67616d00001e02aa35b8fca95fb30b132c2d25', '300', NOW(), NOW()),
('eafdff13-9837-48ec-84b0-345ee9882276',  'https://i.scdn.co/image/ab67616d00004851aa35b8fca95fb30b132c2d25', '64', NOW(), NOW()),
('c6b099b9-e549-43e6-bb0b-c75e67bcdbf0',  'https://i.scdn.co/image/ab67616d0000b27377cc25f34af2a0520262cf1d', '640', NOW(), NOW()),
('c6b099b9-e549-43e6-bb0b-c75e67bcdbf0',  'https://i.scdn.co/image/ab67616d00001e0277cc25f34af2a0520262cf1d', '300', NOW(), NOW()),
('c6b099b9-e549-43e6-bb0b-c75e67bcdbf0',  'https://i.scdn.co/image/ab67616d0000485177cc25f34af2a0520262cf1d', '64', NOW(), NOW()),
('f8ad1a34-d92b-42fd-acf8-420db3400df2',  'https://i.scdn.co/image/ab67616d0000b2732cd9649ea111a552283f0165', '640', NOW(), NOW()),
('f8ad1a34-d92b-42fd-acf8-420db3400df2',  'https://i.scdn.co/image/ab67616d00001e022cd9649ea111a552283f0165', '300', NOW(), NOW()),
('f8ad1a34-d92b-42fd-acf8-420db3400df2',  'https://i.scdn.co/image/ab67616d000048512cd9649ea111a552283f0165', '64', NOW(), NOW()),
('f319594b-3321-4e4f-bebc-db195caa6798',  'https://i.scdn.co/image/ab67616d0000b2733047c1ad9b273a23b6d9f036', '640', NOW(), NOW()),
('f319594b-3321-4e4f-bebc-db195caa6798',  'https://i.scdn.co/image/ab67616d00001e023047c1ad9b273a23b6d9f036', '300', NOW(), NOW()),
('f319594b-3321-4e4f-bebc-db195caa6798',  'https://i.scdn.co/image/ab67616d000048513047c1ad9b273a23b6d9f036', '64', NOW(), NOW()),
('b7d544f9-307c-4a24-b000-9965c0eaf115',  'https://i.scdn.co/image/ab67616d0000b273bce5a4ee42993bd5df61306c', '640', NOW(), NOW()),
('b7d544f9-307c-4a24-b000-9965c0eaf115',  'https://i.scdn.co/image/ab67616d00001e02bce5a4ee42993bd5df61306c', '300', NOW(), NOW()),
('b7d544f9-307c-4a24-b000-9965c0eaf115',  'https://i.scdn.co/image/ab67616d00004851bce5a4ee42993bd5df61306c', '64', NOW(), NOW()),
('84e54a29-c981-4b63-9f3e-4dd06a0ff495',  'https://i.scdn.co/image/ab67616d0000b2733403b37254ffacb7732e92da', '640', NOW(), NOW()),
('84e54a29-c981-4b63-9f3e-4dd06a0ff495',  'https://i.scdn.co/image/ab67616d00001e023403b37254ffacb7732e92da', '300', NOW(), NOW()),
('84e54a29-c981-4b63-9f3e-4dd06a0ff495',  'https://i.scdn.co/image/ab67616d000048513403b37254ffacb7732e92da', '64', NOW(), NOW()),
('6596a9a0-070e-4147-b341-730bc8cefd00',  'https://i.scdn.co/image/ab67616d0000b273245a66669cf03111533d48df', '640', NOW(), NOW()),
('6596a9a0-070e-4147-b341-730bc8cefd00',  'https://i.scdn.co/image/ab67616d00001e02245a66669cf03111533d48df', '300', NOW(), NOW()),
('6596a9a0-070e-4147-b341-730bc8cefd00',  'https://i.scdn.co/image/ab67616d00004851245a66669cf03111533d48df', '64', NOW(), NOW()),
('d3e78feb-4f9f-4cb5-a61b-59f140b150a3',  'https://i.scdn.co/image/ab67616d0000b27316bf889a6c3e965501db487c', '640', NOW(), NOW()),
('d3e78feb-4f9f-4cb5-a61b-59f140b150a3',  'https://i.scdn.co/image/ab67616d00001e0216bf889a6c3e965501db487c', '300', NOW(), NOW()),
('d3e78feb-4f9f-4cb5-a61b-59f140b150a3',  'https://i.scdn.co/image/ab67616d0000485116bf889a6c3e965501db487c', '64', NOW(), NOW()),
('4182c49b-a3b9-4639-acd4-7f23187c4f75',  'https://i.scdn.co/image/ab67616d0000b2737e467e49171f7fc8b8117de3', '640', NOW(), NOW()),
('4182c49b-a3b9-4639-acd4-7f23187c4f75',  'https://i.scdn.co/image/ab67616d00001e027e467e49171f7fc8b8117de3', '300', NOW(), NOW()),
('4182c49b-a3b9-4639-acd4-7f23187c4f75',  'https://i.scdn.co/image/ab67616d000048517e467e49171f7fc8b8117de3', '64', NOW(), NOW()),
('6a2b3fac-0cdf-43b4-b134-5ac437cdd07e',  'https://i.scdn.co/image/ab67616d0000b2736bdc1240274a5f89bf6d2938', '640', NOW(), NOW()),
('6a2b3fac-0cdf-43b4-b134-5ac437cdd07e',  'https://i.scdn.co/image/ab67616d00001e026bdc1240274a5f89bf6d2938', '300', NOW(), NOW()),
('6a2b3fac-0cdf-43b4-b134-5ac437cdd07e',  'https://i.scdn.co/image/ab67616d000048516bdc1240274a5f89bf6d2938', '64', NOW(), NOW()),
('aaaa0b5b-8797-4ccb-997f-a4f7b2c0c65b',  'https://i.scdn.co/image/ab67616d0000b273569118cbe628ce2e7802d684', '640', NOW(), NOW()),
('aaaa0b5b-8797-4ccb-997f-a4f7b2c0c65b',  'https://i.scdn.co/image/ab67616d00001e02569118cbe628ce2e7802d684', '300', NOW(), NOW()),
('aaaa0b5b-8797-4ccb-997f-a4f7b2c0c65b',  'https://i.scdn.co/image/ab67616d00004851569118cbe628ce2e7802d684', '64', NOW(), NOW()),
('40556dff-a088-42ec-af01-79b2f378cd16',  'https://i.scdn.co/image/ab67616d0000b273292cf02066847ecc86b12a74', '640', NOW(), NOW()),
('40556dff-a088-42ec-af01-79b2f378cd16',  'https://i.scdn.co/image/ab67616d00001e02292cf02066847ecc86b12a74', '300', NOW(), NOW()),
('40556dff-a088-42ec-af01-79b2f378cd16',  'https://i.scdn.co/image/ab67616d00004851292cf02066847ecc86b12a74', '64', NOW(), NOW()),
('e0c098b6-78a3-4a82-9d16-5223fbe41a74',  'https://i.scdn.co/image/ab67616d0000b273d1f68eb7862f17842aafd26b', '640', NOW(), NOW()),
('e0c098b6-78a3-4a82-9d16-5223fbe41a74',  'https://i.scdn.co/image/ab67616d00001e02d1f68eb7862f17842aafd26b', '300', NOW(), NOW()),
('e0c098b6-78a3-4a82-9d16-5223fbe41a74',  'https://i.scdn.co/image/ab67616d00004851d1f68eb7862f17842aafd26b', '64', NOW(), NOW()),
('97590aad-a350-427b-aa2d-c0e03a44e461',  'https://i.scdn.co/image/ab67616d0000b27378cd659eb426281b97f9e7b8', '640', NOW(), NOW()),
('97590aad-a350-427b-aa2d-c0e03a44e461',  'https://i.scdn.co/image/ab67616d00001e0278cd659eb426281b97f9e7b8', '300', NOW(), NOW()),
('97590aad-a350-427b-aa2d-c0e03a44e461',  'https://i.scdn.co/image/ab67616d0000485178cd659eb426281b97f9e7b8', '64', NOW(), NOW()),
('06410559-29c6-4f15-a0fd-b9d5c278c560',  'https://i.scdn.co/image/ab67616d0000b2738cc9d0c8890f6ae25c965809', '640', NOW(), NOW()),
('06410559-29c6-4f15-a0fd-b9d5c278c560',  'https://i.scdn.co/image/ab67616d00001e028cc9d0c8890f6ae25c965809', '300', NOW(), NOW()),
('06410559-29c6-4f15-a0fd-b9d5c278c560',  'https://i.scdn.co/image/ab67616d000048518cc9d0c8890f6ae25c965809', '64', NOW(), NOW()),
('1a9e6531-ec17-4f72-a681-32204fa752b8',  'https://i.scdn.co/image/ab67616d0000b2739b43d8795fc6d9b0c4ddfe51', '640', NOW(), NOW()),
('1a9e6531-ec17-4f72-a681-32204fa752b8',  'https://i.scdn.co/image/ab67616d00001e029b43d8795fc6d9b0c4ddfe51', '300', NOW(), NOW()),
('1a9e6531-ec17-4f72-a681-32204fa752b8',  'https://i.scdn.co/image/ab67616d000048519b43d8795fc6d9b0c4ddfe51', '64', NOW(), NOW()),
('e878fadb-6b5b-4e48-ab9b-8f4ab5b5bed3',  'https://i.scdn.co/image/ab67616d0000b273e22dc5110a402420596ad412', '640', NOW(), NOW()),
('e878fadb-6b5b-4e48-ab9b-8f4ab5b5bed3',  'https://i.scdn.co/image/ab67616d00001e02e22dc5110a402420596ad412', '300', NOW(), NOW()),
('e878fadb-6b5b-4e48-ab9b-8f4ab5b5bed3',  'https://i.scdn.co/image/ab67616d00004851e22dc5110a402420596ad412', '64', NOW(), NOW()),
('22a54879-ccd0-4f57-b329-1a620ef37024',  'https://i.scdn.co/image/ab67616d0000b2734acca0356c750d500b2aa742', '640', NOW(), NOW()),
('22a54879-ccd0-4f57-b329-1a620ef37024',  'https://i.scdn.co/image/ab67616d00001e024acca0356c750d500b2aa742', '300', NOW(), NOW()),
('22a54879-ccd0-4f57-b329-1a620ef37024',  'https://i.scdn.co/image/ab67616d000048514acca0356c750d500b2aa742', '64', NOW(), NOW()),

('014af7d1-728f-4698-b55f-897abba910b6',  'https://i.scdn.co/image/ab67616d0000b27395b79e948a7d25249e58a261', '640', NOW(), NOW()),
('014af7d1-728f-4698-b55f-897abba910b6',  'https://i.scdn.co/image/ab67616d00001e0295b79e948a7d25249e58a261', '300', NOW(), NOW()),
('014af7d1-728f-4698-b55f-897abba910b6',  'https://i.scdn.co/image/ab67616d0000485195b79e948a7d25249e58a261', '64', NOW(), NOW()),
('939ded7a-b213-4865-8fea-48d3298166dc',  'https://i.scdn.co/image/ab67616d0000b27326b08785d2555abef12ed949', '640', NOW(), NOW()),
('939ded7a-b213-4865-8fea-48d3298166dc',  'https://i.scdn.co/image/ab67616d00001e0226b08785d2555abef12ed949', '300', NOW(), NOW()),
('939ded7a-b213-4865-8fea-48d3298166dc',  'https://i.scdn.co/image/ab67616d0000485126b08785d2555abef12ed949', '64', NOW(), NOW()),
('72c3258d-d13a-43f2-be80-1051b668e578',  'https://i.scdn.co/image/ab67616d0000b273021798db6c7bdfa2bdc7069b', '640', NOW(), NOW()),
('72c3258d-d13a-43f2-be80-1051b668e578',  'https://i.scdn.co/image/ab67616d00001e02021798db6c7bdfa2bdc7069b', '300', NOW(), NOW()),
('72c3258d-d13a-43f2-be80-1051b668e578',  'https://i.scdn.co/image/ab67616d00004851021798db6c7bdfa2bdc7069b', '64', NOW(), NOW()),
('c52818d3-427a-44b9-98ce-48b905585bd3',  'https://i.scdn.co/image/ab67616d0000b2732601eb978c246cc1f1d1e352', '640', NOW(), NOW()),
('c52818d3-427a-44b9-98ce-48b905585bd3',  'https://i.scdn.co/image/ab67616d00001e022601eb978c246cc1f1d1e352', '300', NOW(), NOW()),
('c52818d3-427a-44b9-98ce-48b905585bd3',  'https://i.scdn.co/image/ab67616d000048512601eb978c246cc1f1d1e352', '64', NOW(), NOW()),
('6477384e-0ec9-43b8-b318-29a9786b943e',  'https://i.scdn.co/image/ab67616d0000b273b3510feac70d57a007738cb8', '640', NOW(), NOW()),
('6477384e-0ec9-43b8-b318-29a9786b943e',  'https://i.scdn.co/image/ab67616d00001e02b3510feac70d57a007738cb8', '300', NOW(), NOW()),
('6477384e-0ec9-43b8-b318-29a9786b943e',  'https://i.scdn.co/image/ab67616d00004851b3510feac70d57a007738cb8', '64', NOW(), NOW()),
('acd53513-1aa4-43f9-ba58-4df501fd8234',  'https://i.scdn.co/image/ab67616d0000b27320e8e67aab2c9321058c262a', '640', NOW(), NOW()),
('acd53513-1aa4-43f9-ba58-4df501fd8234',  'https://i.scdn.co/image/ab67616d00001e0220e8e67aab2c9321058c262a', '300', NOW(), NOW()),
('acd53513-1aa4-43f9-ba58-4df501fd8234',  'https://i.scdn.co/image/ab67616d0000485120e8e67aab2c9321058c262a', '64', NOW(), NOW()),
('de33fd50-7af0-4a05-a51a-31f012424a1d',  'https://i.scdn.co/image/ab67616d0000b273b4478f389c8bb7286bf00996', '640', NOW(), NOW()),
('de33fd50-7af0-4a05-a51a-31f012424a1d',  'https://i.scdn.co/image/ab67616d00001e02b4478f389c8bb7286bf00996', '300', NOW(), NOW()),
('de33fd50-7af0-4a05-a51a-31f012424a1d',  'https://i.scdn.co/image/ab67616d00004851b4478f389c8bb7286bf00996', '64', NOW(), NOW());


-- binnnn


INSERT INTO "Song" ("id", "albumId", "title", "duration", "lyric", "filePathAudio", "privacy", "uploadUserId", "releaseDate", "createdAt", "updatedAt") VALUES
('1959e031-66fd-471b-b495-70ce5ae0b55c', 'ca8b8a4a-7164-463b-a297-d67bd2ebec28', 'Sky Tour (Intro)', '149077', 'lyric', 'https://audiomelodies.nyc3.digitaloceanspaces.com/LOC/SonTungMTP/SkyTourOriginalMotionPictureSoundtrack/SkyTourIntro.m4a', FALSE, Null, '2020-06-12', NOW(), NOW()),
('4e276ea2-cd66-4351-8978-e446b2a48d20', 'ca8b8a4a-7164-463b-a297-d67bd2ebec28', 'Chạy Ngay Đi - Sky Tour 2019', '309504', 'lyric', 'https://audiomelodies.nyc3.digitaloceanspaces.com/LOC/SonTungMTP/SkyTourOriginalMotionPictureSoundtrack/ChayNgayDiSkyTour2019.m4a', FALSE, Null, '2020-06-12', NOW(), NOW()),
('1943a618-ee41-46aa-84ac-df334ea44b08', 'ca8b8a4a-7164-463b-a297-d67bd2ebec28', 'Chúng Ta Không Thuộc Về Nhau - Sky Tour 2019', '247594', 'lyric', 'https://audiomelodies.nyc3.digitaloceanspaces.com/LOC/SonTungMTP/SkyTourOriginalMotionPictureSoundtrack/ChungTaKhongThuocVeNhauSkyTour2019.m4a', FALSE, Null, '2020-06-12', NOW(), NOW()),
('934db8dd-8c51-4d50-a119-cc903f11c861', 'ca8b8a4a-7164-463b-a297-d67bd2ebec28', 'Lạc Trôi - Sky Tour 2019', '293890', 'lyric', 'https://audiomelodies.nyc3.digitaloceanspaces.com/LOC/SonTungMTP/SkyTourOriginalMotionPictureSoundtrack/LacTroiSkyTour2019.m4a', FALSE, Null, '2020-06-12', NOW(), NOW()),
('15582b17-e603-40b9-8928-ba17f1ada387', 'ca8b8a4a-7164-463b-a297-d67bd2ebec28', 'Remember Me - Sky Tour 2019', '203433', 'lyric', 'https://audiomelodies.nyc3.digitaloceanspaces.com/LOC/SonTungMTP/SkyTourOriginalMotionPictureSoundtrack/RememberMeSkyTour2019.m4a', FALSE, Null, '2020-06-12', NOW(), NOW()),
('90ce4b80-88da-42a6-8836-a65dcf7cb59b', 'ca8b8a4a-7164-463b-a297-d67bd2ebec28', 'Chắc Ai Đó Sẽ Về - Sky Tour 2019', '283500', 'lyric', 'https://audiomelodies.nyc3.digitaloceanspaces.com/LOC/SonTungMTP/SkyTourOriginalMotionPictureSoundtrack/ChacAiDoSeVeSkyTour2019.m4a', FALSE, Null, '2020-06-12', NOW(), NOW()),
('1442cb2b-d115-4870-88f9-f83c668c846d', 'ca8b8a4a-7164-463b-a297-d67bd2ebec28', 'Em Của Ngày Hôm Qua - Sky Tour 2019', '246241', 'lyric', 'https://audiomelodies.nyc3.digitaloceanspaces.com/LOC/SonTungMTP/SkyTourOriginalMotionPictureSoundtrack/EmCuaNgayHomQuaSkyTour2019.m4a', FALSE, Null, '2020-06-12', NOW(), NOW()),
('2d60e31a-c5ed-420e-95a7-013fe65c9553', 'ca8b8a4a-7164-463b-a297-d67bd2ebec28', 'Hãy Trao Cho Anh - Sky Tour 2019', '253033', 'lyric', 'https://audiomelodies.nyc3.digitaloceanspaces.com/LOC/SonTungMTP/SkyTourOriginalMotionPictureSoundtrack/HayTraoChoAnhSkyTour2019.m4a', FALSE, Null, '2020-06-12', NOW(), NOW()),
('16e3e933-37f0-459e-9b9f-e1247d4c059c', '8f4abf06-bcd4-49bf-be59-b70e60745163', 'Cơn Mưa Ngang Qua', '234214', 'lyric', 'https://audiomelodies.nyc3.digitaloceanspaces.com/LOC/SonTungMTP/mtpMTP/ConMuaNgangQua.m4a', FALSE, Null, '2017-04-01', NOW(), NOW()),
('a8a071fa-6f35-4377-9a83-be2af480df05', '8f4abf06-bcd4-49bf-be59-b70e60745163', 'Anh Sai Rồi', '252303', 'lyric', 'https://audiomelodies.nyc3.digitaloceanspaces.com/LOC/SonTungMTP/AnhSaiRoi/AnhSaiRoi.m4a', FALSE, Null, '2017-04-01', NOW(), NOW()),
('4be2643e-2682-4fb6-a33f-7c80b80d8b7a', '8f4abf06-bcd4-49bf-be59-b70e60745163', 'Nắng Ấm Xa Dần', '191922', 'lyric', 'https://audiomelodies.nyc3.digitaloceanspaces.com/LOC/SonTungMTP/mtpMTP/NangAmXaDan.m4a', FALSE, Null, '2017-04-01', NOW(), NOW()),
('1b6d3491-f4d6-4d58-aa32-ce5251d19d5b', '8f4abf06-bcd4-49bf-be59-b70e60745163', 'Em Của Ngày Hôm Qua', '263949', 'lyric', 'https://audiomelodies.nyc3.digitaloceanspaces.com/LOC/SonTungMTP/EmCuaNgayHomQua/EmCuaNgayHomQua.m4a', FALSE, Null, '2017-04-01', NOW(), NOW()),
('a09cd9a2-5e7b-43be-9365-d309be3649da', '8f4abf06-bcd4-49bf-be59-b70e60745163', 'Chắc Ai Đó Sẽ Về', '262164', 'lyric', 'https://audiomelodies.nyc3.digitaloceanspaces.com/LOC/SonTungMTP/ChacAioSeVe/ChacAiDoSeVe.m4a', FALSE, Null, '2017-04-01', NOW(), NOW()),
('c646f253-8649-4f92-ae75-ef18087649c8', '8f4abf06-bcd4-49bf-be59-b70e60745163', 'Không Phải Dạng Vừa Đâu', '247634', 'lyric', 'https://audiomelodies.nyc3.digitaloceanspaces.com/LOC/SonTungMTP/KhongPhaiDangVuaau/KhongPhaiDangVuaDau.m4a', FALSE, Null, '2017-04-01', NOW(), NOW()),
('9124bdec-1023-43ab-96a6-4305eef43fa7', '8f4abf06-bcd4-49bf-be59-b70e60745163', 'Thái Bình Mồ Hôi Rơi', '318093', 'lyric', 'https://audiomelodies.nyc3.digitaloceanspaces.com/LOC/SonTungMTP/mtpMTP/ThaiBinhMoHoiRoi.m4a', FALSE, Null, '2017-04-01', NOW(), NOW()),
('2afcfa13-6336-409f-b3fc-a42f3463e5e0', '8f4abf06-bcd4-49bf-be59-b70e60745163', 'Khuôn Mặt Đáng Thương', '257450', 'lyric', 'https://audiomelodies.nyc3.digitaloceanspaces.com/LOC/SonTungMTP/KhuonMatangThuong/KhuonMatDangThuong.m4a', FALSE, Null, '2017-04-01', NOW(), NOW()),
('fc3143c0-1870-4668-8a4c-f469e3fd6529', '8f4abf06-bcd4-49bf-be59-b70e60745163', 'Tiến Lên Việt Nam Ơi', '218627', 'lyric', 'https://audiomelodies.nyc3.digitaloceanspaces.com/LOC/SonTungMTP/mtpMTP/TienLenVietNamOi.m4a', FALSE, Null, '2017-04-01', NOW(), NOW()),
('da10df91-5c9b-4236-8363-46fea52f8bb6', '8f4abf06-bcd4-49bf-be59-b70e60745163', 'Ấn Nút Nhớ... Thả Giấc Mơ', '244539', 'lyric', 'https://audiomelodies.nyc3.digitaloceanspaces.com/LOC/SonTungMTP/AnNutNhoThaGiacMo/AnNutNhoThaGiacMo.m4a', FALSE, Null, '2017-04-01', NOW(), NOW()),
('5ee0f9e9-ae9a-40bd-8700-2b733f39cf3a', '8f4abf06-bcd4-49bf-be59-b70e60745163', 'Âm Thầm Bên Em', '293112', 'lyric', 'https://audiomelodies.nyc3.digitaloceanspaces.com/LOC/SonTungMTP/AmThamBenEm/AmThamBenEm.m4a', FALSE, Null, '2017-04-01', NOW(), NOW()),
('13b4a431-c927-47a4-abb4-3c34725f8d3f', '8f4abf06-bcd4-49bf-be59-b70e60745163', 'Buông Đôi Tay Nhau Ra', '227492', 'lyric', 'https://audiomelodies.nyc3.digitaloceanspaces.com/LOC/SonTungMTP/mtpMTP/BuongDoiTayNhauRa.m4a', FALSE, Null, '2017-04-01', NOW(), NOW()),
('c5e56317-8a44-4553-9130-5d50e6f3c41f', '8f4abf06-bcd4-49bf-be59-b70e60745163', 'Như Ngày Hôm Qua', '222981', 'lyric', 'https://audiomelodies.nyc3.digitaloceanspaces.com/LOC/SonTungMTP/mtpMTP/NhuNgayHomQua.m4a', FALSE, Null, '2017-04-01', NOW(), NOW()),
('b442e5af-952f-4d54-9c98-40cf7f8a9dee', '8f4abf06-bcd4-49bf-be59-b70e60745163', 'Remember Me - SlimV Remix', '201369', 'lyric', 'https://audiomelodies.nyc3.digitaloceanspaces.com/LOC/SonTungMTP/mtpMTP/RememberMeSlimVRemix.m4a', FALSE, Null, '2017-04-01', NOW(), NOW()),
('590cca42-b417-4769-8c1c-c426fe0646d9', '8f4abf06-bcd4-49bf-be59-b70e60745163', 'Một Năm Mới Bình An', '247196', 'lyric', 'https://audiomelodies.nyc3.digitaloceanspaces.com/LOC/SonTungMTP/MotNamMoiBinhAn/MotNamMoiBinhAn.m4a', FALSE, Null, '2017-04-01', NOW(), NOW()),
('3f5d225f-90fc-4f23-89be-aca1f9a4b91e', '8f4abf06-bcd4-49bf-be59-b70e60745163', 'Chúng Ta Không Thuộc Về Nhau', '233009', 'lyric', 'https://audiomelodies.nyc3.digitaloceanspaces.com/LOC/SonTungMTP/ChungTaKhongThuocVeNhau/ChungTaKhongThuocVeNhau.m4a', FALSE, Null, '2017-04-01', NOW(), NOW()),
('abf0c8cb-12ba-4469-a0f4-04e3e93be66c', '8f4abf06-bcd4-49bf-be59-b70e60745163', 'Lạc Trôi', '232888', 'lyric', 'https://audiomelodies.nyc3.digitaloceanspaces.com/LOC/SonTungMTP/LacTroi/LacTroi.m4a', FALSE, Null, '2017-04-01', NOW(), NOW()),
('d268f67e-8969-4ca0-89dc-101f7bd50da5', '8f4abf06-bcd4-49bf-be59-b70e60745163', 'Nơi Này Có Anh', '260117', 'lyric', 'https://audiomelodies.nyc3.digitaloceanspaces.com/LOC/SonTungMTP/mtpMTP/NoiNayCoAnh.m4a', FALSE, Null, '2017-04-01', NOW(), NOW()),
('3d1a268f-3a24-442f-a517-f3a8b48c5e14', 'abc600b4-71cb-4c7f-bdc0-ccde79e44f46', 'Đừng Làm Trái Tim Anh Đau', '279208', 'lyric', 'https://audiomelodies.nyc3.digitaloceanspaces.com/LOC/SonTungMTP/ungLamTraiTimAnhau/DungLamTraiTimAnhDau.m4a', FALSE, Null, '2024-06-08', NOW(), NOW()),
('fc41d458-9cdb-4cca-9a3d-53976dd38202', '6e423d66-691d-476c-ab93-78f665347e81', 'Chúng Ta Của Tương Lai', '249871', 'lyric', 'https://audiomelodies.nyc3.digitaloceanspaces.com/LOC/SonTungMTP/ChungTaCuaTuongLai/ChungTaCuaTuongLai.m4a', FALSE, Null, '2024-03-08', NOW(), NOW()),
('c3269729-0846-4621-a62f-66bf8267e03c', '54dd4eec-1d95-44d8-a4c5-c9c563d9a8ec', 'Có Chắc Yêu Là Đây - Remix', '226276', 'lyric', 'https://audiomelodies.nyc3.digitaloceanspaces.com/LOC/SonTungMTP/CoChacYeuLaayRemix/CoChacYeuLaDayRemix.m4a', FALSE, Null, '2023-09-29', NOW(), NOW()),
('51aef7ae-aa3c-4d4d-b899-72d8b8f9e2f0', '75cd0867-d458-4b17-94e8-6a2d0c1f2116', 'Nơi Này Có Anh - Remix', '214863', 'lyric', 'https://audiomelodies.nyc3.digitaloceanspaces.com/LOC/SonTungMTP/NoiNayCoAnhRemix/NoiNayCoAnhRemix.m4a', FALSE, Null, '2023-09-20', NOW(), NOW()),
('da25870c-20c2-467e-bd74-7a415ec8683e', 'b13b7ee3-d919-489b-96bf-e41d32f432eb', 'Muộn Rồi Mà Sao Còn - Remix', '446027', 'lyric', 'https://audiomelodies.nyc3.digitaloceanspaces.com/LOC/SonTungMTP/MuonRoiMaSaoConRemix/MuonRoiMaSaoConRemix.m4a', FALSE, Null, '2023-09-08', NOW(), NOW()),
('f4e5d11f-0f06-4b5e-bf3b-0a2949220653', 'c157e6df-8429-458e-bbf8-532813dac5cd', 'MAKING MY WAY', '258006', 'lyric', 'https://audiomelodies.nyc3.digitaloceanspaces.com/LOC/SonTungMTP/MAKINGMYWAY/MAKINGMYWAY.m4a', FALSE, Null, '2023-05-05', NOW(), NOW()),
('7f085efe-ee41-49fe-8af5-010c49a45640', 'd502ab48-5b90-4b14-bc17-998e6e5ed68f', 'Intro 2022', '83240', 'lyric', 'https://audiomelodies.nyc3.digitaloceanspaces.com/LOC/SonTungMTP/SKYDECADE/Intro2022.m4a', FALSE, Null, '2022-10-06', NOW(), NOW()),
('3a78223f-04bf-42ab-8d67-fd6481eb36c8', 'd502ab48-5b90-4b14-bc17-998e6e5ed68f', 'Cơn Mưa Xa Dần', '196923', 'lyric', 'https://audiomelodies.nyc3.digitaloceanspaces.com/LOC/SonTungMTP/SKYDECADE/ConMuaXaDan.m4a', FALSE, Null, '2022-10-06', NOW(), NOW()),
('f2c6ae24-df11-4bbc-937c-f9e2be616fac', 'd502ab48-5b90-4b14-bc17-998e6e5ed68f', 'Nắng Ấm Ngang Qua', '195697', 'lyric', 'https://audiomelodies.nyc3.digitaloceanspaces.com/LOC/SonTungMTP/SKYDECADE/NangAmNgangQua.m4a', FALSE, Null, '2022-10-06', NOW(), NOW()),
('057221ad-4a5a-4052-b78c-d03adcd8d8bc', 'd502ab48-5b90-4b14-bc17-998e6e5ed68f', 'Special Thanks', '80000', 'lyric', 'https://audiomelodies.nyc3.digitaloceanspaces.com/LOC/SonTungMTP/SKYDECADE/SpecialThanks.m4a', FALSE, Null, '2022-10-06', NOW(), NOW()),
('af0856b0-13ff-4904-a1f0-52dc32abbd5b', '78826d78-68b2-4d8b-b8f0-7667e5e873c5', 'Intro 2022', '83240', 'lyric', 'nan', FALSE, Null, '2022-10-06', NOW(), NOW()),
('82db63ba-804a-4585-a042-057b665eba2d', '78826d78-68b2-4d8b-b8f0-7667e5e873c5', 'Cơn Mưa Xa Dần', '196923', 'lyric', 'nan', FALSE, Null, '2022-10-06', NOW(), NOW()),
('df23a3f6-87ea-474f-9af8-3e0298fe689d', '78826d78-68b2-4d8b-b8f0-7667e5e873c5', 'Nắng Ấm Ngang Qua', '195697', 'lyric', 'nan', FALSE, Null, '2022-10-06', NOW(), NOW()),
('c6550569-665e-4dac-bbed-421dae29ad40', '2791a3fa-e7c3-4654-8155-977dde9eedcd', 'Cơn Mưa Ngang Qua - Remix 2022', '233365', 'lyric', 'https://audiomelodies.nyc3.digitaloceanspaces.com/LOC/SonTungMTP/ConMuaNgangQuaRemix2022/ConMuaNgangQuaRemix2022.m4a', FALSE, Null, '2022-07-06', NOW(), NOW()),
('a47f2fc7-1099-40c4-ae9a-1e9de8c87766', 'fea3da95-2671-4707-85c3-6d096a3e0c25', 'There''s No One At All (Another Version)', '201469', 'lyric', 'https://audiomelodies.nyc3.digitaloceanspaces.com/LOC/SonTungMTP/TheresNoOneAtAllAnotherVersion/TheresNoOneAtAllAnotherVersion.m4a', FALSE, Null, '2022-07-05', NOW(), NOW()),
('efa2ee47-712b-471f-bdcc-5b00365933dd', '92309939-d26b-4acf-b42b-71f7c7551f02', 'THERE''S NO ONE AT ALL', '172250', 'lyric', 'https://audiomelodies.nyc3.digitaloceanspaces.com/LOC/SonTungMTP/THERESNOONEATALL/THERESNOONEATALL.m4a', FALSE, Null, '2022-04-28', NOW(), NOW()),
('d304bc4e-fd52-4da8-9a48-684f2677a6a5', 'cfbcf703-218c-4b16-b07c-a7b7869b5fc2', 'Muộn Rồi Mà Sao Còn', '275905', 'lyric', 'https://audiomelodies.nyc3.digitaloceanspaces.com/LOC/SonTungMTP/MuonRoiMaSaoCon/MuonRoiMaSaoCon.m4a', FALSE, Null, '2021-04-29', NOW(), NOW()),
('9931a8c6-be85-4f96-822d-cfa05f52c24e', 'df31cb69-7290-4e9b-ab41-d2a0c72e7ff9', 'Remember Me - Onionn Remix Countdown 2021', '197818', 'lyric', 'https://audiomelodies.nyc3.digitaloceanspaces.com/LOC/SonTungMTP/RememberMeOnionnRemixCountdown2021/RememberMeOnionnRemixCountdown2021.m4a', FALSE, Null, '2021-02-08', NOW(), NOW()),
('3bfb3ef7-d9cb-4628-8246-499f938c2d61', 'eafdff13-9837-48ec-84b0-345ee9882276', 'Có Chắc Yêu Là Đây - Onionn Remix Countdown 2021', '229973', 'lyric', 'https://audiomelodies.nyc3.digitaloceanspaces.com/LOC/SonTungMTP/CoChacYeuLaayOnionnRemixCountdown2021/CoChacYeuLaDayOnionnRemixCountdown2021.m4a', FALSE, Null, '2021-02-08', NOW(), NOW()),
('ae127652-8424-4d49-8935-7a3e8ac28f51', 'c6b099b9-e549-43e6-bb0b-c75e67bcdbf0', 'Skyler', '134400', 'lyric', 'https://audiomelodies.nyc3.digitaloceanspaces.com/LOC/SonTungMTP/Skyler/Skyler.m4a', FALSE, Null, '2021-01-28', NOW(), NOW()),
('39faf57d-cd98-48c6-96e8-31b27ec571d8', 'f8ad1a34-d92b-42fd-acf8-420db3400df2', 'Chúng Ta Của Hiện Tại', '301538', 'lyric', 'https://audiomelodies.nyc3.digitaloceanspaces.com/LOC/SonTungMTP/ChungTaCuaHienTai/ChungTaCuaHienTai.m4a', FALSE, Null, '2020-12-20', NOW(), NOW()),
('3c330df2-6e48-4861-8078-3bf362db9e76', 'f319594b-3321-4e4f-bebc-db195caa6798', 'Có Chắc Yêu Là Đây', '202105', 'lyric', 'https://audiomelodies.nyc3.digitaloceanspaces.com/LOC/SonTungMTP/CoChacYeuLaay/CoChacYeuLaDay.m4a', FALSE, Null, '2020-07-06', NOW(), NOW()),
('ed8a3113-1568-40af-80bc-95fd80654b18', 'b7d544f9-307c-4a24-b000-9965c0eaf115', 'Gia Đình Tôi Chọn', '279066', 'lyric', 'nan', FALSE, Null, '2020-01-01', NOW(), NOW()),
('d8128cb6-3432-4ebf-b28d-2aad0a6d26de', '84e54a29-c981-4b63-9f3e-4dd06a0ff495', 'Hãy Trao Cho Anh', '245658', 'lyric', 'https://audiomelodies.nyc3.digitaloceanspaces.com/LOC/SonTungMTP/HayTraoChoAnh/HayTraoChoAnh.m4a', FALSE, Null, '2019-07-02', NOW(), NOW()),
('067412ea-1fd9-4e56-9998-86f324dd2862', '6596a9a0-070e-4147-b341-730bc8cefd00', 'Nắng Ấm Xa Dần - Onionn Remix', '190088', 'lyric', 'https://audiomelodies.nyc3.digitaloceanspaces.com/LOC/SonTungMTP/NangAmXaDanOnionnRemix/NangAmXaDanOnionnRemix.m4a', FALSE, Null, '2019-04-05', NOW(), NOW()),
('cc365fae-7aec-4cc3-96b8-3a16370af974', 'd3e78feb-4f9f-4cb5-a61b-59f140b150a3', 'You Of Yesterday - Khắc Hưng Remix', '264000', 'lyric', 'https://audiomelodies.nyc3.digitaloceanspaces.com/LOC/SonTungMTP/YouOfYesterdayKhacHungRemix/YouOfYesterdayKhacHungRemix.m4a', FALSE, Null, '2018-07-13', NOW(), NOW()),
('8acffa3b-8b76-4898-8c11-9ea27cb9c4f5', '4182c49b-a3b9-4639-acd4-7f23187c4f75', 'Chạy Ngay Đi - Onionn Remix', '230400', 'lyric', 'https://audiomelodies.nyc3.digitaloceanspaces.com/LOC/SonTungMTP/ChayNgayiOnionnRemix/ChayNgayDiOnionnRemix.m4a', FALSE, Null, '2018-07-05', NOW(), NOW()),
('79288804-b2f8-47c0-86a0-2169df4f8662', '6a2b3fac-0cdf-43b4-b134-5ac437cdd07e', 'Chạy Ngay Đi', '272507', 'lyric', 'https://audiomelodies.nyc3.digitaloceanspaces.com/LOC/SonTungMTP/ChayNgayi/ChayNgayDi.m4a', FALSE, Null, '2018-05-11', NOW(), NOW()),
('7c4e903e-220c-4304-8b36-8bfdf6ebc3f6', 'aaaa0b5b-8797-4ccb-997f-a4f7b2c0c65b', 'Lạc Trôi - Triple D Remix', '260571', 'lyric', 'https://audiomelodies.nyc3.digitaloceanspaces.com/LOC/SonTungMTP/LacTroiTripleDRemix/LacTroiTripleDRemix.m4a', FALSE, Null, '2017-09-08', NOW(), NOW()),
('0ad85504-33fd-468f-9e4a-c52514287bf2', '40556dff-a088-42ec-af01-79b2f378cd16', 'Nơi Này Có Anh', '260117', 'lyric', 'https://audiomelodies.nyc3.digitaloceanspaces.com/LOC/SonTungMTP/NoiNayCoAnh/NoiNayCoAnh.m4a', FALSE, Null, '2017-02-13', NOW(), NOW()),
('ea466a43-f14c-446b-b271-e25e781521c4', 'e0c098b6-78a3-4a82-9d16-5223fbe41a74', 'Lạc Trôi', '232888', 'lyric', 'https://audiomelodies.nyc3.digitaloceanspaces.com/LOC/SonTungMTP/mtpMTP/LacTroi.m4a', FALSE, Null, '2016-12-31', NOW(), NOW()),
('4af8b0c0-0ead-4f53-91bc-70048e23b93b', '97590aad-a350-427b-aa2d-c0e03a44e461', 'Chúng Ta Không Thuộc Về Nhau', '233009', 'lyric', 'https://audiomelodies.nyc3.digitaloceanspaces.com/LOC/SonTungMTP/mtpMTP/ChungTaKhongThuocVeNhau.m4a', FALSE, Null, '2016-08-02', NOW(), NOW()),
('6c888192-2546-4c70-8389-957fe081cc92', '06410559-29c6-4f15-a0fd-b9d5c278c560', 'Một Năm Mới Bình An', '247196', 'lyric', 'https://audiomelodies.nyc3.digitaloceanspaces.com/LOC/SonTungMTP/mtpMTP/MotNamMoiBinhAn.m4a', FALSE, Null, '2016-01-22', NOW(), NOW()),
('b318dd6e-11a4-44a3-a8bc-d52c6c12542c', '1a9e6531-ec17-4f72-a681-32204fa752b8', 'Anh Sai Rồi', '252303', 'lyric', 'https://audiomelodies.nyc3.digitaloceanspaces.com/LOC/SonTungMTP/mtpMTP/AnhSaiRoi.m4a', FALSE, Null, '2015-12-05', NOW(), NOW()),
('bf918c08-fed0-4c39-af91-d24bbba361b2', 'e878fadb-6b5b-4e48-ab9b-8f4ab5b5bed3', 'Âm Thầm Bên Em', '293112', 'lyric', 'https://audiomelodies.nyc3.digitaloceanspaces.com/LOC/SonTungMTP/mtpMTP/AmThamBenEm.m4a', FALSE, Null, '2015-08-21', NOW(), NOW()),
('d01cbd6c-2908-43e6-bf68-e6df35a31edb', '22a54879-ccd0-4f57-b329-1a620ef37024', 'Ấn Nút Nhớ... Thả Giấc Mơ', '244539', 'lyric', 'https://audiomelodies.nyc3.digitaloceanspaces.com/LOC/SonTungMTP/mtpMTP/AnNutNhoThaGiacMo.m4a', FALSE, Null, '2015-06-17', NOW(), NOW()),
('0edf972b-b78c-4515-ad6a-f1db39827b31', '014af7d1-728f-4698-b55f-897abba910b6', 'Tiến Lên Việt Nam Ơi', '218627', 'lyric', 'https://audiomelodies.nyc3.digitaloceanspaces.com/LOC/SonTungMTP/TienLenVietNamOi/TienLenVietNamOi.m4a', FALSE, Null, '2015-06-16', NOW(), NOW()),
('419d49a7-60ed-453c-9743-840c4f8e6157', '939ded7a-b213-4865-8fea-48d3298166dc', 'Thái Bình Mồ Hôi Rơi', '318093', 'lyric', 'https://audiomelodies.nyc3.digitaloceanspaces.com/LOC/SonTungMTP/ThaiBinhMoHoiRoi/ThaiBinhMoHoiRoi.m4a', FALSE, Null, '2015-05-14', NOW(), NOW()),
('8cdf3fb8-25d7-4441-a9d9-36e04a1579a8', '72c3258d-d13a-43f2-be80-1051b668e578', 'Không Phải Dạng Vừa Đâu', '247634', 'lyric', 'https://audiomelodies.nyc3.digitaloceanspaces.com/LOC/SonTungMTP/mtpMTP/KhongPhaiDangVuaDau.m4a', FALSE, Null, '2015-04-22', NOW(), NOW()),
('1e3a8b47-438e-4878-be0e-6a218f377a8e', 'c52818d3-427a-44b9-98ce-48b905585bd3', 'Khuôn Mặt Đáng Thương', '257450', 'lyric', 'https://audiomelodies.nyc3.digitaloceanspaces.com/LOC/SonTungMTP/mtpMTP/KhuonMatDangThuong.m4a', FALSE, Null, '2015-03-31', NOW(), NOW()),
('0a53d51d-f817-497b-8542-ca37a91fa31c', '6477384e-0ec9-43b8-b318-29a9786b943e', 'Chắc Ai Đó Sẽ Về', '262164', 'lyric', 'https://audiomelodies.nyc3.digitaloceanspaces.com/LOC/SonTungMTP/mtpMTP/ChacAiDoSeVe.m4a', FALSE, Null, '2015-01-30', NOW(), NOW()),
('0f472515-cd76-48f5-b7d3-9c3ae0609d43', 'acd53513-1aa4-43f9-ba58-4df501fd8234', 'Em Của Ngày Hôm Qua', '225830', 'lyric', 'https://audiomelodies.nyc3.digitaloceanspaces.com/LOC/SonTungMTP/mtpMTP/EmCuaNgayHomQua.m4a', FALSE, Null, '2014-10-20', NOW(), NOW()),
('dc143549-3280-44cc-9082-969d45f163bb', 'de33fd50-7af0-4a05-a51a-31f012424a1d', 'Nắng Ấm Xa Dần', '191922', 'lyric', 'https://audiomelodies.nyc3.digitaloceanspaces.com/LOC/SonTungMTP/NangAmXaDan/NangAmXaDan.m4a', FALSE, Null, '2014-01-19', NOW(), NOW());



INSERT INTO "ArtistSong" ("songId", "artistId", "main", "createdAt", "updatedAt") VALUES
('1959e031-66fd-471b-b495-70ce5ae0b55c', 'bffc04c4-0c13-4446-a043-af0bbc7534c0', TRUE, NOW(), NOW()),
('4e276ea2-cd66-4351-8978-e446b2a48d20', 'bffc04c4-0c13-4446-a043-af0bbc7534c0', TRUE, NOW(), NOW()),
('1943a618-ee41-46aa-84ac-df334ea44b08', 'bffc04c4-0c13-4446-a043-af0bbc7534c0', TRUE, NOW(), NOW()),
('934db8dd-8c51-4d50-a119-cc903f11c861', 'bffc04c4-0c13-4446-a043-af0bbc7534c0', TRUE, NOW(), NOW()),
('15582b17-e603-40b9-8928-ba17f1ada387', 'bffc04c4-0c13-4446-a043-af0bbc7534c0', TRUE, NOW(), NOW()),
('15582b17-e603-40b9-8928-ba17f1ada387', 'c33b240f-91fb-44ca-bd11-ca2c6c8e4c50', FALSE, NOW(), NOW()),
('90ce4b80-88da-42a6-8836-a65dcf7cb59b', 'bffc04c4-0c13-4446-a043-af0bbc7534c0', TRUE, NOW(), NOW()),
('1442cb2b-d115-4870-88f9-f83c668c846d', 'bffc04c4-0c13-4446-a043-af0bbc7534c0', TRUE, NOW(), NOW()),
('2d60e31a-c5ed-420e-95a7-013fe65c9553', 'bffc04c4-0c13-4446-a043-af0bbc7534c0', TRUE, NOW(), NOW()),
('16e3e933-37f0-459e-9b9f-e1247d4c059c', 'bffc04c4-0c13-4446-a043-af0bbc7534c0', TRUE, NOW(), NOW()),
('a8a071fa-6f35-4377-9a83-be2af480df05', 'bffc04c4-0c13-4446-a043-af0bbc7534c0', TRUE, NOW(), NOW()),
('4be2643e-2682-4fb6-a33f-7c80b80d8b7a', 'bffc04c4-0c13-4446-a043-af0bbc7534c0', TRUE, NOW(), NOW()),
('1b6d3491-f4d6-4d58-aa32-ce5251d19d5b', 'bffc04c4-0c13-4446-a043-af0bbc7534c0', TRUE, NOW(), NOW()),
('a09cd9a2-5e7b-43be-9365-d309be3649da', 'bffc04c4-0c13-4446-a043-af0bbc7534c0', TRUE, NOW(), NOW()),
('c646f253-8649-4f92-ae75-ef18087649c8', 'bffc04c4-0c13-4446-a043-af0bbc7534c0', TRUE, NOW(), NOW()),
('9124bdec-1023-43ab-96a6-4305eef43fa7', 'bffc04c4-0c13-4446-a043-af0bbc7534c0', TRUE, NOW(), NOW()),
('2afcfa13-6336-409f-b3fc-a42f3463e5e0', 'bffc04c4-0c13-4446-a043-af0bbc7534c0', TRUE, NOW(), NOW()),
('fc3143c0-1870-4668-8a4c-f469e3fd6529', 'bffc04c4-0c13-4446-a043-af0bbc7534c0', TRUE, NOW(), NOW()),
('da10df91-5c9b-4236-8363-46fea52f8bb6', 'bffc04c4-0c13-4446-a043-af0bbc7534c0', TRUE, NOW(), NOW()),
('5ee0f9e9-ae9a-40bd-8700-2b733f39cf3a', 'bffc04c4-0c13-4446-a043-af0bbc7534c0', TRUE, NOW(), NOW()),
('13b4a431-c927-47a4-abb4-3c34725f8d3f', 'bffc04c4-0c13-4446-a043-af0bbc7534c0', TRUE, NOW(), NOW()),
('c5e56317-8a44-4553-9130-5d50e6f3c41f', 'bffc04c4-0c13-4446-a043-af0bbc7534c0', TRUE, NOW(), NOW()),
('b442e5af-952f-4d54-9c98-40cf7f8a9dee', 'bffc04c4-0c13-4446-a043-af0bbc7534c0', TRUE, NOW(), NOW()),
('b442e5af-952f-4d54-9c98-40cf7f8a9dee', 'c33b240f-91fb-44ca-bd11-ca2c6c8e4c50', FALSE, NOW(), NOW()),
('590cca42-b417-4769-8c1c-c426fe0646d9', 'bffc04c4-0c13-4446-a043-af0bbc7534c0', TRUE, NOW(), NOW()),
('3f5d225f-90fc-4f23-89be-aca1f9a4b91e', 'bffc04c4-0c13-4446-a043-af0bbc7534c0', TRUE, NOW(), NOW()),
('abf0c8cb-12ba-4469-a0f4-04e3e93be66c', 'bffc04c4-0c13-4446-a043-af0bbc7534c0', TRUE, NOW(), NOW()),
('d268f67e-8969-4ca0-89dc-101f7bd50da5', 'bffc04c4-0c13-4446-a043-af0bbc7534c0', TRUE, NOW(), NOW()),
('3d1a268f-3a24-442f-a517-f3a8b48c5e14', 'bffc04c4-0c13-4446-a043-af0bbc7534c0', TRUE, NOW(), NOW()),
('fc41d458-9cdb-4cca-9a3d-53976dd38202', 'bffc04c4-0c13-4446-a043-af0bbc7534c0', TRUE, NOW(), NOW()),
('c3269729-0846-4621-a62f-66bf8267e03c', 'bffc04c4-0c13-4446-a043-af0bbc7534c0', TRUE, NOW(), NOW()),
('c3269729-0846-4621-a62f-66bf8267e03c', 'f3ede310-631c-440f-931a-9e2ab0daa718', FALSE, NOW(), NOW()),
('51aef7ae-aa3c-4d4d-b899-72d8b8f9e2f0', 'bffc04c4-0c13-4446-a043-af0bbc7534c0', TRUE, NOW(), NOW()),
('51aef7ae-aa3c-4d4d-b899-72d8b8f9e2f0', 'f3ede310-631c-440f-931a-9e2ab0daa718', FALSE, NOW(), NOW()),
('da25870c-20c2-467e-bd74-7a415ec8683e', 'bffc04c4-0c13-4446-a043-af0bbc7534c0', TRUE, NOW(), NOW()),
('da25870c-20c2-467e-bd74-7a415ec8683e', 'f3ede310-631c-440f-931a-9e2ab0daa718', FALSE, NOW(), NOW()),
('f4e5d11f-0f06-4b5e-bf3b-0a2949220653', 'bffc04c4-0c13-4446-a043-af0bbc7534c0', TRUE, NOW(), NOW()),
('7f085efe-ee41-49fe-8af5-010c49a45640', 'bffc04c4-0c13-4446-a043-af0bbc7534c0', TRUE, NOW(), NOW()),
('3a78223f-04bf-42ab-8d67-fd6481eb36c8', 'bffc04c4-0c13-4446-a043-af0bbc7534c0', TRUE, NOW(), NOW()),
('f2c6ae24-df11-4bbc-937c-f9e2be616fac', 'bffc04c4-0c13-4446-a043-af0bbc7534c0', TRUE, NOW(), NOW()),
('057221ad-4a5a-4052-b78c-d03adcd8d8bc', 'bffc04c4-0c13-4446-a043-af0bbc7534c0', TRUE, NOW(), NOW()),
('af0856b0-13ff-4904-a1f0-52dc32abbd5b', 'bffc04c4-0c13-4446-a043-af0bbc7534c0', TRUE, NOW(), NOW()),
('82db63ba-804a-4585-a042-057b665eba2d', 'bffc04c4-0c13-4446-a043-af0bbc7534c0', TRUE, NOW(), NOW()),
('df23a3f6-87ea-474f-9af8-3e0298fe689d', 'bffc04c4-0c13-4446-a043-af0bbc7534c0', TRUE, NOW(), NOW()),
('c6550569-665e-4dac-bbed-421dae29ad40', 'bffc04c4-0c13-4446-a043-af0bbc7534c0', TRUE, NOW(), NOW()),
('a47f2fc7-1099-40c4-ae9a-1e9de8c87766', 'bffc04c4-0c13-4446-a043-af0bbc7534c0', TRUE, NOW(), NOW()),
('efa2ee47-712b-471f-bdcc-5b00365933dd', 'bffc04c4-0c13-4446-a043-af0bbc7534c0', TRUE, NOW(), NOW()),
('d304bc4e-fd52-4da8-9a48-684f2677a6a5', 'bffc04c4-0c13-4446-a043-af0bbc7534c0', TRUE, NOW(), NOW()),
('9931a8c6-be85-4f96-822d-cfa05f52c24e', 'bffc04c4-0c13-4446-a043-af0bbc7534c0', TRUE, NOW(), NOW()),
('3bfb3ef7-d9cb-4628-8246-499f938c2d61', 'bffc04c4-0c13-4446-a043-af0bbc7534c0', TRUE, NOW(), NOW()),
('ae127652-8424-4d49-8935-7a3e8ac28f51', 'bffc04c4-0c13-4446-a043-af0bbc7534c0', TRUE, NOW(), NOW()),
('39faf57d-cd98-48c6-96e8-31b27ec571d8', 'bffc04c4-0c13-4446-a043-af0bbc7534c0', TRUE, NOW(), NOW()),
('3c330df2-6e48-4861-8078-3bf362db9e76', 'bffc04c4-0c13-4446-a043-af0bbc7534c0', TRUE, NOW(), NOW()),
('ed8a3113-1568-40af-80bc-95fd80654b18', '6a16d72a-0343-4e1b-85b5-37ceca1c1542', TRUE, NOW(), NOW()),
('ed8a3113-1568-40af-80bc-95fd80654b18', 'bffc04c4-0c13-4446-a043-af0bbc7534c0', FALSE, NOW(), NOW()),
('ed8a3113-1568-40af-80bc-95fd80654b18', '30c785fd-8d7c-4598-a3bf-80f99de8ff9f', FALSE, NOW(), NOW()),
('d8128cb6-3432-4ebf-b28d-2aad0a6d26de', 'bffc04c4-0c13-4446-a043-af0bbc7534c0', TRUE, NOW(), NOW()),
('067412ea-1fd9-4e56-9998-86f324dd2862', 'bffc04c4-0c13-4446-a043-af0bbc7534c0', TRUE, NOW(), NOW()),
('cc365fae-7aec-4cc3-96b8-3a16370af974', 'bffc04c4-0c13-4446-a043-af0bbc7534c0', TRUE, NOW(), NOW()),
('cc365fae-7aec-4cc3-96b8-3a16370af974', '5eba04b9-591b-4770-834f-a7215a3320fa', FALSE, NOW(), NOW()),
('8acffa3b-8b76-4898-8c11-9ea27cb9c4f5', 'bffc04c4-0c13-4446-a043-af0bbc7534c0', TRUE, NOW(), NOW()),
('79288804-b2f8-47c0-86a0-2169df4f8662', 'bffc04c4-0c13-4446-a043-af0bbc7534c0', TRUE, NOW(), NOW()),
('7c4e903e-220c-4304-8b36-8bfdf6ebc3f6', 'bffc04c4-0c13-4446-a043-af0bbc7534c0', TRUE, NOW(), NOW()),
('0ad85504-33fd-468f-9e4a-c52514287bf2', 'bffc04c4-0c13-4446-a043-af0bbc7534c0', TRUE, NOW(), NOW()),
('ea466a43-f14c-446b-b271-e25e781521c4', 'bffc04c4-0c13-4446-a043-af0bbc7534c0', TRUE, NOW(), NOW()),
('4af8b0c0-0ead-4f53-91bc-70048e23b93b', 'bffc04c4-0c13-4446-a043-af0bbc7534c0', TRUE, NOW(), NOW()),
('6c888192-2546-4c70-8389-957fe081cc92', 'bffc04c4-0c13-4446-a043-af0bbc7534c0', TRUE, NOW(), NOW()),
('b318dd6e-11a4-44a3-a8bc-d52c6c12542c', 'bffc04c4-0c13-4446-a043-af0bbc7534c0', TRUE, NOW(), NOW()),
('bf918c08-fed0-4c39-af91-d24bbba361b2', 'bffc04c4-0c13-4446-a043-af0bbc7534c0', TRUE, NOW(), NOW()),
('d01cbd6c-2908-43e6-bf68-e6df35a31edb', 'bffc04c4-0c13-4446-a043-af0bbc7534c0', TRUE, NOW(), NOW()),
('0edf972b-b78c-4515-ad6a-f1db39827b31', 'bffc04c4-0c13-4446-a043-af0bbc7534c0', TRUE, NOW(), NOW()),
('419d49a7-60ed-453c-9743-840c4f8e6157', 'bffc04c4-0c13-4446-a043-af0bbc7534c0', TRUE, NOW(), NOW()),
('8cdf3fb8-25d7-4441-a9d9-36e04a1579a8', 'bffc04c4-0c13-4446-a043-af0bbc7534c0', TRUE, NOW(), NOW()),
('1e3a8b47-438e-4878-be0e-6a218f377a8e', 'bffc04c4-0c13-4446-a043-af0bbc7534c0', TRUE, NOW(), NOW()),
('0a53d51d-f817-497b-8542-ca37a91fa31c', 'bffc04c4-0c13-4446-a043-af0bbc7534c0', TRUE, NOW(), NOW()),
('0f472515-cd76-48f5-b7d3-9c3ae0609d43', 'bffc04c4-0c13-4446-a043-af0bbc7534c0', TRUE, NOW(), NOW()),
('dc143549-3280-44cc-9082-969d45f163bb', 'bffc04c4-0c13-4446-a043-af0bbc7534c0', TRUE, NOW(), NOW());







--------------------SOOBIN



INSERT INTO "Album" ("albumId",  "title", "releaseDate", "albumType", "createdAt", "updatedAt") VALUES
('8b542a8c-d0a6-4713-9cc4-dc8d244c32ff', 'BẬT NÓ LÊN', '2024-06-25', 'album', NOW(), NOW()),
('96c972a9-cd08-495e-a8de-93f8ecb9f0ff', 'The Remix 2016', '2016-06-27', 'album', NOW(), NOW()),
('ec1ee3b6-adec-49f1-bf45-aad660e42bc3', 'Tiến Tới Ước Mơ (feat. Rhymastic & SlimV)', '2024-10-03', 'single', NOW(), NOW()),
('b3a5795a-fd97-4b2d-848c-20bea55e1984', 'It''s A New Dawn (feat. CHARLES. & Kriss Ngo)', '2024-08-02', 'single', NOW(), NOW()),
('6e4aa29b-7af1-4230-8934-e4b3075e0420', 'giá như', '2024-04-10', 'single', NOW(), NOW()),
('b776697b-4a76-4259-b2f2-c7199eb22b08', 'Heyyy', '2023-12-07', 'single', NOW(), NOW()),
('24d745ed-5fb4-4285-bf87-f22e68a8525a', 'still', '2023-12-04', 'ep', NOW(), NOW()),
('fd5aa867-63db-47da-9d75-9dc78ae4c32d', 'Sunset In The City', '2023-10-26', 'single', NOW(), NOW()),
('6c739f23-9bc5-4509-be08-85f39fe2d9ae', 'Tự Yours', '2023-05-11', 'single', NOW(), NOW()),
('326633d0-6ec0-479e-beef-aa2a12d04ee8', 'Vui Đi Em (TINLE Remix)', '2023-01-05', 'single', NOW(), NOW()),
('aff5e36c-e367-4812-9944-6141c2dd1b4d', 'Day Dream (TINLE Remix)', '2023-01-05', 'single', NOW(), NOW()),
('cc3f24b6-d31e-42d6-87f6-42aadf734197', 'BLACKJACK (TINLE Remix)', '2023-01-05', 'single', NOW(), NOW()),
('d8f118a4-c2ff-4e43-9852-9d734f14de8d', 'Tháng Năm (Remixes)', '2022-08-19', 'ep', NOW(), NOW()),
('3fac50e7-48e3-4997-9d8e-e5ef7e06a586', 'Hurricane - Naraka', '2022-08-19', 'single', NOW(), NOW()),
('ed7f6e2b-db98-40ab-91fc-8c99fc5e331c', 'Nhanh lên nhé!', '2022-07-11', 'single', NOW(), NOW()),
('4ba9378c-51f9-46da-83a0-4abe82d4addb', 'Freaky Squad (feat. Touliver)', '2021-11-30', 'single', NOW(), NOW()),
('9dfac43b-5c87-47b9-9d7c-ffc62fcd051f', 'The Playah (feat. SlimV) [Special Performance]', '2021-05-14', 'single', NOW(), NOW()),
('6f4379f7-221e-44d6-9d9e-1f745822364c', 'The Playah', '2020-12-15', 'ep', NOW(), NOW()),
('4ae7146c-7859-4ea3-b309-77df4d3efebc', 'Vẫn Nhớ', '2020-04-30', 'single', NOW(), NOW()),
('25daefd5-73e4-4690-9e24-e5a8021b1c0c', 'pretty', '2020-03-25', 'ep', NOW(), NOW()),
('37fa4d57-5cb5-4da6-9c0d-d9f6fb3d448a', 'I Like You/Từng Ngày Em Mơ Về Anh', '2020-01-01', 'ep', NOW(), NOW()),
('7e15ad96-5556-482e-bd7a-cea51583d455', 'Daydreams (The Remix 2016)', '2020-01-01', 'single', NOW(), NOW()),
('f10f6882-fcab-48c0-aa1d-11310c0927b4', 'Chưa Có Người Yêu', '2020-01-01', 'single', NOW(), NOW()),
('056264fe-7b06-4e89-bd26-2f0bea31b64b', 'Say Goodbye', '2019-09-04', 'single', NOW(), NOW()),
('88526d21-e438-4193-8f1b-209d853ece74', 'Và Thế Là Hết (Lalala Version 2)', '2019-08-19', 'single', NOW(), NOW()),
('b7efdf98-fd46-472e-8b08-68da20bbdb7f', 'Nếu Ngày Ấy', '2019-07-22', 'single', NOW(), NOW()),
('3fba8486-ccb7-40d6-9e9e-a174c29fbc3f', 'Đã Đến Lúc', '2019-04-13', 'single', NOW(), NOW()),
('ad50ec41-228f-4308-814a-dbccc1a3a335', 'Em Không Tồn Tại', '2019-03-13', 'single', NOW(), NOW()),
('58c01e0e-505a-45ca-8fd8-6d1b6815f2c5', 'Between us', '2018-07-27', 'ep', NOW(), NOW()),
('2876bf7d-7bff-4db3-bb6b-7a0c2d02e891', 'Ngày Mai Em Đi', '2017-08-02', 'single', NOW(), NOW()),
('35e7cc17-98bf-4163-aa18-f10a19451d35', 'Vinh Quang Đang Chờ Ta', '2017-07-24', 'single', NOW(), NOW()),
('fba8076c-272c-4635-8791-923d0f90e189', 'Một Ngày Rất Khác', '2017-06-30', 'single', NOW(), NOW()),
('dddd7b27-444c-4a30-97a1-63ea0d78bffe', 'Di Va Yeu', '2017-03-27', 'single', NOW(), NOW()),
('fd7544b2-8d45-49cb-83e7-0b33aa1ec4e8', 'Anh Đã Quen Với Cô Đơn', '2017-03-14', 'single', NOW(), NOW()),
('c40f32db-6d34-474f-8036-1f68781a430c', 'Vai Lan Don Dua', '2017-01-27', 'single', NOW(), NOW()),
('aab24bbd-8e93-4007-8c41-de8364b346c4', 'Đi Để Trở Về', '2017-01-17', 'single', NOW(), NOW()),
('6480f979-e165-4ff9-8cc3-75ea5163518c', 'Lalala', '2016-07-14', 'single', NOW(), NOW()),
('b7547cb6-f935-4d68-9fd6-946c37a510de', 'Vụt Tan', '2012-07-10', 'single', NOW(), NOW());



INSERT INTO "AlbumImage" ("albumId", "image", "size", "createdAt", "updatedAt") VALUES
('8b542a8c-d0a6-4713-9cc4-dc8d244c32ff',  'https://i.scdn.co/image/ab67616d0000b2738bdbdf691a5b791a5afb515b', '640', NOW(), NOW()),
('8b542a8c-d0a6-4713-9cc4-dc8d244c32ff',  'https://i.scdn.co/image/ab67616d00001e028bdbdf691a5b791a5afb515b', '300', NOW(), NOW()),
('8b542a8c-d0a6-4713-9cc4-dc8d244c32ff',  'https://i.scdn.co/image/ab67616d000048518bdbdf691a5b791a5afb515b', '64', NOW(), NOW()),
('96c972a9-cd08-495e-a8de-93f8ecb9f0ff',  'https://i.scdn.co/image/ab67616d0000b2735e6c4ba130cb078cd777247c', '640', NOW(), NOW()),
('96c972a9-cd08-495e-a8de-93f8ecb9f0ff',  'https://i.scdn.co/image/ab67616d00001e025e6c4ba130cb078cd777247c', '300', NOW(), NOW()),
('96c972a9-cd08-495e-a8de-93f8ecb9f0ff',  'https://i.scdn.co/image/ab67616d000048515e6c4ba130cb078cd777247c', '64', NOW(), NOW()),
('ec1ee3b6-adec-49f1-bf45-aad660e42bc3',  'https://i.scdn.co/image/ab67616d0000b27314cd39f8a615976502ecb1bf', '640', NOW(), NOW()),
('ec1ee3b6-adec-49f1-bf45-aad660e42bc3',  'https://i.scdn.co/image/ab67616d00001e0214cd39f8a615976502ecb1bf', '300', NOW(), NOW()),
('ec1ee3b6-adec-49f1-bf45-aad660e42bc3',  'https://i.scdn.co/image/ab67616d0000485114cd39f8a615976502ecb1bf', '64', NOW(), NOW()),
('b3a5795a-fd97-4b2d-848c-20bea55e1984',  'https://i.scdn.co/image/ab67616d0000b273e89664ae7929e901b4e1a60d', '640', NOW(), NOW()),
('b3a5795a-fd97-4b2d-848c-20bea55e1984',  'https://i.scdn.co/image/ab67616d00001e02e89664ae7929e901b4e1a60d', '300', NOW(), NOW()),
('b3a5795a-fd97-4b2d-848c-20bea55e1984',  'https://i.scdn.co/image/ab67616d00004851e89664ae7929e901b4e1a60d', '64', NOW(), NOW()),
('6e4aa29b-7af1-4230-8934-e4b3075e0420',  'https://i.scdn.co/image/ab67616d0000b273d0b9bdf8cb2cd260ce92baff', '640', NOW(), NOW()),
('6e4aa29b-7af1-4230-8934-e4b3075e0420',  'https://i.scdn.co/image/ab67616d00001e02d0b9bdf8cb2cd260ce92baff', '300', NOW(), NOW()),
('6e4aa29b-7af1-4230-8934-e4b3075e0420',  'https://i.scdn.co/image/ab67616d00004851d0b9bdf8cb2cd260ce92baff', '64', NOW(), NOW()),
('b776697b-4a76-4259-b2f2-c7199eb22b08',  'https://i.scdn.co/image/ab67616d0000b2732aa7965527d556298709a77f', '640', NOW(), NOW()),
('b776697b-4a76-4259-b2f2-c7199eb22b08',  'https://i.scdn.co/image/ab67616d00001e022aa7965527d556298709a77f', '300', NOW(), NOW()),
('b776697b-4a76-4259-b2f2-c7199eb22b08',  'https://i.scdn.co/image/ab67616d000048512aa7965527d556298709a77f', '64', NOW(), NOW()),
('24d745ed-5fb4-4285-bf87-f22e68a8525a',  'https://i.scdn.co/image/ab67616d0000b2737f9fff3323c60ac22c9e4aa2', '640', NOW(), NOW()),
('24d745ed-5fb4-4285-bf87-f22e68a8525a',  'https://i.scdn.co/image/ab67616d00001e027f9fff3323c60ac22c9e4aa2', '300', NOW(), NOW()),
('24d745ed-5fb4-4285-bf87-f22e68a8525a',  'https://i.scdn.co/image/ab67616d000048517f9fff3323c60ac22c9e4aa2', '64', NOW(), NOW()),
('fd5aa867-63db-47da-9d75-9dc78ae4c32d',  'https://i.scdn.co/image/ab67616d0000b273e4bf20e6f63995ff753aaa0a', '640', NOW(), NOW()),
('fd5aa867-63db-47da-9d75-9dc78ae4c32d',  'https://i.scdn.co/image/ab67616d00001e02e4bf20e6f63995ff753aaa0a', '300', NOW(), NOW()),
('fd5aa867-63db-47da-9d75-9dc78ae4c32d',  'https://i.scdn.co/image/ab67616d00004851e4bf20e6f63995ff753aaa0a', '64', NOW(), NOW()),
('6c739f23-9bc5-4509-be08-85f39fe2d9ae',  'https://i.scdn.co/image/ab67616d0000b273fe9e14c77d47c00e9d76bf19', '640', NOW(), NOW()),
('6c739f23-9bc5-4509-be08-85f39fe2d9ae',  'https://i.scdn.co/image/ab67616d00001e02fe9e14c77d47c00e9d76bf19', '300', NOW(), NOW()),
('6c739f23-9bc5-4509-be08-85f39fe2d9ae',  'https://i.scdn.co/image/ab67616d00004851fe9e14c77d47c00e9d76bf19', '64', NOW(), NOW()),
('326633d0-6ec0-479e-beef-aa2a12d04ee8',  'https://i.scdn.co/image/ab67616d0000b2734a77435a2edc20b0359b0a7a', '640', NOW(), NOW()),
('326633d0-6ec0-479e-beef-aa2a12d04ee8',  'https://i.scdn.co/image/ab67616d00001e024a77435a2edc20b0359b0a7a', '300', NOW(), NOW()),
('326633d0-6ec0-479e-beef-aa2a12d04ee8',  'https://i.scdn.co/image/ab67616d000048514a77435a2edc20b0359b0a7a', '64', NOW(), NOW()),
('aff5e36c-e367-4812-9944-6141c2dd1b4d',  'https://i.scdn.co/image/ab67616d0000b27339e270e0dafec6a319146e6a', '640', NOW(), NOW()),
('aff5e36c-e367-4812-9944-6141c2dd1b4d',  'https://i.scdn.co/image/ab67616d00001e0239e270e0dafec6a319146e6a', '300', NOW(), NOW()),
('aff5e36c-e367-4812-9944-6141c2dd1b4d',  'https://i.scdn.co/image/ab67616d0000485139e270e0dafec6a319146e6a', '64', NOW(), NOW()),
('cc3f24b6-d31e-42d6-87f6-42aadf734197',  'https://i.scdn.co/image/ab67616d0000b273b8f6c11abee18a99f9d12d95', '640', NOW(), NOW()),
('cc3f24b6-d31e-42d6-87f6-42aadf734197',  'https://i.scdn.co/image/ab67616d00001e02b8f6c11abee18a99f9d12d95', '300', NOW(), NOW()),
('cc3f24b6-d31e-42d6-87f6-42aadf734197',  'https://i.scdn.co/image/ab67616d00004851b8f6c11abee18a99f9d12d95', '64', NOW(), NOW()),
('d8f118a4-c2ff-4e43-9852-9d734f14de8d',  'https://i.scdn.co/image/ab67616d0000b2735235cc3fd23ba283e421f82e', '640', NOW(), NOW()),
('d8f118a4-c2ff-4e43-9852-9d734f14de8d',  'https://i.scdn.co/image/ab67616d00001e025235cc3fd23ba283e421f82e', '300', NOW(), NOW()),
('d8f118a4-c2ff-4e43-9852-9d734f14de8d',  'https://i.scdn.co/image/ab67616d000048515235cc3fd23ba283e421f82e', '64', NOW(), NOW()),
('3fac50e7-48e3-4997-9d8e-e5ef7e06a586',  'https://i.scdn.co/image/ab67616d0000b2733dda0fdba37439fe2057113d', '640', NOW(), NOW()),
('3fac50e7-48e3-4997-9d8e-e5ef7e06a586',  'https://i.scdn.co/image/ab67616d00001e023dda0fdba37439fe2057113d', '300', NOW(), NOW()),
('3fac50e7-48e3-4997-9d8e-e5ef7e06a586',  'https://i.scdn.co/image/ab67616d000048513dda0fdba37439fe2057113d', '64', NOW(), NOW()),
('ed7f6e2b-db98-40ab-91fc-8c99fc5e331c',  'https://i.scdn.co/image/ab67616d0000b2731ef78855fce24fbf30adc5dc', '640', NOW(), NOW()),
('ed7f6e2b-db98-40ab-91fc-8c99fc5e331c',  'https://i.scdn.co/image/ab67616d00001e021ef78855fce24fbf30adc5dc', '300', NOW(), NOW()),
('ed7f6e2b-db98-40ab-91fc-8c99fc5e331c',  'https://i.scdn.co/image/ab67616d000048511ef78855fce24fbf30adc5dc', '64', NOW(), NOW()),
('4ba9378c-51f9-46da-83a0-4abe82d4addb',  'https://i.scdn.co/image/ab67616d0000b27334ec2bee26b58c07ec2872fd', '640', NOW(), NOW()),
('4ba9378c-51f9-46da-83a0-4abe82d4addb',  'https://i.scdn.co/image/ab67616d00001e0234ec2bee26b58c07ec2872fd', '300', NOW(), NOW()),
('4ba9378c-51f9-46da-83a0-4abe82d4addb',  'https://i.scdn.co/image/ab67616d0000485134ec2bee26b58c07ec2872fd', '64', NOW(), NOW()),
('9dfac43b-5c87-47b9-9d7c-ffc62fcd051f',  'https://i.scdn.co/image/ab67616d0000b27363cb85fbcd629147ddfc42c7', '640', NOW(), NOW()),
('9dfac43b-5c87-47b9-9d7c-ffc62fcd051f',  'https://i.scdn.co/image/ab67616d00001e0263cb85fbcd629147ddfc42c7', '300', NOW(), NOW()),
('9dfac43b-5c87-47b9-9d7c-ffc62fcd051f',  'https://i.scdn.co/image/ab67616d0000485163cb85fbcd629147ddfc42c7', '64', NOW(), NOW()),
('6f4379f7-221e-44d6-9d9e-1f745822364c',  'https://i.scdn.co/image/ab67616d0000b27387804726f6db818095a40a86', '640', NOW(), NOW()),
('6f4379f7-221e-44d6-9d9e-1f745822364c',  'https://i.scdn.co/image/ab67616d00001e0287804726f6db818095a40a86', '300', NOW(), NOW()),
('6f4379f7-221e-44d6-9d9e-1f745822364c',  'https://i.scdn.co/image/ab67616d0000485187804726f6db818095a40a86', '64', NOW(), NOW()),
('4ae7146c-7859-4ea3-b309-77df4d3efebc',  'https://i.scdn.co/image/ab67616d0000b27308d4e5d5e3077e955394b955', '640', NOW(), NOW()),
('4ae7146c-7859-4ea3-b309-77df4d3efebc',  'https://i.scdn.co/image/ab67616d00001e0208d4e5d5e3077e955394b955', '300', NOW(), NOW()),
('4ae7146c-7859-4ea3-b309-77df4d3efebc',  'https://i.scdn.co/image/ab67616d0000485108d4e5d5e3077e955394b955', '64', NOW(), NOW()),
('25daefd5-73e4-4690-9e24-e5a8021b1c0c',  'https://i.scdn.co/image/ab67616d0000b27376e7e06d1055c78e3a6c708d', '640', NOW(), NOW()),
('25daefd5-73e4-4690-9e24-e5a8021b1c0c',  'https://i.scdn.co/image/ab67616d00001e0276e7e06d1055c78e3a6c708d', '300', NOW(), NOW()),
('25daefd5-73e4-4690-9e24-e5a8021b1c0c',  'https://i.scdn.co/image/ab67616d0000485176e7e06d1055c78e3a6c708d', '64', NOW(), NOW()),
('37fa4d57-5cb5-4da6-9c0d-d9f6fb3d448a',  'https://i.scdn.co/image/ab67616d0000b273249a43032d1fe3061f296e14', '640', NOW(), NOW()),
('37fa4d57-5cb5-4da6-9c0d-d9f6fb3d448a',  'https://i.scdn.co/image/ab67616d00001e02249a43032d1fe3061f296e14', '300', NOW(), NOW()),
('37fa4d57-5cb5-4da6-9c0d-d9f6fb3d448a',  'https://i.scdn.co/image/ab67616d00004851249a43032d1fe3061f296e14', '64', NOW(), NOW()),
('7e15ad96-5556-482e-bd7a-cea51583d455',  'https://i.scdn.co/image/ab67616d0000b273e1957cbdff8f43e9323ee083', '640', NOW(), NOW()),
('7e15ad96-5556-482e-bd7a-cea51583d455',  'https://i.scdn.co/image/ab67616d00001e02e1957cbdff8f43e9323ee083', '300', NOW(), NOW()),
('7e15ad96-5556-482e-bd7a-cea51583d455',  'https://i.scdn.co/image/ab67616d00004851e1957cbdff8f43e9323ee083', '64', NOW(), NOW()),
('f10f6882-fcab-48c0-aa1d-11310c0927b4',  'https://i.scdn.co/image/ab67616d0000b2733be60c920919fb8c83659dad', '640', NOW(), NOW()),
('f10f6882-fcab-48c0-aa1d-11310c0927b4',  'https://i.scdn.co/image/ab67616d00001e023be60c920919fb8c83659dad', '300', NOW(), NOW()),
('f10f6882-fcab-48c0-aa1d-11310c0927b4',  'https://i.scdn.co/image/ab67616d000048513be60c920919fb8c83659dad', '64', NOW(), NOW()),
('056264fe-7b06-4e89-bd26-2f0bea31b64b',  'https://i.scdn.co/image/ab67616d0000b273b2520ca139cfc7898e90d60e', '640', NOW(), NOW()),
('056264fe-7b06-4e89-bd26-2f0bea31b64b',  'https://i.scdn.co/image/ab67616d00001e02b2520ca139cfc7898e90d60e', '300', NOW(), NOW()),
('056264fe-7b06-4e89-bd26-2f0bea31b64b',  'https://i.scdn.co/image/ab67616d00004851b2520ca139cfc7898e90d60e', '64', NOW(), NOW()),
('88526d21-e438-4193-8f1b-209d853ece74',  'https://i.scdn.co/image/ab67616d0000b273a6394e8d532838f821a972bc', '640', NOW(), NOW()),
('88526d21-e438-4193-8f1b-209d853ece74',  'https://i.scdn.co/image/ab67616d00001e02a6394e8d532838f821a972bc', '300', NOW(), NOW()),
('88526d21-e438-4193-8f1b-209d853ece74',  'https://i.scdn.co/image/ab67616d00004851a6394e8d532838f821a972bc', '64', NOW(), NOW()),
('b7efdf98-fd46-472e-8b08-68da20bbdb7f',  'https://i.scdn.co/image/ab67616d0000b273d2750b7b5b9bda7100c6d1a3', '640', NOW(), NOW()),
('b7efdf98-fd46-472e-8b08-68da20bbdb7f',  'https://i.scdn.co/image/ab67616d00001e02d2750b7b5b9bda7100c6d1a3', '300', NOW(), NOW()),
('b7efdf98-fd46-472e-8b08-68da20bbdb7f',  'https://i.scdn.co/image/ab67616d00004851d2750b7b5b9bda7100c6d1a3', '64', NOW(), NOW()),
('3fba8486-ccb7-40d6-9e9e-a174c29fbc3f',  'https://i.scdn.co/image/ab67616d0000b2738d22cd7a72989779f9a60f61', '640', NOW(), NOW()),
('3fba8486-ccb7-40d6-9e9e-a174c29fbc3f',  'https://i.scdn.co/image/ab67616d00001e028d22cd7a72989779f9a60f61', '300', NOW(), NOW()),
('3fba8486-ccb7-40d6-9e9e-a174c29fbc3f',  'https://i.scdn.co/image/ab67616d000048518d22cd7a72989779f9a60f61', '64', NOW(), NOW()),
('ad50ec41-228f-4308-814a-dbccc1a3a335',  'https://i.scdn.co/image/ab67616d0000b273823cd79c00bb3635ef2fc680', '640', NOW(), NOW()),
('ad50ec41-228f-4308-814a-dbccc1a3a335',  'https://i.scdn.co/image/ab67616d00001e02823cd79c00bb3635ef2fc680', '300', NOW(), NOW()),
('ad50ec41-228f-4308-814a-dbccc1a3a335',  'https://i.scdn.co/image/ab67616d00004851823cd79c00bb3635ef2fc680', '64', NOW(), NOW()),
('58c01e0e-505a-45ca-8fd8-6d1b6815f2c5',  'https://i.scdn.co/image/ab67616d0000b2738faca292dc30e3e240b00119', '640', NOW(), NOW()),
('58c01e0e-505a-45ca-8fd8-6d1b6815f2c5',  'https://i.scdn.co/image/ab67616d00001e028faca292dc30e3e240b00119', '300', NOW(), NOW()),
('58c01e0e-505a-45ca-8fd8-6d1b6815f2c5',  'https://i.scdn.co/image/ab67616d000048518faca292dc30e3e240b00119', '64', NOW(), NOW()),
('2876bf7d-7bff-4db3-bb6b-7a0c2d02e891',  'https://i.scdn.co/image/ab67616d0000b273caa7ef3c1e269ce6b12f6b3e', '640', NOW(), NOW()),
('2876bf7d-7bff-4db3-bb6b-7a0c2d02e891',  'https://i.scdn.co/image/ab67616d00001e02caa7ef3c1e269ce6b12f6b3e', '300', NOW(), NOW()),
('2876bf7d-7bff-4db3-bb6b-7a0c2d02e891',  'https://i.scdn.co/image/ab67616d00004851caa7ef3c1e269ce6b12f6b3e', '64', NOW(), NOW()),
('35e7cc17-98bf-4163-aa18-f10a19451d35',  'https://i.scdn.co/image/ab67616d0000b2737237fe5c98454d61e231980c', '640', NOW(), NOW()),
('35e7cc17-98bf-4163-aa18-f10a19451d35',  'https://i.scdn.co/image/ab67616d00001e027237fe5c98454d61e231980c', '300', NOW(), NOW()),
('35e7cc17-98bf-4163-aa18-f10a19451d35',  'https://i.scdn.co/image/ab67616d000048517237fe5c98454d61e231980c', '64', NOW(), NOW()),
('fba8076c-272c-4635-8791-923d0f90e189',  'https://i.scdn.co/image/ab67616d0000b2732f39f6e41c8d52ea339673ee', '640', NOW(), NOW()),
('fba8076c-272c-4635-8791-923d0f90e189',  'https://i.scdn.co/image/ab67616d00001e022f39f6e41c8d52ea339673ee', '300', NOW(), NOW()),
('fba8076c-272c-4635-8791-923d0f90e189',  'https://i.scdn.co/image/ab67616d000048512f39f6e41c8d52ea339673ee', '64', NOW(), NOW()),
('dddd7b27-444c-4a30-97a1-63ea0d78bffe',  'https://i.scdn.co/image/ab67616d0000b2739c8874e0a7e0b663602bb148', '640', NOW(), NOW()),
('dddd7b27-444c-4a30-97a1-63ea0d78bffe',  'https://i.scdn.co/image/ab67616d00001e029c8874e0a7e0b663602bb148', '300', NOW(), NOW()),
('dddd7b27-444c-4a30-97a1-63ea0d78bffe',  'https://i.scdn.co/image/ab67616d000048519c8874e0a7e0b663602bb148', '64', NOW(), NOW()),
('fd7544b2-8d45-49cb-83e7-0b33aa1ec4e8',  'https://i.scdn.co/image/ab67616d0000b2732922307c16bb852a0849bea0', '640', NOW(), NOW()),
('fd7544b2-8d45-49cb-83e7-0b33aa1ec4e8',  'https://i.scdn.co/image/ab67616d00001e022922307c16bb852a0849bea0', '300', NOW(), NOW()),
('fd7544b2-8d45-49cb-83e7-0b33aa1ec4e8',  'https://i.scdn.co/image/ab67616d000048512922307c16bb852a0849bea0', '64', NOW(), NOW()),
('c40f32db-6d34-474f-8036-1f68781a430c',  'https://i.scdn.co/image/ab67616d0000b273710f5334ce7a356e2b370822', '640', NOW(), NOW()),
('c40f32db-6d34-474f-8036-1f68781a430c',  'https://i.scdn.co/image/ab67616d00001e02710f5334ce7a356e2b370822', '300', NOW(), NOW()),
('c40f32db-6d34-474f-8036-1f68781a430c',  'https://i.scdn.co/image/ab67616d00004851710f5334ce7a356e2b370822', '64', NOW(), NOW()),
('aab24bbd-8e93-4007-8c41-de8364b346c4',  'https://i.scdn.co/image/ab67616d0000b27326259b2434afe2ee9808900a', '640', NOW(), NOW()),
('aab24bbd-8e93-4007-8c41-de8364b346c4',  'https://i.scdn.co/image/ab67616d00001e0226259b2434afe2ee9808900a', '300', NOW(), NOW()),
('aab24bbd-8e93-4007-8c41-de8364b346c4',  'https://i.scdn.co/image/ab67616d0000485126259b2434afe2ee9808900a', '64', NOW(), NOW()),
('6480f979-e165-4ff9-8cc3-75ea5163518c',  'https://i.scdn.co/image/ab67616d0000b273d1725168c1e8501d1bf28299', '640', NOW(), NOW()),
('6480f979-e165-4ff9-8cc3-75ea5163518c',  'https://i.scdn.co/image/ab67616d00001e02d1725168c1e8501d1bf28299', '300', NOW(), NOW()),
('6480f979-e165-4ff9-8cc3-75ea5163518c',  'https://i.scdn.co/image/ab67616d00004851d1725168c1e8501d1bf28299', '64', NOW(), NOW()),
('b7547cb6-f935-4d68-9fd6-946c37a510de',  'https://i.scdn.co/image/ab67616d0000b273b7826a757394f1632450d249', '640', NOW(), NOW()),
('b7547cb6-f935-4d68-9fd6-946c37a510de',  'https://i.scdn.co/image/ab67616d00001e02b7826a757394f1632450d249', '300', NOW(), NOW()),
('b7547cb6-f935-4d68-9fd6-946c37a510de',  'https://i.scdn.co/image/ab67616d00004851b7826a757394f1632450d249', '64', NOW(), NOW());



INSERT INTO "Song" ("id", "albumId", "title", "duration", "lyric", "filePathAudio", "privacy", "uploadUserId", "releaseDate", "createdAt", "updatedAt") VALUES
('b5d67549-a9c2-4698-9d18-b10be24f4f4c', '8b542a8c-d0a6-4713-9cc4-dc8d244c32ff', 'Intro', '59697', 'lyric', 'https://audiomelodies.nyc3.digitaloceanspaces.com/LOC/SOOBIN/BATNOLEN/Intro.m4a', FALSE, Null, '2024-06-25', NOW(), NOW()),
('091b9f12-b74c-4b60-8557-d9f4236205c1', '8b542a8c-d0a6-4713-9cc4-dc8d244c32ff', 'DANCING IN THE DARK', '227458', 'lyric', 'https://audiomelodies.nyc3.digitaloceanspaces.com/LOC/SOOBIN/BATNOLEN/DANCINGINTHEDARK.m4a', FALSE, Null, '2024-06-25', NOW(), NOW()),
('cacdd51e-3a29-4aa6-894a-2d51985a25ec', '8b542a8c-d0a6-4713-9cc4-dc8d244c32ff', 'Sunset In The City - Deluxe Version', '225600', 'lyric', 'https://audiomelodies.nyc3.digitaloceanspaces.com/LOC/SOOBIN/BATNOLEN/SunsetInTheCityDeluxeVersion.m4a', FALSE, Null, '2024-06-25', NOW(), NOW()),
('2eedabf9-6b1b-4de7-aeea-f6ba7e076d5e', '8b542a8c-d0a6-4713-9cc4-dc8d244c32ff', 'Sẽ Quên Em Nhanh Thôi', '175571', 'lyric', 'https://audiomelodies.nyc3.digitaloceanspaces.com/LOC/SOOBIN/BATNOLEN/SeQuenEmNhanhThoi.m4a', FALSE, Null, '2024-06-25', NOW(), NOW()),
('d0b4a2a8-d54b-42c1-b5ea-9b00f3f4aaa8', '8b542a8c-d0a6-4713-9cc4-dc8d244c32ff', 'giá như', '223200', 'lyric', 'https://audiomelodies.nyc3.digitaloceanspaces.com/LOC/SOOBIN/BATNOLEN/gianhu.m4a', FALSE, Null, '2024-06-25', NOW(), NOW()),
('45deef28-2c99-4c55-b0c8-9c24c32c802f', '8b542a8c-d0a6-4713-9cc4-dc8d244c32ff', 'Ai Mà Biết Được (feat. tlinh)', '240000', 'lyric', 'https://audiomelodies.nyc3.digitaloceanspaces.com/LOC/SOOBIN/BATNOLEN/AiMaBietDuocfeattlinh.m4a', FALSE, Null, '2024-06-25', NOW(), NOW()),
('457e7da3-0636-404d-83ca-79a81cdeedea', '8b542a8c-d0a6-4713-9cc4-dc8d244c32ff', 'Bật Nó Lên', '233732', 'lyric', 'https://audiomelodies.nyc3.digitaloceanspaces.com/LOC/SOOBIN/BATNOLEN/BatNoLen.m4a', FALSE, Null, '2024-06-25', NOW(), NOW()),
('02ce89ed-baf7-4f63-bdfa-fa8b6a75ba15', '8b542a8c-d0a6-4713-9cc4-dc8d244c32ff', 'Heyyy', '197142', 'lyric', 'https://audiomelodies.nyc3.digitaloceanspaces.com/LOC/SOOBIN/BATNOLEN/Heyyy.m4a', FALSE, Null, '2024-06-25', NOW(), NOW()),
('6be16fcf-37de-46ad-97fb-e06c5143927a', '8b542a8c-d0a6-4713-9cc4-dc8d244c32ff', 'Luật Anh (feat. Andree Right Hand)', '199500', 'lyric', 'https://audiomelodies.nyc3.digitaloceanspaces.com/LOC/SOOBIN/BATNOLEN/LuatAnhfeatAndreeRightHand.m4a', FALSE, Null, '2024-06-25', NOW(), NOW()),
('0e833e5d-cc0d-4335-9a5c-a2e1e761152e', '8b542a8c-d0a6-4713-9cc4-dc8d244c32ff', 'Lu Mờ (feat. Kris V)', '225230', 'lyric', 'https://audiomelodies.nyc3.digitaloceanspaces.com/LOC/SOOBIN/BATNOLEN/LuMofeatKrisV.m4a', FALSE, Null, '2024-06-25', NOW(), NOW()),
('bb4d81db-6a93-4988-9aa8-69f95eb4674c', '96c972a9-cd08-495e-a8de-93f8ecb9f0ff', 'Ai Kho Vi Ai', '233964', 'lyric', 'https://audiomelodies.nyc3.digitaloceanspaces.com/LOC/SOOBIN/TheRemix2016/AiKhoViAi.m4a', FALSE, Null, '2016-06-27', NOW(), NOW()),
('4b242d66-4902-4a91-ab64-1fb339c38331', '96c972a9-cd08-495e-a8de-93f8ecb9f0ff', 'Chi Toi', '217762', 'lyric', 'https://audiomelodies.nyc3.digitaloceanspaces.com/LOC/SOOBIN/TheRemix2016/ChiToi.m4a', FALSE, Null, '2016-06-27', NOW(), NOW()),
('c0935bfb-f0e1-40bd-b30a-cd36e8a4093e', '96c972a9-cd08-495e-a8de-93f8ecb9f0ff', 'Chuyen Chang Co Don', '225600', 'lyric', 'https://audiomelodies.nyc3.digitaloceanspaces.com/LOC/SOOBIN/TheRemix2016/ChuyenChangCoDon.m4a', FALSE, Null, '2016-06-27', NOW(), NOW()),
('f9977d12-371a-47ae-b4d2-461e632a4e06', '96c972a9-cd08-495e-a8de-93f8ecb9f0ff', 'Day Dream', '258000', 'lyric', 'https://audiomelodies.nyc3.digitaloceanspaces.com/LOC/SOOBIN/TheRemix2016/DayDream.m4a', FALSE, Null, '2016-06-27', NOW(), NOW()),
('18004262-7946-4a81-9c78-e454d7010d06', '96c972a9-cd08-495e-a8de-93f8ecb9f0ff', 'Sorry', '218181', 'lyric', 'https://audiomelodies.nyc3.digitaloceanspaces.com/LOC/SOOBIN/TheRemix2016/Sorry.m4a', FALSE, Null, '2016-06-27', NOW(), NOW()),
('0187156b-51cc-4762-8ae9-0d66bb400346', '96c972a9-cd08-495e-a8de-93f8ecb9f0ff', 'Tim Lai Reu Phong', '248470', 'lyric', 'https://audiomelodies.nyc3.digitaloceanspaces.com/LOC/SOOBIN/TheRemix2016/TimLaiReuPhong.m4a', FALSE, Null, '2016-06-27', NOW(), NOW()),
('33a06f6b-1102-4953-a103-3769f9f1d1cb', '96c972a9-cd08-495e-a8de-93f8ecb9f0ff', 'Ve Khoi', '240000', 'lyric', 'https://audiomelodies.nyc3.digitaloceanspaces.com/LOC/SOOBIN/TheRemix2016/VeKhoi.m4a', FALSE, Null, '2016-06-27', NOW(), NOW()),
('59241b32-f5e6-4cc4-ba3b-379dc6b870a2', '96c972a9-cd08-495e-a8de-93f8ecb9f0ff', 'Vui Di Em', '241951', 'lyric', 'https://audiomelodies.nyc3.digitaloceanspaces.com/LOC/SOOBIN/TheRemix2016/VuiDiEm.m4a', FALSE, Null, '2016-06-27', NOW(), NOW()),
('f0225138-9822-4288-a098-079546f5a2ac', '96c972a9-cd08-495e-a8de-93f8ecb9f0ff', 'Vut Tan', '198857', 'lyric', 'https://audiomelodies.nyc3.digitaloceanspaces.com/LOC/SOOBIN/TheRemix2016/VutTan.m4a', FALSE, Null, '2016-06-27', NOW(), NOW()),
('9b79149f-3dc9-451a-86b2-038bb047c8a7', 'ec1ee3b6-adec-49f1-bf45-aad660e42bc3', 'Tiến Tới Ước Mơ (feat. Rhymastic & SlimV)', '209655', 'lyric', 'https://audiomelodies.nyc3.digitaloceanspaces.com/LOC/SOOBIN/TienToiUocMofeatRhymasticSlimV/TienToiUocMofeatRhymasticSlimV.m4a', FALSE, Null, '2024-10-03', NOW(), NOW()),
('58b7aeef-203a-43eb-998d-fdcb8b470d27', 'b3a5795a-fd97-4b2d-848c-20bea55e1984', 'It''s A New Dawn (feat. CHARLES. & Kriss Ngo)', '219212', 'lyric', 'https://audiomelodies.nyc3.digitaloceanspaces.com/LOC/SOOBIN/ItsANewDawnfeatCHARLESKrissNgo/ItsANewDawnfeatCHARLESKrissNgo.m4a', FALSE, Null, '2024-08-02', NOW(), NOW()),
('2d484263-55c1-4094-a89f-195359c81d23', '6e4aa29b-7af1-4230-8934-e4b3075e0420', 'giá như', '223200', 'lyric', 'https://audiomelodies.nyc3.digitaloceanspaces.com/LOC/SOOBIN/gianhu/gianhu.m4a', FALSE, Null, '2024-04-10', NOW(), NOW()),
('4f04cf06-e917-4419-b0e7-43bb83022222', 'b776697b-4a76-4259-b2f2-c7199eb22b08', 'Heyyy', '197142', 'lyric', 'https://audiomelodies.nyc3.digitaloceanspaces.com/LOC/SOOBIN/Heyyy/Heyyy.m4a', FALSE, Null, '2023-12-07', NOW(), NOW()),
('998171da-fc85-4676-82b6-35981140a36d', '24d745ed-5fb4-4285-bf87-f22e68a8525a', 'Still', '245973', 'lyric', 'https://audiomelodies.nyc3.digitaloceanspaces.com/LOC/SOOBIN/still/Still.m4a', FALSE, Null, '2023-12-04', NOW(), NOW()),
('7de9fda9-af54-4574-b114-9442f5b13a10', '24d745ed-5fb4-4285-bf87-f22e68a8525a', 'Still (inst.)', '244080', 'lyric', 'nan', FALSE, Null, '2023-12-04', NOW(), NOW()),
('0b867c18-598f-416f-a332-46123792c86c', 'fd5aa867-63db-47da-9d75-9dc78ae4c32d', 'Sunset In The City', '224100', 'lyric', 'https://audiomelodies.nyc3.digitaloceanspaces.com/LOC/SOOBIN/SunsetInTheCity/SunsetInTheCity.m4a', FALSE, Null, '2023-10-26', NOW(), NOW()),
('1b40dc2c-c263-438c-84ec-d003a9b3692e', '6c739f23-9bc5-4509-be08-85f39fe2d9ae', 'Tự Yours', '234905', 'lyric', 'https://audiomelodies.nyc3.digitaloceanspaces.com/LOC/SOOBIN/TuYours/TuYours.m4a', FALSE, Null, '2023-05-11', NOW(), NOW()),
('8ac78188-861c-4462-b3aa-c7759e85572d', '326633d0-6ec0-479e-beef-aa2a12d04ee8', 'Vui Đi Em (TINLE Remix)', '252280', 'lyric', 'https://audiomelodies.nyc3.digitaloceanspaces.com/LOC/SOOBIN/VuiiEmTINLERemix/VuiDiEmTINLERemix.m4a', FALSE, Null, '2023-01-05', NOW(), NOW()),
('de2886f6-206a-4137-9d9c-4f397642f4fc', 'aff5e36c-e367-4812-9944-6141c2dd1b4d', 'Day Dream (TINLE Remix)', '206111', 'lyric', 'https://audiomelodies.nyc3.digitaloceanspaces.com/LOC/SOOBIN/DayDreamTINLERemix/DayDreamTINLERemix.m4a', FALSE, Null, '2023-01-05', NOW(), NOW()),
('c453e6af-6087-49fb-b401-6c16da88bf61', 'cc3f24b6-d31e-42d6-87f6-42aadf734197', 'BLACKJACK (TINLE Remix)', '198947', 'lyric', 'https://audiomelodies.nyc3.digitaloceanspaces.com/LOC/SOOBIN/BLACKJACKTINLERemix/BLACKJACKTINLERemix.m4a', FALSE, Null, '2023-01-05', NOW(), NOW()),
('9bc03670-6358-42fe-8ffa-75f2a19e22d9', 'd8f118a4-c2ff-4e43-9852-9d734f14de8d', 'Tháng Năm - Kodeine & Chariot Radio Mix', '309373', 'lyric', 'https://audiomelodies.nyc3.digitaloceanspaces.com/LOC/SOOBIN/ThangNamRemixes/ThangNamKodeineChariotRadioMix.m4a', FALSE, Null, '2022-08-19', NOW(), NOW()),
('1246e028-5ca9-4903-b890-e78607cdf907', 'd8f118a4-c2ff-4e43-9852-9d734f14de8d', 'Tháng Năm - Kodeine & Chariot Extended Mix', '367500', 'lyric', 'https://audiomelodies.nyc3.digitaloceanspaces.com/LOC/SOOBIN/ThangNamRemixes/ThangNamKodeineChariotExtendedMix.m4a', FALSE, Null, '2022-08-19', NOW(), NOW()),
('8c07adb5-bc3a-4bd0-8733-8151954f8ad4', 'd8f118a4-c2ff-4e43-9852-9d734f14de8d', 'Tháng Năm - Duy B & Trix Radio Mix', '223125', 'lyric', 'https://audiomelodies.nyc3.digitaloceanspaces.com/LOC/SOOBIN/ThangNamRemixes/ThangNamDuyBTrixRadioMix.m4a', FALSE, Null, '2022-08-19', NOW(), NOW()),
('7f4686cc-89d2-479a-8b0d-db5997fcd34b', 'd8f118a4-c2ff-4e43-9852-9d734f14de8d', 'Tháng Năm - Duy B & Trix Extended Mix', '285000', 'lyric', 'https://audiomelodies.nyc3.digitaloceanspaces.com/LOC/SOOBIN/ThangNamRemixes/ThangNamDuyBTrixExtendedMix.m4a', FALSE, Null, '2022-08-19', NOW(), NOW()),
('33ad605c-9692-4c2b-aa35-e789ee241a3d', '3fac50e7-48e3-4997-9d8e-e5ef7e06a586', 'Hurricane - Naraka', '225326', 'lyric', 'https://audiomelodies.nyc3.digitaloceanspaces.com/LOC/SOOBIN/HurricaneNaraka/HurricaneNaraka.m4a', FALSE, Null, '2022-08-19', NOW(), NOW()),
('ff0ccbbc-1b6e-40ce-be68-4fd42a52aa9b', 'ed7f6e2b-db98-40ab-91fc-8c99fc5e331c', 'Nhanh lên nhé! (feat. Touliver & SlimV)', '240185', 'lyric', 'nan', FALSE, Null, '2022-07-11', NOW(), NOW()),
('813661bb-a4b7-4105-8c37-18bc951baf5a', '4ba9378c-51f9-46da-83a0-4abe82d4addb', 'Freaky Squad (feat. Touliver)', '196800', 'lyric', 'nan', FALSE, Null, '2021-11-30', NOW(), NOW()),
('677fcbf6-b5c2-4206-9ea9-a67dff576a9b', '9dfac43b-5c87-47b9-9d7c-ffc62fcd051f', 'The Playah (feat. SlimV) - Special Performance', '449577', 'lyric', 'https://audiomelodies.nyc3.digitaloceanspaces.com/LOC/SOOBIN/ThePlayahfeatSlimVSpecialPerformance/ThePlayahfeatSlimVSpecialPerformance.m4a', FALSE, Null, '2021-05-14', NOW(), NOW()),
('53556e74-2e31-45d2-a7e9-0b4763b576b7', '6f4379f7-221e-44d6-9d9e-1f745822364c', 'Trò Chơi', '196271', 'lyric', 'https://audiomelodies.nyc3.digitaloceanspaces.com/LOC/SOOBIN/ThePlayah/TroChoi.m4a', FALSE, Null, '2020-12-15', NOW(), NOW()),
('c682832e-4315-45ce-ac87-78d0177b237b', '6f4379f7-221e-44d6-9d9e-1f745822364c', 'BLACKJACK', '196742', 'lyric', 'https://audiomelodies.nyc3.digitaloceanspaces.com/LOC/SOOBIN/ThePlayah/BLACKJACK.m4a', FALSE, Null, '2020-12-15', NOW(), NOW()),
('ab4d51ec-99bd-4e26-9fd6-4186984f2596', '6f4379f7-221e-44d6-9d9e-1f745822364c', 'Tháng Năm', '225358', 'lyric', 'https://audiomelodies.nyc3.digitaloceanspaces.com/LOC/SOOBIN/ThePlayah/ThangNam.m4a', FALSE, Null, '2020-12-15', NOW(), NOW()),
('23fd7209-1b9a-463f-9811-a7b9ac7b0cfa', '4ae7146c-7859-4ea3-b309-77df4d3efebc', 'Vẫn Nhớ', '191586', 'lyric', 'https://audiomelodies.nyc3.digitaloceanspaces.com/LOC/SOOBIN/VanNho/VanNho.m4a', FALSE, Null, '2020-04-30', NOW(), NOW()),
('326ead0e-f0f0-4811-88e3-c406d75a1195', '25daefd5-73e4-4690-9e24-e5a8021b1c0c', 'pretty', '222029', 'lyric', 'https://audiomelodies.nyc3.digitaloceanspaces.com/LOC/SOOBIN/pretty/pretty.m4a', FALSE, Null, '2020-03-25', NOW(), NOW()),
('500e88dc-e33b-471f-ba72-500aca3cf279', '25daefd5-73e4-4690-9e24-e5a8021b1c0c', 'pretty - Instrumental', '222029', 'lyric', 'nan', FALSE, Null, '2020-03-25', NOW(), NOW()),
('849d1ba3-738a-473e-91fb-9ffd6774e4b3', '37fa4d57-5cb5-4da6-9c0d-d9f6fb3d448a', 'I Like You', '4863', 'lyric', 'nan', FALSE, Null, '2020-01-01', NOW(), NOW()),
('fd046125-5edd-43eb-a2f0-fd12baa81da8', '37fa4d57-5cb5-4da6-9c0d-d9f6fb3d448a', 'Từng Ngày Em Mơ Về Anh', '212923', 'lyric', 'nan', FALSE, Null, '2020-01-01', NOW(), NOW()),
('46b8891a-4409-4486-9c1c-1014f5328efe', '7e15ad96-5556-482e-bd7a-cea51583d455', 'Daydreams - The Remix 2016', '255060', 'lyric', 'https://audiomelodies.nyc3.digitaloceanspaces.com/LOC/SOOBIN/DaydreamsTheRemix2016/DaydreamsTheRemix2016.m4a', FALSE, Null, '2020-01-01', NOW(), NOW()),
('17b09160-7d4b-46fb-bd39-2cb9029d23bb', 'f10f6882-fcab-48c0-aa1d-11310c0927b4', 'Chưa Có Người Yêu', '204179', 'lyric', 'nan', FALSE, Null, '2020-01-01', NOW(), NOW()),
('1ab5b8af-a5c1-433e-abc5-8e93a6c31c7a', '056264fe-7b06-4e89-bd26-2f0bea31b64b', 'Say Goodbye', '246857', 'lyric', 'https://audiomelodies.nyc3.digitaloceanspaces.com/LOC/SOOBIN/SayGoodbye/SayGoodbye.m4a', FALSE, Null, '2019-09-04', NOW(), NOW()),
('79e3f6e6-4d5f-4949-b5c9-6358246c959a', '88526d21-e438-4193-8f1b-209d853ece74', 'Và Thế Là Hết (Lalala Version 2)', '237505', 'lyric', 'https://audiomelodies.nyc3.digitaloceanspaces.com/LOC/SOOBIN/VaTheLaHetLalalaVersion2/VaTheLaHetLalalaVersion2.m4a', FALSE, Null, '2019-08-19', NOW(), NOW()),
('a90788b6-1f69-4ba3-921c-131876181e3c', 'b7efdf98-fd46-472e-8b08-68da20bbdb7f', 'Nếu Ngày Ấy', '292693', 'lyric', 'https://audiomelodies.nyc3.digitaloceanspaces.com/LOC/SOOBIN/NeuNgayAy/NeuNgayAy.m4a', FALSE, Null, '2019-07-22', NOW(), NOW()),
('7920d8dd-d354-4eab-bb33-6054b777d236', '3fba8486-ccb7-40d6-9e9e-a174c29fbc3f', 'Đã Đến Lúc', '268480', 'lyric', 'https://audiomelodies.nyc3.digitaloceanspaces.com/LOC/SOOBIN/aenLuc/DaDenLuc.m4a', FALSE, Null, '2019-04-13', NOW(), NOW()),
('dc94be8d-4b04-4c67-a89b-052250094a9f', 'ad50ec41-228f-4308-814a-dbccc1a3a335', 'Em Không Tồn Tại', '259854', 'lyric', 'https://audiomelodies.nyc3.digitaloceanspaces.com/LOC/SOOBIN/EmKhongTonTai/EmKhongTonTai.m4a', FALSE, Null, '2019-03-13', NOW(), NOW()),
('eb6500b9-668f-4790-a431-4145c2e82e9c', '58c01e0e-505a-45ca-8fd8-6d1b6815f2c5', 'Between us', '186699', 'lyric', 'nan', FALSE, Null, '2018-07-27', NOW(), NOW()),
('e93da254-8bb0-47a2-b270-02b08066a82e', '58c01e0e-505a-45ca-8fd8-6d1b6815f2c5', 'Đẹp Nhất Là Em(Between us)', '186699', 'lyric', 'nan', FALSE, Null, '2018-07-27', NOW(), NOW()),
('cb3485ca-05d1-406b-aa4a-8c3b21f43d60', '2876bf7d-7bff-4db3-bb6b-7a0c2d02e891', 'Ngày Mai Em Đi', '218400', 'lyric', 'nan', FALSE, Null, '2017-08-02', NOW(), NOW()),
('1ef39f70-6821-4a77-8640-d72895065f37', '35e7cc17-98bf-4163-aa18-f10a19451d35', 'Vinh Quang Đang Chờ Ta', '253968', 'lyric', 'nan', FALSE, Null, '2017-07-24', NOW(), NOW()),
('81d2f21f-5b4d-4404-a6f6-5335d5ced1ce', 'fba8076c-272c-4635-8791-923d0f90e189', 'Một Ngày Rất Khác', '195940', 'lyric', 'https://audiomelodies.nyc3.digitaloceanspaces.com/LOC/SOOBIN/MotNgayRatKhac/MotNgayRatKhac.m4a', FALSE, Null, '2017-06-30', NOW(), NOW()),
('7d4e866d-6adf-46d3-9de1-dfad9ed825b5', 'dddd7b27-444c-4a30-97a1-63ea0d78bffe', 'Di Va Yeu', '201467', 'lyric', 'https://audiomelodies.nyc3.digitaloceanspaces.com/LOC/SOOBIN/DiVaYeu/DiVaYeu.m4a', FALSE, Null, '2017-03-27', NOW(), NOW()),
('70849f3c-d270-4d9a-a01a-c13882715ee9', 'fd7544b2-8d45-49cb-83e7-0b33aa1ec4e8', 'Anh Đã Quen Với Cô Đơn', '268178', 'lyric', 'https://audiomelodies.nyc3.digitaloceanspaces.com/LOC/SOOBIN/AnhaQuenVoiCoon/AnhDaQuenVoiCoDon.m4a', FALSE, Null, '2017-03-14', NOW(), NOW()),
('0b3d981e-7cd1-47c0-b21c-23ff3893f804', 'c40f32db-6d34-474f-8036-1f68781a430c', 'Vai Lan Don Dua', '170666', 'lyric', 'nan', FALSE, Null, '2017-01-27', NOW(), NOW()),
('4f64ae27-616f-4a70-bb9b-e0acb38d937d', 'aab24bbd-8e93-4007-8c41-de8364b346c4', 'Đi Để Trở Về', '202084', 'lyric', 'https://audiomelodies.nyc3.digitaloceanspaces.com/LOC/SOOBIN/ieTroVe/DiDeTroVe.m4a', FALSE, Null, '2017-01-17', NOW(), NOW()),
('75091c6e-d754-456a-8bc8-c22e73a1c006', '6480f979-e165-4ff9-8cc3-75ea5163518c', 'Lalala', '255245', 'lyric', 'https://audiomelodies.nyc3.digitaloceanspaces.com/LOC/SOOBIN/Lalala/Lalala.m4a', FALSE, Null, '2016-07-14', NOW(), NOW()),
('1cf89abd-d735-4129-ba48-8631aeea5d55', 'b7547cb6-f935-4d68-9fd6-946c37a510de', 'Vụt Tan', '196661', 'lyric', 'https://audiomelodies.nyc3.digitaloceanspaces.com/LOC/SOOBIN/VutTan/VutTan.m4a', FALSE, Null, '2012-07-10', NOW(), NOW());



INSERT INTO "ArtistSong" ("songId", "artistId", "main", "createdAt", "updatedAt") VALUES
('b5d67549-a9c2-4698-9d18-b10be24f4f4c', 'a5d3d9bd-acb3-489c-b44d-5eba7c3b87a9', TRUE, NOW(), NOW()),
('091b9f12-b74c-4b60-8557-d9f4236205c1', 'a5d3d9bd-acb3-489c-b44d-5eba7c3b87a9', TRUE, NOW(), NOW()),
('cacdd51e-3a29-4aa6-894a-2d51985a25ec', 'a5d3d9bd-acb3-489c-b44d-5eba7c3b87a9', TRUE, NOW(), NOW()),
('2eedabf9-6b1b-4de7-aeea-f6ba7e076d5e', 'a5d3d9bd-acb3-489c-b44d-5eba7c3b87a9', TRUE, NOW(), NOW()),
('d0b4a2a8-d54b-42c1-b5ea-9b00f3f4aaa8', 'a5d3d9bd-acb3-489c-b44d-5eba7c3b87a9', TRUE, NOW(), NOW()),
('45deef28-2c99-4c55-b0c8-9c24c32c802f', 'a5d3d9bd-acb3-489c-b44d-5eba7c3b87a9', TRUE, NOW(), NOW()),
('45deef28-2c99-4c55-b0c8-9c24c32c802f', '9c781c8c-d3f8-4d76-981d-f41f8eb5ce01', FALSE, NOW(), NOW()),
('457e7da3-0636-404d-83ca-79a81cdeedea', 'a5d3d9bd-acb3-489c-b44d-5eba7c3b87a9', TRUE, NOW(), NOW()),
('02ce89ed-baf7-4f63-bdfa-fa8b6a75ba15', 'a5d3d9bd-acb3-489c-b44d-5eba7c3b87a9', TRUE, NOW(), NOW()),
('6be16fcf-37de-46ad-97fb-e06c5143927a', 'a5d3d9bd-acb3-489c-b44d-5eba7c3b87a9', TRUE, NOW(), NOW()),
('0e833e5d-cc0d-4335-9a5c-a2e1e761152e', 'a5d3d9bd-acb3-489c-b44d-5eba7c3b87a9', TRUE, NOW(), NOW()),
('bb4d81db-6a93-4988-9aa8-69f95eb4674c', 'a5d3d9bd-acb3-489c-b44d-5eba7c3b87a9', TRUE, NOW(), NOW()),
('4b242d66-4902-4a91-ab64-1fb339c38331', 'a5d3d9bd-acb3-489c-b44d-5eba7c3b87a9', TRUE, NOW(), NOW()),
('c0935bfb-f0e1-40bd-b30a-cd36e8a4093e', 'a5d3d9bd-acb3-489c-b44d-5eba7c3b87a9', TRUE, NOW(), NOW()),
('f9977d12-371a-47ae-b4d2-461e632a4e06', 'a5d3d9bd-acb3-489c-b44d-5eba7c3b87a9', TRUE, NOW(), NOW()),
('18004262-7946-4a81-9c78-e454d7010d06', 'a5d3d9bd-acb3-489c-b44d-5eba7c3b87a9', TRUE, NOW(), NOW()),
('0187156b-51cc-4762-8ae9-0d66bb400346', 'a5d3d9bd-acb3-489c-b44d-5eba7c3b87a9', TRUE, NOW(), NOW()),
('33a06f6b-1102-4953-a103-3769f9f1d1cb', 'a5d3d9bd-acb3-489c-b44d-5eba7c3b87a9', TRUE, NOW(), NOW()),
('59241b32-f5e6-4cc4-ba3b-379dc6b870a2', 'a5d3d9bd-acb3-489c-b44d-5eba7c3b87a9', TRUE, NOW(), NOW()),
('f0225138-9822-4288-a098-079546f5a2ac', 'a5d3d9bd-acb3-489c-b44d-5eba7c3b87a9', TRUE, NOW(), NOW()),
('9b79149f-3dc9-451a-86b2-038bb047c8a7', 'a5d3d9bd-acb3-489c-b44d-5eba7c3b87a9', TRUE, NOW(), NOW()),
('9b79149f-3dc9-451a-86b2-038bb047c8a7', '69c78f8f-42e9-4a41-9a47-e848d5dae4c0', FALSE, NOW(), NOW()),
('9b79149f-3dc9-451a-86b2-038bb047c8a7', 'c33b240f-91fb-44ca-bd11-ca2c6c8e4c50', FALSE, NOW(), NOW()),
('58b7aeef-203a-43eb-998d-fdcb8b470d27', 'a5d3d9bd-acb3-489c-b44d-5eba7c3b87a9', TRUE, NOW(), NOW()),
('58b7aeef-203a-43eb-998d-fdcb8b470d27', 'e8feb04f-5fc6-4273-b35d-8586138db784', FALSE, NOW(), NOW()),
('58b7aeef-203a-43eb-998d-fdcb8b470d27', '8cfcbc3a-012b-4d1a-b73e-0b7ba50b7998', FALSE, NOW(), NOW()),
('2d484263-55c1-4094-a89f-195359c81d23', 'a5d3d9bd-acb3-489c-b44d-5eba7c3b87a9', TRUE, NOW(), NOW()),
('4f04cf06-e917-4419-b0e7-43bb83022222', 'a5d3d9bd-acb3-489c-b44d-5eba7c3b87a9', TRUE, NOW(), NOW()),
('998171da-fc85-4676-82b6-35981140a36d', 'a5d3d9bd-acb3-489c-b44d-5eba7c3b87a9', TRUE, NOW(), NOW()),
('7de9fda9-af54-4574-b114-9442f5b13a10', 'a5d3d9bd-acb3-489c-b44d-5eba7c3b87a9', TRUE, NOW(), NOW()),
('0b867c18-598f-416f-a332-46123792c86c', 'a5d3d9bd-acb3-489c-b44d-5eba7c3b87a9', TRUE, NOW(), NOW()),
('1b40dc2c-c263-438c-84ec-d003a9b3692e', 'a5d3d9bd-acb3-489c-b44d-5eba7c3b87a9', TRUE, NOW(), NOW()),
('8ac78188-861c-4462-b3aa-c7759e85572d', 'a5d3d9bd-acb3-489c-b44d-5eba7c3b87a9', TRUE, NOW(), NOW()),
('de2886f6-206a-4137-9d9c-4f397642f4fc', 'a5d3d9bd-acb3-489c-b44d-5eba7c3b87a9', TRUE, NOW(), NOW()),
('c453e6af-6087-49fb-b401-6c16da88bf61', 'a5d3d9bd-acb3-489c-b44d-5eba7c3b87a9', TRUE, NOW(), NOW()),
('c453e6af-6087-49fb-b401-6c16da88bf61', '33f9e437-495f-4e4a-9264-a2cb95926624', FALSE, NOW(), NOW()),
('9bc03670-6358-42fe-8ffa-75f2a19e22d9', 'a5d3d9bd-acb3-489c-b44d-5eba7c3b87a9', TRUE, NOW(), NOW()),
('1246e028-5ca9-4903-b890-e78607cdf907', 'a5d3d9bd-acb3-489c-b44d-5eba7c3b87a9', TRUE, NOW(), NOW()),
('8c07adb5-bc3a-4bd0-8733-8151954f8ad4', 'a5d3d9bd-acb3-489c-b44d-5eba7c3b87a9', TRUE, NOW(), NOW()),
('7f4686cc-89d2-479a-8b0d-db5997fcd34b', 'a5d3d9bd-acb3-489c-b44d-5eba7c3b87a9', TRUE, NOW(), NOW()),
('33ad605c-9692-4c2b-aa35-e789ee241a3d', 'a5d3d9bd-acb3-489c-b44d-5eba7c3b87a9', TRUE, NOW(), NOW()),
('ff0ccbbc-1b6e-40ce-be68-4fd42a52aa9b', '69c78f8f-42e9-4a41-9a47-e848d5dae4c0', TRUE, NOW(), NOW()),
('ff0ccbbc-1b6e-40ce-be68-4fd42a52aa9b', '33f9e437-495f-4e4a-9264-a2cb95926624', FALSE, NOW(), NOW()),
('ff0ccbbc-1b6e-40ce-be68-4fd42a52aa9b', 'a5d3d9bd-acb3-489c-b44d-5eba7c3b87a9', FALSE, NOW(), NOW()),
('ff0ccbbc-1b6e-40ce-be68-4fd42a52aa9b', '69e3ae4e-2c17-4a69-b12e-3a2b985121b6', FALSE, NOW(), NOW()),
('ff0ccbbc-1b6e-40ce-be68-4fd42a52aa9b', 'c33b240f-91fb-44ca-bd11-ca2c6c8e4c50', FALSE, NOW(), NOW()),
('813661bb-a4b7-4105-8c37-18bc951baf5a', '69c78f8f-42e9-4a41-9a47-e848d5dae4c0', TRUE, NOW(), NOW()),
('813661bb-a4b7-4105-8c37-18bc951baf5a', '33f9e437-495f-4e4a-9264-a2cb95926624', FALSE, NOW(), NOW()),
('813661bb-a4b7-4105-8c37-18bc951baf5a', 'a5d3d9bd-acb3-489c-b44d-5eba7c3b87a9', FALSE, NOW(), NOW()),
('813661bb-a4b7-4105-8c37-18bc951baf5a', '69e3ae4e-2c17-4a69-b12e-3a2b985121b6', FALSE, NOW(), NOW()),
('677fcbf6-b5c2-4206-9ea9-a67dff576a9b', 'a5d3d9bd-acb3-489c-b44d-5eba7c3b87a9', TRUE, NOW(), NOW()),
('677fcbf6-b5c2-4206-9ea9-a67dff576a9b', 'c33b240f-91fb-44ca-bd11-ca2c6c8e4c50', FALSE, NOW(), NOW()),
('53556e74-2e31-45d2-a7e9-0b4763b576b7', 'a5d3d9bd-acb3-489c-b44d-5eba7c3b87a9', TRUE, NOW(), NOW()),
('c682832e-4315-45ce-ac87-78d0177b237b', 'a5d3d9bd-acb3-489c-b44d-5eba7c3b87a9', TRUE, NOW(), NOW()),
('c682832e-4315-45ce-ac87-78d0177b237b', '33f9e437-495f-4e4a-9264-a2cb95926624', FALSE, NOW(), NOW()),
('ab4d51ec-99bd-4e26-9fd6-4186984f2596', 'a5d3d9bd-acb3-489c-b44d-5eba7c3b87a9', TRUE, NOW(), NOW()),
('23fd7209-1b9a-463f-9811-a7b9ac7b0cfa', 'a5d3d9bd-acb3-489c-b44d-5eba7c3b87a9', TRUE, NOW(), NOW()),
('326ead0e-f0f0-4811-88e3-c406d75a1195', 'a5d3d9bd-acb3-489c-b44d-5eba7c3b87a9', TRUE, NOW(), NOW()),
('500e88dc-e33b-471f-ba72-500aca3cf279', 'a5d3d9bd-acb3-489c-b44d-5eba7c3b87a9', TRUE, NOW(), NOW()),
('849d1ba3-738a-473e-91fb-9ffd6774e4b3', '9e2800cf-e80d-4cf6-baa4-251a045af3c7', TRUE, NOW(), NOW()),
('fd046125-5edd-43eb-a2f0-fd12baa81da8', '9e2800cf-e80d-4cf6-baa4-251a045af3c7', TRUE, NOW(), NOW()),
('fd046125-5edd-43eb-a2f0-fd12baa81da8', 'a5d3d9bd-acb3-489c-b44d-5eba7c3b87a9', FALSE, NOW(), NOW()),
('46b8891a-4409-4486-9c1c-1014f5328efe', 'a5d3d9bd-acb3-489c-b44d-5eba7c3b87a9', TRUE, NOW(), NOW()),
('46b8891a-4409-4486-9c1c-1014f5328efe', 'bfe5f7cd-bce0-4fdf-8e5d-fa89d1d2f03e', FALSE, NOW(), NOW()),
('46b8891a-4409-4486-9c1c-1014f5328efe', '69c78f8f-42e9-4a41-9a47-e848d5dae4c0', FALSE, NOW(), NOW()),
('17b09160-7d4b-46fb-bd39-2cb9029d23bb', '2bfdb12c-9849-44f8-a22c-d07788996861', TRUE, NOW(), NOW()),
('17b09160-7d4b-46fb-bd39-2cb9029d23bb', 'a5d3d9bd-acb3-489c-b44d-5eba7c3b87a9', FALSE, NOW(), NOW()),
('1ab5b8af-a5c1-433e-abc5-8e93a6c31c7a', 'a5d3d9bd-acb3-489c-b44d-5eba7c3b87a9', TRUE, NOW(), NOW()),
('79e3f6e6-4d5f-4949-b5c9-6358246c959a', 'a5d3d9bd-acb3-489c-b44d-5eba7c3b87a9', TRUE, NOW(), NOW()),
('a90788b6-1f69-4ba3-921c-131876181e3c', 'a5d3d9bd-acb3-489c-b44d-5eba7c3b87a9', TRUE, NOW(), NOW()),
('7920d8dd-d354-4eab-bb33-6054b777d236', 'a5d3d9bd-acb3-489c-b44d-5eba7c3b87a9', TRUE, NOW(), NOW()),
('dc94be8d-4b04-4c67-a89b-052250094a9f', 'a5d3d9bd-acb3-489c-b44d-5eba7c3b87a9', TRUE, NOW(), NOW()),
('eb6500b9-668f-4790-a431-4145c2e82e9c', '5260dc33-282c-429c-8873-d098af3ba9ba', TRUE, NOW(), NOW()),
('eb6500b9-668f-4790-a431-4145c2e82e9c', 'a5d3d9bd-acb3-489c-b44d-5eba7c3b87a9', FALSE, NOW(), NOW()),
('e93da254-8bb0-47a2-b270-02b08066a82e', '5260dc33-282c-429c-8873-d098af3ba9ba', TRUE, NOW(), NOW()),
('e93da254-8bb0-47a2-b270-02b08066a82e', 'a5d3d9bd-acb3-489c-b44d-5eba7c3b87a9', FALSE, NOW(), NOW()),
('cb3485ca-05d1-406b-aa4a-8c3b21f43d60', 'ea3fff24-7e67-4155-ba90-d94555a79dae', TRUE, NOW(), NOW()),
('cb3485ca-05d1-406b-aa4a-8c3b21f43d60', 'a5d3d9bd-acb3-489c-b44d-5eba7c3b87a9', FALSE, NOW(), NOW()),
('cb3485ca-05d1-406b-aa4a-8c3b21f43d60', '69e3ae4e-2c17-4a69-b12e-3a2b985121b6', FALSE, NOW(), NOW()),
('1ef39f70-6821-4a77-8640-d72895065f37', '8492579f-88a1-4172-a5bc-3ec6a20e1396', TRUE, NOW(), NOW()),
('1ef39f70-6821-4a77-8640-d72895065f37', 'a5d3d9bd-acb3-489c-b44d-5eba7c3b87a9', FALSE, NOW(), NOW()),
('1ef39f70-6821-4a77-8640-d72895065f37', '69c78f8f-42e9-4a41-9a47-e848d5dae4c0', FALSE, NOW(), NOW()),
('81d2f21f-5b4d-4404-a6f6-5335d5ced1ce', 'a5d3d9bd-acb3-489c-b44d-5eba7c3b87a9', TRUE, NOW(), NOW()),
('81d2f21f-5b4d-4404-a6f6-5335d5ced1ce', '7a9199f2-878b-42a2-b4b2-01dafda3ccec', FALSE, NOW(), NOW()),
('7d4e866d-6adf-46d3-9de1-dfad9ed825b5', 'a5d3d9bd-acb3-489c-b44d-5eba7c3b87a9', TRUE, NOW(), NOW()),
('70849f3c-d270-4d9a-a01a-c13882715ee9', 'a5d3d9bd-acb3-489c-b44d-5eba7c3b87a9', TRUE, NOW(), NOW()),
('0b3d981e-7cd1-47c0-b21c-23ff3893f804', 'a5d3d9bd-acb3-489c-b44d-5eba7c3b87a9', TRUE, NOW(), NOW()),
('4f64ae27-616f-4a70-bb9b-e0acb38d937d', 'a5d3d9bd-acb3-489c-b44d-5eba7c3b87a9', TRUE, NOW(), NOW()),
('75091c6e-d754-456a-8bc8-c22e73a1c006', 'a5d3d9bd-acb3-489c-b44d-5eba7c3b87a9', TRUE, NOW(), NOW()),
('1cf89abd-d735-4129-ba48-8631aeea5d55', 'a5d3d9bd-acb3-489c-b44d-5eba7c3b87a9', TRUE, NOW(), NOW()),
('1cf89abd-d735-4129-ba48-8631aeea5d55', 'ced97d1a-1a78-45c7-9045-491cb55b1b72', FALSE, NOW(), NOW());







--------------------PhanManhQuynh



INSERT INTO "Album" ("albumId",  "title", "releaseDate", "albumType", "createdAt", "updatedAt") VALUES
('1bd60557-ff2e-4c09-8244-0caa6d7bd066', 'Giao Lộ Thời Gian', '2022-11-01', 'album', NOW(), NOW()),
('4d1cde29-d490-4740-9715-bc224876072e', 'Những Ngày Đầu', '2017-01-01', 'album', NOW(), NOW()),
('2efb0fe8-ba96-464f-ba33-6d456d3214bc', 'Anh Ghét Làm Bạn Em', '2013-09-15', 'album', NOW(), NOW()),
('b1566fc8-829c-44a0-a802-9d974bf81a7a', 'Có Một Chuyện Tình (Theme Song From “Ngày Xưa Có Một Chuyện Tình")', '2024-10-10', 'single', NOW(), NOW()),
('ae811606-b0c9-4ed6-9145-2549cc917a58', 'Đưa Anh Về', '2024-07-27', 'single', NOW(), NOW()),
('79ecbbaf-5331-4128-afac-958614077801', 'Sau Lời Từ Khước (Theme Song From "MAI")', '2024-02-14', 'single', NOW(), NOW()),
('4a1532ce-3efa-4474-9e54-796b5cbdad2e', 'Bôn Ba (Nước Ngoài)', '2024-01-18', 'single', NOW(), NOW()),
('87ecb4c9-3bd6-481f-8c90-6846eb83a714', 'Biết Ơn Bởi Đang Ở Lại', '2024-01-07', 'single', NOW(), NOW()),
('6a243973-80d1-4bf8-badb-9d8ce55640c3', 'Đèn Trời', '2023-12-13', 'single', NOW(), NOW()),
('e1c5e9ef-4104-43cf-8045-b5dbf1aef673', 'Vườn Nhà', '2023-06-21', 'single', NOW(), NOW()),
('9779b5cd-50a2-425a-af63-a0e50fc0a0be', 'Chuyến Xe', '2023-04-26', 'single', NOW(), NOW()),
('8dedffe2-07cc-4cea-82dc-7913be97c7bc', 'Khi Người Mình Yêu Khóc 2 (Vinz x Hải Nam Remix)', '2023-03-08', 'single', NOW(), NOW()),
('7263da64-0329-4ed1-8186-223c8fc45e9c', 'Khi Người Mình Yêu Khóc (Vinz Remix)', '2023-03-08', 'single', NOW(), NOW()),
('313a12df-2ca9-440d-9c0d-af0932b1c5ab', 'Đợi Chờ Đừng Cáu', '2023-01-16', 'single', NOW(), NOW()),
('ab41651f-74f4-43a2-aa59-835194f46880', 'Đa Đoan', '2022-09-28', 'single', NOW(), NOW()),
('06505d95-6469-4b9e-962f-ccad30eb1a84', 'Tình Nhớ', '2022-06-08', 'single', NOW(), NOW()),
('e1be9570-8f37-4860-8012-7816d7ee8ea1', 'Nơi Dành Cho Các Thiên Thần', '2022-06-01', 'single', NOW(), NOW()),
('d889f7bf-0c7c-4adf-9a39-ff505d58491d', 'Yêu Thương Tiếp Nối', '2022-01-28', 'single', NOW(), NOW()),
('470f4e3e-f542-4462-a1d1-d80db568eb39', 'Về', '2021-12-31', 'single', NOW(), NOW()),
('829a950c-431a-459c-bca8-88b40a32c0ec', 'Gặp Gỡ, Yêu Đương Và Được Bên Em', '2021-08-08', 'single', NOW(), NOW()),
('9fbfbc3f-8a48-4bea-929a-28d69a8b4750', 'Nơi Ấy Con Tìm Về (Live At Tết Tân Thời)', '2021-02-22', 'single', NOW(), NOW()),
('426afb63-dc9d-4dff-ac1e-e9e0b95350ef', 'Có Chàng Trai Viết Lên Cây (DJ Version)', '2020-07-22', 'single', NOW(), NOW()),
('aac3b7e6-0596-4a7d-a878-0bea87a1ea55', 'Đàn Ông Không Nói (feat. Karik)', '2020-01-01', 'single', NOW(), NOW()),
('1dea0dbb-3c25-471a-bcd2-056e5afeb558', 'Đi Để Trở Về Mashup', '2020-01-01', 'single', NOW(), NOW()),
('50b0b908-20b4-4f00-ae7f-c4f0bf767912', 'Tết Về Sớm Nhé', '2020-01-01', 'single', NOW(), NOW()),
('8b75ba6f-2a6e-4bcf-aee5-394634eaf82d', 'Trong Ánh Mặt Trời (feat. Oanh Tiny)', '2020-01-01', 'single', NOW(), NOW()),
('25caecc9-819e-4553-b0f6-cc31d8f7943b', 'Tri Kỷ', '2020-01-01', 'single', NOW(), NOW()),
('a9a67a47-0957-4b30-8d1f-25bad700c876', 'Sao Cha Không (From "Bố Già" Original Motion Picture Soundtrack)', '2020-01-01', 'single', NOW(), NOW()),
('c21a9671-0fac-40c5-853c-92f10670a288', 'Nắng Mùa Hạ', '2020-01-01', 'single', NOW(), NOW()),
('9e59bb54-64cc-4b3d-a377-cb1b7516c550', 'Nước Ngoài', '2020-01-01', 'single', NOW(), NOW()),
('0d795da0-af7e-434d-8cc0-7afc00413104', 'Người Khác', '2020-01-01', 'single', NOW(), NOW()),
('30b567f6-c0e1-4e12-8fab-322582543eb4', 'NHẠT', '2020-01-01', 'single', NOW(), NOW()),
('4f7c4b04-5dca-4e74-b18b-aad7d85c16b2', 'Mất Hy Vọng', '2020-01-01', 'single', NOW(), NOW()),
('62bc64c2-086e-4632-aaac-54940bd2bfe3', 'Miền Gian Khổ', '2020-01-01', 'single', NOW(), NOW()),
('70da1835-8737-47c1-9a3e-44acaa3a9a23', 'Hồi Ức', '2020-01-01', 'single', NOW(), NOW()),
('1f3cbc00-58a6-46b8-97e3-357ebb37990f', 'Huyền Thoại', '2020-01-01', 'single', NOW(), NOW()),
('f16f5c17-2c5c-4b64-81fc-21232ed3977f', 'Có Một Nơi Như Thế', '2020-01-01', 'single', NOW(), NOW()),
('db50b627-da73-4feb-ba13-42496328263a', 'Cuộc Gọi (feat. Aazuki)', '2020-01-01', 'single', NOW(), NOW()),
('9d8b34b5-171f-4b15-bb10-ad9152c9d9ee', 'Con Tim Tan Vỡ', '2020-01-01', 'single', NOW(), NOW()),
('73bef294-163e-4320-b81f-0cbbd8586b5f', 'Chưa Có Người Yêu', '2020-01-01', 'single', NOW(), NOW()),
('2b6c2f28-3e1e-4353-bda2-ac6c7b5c4951', 'Người Yêu Cũ', '2012-02-22', 'ep', NOW(), NOW()),
('f324d89e-d646-47ae-8708-325a6b2c69e3', 'Những Ngày Không Bên Nhau', '2011-01-01', 'single', NOW(), NOW());



INSERT INTO "AlbumImage" ("albumId", "image", "size", "createdAt", "updatedAt") VALUES
('1bd60557-ff2e-4c09-8244-0caa6d7bd066',  'https://i.scdn.co/image/ab67616d0000b2732a95693382ad7b2d324412fe', '640', NOW(), NOW()),
('1bd60557-ff2e-4c09-8244-0caa6d7bd066',  'https://i.scdn.co/image/ab67616d00001e022a95693382ad7b2d324412fe', '300', NOW(), NOW()),
('1bd60557-ff2e-4c09-8244-0caa6d7bd066',  'https://i.scdn.co/image/ab67616d000048512a95693382ad7b2d324412fe', '64', NOW(), NOW()),
('4d1cde29-d490-4740-9715-bc224876072e',  'https://i.scdn.co/image/ab67616d0000b273a7be05a866f6f32078c69909', '640', NOW(), NOW()),
('4d1cde29-d490-4740-9715-bc224876072e',  'https://i.scdn.co/image/ab67616d00001e02a7be05a866f6f32078c69909', '300', NOW(), NOW()),
('4d1cde29-d490-4740-9715-bc224876072e',  'https://i.scdn.co/image/ab67616d00004851a7be05a866f6f32078c69909', '64', NOW(), NOW()),
('2efb0fe8-ba96-464f-ba33-6d456d3214bc',  'https://i.scdn.co/image/ab67616d0000b273d8230115476ed18d7e288557', '640', NOW(), NOW()),
('2efb0fe8-ba96-464f-ba33-6d456d3214bc',  'https://i.scdn.co/image/ab67616d00001e02d8230115476ed18d7e288557', '300', NOW(), NOW()),
('2efb0fe8-ba96-464f-ba33-6d456d3214bc',  'https://i.scdn.co/image/ab67616d00004851d8230115476ed18d7e288557', '64', NOW(), NOW()),
('b1566fc8-829c-44a0-a802-9d974bf81a7a',  'https://i.scdn.co/image/ab67616d0000b27310acd1fa93a9013fa0658c1a', '640', NOW(), NOW()),
('b1566fc8-829c-44a0-a802-9d974bf81a7a',  'https://i.scdn.co/image/ab67616d00001e0210acd1fa93a9013fa0658c1a', '300', NOW(), NOW()),
('b1566fc8-829c-44a0-a802-9d974bf81a7a',  'https://i.scdn.co/image/ab67616d0000485110acd1fa93a9013fa0658c1a', '64', NOW(), NOW()),
('ae811606-b0c9-4ed6-9145-2549cc917a58',  'https://i.scdn.co/image/ab67616d0000b27306044518d8b5f36231956a25', '640', NOW(), NOW()),
('ae811606-b0c9-4ed6-9145-2549cc917a58',  'https://i.scdn.co/image/ab67616d00001e0206044518d8b5f36231956a25', '300', NOW(), NOW()),
('ae811606-b0c9-4ed6-9145-2549cc917a58',  'https://i.scdn.co/image/ab67616d0000485106044518d8b5f36231956a25', '64', NOW(), NOW()),
('79ecbbaf-5331-4128-afac-958614077801',  'https://i.scdn.co/image/ab67616d0000b27387470a8014c00932cd36d841', '640', NOW(), NOW()),
('79ecbbaf-5331-4128-afac-958614077801',  'https://i.scdn.co/image/ab67616d00001e0287470a8014c00932cd36d841', '300', NOW(), NOW()),
('79ecbbaf-5331-4128-afac-958614077801',  'https://i.scdn.co/image/ab67616d0000485187470a8014c00932cd36d841', '64', NOW(), NOW()),
('4a1532ce-3efa-4474-9e54-796b5cbdad2e',  'https://i.scdn.co/image/ab67616d0000b27300fc66b671c380b0d944ebab', '640', NOW(), NOW()),
('4a1532ce-3efa-4474-9e54-796b5cbdad2e',  'https://i.scdn.co/image/ab67616d00001e0200fc66b671c380b0d944ebab', '300', NOW(), NOW()),
('4a1532ce-3efa-4474-9e54-796b5cbdad2e',  'https://i.scdn.co/image/ab67616d0000485100fc66b671c380b0d944ebab', '64', NOW(), NOW()),
('87ecb4c9-3bd6-481f-8c90-6846eb83a714',  'https://i.scdn.co/image/ab67616d0000b2736ba3e0e4ac3c8b06d9b35269', '640', NOW(), NOW()),
('87ecb4c9-3bd6-481f-8c90-6846eb83a714',  'https://i.scdn.co/image/ab67616d00001e026ba3e0e4ac3c8b06d9b35269', '300', NOW(), NOW()),
('87ecb4c9-3bd6-481f-8c90-6846eb83a714',  'https://i.scdn.co/image/ab67616d000048516ba3e0e4ac3c8b06d9b35269', '64', NOW(), NOW()),
('6a243973-80d1-4bf8-badb-9d8ce55640c3',  'https://i.scdn.co/image/ab67616d0000b273ab6b44587eb9a90185e2c9b6', '640', NOW(), NOW()),
('6a243973-80d1-4bf8-badb-9d8ce55640c3',  'https://i.scdn.co/image/ab67616d00001e02ab6b44587eb9a90185e2c9b6', '300', NOW(), NOW()),
('6a243973-80d1-4bf8-badb-9d8ce55640c3',  'https://i.scdn.co/image/ab67616d00004851ab6b44587eb9a90185e2c9b6', '64', NOW(), NOW()),
('e1c5e9ef-4104-43cf-8045-b5dbf1aef673',  'https://i.scdn.co/image/ab67616d0000b2730ea8c83a244b0c8273fd604a', '640', NOW(), NOW()),
('e1c5e9ef-4104-43cf-8045-b5dbf1aef673',  'https://i.scdn.co/image/ab67616d00001e020ea8c83a244b0c8273fd604a', '300', NOW(), NOW()),
('e1c5e9ef-4104-43cf-8045-b5dbf1aef673',  'https://i.scdn.co/image/ab67616d000048510ea8c83a244b0c8273fd604a', '64', NOW(), NOW()),
('9779b5cd-50a2-425a-af63-a0e50fc0a0be',  'https://i.scdn.co/image/ab67616d0000b27311faaf94c01153e816040407', '640', NOW(), NOW()),
('9779b5cd-50a2-425a-af63-a0e50fc0a0be',  'https://i.scdn.co/image/ab67616d00001e0211faaf94c01153e816040407', '300', NOW(), NOW()),
('9779b5cd-50a2-425a-af63-a0e50fc0a0be',  'https://i.scdn.co/image/ab67616d0000485111faaf94c01153e816040407', '64', NOW(), NOW()),
('8dedffe2-07cc-4cea-82dc-7913be97c7bc',  'https://i.scdn.co/image/ab67616d0000b273481d65c3d484d441d0d3ebee', '640', NOW(), NOW()),
('8dedffe2-07cc-4cea-82dc-7913be97c7bc',  'https://i.scdn.co/image/ab67616d00001e02481d65c3d484d441d0d3ebee', '300', NOW(), NOW()),
('8dedffe2-07cc-4cea-82dc-7913be97c7bc',  'https://i.scdn.co/image/ab67616d00004851481d65c3d484d441d0d3ebee', '64', NOW(), NOW()),
('7263da64-0329-4ed1-8186-223c8fc45e9c',  'https://i.scdn.co/image/ab67616d0000b273ebe0185f2c3ffa60b1a5e8e3', '640', NOW(), NOW()),
('7263da64-0329-4ed1-8186-223c8fc45e9c',  'https://i.scdn.co/image/ab67616d00001e02ebe0185f2c3ffa60b1a5e8e3', '300', NOW(), NOW()),
('7263da64-0329-4ed1-8186-223c8fc45e9c',  'https://i.scdn.co/image/ab67616d00004851ebe0185f2c3ffa60b1a5e8e3', '64', NOW(), NOW()),
('313a12df-2ca9-440d-9c0d-af0932b1c5ab',  'https://i.scdn.co/image/ab67616d0000b2730f7b76d57dcd8b0c357a810d', '640', NOW(), NOW()),
('313a12df-2ca9-440d-9c0d-af0932b1c5ab',  'https://i.scdn.co/image/ab67616d00001e020f7b76d57dcd8b0c357a810d', '300', NOW(), NOW()),
('313a12df-2ca9-440d-9c0d-af0932b1c5ab',  'https://i.scdn.co/image/ab67616d000048510f7b76d57dcd8b0c357a810d', '64', NOW(), NOW()),
('ab41651f-74f4-43a2-aa59-835194f46880',  'https://i.scdn.co/image/ab67616d0000b27323dfbd008067e2a2f2ed2f4f', '640', NOW(), NOW()),
('ab41651f-74f4-43a2-aa59-835194f46880',  'https://i.scdn.co/image/ab67616d00001e0223dfbd008067e2a2f2ed2f4f', '300', NOW(), NOW()),
('ab41651f-74f4-43a2-aa59-835194f46880',  'https://i.scdn.co/image/ab67616d0000485123dfbd008067e2a2f2ed2f4f', '64', NOW(), NOW()),
('06505d95-6469-4b9e-962f-ccad30eb1a84',  'https://i.scdn.co/image/ab67616d0000b273cdc22dfdc87734c577e14554', '640', NOW(), NOW()),
('06505d95-6469-4b9e-962f-ccad30eb1a84',  'https://i.scdn.co/image/ab67616d00001e02cdc22dfdc87734c577e14554', '300', NOW(), NOW()),
('06505d95-6469-4b9e-962f-ccad30eb1a84',  'https://i.scdn.co/image/ab67616d00004851cdc22dfdc87734c577e14554', '64', NOW(), NOW()),
('e1be9570-8f37-4860-8012-7816d7ee8ea1',  'https://i.scdn.co/image/ab67616d0000b2734fc98d32ec9daac28342cbae', '640', NOW(), NOW()),
('e1be9570-8f37-4860-8012-7816d7ee8ea1',  'https://i.scdn.co/image/ab67616d00001e024fc98d32ec9daac28342cbae', '300', NOW(), NOW()),
('e1be9570-8f37-4860-8012-7816d7ee8ea1',  'https://i.scdn.co/image/ab67616d000048514fc98d32ec9daac28342cbae', '64', NOW(), NOW()),
('d889f7bf-0c7c-4adf-9a39-ff505d58491d',  'https://i.scdn.co/image/ab67616d0000b27392ed7bda3af773ce4d469e7f', '640', NOW(), NOW()),
('d889f7bf-0c7c-4adf-9a39-ff505d58491d',  'https://i.scdn.co/image/ab67616d00001e0292ed7bda3af773ce4d469e7f', '300', NOW(), NOW()),
('d889f7bf-0c7c-4adf-9a39-ff505d58491d',  'https://i.scdn.co/image/ab67616d0000485192ed7bda3af773ce4d469e7f', '64', NOW(), NOW()),
('470f4e3e-f542-4462-a1d1-d80db568eb39',  'https://i.scdn.co/image/ab67616d0000b273aaef8214c1dcab55dc29c8b9', '640', NOW(), NOW()),
('470f4e3e-f542-4462-a1d1-d80db568eb39',  'https://i.scdn.co/image/ab67616d00001e02aaef8214c1dcab55dc29c8b9', '300', NOW(), NOW()),
('470f4e3e-f542-4462-a1d1-d80db568eb39',  'https://i.scdn.co/image/ab67616d00004851aaef8214c1dcab55dc29c8b9', '64', NOW(), NOW()),
('829a950c-431a-459c-bca8-88b40a32c0ec',  'https://i.scdn.co/image/ab67616d0000b27368fcdbae09c2912ee6c14b25', '640', NOW(), NOW()),
('829a950c-431a-459c-bca8-88b40a32c0ec',  'https://i.scdn.co/image/ab67616d00001e0268fcdbae09c2912ee6c14b25', '300', NOW(), NOW()),
('829a950c-431a-459c-bca8-88b40a32c0ec',  'https://i.scdn.co/image/ab67616d0000485168fcdbae09c2912ee6c14b25', '64', NOW(), NOW()),
('9fbfbc3f-8a48-4bea-929a-28d69a8b4750',  'https://i.scdn.co/image/ab67616d0000b273af81550a4a481961e5bdbbdf', '640', NOW(), NOW()),
('9fbfbc3f-8a48-4bea-929a-28d69a8b4750',  'https://i.scdn.co/image/ab67616d00001e02af81550a4a481961e5bdbbdf', '300', NOW(), NOW()),
('9fbfbc3f-8a48-4bea-929a-28d69a8b4750',  'https://i.scdn.co/image/ab67616d00004851af81550a4a481961e5bdbbdf', '64', NOW(), NOW()),
('426afb63-dc9d-4dff-ac1e-e9e0b95350ef',  'https://i.scdn.co/image/ab67616d0000b273ca2b536928b3e8e97fd6a2c8', '640', NOW(), NOW()),
('426afb63-dc9d-4dff-ac1e-e9e0b95350ef',  'https://i.scdn.co/image/ab67616d00001e02ca2b536928b3e8e97fd6a2c8', '300', NOW(), NOW()),
('426afb63-dc9d-4dff-ac1e-e9e0b95350ef',  'https://i.scdn.co/image/ab67616d00004851ca2b536928b3e8e97fd6a2c8', '64', NOW(), NOW()),
('aac3b7e6-0596-4a7d-a878-0bea87a1ea55',  'https://i.scdn.co/image/ab67616d0000b273ad47d5a194a0daf865069a3a', '640', NOW(), NOW()),
('aac3b7e6-0596-4a7d-a878-0bea87a1ea55',  'https://i.scdn.co/image/ab67616d00001e02ad47d5a194a0daf865069a3a', '300', NOW(), NOW()),
('aac3b7e6-0596-4a7d-a878-0bea87a1ea55',  'https://i.scdn.co/image/ab67616d00004851ad47d5a194a0daf865069a3a', '64', NOW(), NOW()),
('1dea0dbb-3c25-471a-bcd2-056e5afeb558',  'https://i.scdn.co/image/ab67616d0000b2730f55598f2f0717d71dd9b92a', '640', NOW(), NOW()),
('1dea0dbb-3c25-471a-bcd2-056e5afeb558',  'https://i.scdn.co/image/ab67616d00001e020f55598f2f0717d71dd9b92a', '300', NOW(), NOW()),
('1dea0dbb-3c25-471a-bcd2-056e5afeb558',  'https://i.scdn.co/image/ab67616d000048510f55598f2f0717d71dd9b92a', '64', NOW(), NOW()),
('50b0b908-20b4-4f00-ae7f-c4f0bf767912',  'https://i.scdn.co/image/ab67616d0000b2735089cb85942d90ed3d72e369', '640', NOW(), NOW()),
('50b0b908-20b4-4f00-ae7f-c4f0bf767912',  'https://i.scdn.co/image/ab67616d00001e025089cb85942d90ed3d72e369', '300', NOW(), NOW()),
('50b0b908-20b4-4f00-ae7f-c4f0bf767912',  'https://i.scdn.co/image/ab67616d000048515089cb85942d90ed3d72e369', '64', NOW(), NOW()),
('8b75ba6f-2a6e-4bcf-aee5-394634eaf82d',  'https://i.scdn.co/image/ab67616d0000b2732f486d50fd66973b49592eff', '640', NOW(), NOW()),
('8b75ba6f-2a6e-4bcf-aee5-394634eaf82d',  'https://i.scdn.co/image/ab67616d00001e022f486d50fd66973b49592eff', '300', NOW(), NOW()),
('8b75ba6f-2a6e-4bcf-aee5-394634eaf82d',  'https://i.scdn.co/image/ab67616d000048512f486d50fd66973b49592eff', '64', NOW(), NOW()),
('25caecc9-819e-4553-b0f6-cc31d8f7943b',  'https://i.scdn.co/image/ab67616d0000b273243fe2eae64619e309348288', '640', NOW(), NOW()),
('25caecc9-819e-4553-b0f6-cc31d8f7943b',  'https://i.scdn.co/image/ab67616d00001e02243fe2eae64619e309348288', '300', NOW(), NOW()),
('25caecc9-819e-4553-b0f6-cc31d8f7943b',  'https://i.scdn.co/image/ab67616d00004851243fe2eae64619e309348288', '64', NOW(), NOW()),
('a9a67a47-0957-4b30-8d1f-25bad700c876',  'https://i.scdn.co/image/ab67616d0000b27389ae1b999f1824ada617c31f', '640', NOW(), NOW()),
('a9a67a47-0957-4b30-8d1f-25bad700c876',  'https://i.scdn.co/image/ab67616d00001e0289ae1b999f1824ada617c31f', '300', NOW(), NOW()),
('a9a67a47-0957-4b30-8d1f-25bad700c876',  'https://i.scdn.co/image/ab67616d0000485189ae1b999f1824ada617c31f', '64', NOW(), NOW()),
('c21a9671-0fac-40c5-853c-92f10670a288',  'https://i.scdn.co/image/ab67616d0000b2737eae3f458be2ad5cb1943227', '640', NOW(), NOW()),
('c21a9671-0fac-40c5-853c-92f10670a288',  'https://i.scdn.co/image/ab67616d00001e027eae3f458be2ad5cb1943227', '300', NOW(), NOW()),
('c21a9671-0fac-40c5-853c-92f10670a288',  'https://i.scdn.co/image/ab67616d000048517eae3f458be2ad5cb1943227', '64', NOW(), NOW()),
('9e59bb54-64cc-4b3d-a377-cb1b7516c550',  'https://i.scdn.co/image/ab67616d0000b273b8fbeaee57278d17cef7f784', '640', NOW(), NOW()),
('9e59bb54-64cc-4b3d-a377-cb1b7516c550',  'https://i.scdn.co/image/ab67616d00001e02b8fbeaee57278d17cef7f784', '300', NOW(), NOW()),
('9e59bb54-64cc-4b3d-a377-cb1b7516c550',  'https://i.scdn.co/image/ab67616d00004851b8fbeaee57278d17cef7f784', '64', NOW(), NOW()),
('0d795da0-af7e-434d-8cc0-7afc00413104',  'https://i.scdn.co/image/ab67616d0000b273146d60fca611f1a6c43051bf', '640', NOW(), NOW()),
('0d795da0-af7e-434d-8cc0-7afc00413104',  'https://i.scdn.co/image/ab67616d00001e02146d60fca611f1a6c43051bf', '300', NOW(), NOW()),
('0d795da0-af7e-434d-8cc0-7afc00413104',  'https://i.scdn.co/image/ab67616d00004851146d60fca611f1a6c43051bf', '64', NOW(), NOW()),
('30b567f6-c0e1-4e12-8fab-322582543eb4',  'https://i.scdn.co/image/ab67616d0000b2733bb3658de8dc878f0f58cda2', '640', NOW(), NOW()),
('30b567f6-c0e1-4e12-8fab-322582543eb4',  'https://i.scdn.co/image/ab67616d00001e023bb3658de8dc878f0f58cda2', '300', NOW(), NOW()),
('30b567f6-c0e1-4e12-8fab-322582543eb4',  'https://i.scdn.co/image/ab67616d000048513bb3658de8dc878f0f58cda2', '64', NOW(), NOW()),
('4f7c4b04-5dca-4e74-b18b-aad7d85c16b2',  'https://i.scdn.co/image/ab67616d0000b2730fffe977a46f7898a23793a9', '640', NOW(), NOW()),
('4f7c4b04-5dca-4e74-b18b-aad7d85c16b2',  'https://i.scdn.co/image/ab67616d00001e020fffe977a46f7898a23793a9', '300', NOW(), NOW()),
('4f7c4b04-5dca-4e74-b18b-aad7d85c16b2',  'https://i.scdn.co/image/ab67616d000048510fffe977a46f7898a23793a9', '64', NOW(), NOW()),
('62bc64c2-086e-4632-aaac-54940bd2bfe3',  'https://i.scdn.co/image/ab67616d0000b273f59703cfff2f667c513d7e8e', '640', NOW(), NOW()),
('62bc64c2-086e-4632-aaac-54940bd2bfe3',  'https://i.scdn.co/image/ab67616d00001e02f59703cfff2f667c513d7e8e', '300', NOW(), NOW()),
('62bc64c2-086e-4632-aaac-54940bd2bfe3',  'https://i.scdn.co/image/ab67616d00004851f59703cfff2f667c513d7e8e', '64', NOW(), NOW()),
('70da1835-8737-47c1-9a3e-44acaa3a9a23',  'https://i.scdn.co/image/ab67616d0000b27322d4875041fa198b406b4280', '640', NOW(), NOW()),
('70da1835-8737-47c1-9a3e-44acaa3a9a23',  'https://i.scdn.co/image/ab67616d00001e0222d4875041fa198b406b4280', '300', NOW(), NOW()),
('70da1835-8737-47c1-9a3e-44acaa3a9a23',  'https://i.scdn.co/image/ab67616d0000485122d4875041fa198b406b4280', '64', NOW(), NOW()),
('1f3cbc00-58a6-46b8-97e3-357ebb37990f',  'https://i.scdn.co/image/ab67616d0000b2730127c102faa67407949a2951', '640', NOW(), NOW()),
('1f3cbc00-58a6-46b8-97e3-357ebb37990f',  'https://i.scdn.co/image/ab67616d00001e020127c102faa67407949a2951', '300', NOW(), NOW()),
('1f3cbc00-58a6-46b8-97e3-357ebb37990f',  'https://i.scdn.co/image/ab67616d000048510127c102faa67407949a2951', '64', NOW(), NOW()),
('f16f5c17-2c5c-4b64-81fc-21232ed3977f',  'https://i.scdn.co/image/ab67616d0000b273b0821348ee31c3d2e6e04f32', '640', NOW(), NOW()),
('f16f5c17-2c5c-4b64-81fc-21232ed3977f',  'https://i.scdn.co/image/ab67616d00001e02b0821348ee31c3d2e6e04f32', '300', NOW(), NOW()),
('f16f5c17-2c5c-4b64-81fc-21232ed3977f',  'https://i.scdn.co/image/ab67616d00004851b0821348ee31c3d2e6e04f32', '64', NOW(), NOW()),
('db50b627-da73-4feb-ba13-42496328263a',  'https://i.scdn.co/image/ab67616d0000b27388b42153da74e05415750548', '640', NOW(), NOW()),
('db50b627-da73-4feb-ba13-42496328263a',  'https://i.scdn.co/image/ab67616d00001e0288b42153da74e05415750548', '300', NOW(), NOW()),
('db50b627-da73-4feb-ba13-42496328263a',  'https://i.scdn.co/image/ab67616d0000485188b42153da74e05415750548', '64', NOW(), NOW()),
('9d8b34b5-171f-4b15-bb10-ad9152c9d9ee',  'https://i.scdn.co/image/ab67616d0000b273f4a31083ae7b32f4027b5236', '640', NOW(), NOW()),
('9d8b34b5-171f-4b15-bb10-ad9152c9d9ee',  'https://i.scdn.co/image/ab67616d00001e02f4a31083ae7b32f4027b5236', '300', NOW(), NOW()),
('9d8b34b5-171f-4b15-bb10-ad9152c9d9ee',  'https://i.scdn.co/image/ab67616d00004851f4a31083ae7b32f4027b5236', '64', NOW(), NOW()),
('73bef294-163e-4320-b81f-0cbbd8586b5f',  'https://i.scdn.co/image/ab67616d0000b2733be60c920919fb8c83659dad', '640', NOW(), NOW()),
('73bef294-163e-4320-b81f-0cbbd8586b5f',  'https://i.scdn.co/image/ab67616d00001e023be60c920919fb8c83659dad', '300', NOW(), NOW()),
('73bef294-163e-4320-b81f-0cbbd8586b5f',  'https://i.scdn.co/image/ab67616d000048513be60c920919fb8c83659dad', '64', NOW(), NOW()),
('2b6c2f28-3e1e-4353-bda2-ac6c7b5c4951',  'https://i.scdn.co/image/ab67616d0000b273f2b14d711602ee0b2057ed7d', '640', NOW(), NOW()),
('2b6c2f28-3e1e-4353-bda2-ac6c7b5c4951',  'https://i.scdn.co/image/ab67616d00001e02f2b14d711602ee0b2057ed7d', '300', NOW(), NOW()),
('2b6c2f28-3e1e-4353-bda2-ac6c7b5c4951',  'https://i.scdn.co/image/ab67616d00004851f2b14d711602ee0b2057ed7d', '64', NOW(), NOW()),
('f324d89e-d646-47ae-8708-325a6b2c69e3',  'https://i.scdn.co/image/ab67616d0000b27320c737a81f465eaf4f9d800c', '640', NOW(), NOW()),
('f324d89e-d646-47ae-8708-325a6b2c69e3',  'https://i.scdn.co/image/ab67616d00001e0220c737a81f465eaf4f9d800c', '300', NOW(), NOW()),
('f324d89e-d646-47ae-8708-325a6b2c69e3',  'https://i.scdn.co/image/ab67616d0000485120c737a81f465eaf4f9d800c', '64', NOW(), NOW());



INSERT INTO "Song" ("id", "albumId", "title", "duration", "lyric", "filePathAudio", "privacy", "uploadUserId", "releaseDate", "createdAt", "updatedAt") VALUES
('8ad3baba-7756-4768-9b6c-563cc244484e', '1bd60557-ff2e-4c09-8244-0caa6d7bd066', 'Ai Cũng Có Ngày Xưa / Chị Tôi (Mashup)', '319129', 'lyric', 'nan', FALSE, Null, '2022-11-01', NOW(), NOW()),
('e2fd5584-46fe-4632-9899-9ea1494be1e0', '1bd60557-ff2e-4c09-8244-0caa6d7bd066', 'Chuyện Của Mặt Trời / Chuyện Của Chúng Ta (Mashup)', '327980', 'lyric', 'nan', FALSE, Null, '2022-11-01', NOW(), NOW()),
('e21d7217-920c-49d3-a519-0c408ba52df8', '1bd60557-ff2e-4c09-8244-0caa6d7bd066', 'Có Chàng Trai Viết Lên Cây / Chuyện Tình Thảo Nguyên (Mashup)', '377166', 'lyric', 'nan', FALSE, Null, '2022-11-01', NOW(), NOW()),
('709d9229-9fe6-4d14-bdae-14202d0573a4', '1bd60557-ff2e-4c09-8244-0caa6d7bd066', 'Cô Gái Và Cây Dương Cầm', '309189', 'lyric', 'nan', FALSE, Null, '2022-11-01', NOW(), NOW()),
('2dda8309-5083-4f0e-8fa6-67dc05159b6d', '1bd60557-ff2e-4c09-8244-0caa6d7bd066', 'Có Một Nơi Như Thế', '291008', 'lyric', 'https://audiomelodies.nyc3.digitaloceanspaces.com/LOC/PhanManhQuynh/CoMotNoiNhuThe/CoMotNoiNhuThe.m4a', FALSE, Null, '2022-11-01', NOW(), NOW()),
('4739ecd2-fe1a-4647-8e9d-a277fb5d2216', '1bd60557-ff2e-4c09-8244-0caa6d7bd066', 'Hà Lan / Từ Đó (Mashup)', '305688', 'lyric', 'nan', FALSE, Null, '2022-11-01', NOW(), NOW()),
('3928b0b4-1eb7-4a4c-b7db-d642ea2f800c', '1bd60557-ff2e-4c09-8244-0caa6d7bd066', 'Không Tưởng', '281544', 'lyric', 'nan', FALSE, Null, '2022-11-01', NOW(), NOW()),
('8e3c1d9d-555d-48cc-bc76-4c1fa54165d4', '1bd60557-ff2e-4c09-8244-0caa6d7bd066', 'Người Buông Neo', '281306', 'lyric', 'nan', FALSE, Null, '2022-11-01', NOW(), NOW()),
('ccfd4f41-40c4-44e9-bd90-0a15cc056794', '1bd60557-ff2e-4c09-8244-0caa6d7bd066', 'Hồi Ức / Sắc Màu (Mashup)', '419573', 'lyric', 'nan', FALSE, Null, '2022-11-01', NOW(), NOW()),
('8d429937-9cf4-4b6e-944c-4c231908e71f', '1bd60557-ff2e-4c09-8244-0caa6d7bd066', 'Tri Kỷ', '250503', 'lyric', 'https://audiomelodies.nyc3.digitaloceanspaces.com/LOC/PhanManhQuynh/TriKy/TriKy.m4a', FALSE, Null, '2022-11-01', NOW(), NOW()),
('69893f26-cd36-4c8b-84c7-0bc2e5d2a5f5', '4d1cde29-d490-4740-9715-bc224876072e', 'Góc Khuất Sau Hạnh Phúc', '207999', 'lyric', 'https://audiomelodies.nyc3.digitaloceanspaces.com/LOC/PhanManhQuynh/NguoiYeuCu/GocKhuatSauHanhPhuc.m4a', FALSE, Null, '2017-01-01', NOW(), NOW()),
('e9896b24-275c-44c4-89ed-038326097a7e', '4d1cde29-d490-4740-9715-bc224876072e', 'Anh Ghét Làm Bạn Em', '227914', 'lyric', 'https://audiomelodies.nyc3.digitaloceanspaces.com/LOC/PhanManhQuynh/AnhGhetLamBanEm/AnhGhetLamBanEm.m4a', FALSE, Null, '2017-01-01', NOW(), NOW()),
('ec0869bb-9d94-49df-9325-68a0cda40550', '4d1cde29-d490-4740-9715-bc224876072e', 'Thật May Cho Anh', '221999', 'lyric', 'https://audiomelodies.nyc3.digitaloceanspaces.com/LOC/PhanManhQuynh/NhungNgayau/ThatMayChoAnh.m4a', FALSE, Null, '2017-01-01', NOW(), NOW()),
('84ed6056-0a4d-41b9-9371-134e18048413', '4d1cde29-d490-4740-9715-bc224876072e', 'Nước Ngoài', '210399', 'lyric', 'https://audiomelodies.nyc3.digitaloceanspaces.com/LOC/PhanManhQuynh/NhungNgayau/NuocNgoai.m4a', FALSE, Null, '2017-01-01', NOW(), NOW()),
('b7e6863a-f723-4079-bbcd-e4d4590d71e0', '4d1cde29-d490-4740-9715-bc224876072e', 'Nắng Mùa Hạ', '238799', 'lyric', 'https://audiomelodies.nyc3.digitaloceanspaces.com/LOC/PhanManhQuynh/NangMuaHa/NangMuaHa.m4a', FALSE, Null, '2017-01-01', NOW(), NOW()),
('ba317c65-4db7-4356-97ca-a43b69f77b5e', '4d1cde29-d490-4740-9715-bc224876072e', 'Bước Qua Thế Giới', '225799', 'lyric', 'https://audiomelodies.nyc3.digitaloceanspaces.com/LOC/PhanManhQuynh/NhungNgayau/BuocQuaTheGioi.m4a', FALSE, Null, '2017-01-01', NOW(), NOW()),
('c892e50a-e72e-40c0-ae18-09e9d69cc314', '4d1cde29-d490-4740-9715-bc224876072e', 'Khi Phải Quên Đi', '321399', 'lyric', 'https://audiomelodies.nyc3.digitaloceanspaces.com/LOC/PhanManhQuynh/NhungNgayau/KhiPhaiQuenDi.m4a', FALSE, Null, '2017-01-01', NOW(), NOW()),
('a44d3e30-4079-4dee-a5d9-5e56582f2051', '4d1cde29-d490-4740-9715-bc224876072e', 'Mất Hy Vọng', '228799', 'lyric', 'https://audiomelodies.nyc3.digitaloceanspaces.com/LOC/PhanManhQuynh/MatHyVong/MatHyVong.m4a', FALSE, Null, '2017-01-01', NOW(), NOW()),
('48ac9ce0-14e2-4524-85b1-e70026d9c085', '4d1cde29-d490-4740-9715-bc224876072e', 'Khi Người Mình Yêu Khóc', '222491', 'lyric', 'https://audiomelodies.nyc3.digitaloceanspaces.com/LOC/PhanManhQuynh/NhungNgayau/KhiNguoiMinhYeuKhoc.m4a', FALSE, Null, '2017-01-01', NOW(), NOW()),
('95f1deaf-0376-472a-aac5-7625ab68497a', '4d1cde29-d490-4740-9715-bc224876072e', 'Người Khác', '228000', 'lyric', 'https://audiomelodies.nyc3.digitaloceanspaces.com/LOC/PhanManhQuynh/NguoiKhac/NguoiKhac.m4a', FALSE, Null, '2017-01-01', NOW(), NOW()),
('c9a6ebf0-9f42-49ff-826c-48382768951c', '4d1cde29-d490-4740-9715-bc224876072e', 'Tôi Muốn Quên Em', '227000', 'lyric', 'https://audiomelodies.nyc3.digitaloceanspaces.com/LOC/PhanManhQuynh/NhungNgayau/ToiMuonQuenEm.m4a', FALSE, Null, '2017-01-01', NOW(), NOW()),
('a18194b4-87d7-469f-a2a6-f67d27d8bfcb', '4d1cde29-d490-4740-9715-bc224876072e', 'Yêu Nhau Nửa Ngày', '229599', 'lyric', 'https://audiomelodies.nyc3.digitaloceanspaces.com/LOC/PhanManhQuynh/NhungNgayau/YeuNhauNuaNgay.m4a', FALSE, Null, '2017-01-01', NOW(), NOW()),
('3faf9c69-b08e-4cbc-b7f9-230b5dadace3', '4d1cde29-d490-4740-9715-bc224876072e', 'Người Yêu Cũ (lofi)', '222127', 'lyric', 'https://audiomelodies.nyc3.digitaloceanspaces.com/LOC/PhanManhQuynh/NhungNgayau/NguoiYeuCulofi.m4a', FALSE, Null, '2017-01-01', NOW(), NOW()),
('7ea0d607-1412-4b79-b6ba-f2117154fabd', '2efb0fe8-ba96-464f-ba33-6d456d3214bc', 'Anh Ghét Làm Bạn Em', '249208', 'lyric', 'https://audiomelodies.nyc3.digitaloceanspaces.com/LOC/PhanManhQuynh/NhungNgayau/AnhGhetLamBanEm.m4a', FALSE, Null, '2013-09-15', NOW(), NOW()),
('d024ea05-83c8-4978-9ee3-e002f6634f02', '2efb0fe8-ba96-464f-ba33-6d456d3214bc', 'Anh Ghét Làm Bạn Em (Beat)', '247066', 'lyric', 'https://audiomelodies.nyc3.digitaloceanspaces.com/LOC/PhanManhQuynh/AnhGhetLamBanEm/AnhGhetLamBanEmBeat.m4a', FALSE, Null, '2013-09-15', NOW(), NOW()),
('b7b87784-8fa3-433c-afda-6886ff7b57f7', '2efb0fe8-ba96-464f-ba33-6d456d3214bc', 'Bóng Tối Không Em (Beat)', '256940', 'lyric', 'https://audiomelodies.nyc3.digitaloceanspaces.com/LOC/PhanManhQuynh/AnhGhetLamBanEm/BongToiKhongEmBeat.m4a', FALSE, Null, '2013-09-15', NOW(), NOW()),
('cddf3c34-5e02-4fdb-9a27-4d5eab7c04c9', '2efb0fe8-ba96-464f-ba33-6d456d3214bc', 'Giấc Mơ Mang Em Đi', '301348', 'lyric', 'https://audiomelodies.nyc3.digitaloceanspaces.com/LOC/PhanManhQuynh/AnhGhetLamBanEm/GiacMoMangEmDi.m4a', FALSE, Null, '2013-09-15', NOW(), NOW()),
('7765048f-40bb-4800-8b1b-441e53817488', '2efb0fe8-ba96-464f-ba33-6d456d3214bc', 'Lời Từ Trái Tim Anh', '241606', 'lyric', 'https://audiomelodies.nyc3.digitaloceanspaces.com/LOC/PhanManhQuynh/AnhGhetLamBanEm/LoiTuTraiTimAnh.m4a', FALSE, Null, '2013-09-15', NOW(), NOW()),
('700c01fc-1359-4287-bb73-a2cf6547491e', '2efb0fe8-ba96-464f-ba33-6d456d3214bc', 'Lời Từ Trái Tim Anh (Beat)', '241606', 'lyric', 'https://audiomelodies.nyc3.digitaloceanspaces.com/LOC/PhanManhQuynh/AnhGhetLamBanEm/LoiTuTraiTimAnhBeat.m4a', FALSE, Null, '2013-09-15', NOW(), NOW()),
('181cefd7-af79-4eb4-a859-5396645e3741', '2efb0fe8-ba96-464f-ba33-6d456d3214bc', 'Người Yêu Cũ (Beat)', '235075', 'lyric', 'https://audiomelodies.nyc3.digitaloceanspaces.com/LOC/PhanManhQuynh/AnhGhetLamBanEm/NguoiYeuCuBeat.m4a', FALSE, Null, '2013-09-15', NOW(), NOW()),
('07bcfcb0-ec51-4bf0-84b6-8b45e1d5d3b5', '2efb0fe8-ba96-464f-ba33-6d456d3214bc', 'Nơi Ấy Con Tìm Về', '267389', 'lyric', 'https://audiomelodies.nyc3.digitaloceanspaces.com/LOC/PhanManhQuynh/AnhGhetLamBanEm/NoiAyConTimVe.m4a', FALSE, Null, '2013-09-15', NOW(), NOW()),
('c574169c-8cfe-4e59-92cb-382732b5b18d', '2efb0fe8-ba96-464f-ba33-6d456d3214bc', 'Nơi Ấy Con Tìm Về (Beat)', '267676', 'lyric', 'https://audiomelodies.nyc3.digitaloceanspaces.com/LOC/PhanManhQuynh/AnhGhetLamBanEm/NoiAyConTimVeBeat.m4a', FALSE, Null, '2013-09-15', NOW(), NOW()),
('bdf9b9ef-be81-46d9-b471-ec8ae6e02d50', '2efb0fe8-ba96-464f-ba33-6d456d3214bc', 'Xa Em Kỷ Niệm', '238915', 'lyric', 'https://audiomelodies.nyc3.digitaloceanspaces.com/LOC/PhanManhQuynh/AnhGhetLamBanEm/XaEmKyNiem.m4a', FALSE, Null, '2013-09-15', NOW(), NOW()),
('02084c79-d21d-41fc-9e04-b53ccba7e738', '2efb0fe8-ba96-464f-ba33-6d456d3214bc', 'Yêu Nhau Là Dĩ Vãng', '267728', 'lyric', 'https://audiomelodies.nyc3.digitaloceanspaces.com/LOC/PhanManhQuynh/AnhGhetLamBanEm/YeuNhauLaDiVang.m4a', FALSE, Null, '2013-09-15', NOW(), NOW()),
('ab8045bd-3e95-4a96-a284-2213ee48198b', '2efb0fe8-ba96-464f-ba33-6d456d3214bc', 'Yêu Anh Nhé', '281208', 'lyric', 'https://audiomelodies.nyc3.digitaloceanspaces.com/LOC/PhanManhQuynh/AnhGhetLamBanEm/YeuAnhNhe.m4a', FALSE, Null, '2013-09-15', NOW(), NOW()),
('5fd54a1f-0637-4380-b7cc-a86b601d35e9', '2efb0fe8-ba96-464f-ba33-6d456d3214bc', 'Bóng Tối Không Em', '258220', 'lyric', 'https://audiomelodies.nyc3.digitaloceanspaces.com/LOC/PhanManhQuynh/AnhGhetLamBanEm/BongToiKhongEm.m4a', FALSE, Null, '2013-09-15', NOW(), NOW()),
('a8059b57-cd8e-49e3-bb3c-effb03ef6bee', '2efb0fe8-ba96-464f-ba33-6d456d3214bc', 'Người Yêu Cũ', '232646', 'lyric', 'https://audiomelodies.nyc3.digitaloceanspaces.com/LOC/PhanManhQuynh/AnhGhetLamBanEm/NguoiYeuCu.m4a', FALSE, Null, '2013-09-15', NOW(), NOW()),
('5562761c-bfca-4fa1-a9af-ff8c90b07db4', 'b1566fc8-829c-44a0-a802-9d974bf81a7a', 'Có Một Chuyện Tình (Theme Song From “Ngày Xưa Có Một Chuyện Tình")', '215000', 'lyric', 'nan', FALSE, Null, '2024-10-10', NOW(), NOW()),
('abb9bc22-1b5c-4ae2-bad2-af4941c5806d', 'ae811606-b0c9-4ed6-9145-2549cc917a58', 'Đưa Anh Về', '241037', 'lyric', 'https://audiomelodies.nyc3.digitaloceanspaces.com/LOC/PhanManhQuynh/uaAnhVe/DuaAnhVe.m4a', FALSE, Null, '2024-07-27', NOW(), NOW()),
('62c4f82e-c17b-4de0-b04c-45b4911ecdba', '79ecbbaf-5331-4128-afac-958614077801', 'Sau Lời Từ Khước (Theme Song From "MAI")', '250122', 'lyric', 'https://audiomelodies.nyc3.digitaloceanspaces.com/LOC/PhanManhQuynh/SauLoiTuKhuocThemeSongFromMAI/SauLoiTuKhuocThemeSongFromMAI.m4a', FALSE, Null, '2024-02-14', NOW(), NOW()),
('708859c3-ed06-4610-96e2-1a69d59393c6', '4a1532ce-3efa-4474-9e54-796b5cbdad2e', 'Bôn Ba (Nước Ngoài)', '206400', 'lyric', 'https://audiomelodies.nyc3.digitaloceanspaces.com/LOC/PhanManhQuynh/BonBaNuocNgoai/BonBaNuocNgoai.m4a', FALSE, Null, '2024-01-18', NOW(), NOW()),
('d8218410-748e-48c0-aecc-698dcf896f30', '87ecb4c9-3bd6-481f-8c90-6846eb83a714', 'Biết Ơn Bởi Đang Ở Lại', '270410', 'lyric', 'https://audiomelodies.nyc3.digitaloceanspaces.com/LOC/PhanManhQuynh/BietOnBoiangOLai/BietOnBoiDangOLai.m4a', FALSE, Null, '2024-01-07', NOW(), NOW()),
('29750dd1-f428-4baf-aa14-a46ffaaab812', '6a243973-80d1-4bf8-badb-9d8ce55640c3', 'Đèn Trời', '204863', 'lyric', 'https://audiomelodies.nyc3.digitaloceanspaces.com/LOC/PhanManhQuynh/enTroi/DenTroi.m4a', FALSE, Null, '2023-12-13', NOW(), NOW()),
('deafacd3-1db0-4ff9-b8fc-2bb581785b6b', 'e1c5e9ef-4104-43cf-8045-b5dbf1aef673', 'Vườn Nhà', '208163', 'lyric', 'https://audiomelodies.nyc3.digitaloceanspaces.com/LOC/PhanManhQuynh/VuonNha/VuonNha.m4a', FALSE, Null, '2023-06-21', NOW(), NOW()),
('b15450b6-aee5-4a96-82a8-63495a0b3e02', '9779b5cd-50a2-425a-af63-a0e50fc0a0be', 'Chuyến Xe', '255295', 'lyric', 'https://audiomelodies.nyc3.digitaloceanspaces.com/LOC/PhanManhQuynh/ChuyenXe/ChuyenXe.m4a', FALSE, Null, '2023-04-26', NOW(), NOW()),
('5fc4c711-7f45-43f2-91a7-e40e7a683a8c', '8dedffe2-07cc-4cea-82dc-7913be97c7bc', 'Khi Người Mình Yêu Khóc 2 - Vinz x Hải Nam Remix', '359633', 'lyric', 'nan', FALSE, Null, '2023-03-08', NOW(), NOW()),
('26223c02-3271-4388-9d55-0f4b36c5f506', '7263da64-0329-4ed1-8186-223c8fc45e9c', 'Khi Người Mình Yêu Khóc - Vinz Remix', '172421', 'lyric', 'https://audiomelodies.nyc3.digitaloceanspaces.com/LOC/PhanManhQuynh/KhiNguoiMinhYeuKhocVinzRemix/KhiNguoiMinhYeuKhocVinzRemix.m4a', FALSE, Null, '2023-03-08', NOW(), NOW()),
('754674a0-e97f-4cea-b7c2-f13bc28dc14f', '313a12df-2ca9-440d-9c0d-af0932b1c5ab', 'Đợi Chờ Đừng Cáu', '168837', 'lyric', 'https://audiomelodies.nyc3.digitaloceanspaces.com/LOC/PhanManhQuynh/oiChoungCau/DoiChoDungCau.m4a', FALSE, Null, '2023-01-16', NOW(), NOW()),
('bfe079c6-84f7-4ab9-b31a-736d3e4f1b46', 'ab41651f-74f4-43a2-aa59-835194f46880', 'Đa Đoan', '200730', 'lyric', 'https://audiomelodies.nyc3.digitaloceanspaces.com/LOC/PhanManhQuynh/aoan/DaDoan.m4a', FALSE, Null, '2022-09-28', NOW(), NOW()),
('7da27197-24b8-4886-ab7c-d03d88ec3cd9', '06505d95-6469-4b9e-962f-ccad30eb1a84', 'Tình Nhớ', '254523', 'lyric', 'https://audiomelodies.nyc3.digitaloceanspaces.com/LOC/PhanManhQuynh/TinhNho/TinhNho.m4a', FALSE, Null, '2022-06-08', NOW(), NOW()),
('d30357bd-82aa-4373-92f8-c12f91bd1f8e', 'e1be9570-8f37-4860-8012-7816d7ee8ea1', 'Nơi Dành Cho Các Thiên Thần', '292941', 'lyric', 'https://audiomelodies.nyc3.digitaloceanspaces.com/LOC/PhanManhQuynh/NoiDanhChoCacThienThan/NoiDanhChoCacThienThan.m4a', FALSE, Null, '2022-06-01', NOW(), NOW()),
('6f02f9bd-3a13-4308-9b17-5cb3c0f3469b', 'd889f7bf-0c7c-4adf-9a39-ff505d58491d', 'Yêu Thương Tiếp Nối', '204000', 'lyric', 'nan', FALSE, Null, '2022-01-28', NOW(), NOW()),
('03cdac98-5424-46b9-9015-4a6f5a3c6403', '470f4e3e-f542-4462-a1d1-d80db568eb39', 'Về', '239986', 'lyric', 'https://audiomelodies.nyc3.digitaloceanspaces.com/LOC/PhanManhQuynh/Ve/Ve.m4a', FALSE, Null, '2021-12-31', NOW(), NOW()),
('e6bd98d4-2256-4aa6-be80-03b42a89d01b', '829a950c-431a-459c-bca8-88b40a32c0ec', 'Gặp Gỡ, Yêu Đương Và Được Bên Em', '240461', 'lyric', 'https://audiomelodies.nyc3.digitaloceanspaces.com/LOC/PhanManhQuynh/GapGoYeuuongVauocBenEm/GapGoYeuDuongVaDuocBenEm.m4a', FALSE, Null, '2021-08-08', NOW(), NOW()),
('262d8a6a-c0ce-4e59-acf5-c2f9d2a3ede1', '9fbfbc3f-8a48-4bea-929a-28d69a8b4750', 'Nơi Ấy Con Tìm Về - Live At Tết Tân Thời', '234280', 'lyric', 'https://audiomelodies.nyc3.digitaloceanspaces.com/LOC/PhanManhQuynh/NoiAyConTimVeLiveAtTetTanThoi/NoiAyConTimVeLiveAtTetTanThoi.m4a', FALSE, Null, '2021-02-22', NOW(), NOW()),
('676f0da0-06c7-4df8-892c-fea7029856bd', '426afb63-dc9d-4dff-ac1e-e9e0b95350ef', 'Có Chàng Trai Viết Lên Cây - DJ Version', '212168', 'lyric', 'https://audiomelodies.nyc3.digitaloceanspaces.com/LOC/PhanManhQuynh/CoChangTraiVietLenCayDJVersion/CoChangTraiVietLenCayDJVersion.m4a', FALSE, Null, '2020-07-22', NOW(), NOW()),
('9ab66ff7-78ff-4b8f-8fa5-9d08cff946ed', 'aac3b7e6-0596-4a7d-a878-0bea87a1ea55', 'Đàn Ông Không Nói (feat. Karik)', '219981', 'lyric', 'https://audiomelodies.nyc3.digitaloceanspaces.com/LOC/PhanManhQuynh/anOngKhongNoifeatKarik/DanOngKhongNoifeatKarik.m4a', FALSE, Null, '2020-01-01', NOW(), NOW()),
('3bf9018f-11df-4ce2-aa0a-b835251f4836', '1dea0dbb-3c25-471a-bcd2-056e5afeb558', 'Đi Để Trở Về Mashup', '223954', 'lyric', 'https://audiomelodies.nyc3.digitaloceanspaces.com/LOC/PhanManhQuynh/ieTroVeMashup/DiDeTroVeMashup.m4a', FALSE, Null, '2020-01-01', NOW(), NOW()),
('fdef7d70-1422-4115-97b2-cacfccd75eff', '50b0b908-20b4-4f00-ae7f-c4f0bf767912', 'Tết Về Sớm Nhé', '187164', 'lyric', 'https://audiomelodies.nyc3.digitaloceanspaces.com/LOC/PhanManhQuynh/TetVeSomNhe/TetVeSomNhe.m4a', FALSE, Null, '2020-01-01', NOW(), NOW()),
('3307d251-d396-4bb7-9b31-c51ca68450cc', '8b75ba6f-2a6e-4bcf-aee5-394634eaf82d', 'Trong Ánh Mặt Trời (feat. Oanh Tiny)', '204225', 'lyric', 'https://audiomelodies.nyc3.digitaloceanspaces.com/LOC/PhanManhQuynh/TrongAnhMatTroifeatOanhTiny/TrongAnhMatTroifeatOanhTiny.m4a', FALSE, Null, '2020-01-01', NOW(), NOW()),
('919f0d08-9676-4eb7-90b8-c350df09a17a', '25caecc9-819e-4553-b0f6-cc31d8f7943b', 'Tri Kỷ', '215808', 'lyric', 'nan', FALSE, Null, '2020-01-01', NOW(), NOW()),
('9d065aa5-15c2-41d6-960e-3dfed0d186d6', 'a9a67a47-0957-4b30-8d1f-25bad700c876', 'Sao Cha Không (From "Bố Già" Original Motion Picture Soundtrack)', '279609', 'lyric', 'nan', FALSE, Null, '2020-01-01', NOW(), NOW()),
('53318de5-5cd9-4b9f-b477-bc1dee13cfd1', 'c21a9671-0fac-40c5-853c-92f10670a288', 'Nắng Mùa Hạ', '240062', 'lyric', 'https://audiomelodies.nyc3.digitaloceanspaces.com/LOC/PhanManhQuynh/NhungNgayau/NangMuaHa.m4a', FALSE, Null, '2020-01-01', NOW(), NOW()),
('b2e7597d-9395-4d85-b83e-d05f8bf4a43b', '9e59bb54-64cc-4b3d-a377-cb1b7516c550', 'Nước Ngoài', '212666', 'lyric', 'https://audiomelodies.nyc3.digitaloceanspaces.com/LOC/PhanManhQuynh/NuocNgoai/NuocNgoai.m4a', FALSE, Null, '2020-01-01', NOW(), NOW()),
('2f38722d-8359-4ce0-b1d9-f4a8bdf4437d', '0d795da0-af7e-434d-8cc0-7afc00413104', 'Người Khác', '228000', 'lyric', 'https://audiomelodies.nyc3.digitaloceanspaces.com/LOC/PhanManhQuynh/NhungNgayau/NguoiKhac.m4a', FALSE, Null, '2020-01-01', NOW(), NOW()),
('7aa5274f-19bd-4f24-a800-6580100a696e', '30b567f6-c0e1-4e12-8fab-322582543eb4', 'NHẠT', '208500', 'lyric', 'https://audiomelodies.nyc3.digitaloceanspaces.com/LOC/PhanManhQuynh/NHAT/NHAT.m4a', FALSE, Null, '2020-01-01', NOW(), NOW()),
('859b65ea-954e-4e25-81cc-90643b37b261', '4f7c4b04-5dca-4e74-b18b-aad7d85c16b2', 'Mất Hy Vọng', '232000', 'lyric', 'https://audiomelodies.nyc3.digitaloceanspaces.com/LOC/PhanManhQuynh/NhungNgayau/MatHyVong.m4a', FALSE, Null, '2020-01-01', NOW(), NOW()),
('01fff7c9-68e1-4ea6-8777-28e1e198c084', '62bc64c2-086e-4632-aaac-54940bd2bfe3', 'Miền Gian Khổ', '214687', 'lyric', 'https://audiomelodies.nyc3.digitaloceanspaces.com/LOC/PhanManhQuynh/MienGianKho/MienGianKho.m4a', FALSE, Null, '2020-01-01', NOW(), NOW()),
('938faa71-e917-4018-b3fa-5777cc6ae41b', '70da1835-8737-47c1-9a3e-44acaa3a9a23', 'Hồi Ức', '347207', 'lyric', 'https://audiomelodies.nyc3.digitaloceanspaces.com/LOC/PhanManhQuynh/HoiUc/HoiUc.m4a', FALSE, Null, '2020-01-01', NOW(), NOW()),
('a41dced7-868f-4302-a9e4-84fb2fe64e16', '1f3cbc00-58a6-46b8-97e3-357ebb37990f', 'Huyền Thoại', '289000', 'lyric', 'https://audiomelodies.nyc3.digitaloceanspaces.com/LOC/PhanManhQuynh/HuyenThoai/HuyenThoai.m4a', FALSE, Null, '2020-01-01', NOW(), NOW()),
('7af4f371-dbb8-4864-81d2-9c70c653dcc6', 'f16f5c17-2c5c-4b64-81fc-21232ed3977f', 'Có Một Nơi Như Thế', '235000', 'lyric', 'nan', FALSE, Null, '2020-01-01', NOW(), NOW()),
('1d297f0b-0e80-4e2c-9ac2-0a99075a4cc6', 'db50b627-da73-4feb-ba13-42496328263a', 'Cuộc Gọi (feat. Aazuki)', '218266', 'lyric', 'https://audiomelodies.nyc3.digitaloceanspaces.com/LOC/PhanManhQuynh/CuocGoifeatAazuki/CuocGoifeatAazuki.m4a', FALSE, Null, '2020-01-01', NOW(), NOW()),
('df7453ef-7fb0-4399-8c5e-8100b4eaad90', '9d8b34b5-171f-4b15-bb10-ad9152c9d9ee', 'Con Tim Tan Vỡ', '197774', 'lyric', 'https://audiomelodies.nyc3.digitaloceanspaces.com/LOC/PhanManhQuynh/ConTimTanVo/ConTimTanVo.m4a', FALSE, Null, '2020-01-01', NOW(), NOW()),
('48ac01e2-8362-42af-83b0-dec91c97aa02', '73bef294-163e-4320-b81f-0cbbd8586b5f', 'Chưa Có Người Yêu', '204179', 'lyric', 'https://audiomelodies.nyc3.digitaloceanspaces.com/LOC/PhanManhQuynh/ChuaCoNguoiYeu/ChuaCoNguoiYeu.m4a', FALSE, Null, '2020-01-01', NOW(), NOW()),
('06b8d04f-151f-4711-939d-5c4c94743eab', '2b6c2f28-3e1e-4353-bda2-ac6c7b5c4951', 'Bóng Tối Không Em', '258142', 'lyric', 'https://audiomelodies.nyc3.digitaloceanspaces.com/LOC/PhanManhQuynh/NguoiYeuCu/BongToiKhongEm.m4a', FALSE, Null, '2012-02-22', NOW(), NOW()),
('f2dd70af-271a-4b55-97de-3f97cfbd56e1', '2b6c2f28-3e1e-4353-bda2-ac6c7b5c4951', 'Góc Khuất Sau Hạnh Phúc', '211069', 'lyric', 'https://audiomelodies.nyc3.digitaloceanspaces.com/LOC/PhanManhQuynh/NhungNgayau/GocKhuatSauHanhPhuc.m4a', FALSE, Null, '2012-02-22', NOW(), NOW()),
('551f4e86-31c9-4fec-ba07-1ed69880706f', '2b6c2f28-3e1e-4353-bda2-ac6c7b5c4951', 'Khi Lòng Ta Hiểu', '216633', 'lyric', 'https://audiomelodies.nyc3.digitaloceanspaces.com/LOC/PhanManhQuynh/NguoiYeuCu/KhiLongTaHieu.m4a', FALSE, Null, '2012-02-22', NOW(), NOW()),
('ef576bc1-250a-4110-abdb-0d394c5424ff', '2b6c2f28-3e1e-4353-bda2-ac6c7b5c4951', 'Người Yêu Cũ', '232576', 'lyric', 'https://audiomelodies.nyc3.digitaloceanspaces.com/LOC/PhanManhQuynh/NguoiYeuCu/NguoiYeuCu.m4a', FALSE, Null, '2012-02-22', NOW(), NOW()),
('7d973f30-645c-4025-b838-398248f734e3', '2b6c2f28-3e1e-4353-bda2-ac6c7b5c4951', 'Những Ngày Không Bên Nhau', '290951', 'lyric', 'https://audiomelodies.nyc3.digitaloceanspaces.com/LOC/PhanManhQuynh/NguoiYeuCu/NhungNgayKhongBenNhau.m4a', FALSE, Null, '2012-02-22', NOW(), NOW()),
('15a83851-c172-4452-a793-73bffacaf6d6', 'f324d89e-d646-47ae-8708-325a6b2c69e3', 'Những Ngày Không Bên Nhau', '291494', 'lyric', 'https://audiomelodies.nyc3.digitaloceanspaces.com/LOC/PhanManhQuynh/NhungNgayKhongBenNhau/NhungNgayKhongBenNhau.m4a', FALSE, Null, '2011-01-01', NOW(), NOW());



INSERT INTO "ArtistSong" ("songId", "artistId", "main", "createdAt", "updatedAt") VALUES
('8ad3baba-7756-4768-9b6c-563cc244484e', '2bfdb12c-9849-44f8-a22c-d07788996861', TRUE, NOW(), NOW()),
('e2fd5584-46fe-4632-9899-9ea1494be1e0', 'd0845ba7-8662-4cbc-b2d2-091b6f9afa75', TRUE, NOW(), NOW()),
('e21d7217-920c-49d3-a519-0c408ba52df8', 'd0845ba7-8662-4cbc-b2d2-091b6f9afa75', TRUE, NOW(), NOW()),
('e21d7217-920c-49d3-a519-0c408ba52df8', '2bfdb12c-9849-44f8-a22c-d07788996861', FALSE, NOW(), NOW()),
('709d9229-9fe6-4d14-bdae-14202d0573a4', 'd0845ba7-8662-4cbc-b2d2-091b6f9afa75', TRUE, NOW(), NOW()),
('2dda8309-5083-4f0e-8fa6-67dc05159b6d', '2bfdb12c-9849-44f8-a22c-d07788996861', TRUE, NOW(), NOW()),
('4739ecd2-fe1a-4647-8e9d-a277fb5d2216', '2bfdb12c-9849-44f8-a22c-d07788996861', TRUE, NOW(), NOW()),
('3928b0b4-1eb7-4a4c-b7db-d642ea2f800c', '2bfdb12c-9849-44f8-a22c-d07788996861', TRUE, NOW(), NOW()),
('8e3c1d9d-555d-48cc-bc76-4c1fa54165d4', 'd0845ba7-8662-4cbc-b2d2-091b6f9afa75', TRUE, NOW(), NOW()),
('ccfd4f41-40c4-44e9-bd90-0a15cc056794', 'd0845ba7-8662-4cbc-b2d2-091b6f9afa75', TRUE, NOW(), NOW()),
('ccfd4f41-40c4-44e9-bd90-0a15cc056794', '2bfdb12c-9849-44f8-a22c-d07788996861', FALSE, NOW(), NOW()),
('8d429937-9cf4-4b6e-944c-4c231908e71f', 'd0845ba7-8662-4cbc-b2d2-091b6f9afa75', TRUE, NOW(), NOW()),
('69893f26-cd36-4c8b-84c7-0bc2e5d2a5f5', '2bfdb12c-9849-44f8-a22c-d07788996861', TRUE, NOW(), NOW()),
('e9896b24-275c-44c4-89ed-038326097a7e', '2bfdb12c-9849-44f8-a22c-d07788996861', TRUE, NOW(), NOW()),
('ec0869bb-9d94-49df-9325-68a0cda40550', '2bfdb12c-9849-44f8-a22c-d07788996861', TRUE, NOW(), NOW()),
('84ed6056-0a4d-41b9-9371-134e18048413', '2bfdb12c-9849-44f8-a22c-d07788996861', TRUE, NOW(), NOW()),
('b7e6863a-f723-4079-bbcd-e4d4590d71e0', '2bfdb12c-9849-44f8-a22c-d07788996861', TRUE, NOW(), NOW()),
('ba317c65-4db7-4356-97ca-a43b69f77b5e', '2bfdb12c-9849-44f8-a22c-d07788996861', TRUE, NOW(), NOW()),
('c892e50a-e72e-40c0-ae18-09e9d69cc314', '2bfdb12c-9849-44f8-a22c-d07788996861', TRUE, NOW(), NOW()),
('a44d3e30-4079-4dee-a5d9-5e56582f2051', '2bfdb12c-9849-44f8-a22c-d07788996861', TRUE, NOW(), NOW()),
('48ac9ce0-14e2-4524-85b1-e70026d9c085', '2bfdb12c-9849-44f8-a22c-d07788996861', TRUE, NOW(), NOW()),
('95f1deaf-0376-472a-aac5-7625ab68497a', '2bfdb12c-9849-44f8-a22c-d07788996861', TRUE, NOW(), NOW()),
('c9a6ebf0-9f42-49ff-826c-48382768951c', '2bfdb12c-9849-44f8-a22c-d07788996861', TRUE, NOW(), NOW()),
('a18194b4-87d7-469f-a2a6-f67d27d8bfcb', '2bfdb12c-9849-44f8-a22c-d07788996861', TRUE, NOW(), NOW()),
('3faf9c69-b08e-4cbc-b7f9-230b5dadace3', '2bfdb12c-9849-44f8-a22c-d07788996861', TRUE, NOW(), NOW()),
('7ea0d607-1412-4b79-b6ba-f2117154fabd', '2bfdb12c-9849-44f8-a22c-d07788996861', TRUE, NOW(), NOW()),
('d024ea05-83c8-4978-9ee3-e002f6634f02', '2bfdb12c-9849-44f8-a22c-d07788996861', TRUE, NOW(), NOW()),
('b7b87784-8fa3-433c-afda-6886ff7b57f7', '2bfdb12c-9849-44f8-a22c-d07788996861', TRUE, NOW(), NOW()),
('cddf3c34-5e02-4fdb-9a27-4d5eab7c04c9', '2bfdb12c-9849-44f8-a22c-d07788996861', TRUE, NOW(), NOW()),
('7765048f-40bb-4800-8b1b-441e53817488', '2bfdb12c-9849-44f8-a22c-d07788996861', TRUE, NOW(), NOW()),
('700c01fc-1359-4287-bb73-a2cf6547491e', '2bfdb12c-9849-44f8-a22c-d07788996861', TRUE, NOW(), NOW()),
('181cefd7-af79-4eb4-a859-5396645e3741', '2bfdb12c-9849-44f8-a22c-d07788996861', TRUE, NOW(), NOW()),
('07bcfcb0-ec51-4bf0-84b6-8b45e1d5d3b5', '2bfdb12c-9849-44f8-a22c-d07788996861', TRUE, NOW(), NOW()),
('c574169c-8cfe-4e59-92cb-382732b5b18d', '2bfdb12c-9849-44f8-a22c-d07788996861', TRUE, NOW(), NOW()),
('bdf9b9ef-be81-46d9-b471-ec8ae6e02d50', '2bfdb12c-9849-44f8-a22c-d07788996861', TRUE, NOW(), NOW()),
('02084c79-d21d-41fc-9e04-b53ccba7e738', '2bfdb12c-9849-44f8-a22c-d07788996861', TRUE, NOW(), NOW()),
('ab8045bd-3e95-4a96-a284-2213ee48198b', '2bfdb12c-9849-44f8-a22c-d07788996861', TRUE, NOW(), NOW()),
('5fd54a1f-0637-4380-b7cc-a86b601d35e9', '2bfdb12c-9849-44f8-a22c-d07788996861', TRUE, NOW(), NOW()),
('a8059b57-cd8e-49e3-bb3c-effb03ef6bee', '2bfdb12c-9849-44f8-a22c-d07788996861', TRUE, NOW(), NOW()),
('5562761c-bfca-4fa1-a9af-ff8c90b07db4', '2bfdb12c-9849-44f8-a22c-d07788996861', TRUE, NOW(), NOW()),
('abb9bc22-1b5c-4ae2-bad2-af4941c5806d', '2bfdb12c-9849-44f8-a22c-d07788996861', TRUE, NOW(), NOW()),
('62c4f82e-c17b-4de0-b04c-45b4911ecdba', '2bfdb12c-9849-44f8-a22c-d07788996861', TRUE, NOW(), NOW()),
('708859c3-ed06-4610-96e2-1a69d59393c6', '2bfdb12c-9849-44f8-a22c-d07788996861', TRUE, NOW(), NOW()),
('708859c3-ed06-4610-96e2-1a69d59393c6', 'cfdad998-d620-4519-8228-f2548e123a91', FALSE, NOW(), NOW()),
('708859c3-ed06-4610-96e2-1a69d59393c6', '6a5a08d3-9159-4bef-b716-7f2d2bd1afec', FALSE, NOW(), NOW()),
('d8218410-748e-48c0-aecc-698dcf896f30', '2bfdb12c-9849-44f8-a22c-d07788996861', TRUE, NOW(), NOW()),
('29750dd1-f428-4baf-aa14-a46ffaaab812', '2bfdb12c-9849-44f8-a22c-d07788996861', TRUE, NOW(), NOW()),
('deafacd3-1db0-4ff9-b8fc-2bb581785b6b', '2bfdb12c-9849-44f8-a22c-d07788996861', TRUE, NOW(), NOW()),
('b15450b6-aee5-4a96-82a8-63495a0b3e02', '2bfdb12c-9849-44f8-a22c-d07788996861', TRUE, NOW(), NOW()),
('5fc4c711-7f45-43f2-91a7-e40e7a683a8c', '3da11b67-9d85-4c10-ad10-209705f27e19', TRUE, NOW(), NOW()),
('5fc4c711-7f45-43f2-91a7-e40e7a683a8c', '2bfdb12c-9849-44f8-a22c-d07788996861', FALSE, NOW(), NOW()),
('26223c02-3271-4388-9d55-0f4b36c5f506', '2bfdb12c-9849-44f8-a22c-d07788996861', TRUE, NOW(), NOW()),
('26223c02-3271-4388-9d55-0f4b36c5f506', '3da11b67-9d85-4c10-ad10-209705f27e19', FALSE, NOW(), NOW()),
('754674a0-e97f-4cea-b7c2-f13bc28dc14f', '2bfdb12c-9849-44f8-a22c-d07788996861', TRUE, NOW(), NOW()),
('754674a0-e97f-4cea-b7c2-f13bc28dc14f', 'cc39ee73-e5b2-4eb9-acd4-58ceb5b9322b', FALSE, NOW(), NOW()),
('bfe079c6-84f7-4ab9-b31a-736d3e4f1b46', '2bfdb12c-9849-44f8-a22c-d07788996861', TRUE, NOW(), NOW()),
('7da27197-24b8-4886-ab7c-d03d88ec3cd9', '2bfdb12c-9849-44f8-a22c-d07788996861', TRUE, NOW(), NOW()),
('d30357bd-82aa-4373-92f8-c12f91bd1f8e', '2bfdb12c-9849-44f8-a22c-d07788996861', TRUE, NOW(), NOW()),
('6f02f9bd-3a13-4308-9b17-5cb3c0f3469b', '2118b3bd-5567-4a91-9934-657232767384', TRUE, NOW(), NOW()),
('6f02f9bd-3a13-4308-9b17-5cb3c0f3469b', '2bfdb12c-9849-44f8-a22c-d07788996861', FALSE, NOW(), NOW()),
('03cdac98-5424-46b9-9015-4a6f5a3c6403', '2bfdb12c-9849-44f8-a22c-d07788996861', TRUE, NOW(), NOW()),
('e6bd98d4-2256-4aa6-be80-03b42a89d01b', '2bfdb12c-9849-44f8-a22c-d07788996861', TRUE, NOW(), NOW()),
('262d8a6a-c0ce-4e59-acf5-c2f9d2a3ede1', '2bfdb12c-9849-44f8-a22c-d07788996861', TRUE, NOW(), NOW()),
('676f0da0-06c7-4df8-892c-fea7029856bd', '2bfdb12c-9849-44f8-a22c-d07788996861', TRUE, NOW(), NOW()),
('9ab66ff7-78ff-4b8f-8fa5-9d08cff946ed', '2bfdb12c-9849-44f8-a22c-d07788996861', TRUE, NOW(), NOW()),
('3bf9018f-11df-4ce2-aa0a-b835251f4836', '2bfdb12c-9849-44f8-a22c-d07788996861', TRUE, NOW(), NOW()),
('fdef7d70-1422-4115-97b2-cacfccd75eff', '2bfdb12c-9849-44f8-a22c-d07788996861', TRUE, NOW(), NOW()),
('3307d251-d396-4bb7-9b31-c51ca68450cc', '2bfdb12c-9849-44f8-a22c-d07788996861', TRUE, NOW(), NOW()),
('919f0d08-9676-4eb7-90b8-c350df09a17a', '2bfdb12c-9849-44f8-a22c-d07788996861', TRUE, NOW(), NOW()),
('9d065aa5-15c2-41d6-960e-3dfed0d186d6', '2bfdb12c-9849-44f8-a22c-d07788996861', TRUE, NOW(), NOW()),
('53318de5-5cd9-4b9f-b477-bc1dee13cfd1', '2bfdb12c-9849-44f8-a22c-d07788996861', TRUE, NOW(), NOW()),
('b2e7597d-9395-4d85-b83e-d05f8bf4a43b', '2bfdb12c-9849-44f8-a22c-d07788996861', TRUE, NOW(), NOW()),
('2f38722d-8359-4ce0-b1d9-f4a8bdf4437d', '2bfdb12c-9849-44f8-a22c-d07788996861', TRUE, NOW(), NOW()),
('7aa5274f-19bd-4f24-a800-6580100a696e', '2bfdb12c-9849-44f8-a22c-d07788996861', TRUE, NOW(), NOW()),
('859b65ea-954e-4e25-81cc-90643b37b261', '2bfdb12c-9849-44f8-a22c-d07788996861', TRUE, NOW(), NOW()),
('01fff7c9-68e1-4ea6-8777-28e1e198c084', '2bfdb12c-9849-44f8-a22c-d07788996861', TRUE, NOW(), NOW()),
('938faa71-e917-4018-b3fa-5777cc6ae41b', '2bfdb12c-9849-44f8-a22c-d07788996861', TRUE, NOW(), NOW()),
('a41dced7-868f-4302-a9e4-84fb2fe64e16', '2bfdb12c-9849-44f8-a22c-d07788996861', TRUE, NOW(), NOW()),
('7af4f371-dbb8-4864-81d2-9c70c653dcc6', '2bfdb12c-9849-44f8-a22c-d07788996861', TRUE, NOW(), NOW()),
('1d297f0b-0e80-4e2c-9ac2-0a99075a4cc6', '2bfdb12c-9849-44f8-a22c-d07788996861', TRUE, NOW(), NOW()),
('df7453ef-7fb0-4399-8c5e-8100b4eaad90', '2bfdb12c-9849-44f8-a22c-d07788996861', TRUE, NOW(), NOW()),
('48ac01e2-8362-42af-83b0-dec91c97aa02', '2bfdb12c-9849-44f8-a22c-d07788996861', TRUE, NOW(), NOW()),
('48ac01e2-8362-42af-83b0-dec91c97aa02', 'a5d3d9bd-acb3-489c-b44d-5eba7c3b87a9', FALSE, NOW(), NOW()),
('06b8d04f-151f-4711-939d-5c4c94743eab', '2bfdb12c-9849-44f8-a22c-d07788996861', TRUE, NOW(), NOW()),
('f2dd70af-271a-4b55-97de-3f97cfbd56e1', '2bfdb12c-9849-44f8-a22c-d07788996861', TRUE, NOW(), NOW()),
('551f4e86-31c9-4fec-ba07-1ed69880706f', '2bfdb12c-9849-44f8-a22c-d07788996861', TRUE, NOW(), NOW()),
('ef576bc1-250a-4110-abdb-0d394c5424ff', '2bfdb12c-9849-44f8-a22c-d07788996861', TRUE, NOW(), NOW()),
('7d973f30-645c-4025-b838-398248f734e3', '2bfdb12c-9849-44f8-a22c-d07788996861', TRUE, NOW(), NOW()),
('15a83851-c172-4452-a793-73bffacaf6d6', '2bfdb12c-9849-44f8-a22c-d07788996861', TRUE, NOW(), NOW());







--------------------NooPhuocThinh



INSERT INTO "Album" ("albumId",  "title", "releaseDate", "albumType", "createdAt", "updatedAt") VALUES
('f0b94889-132b-4b38-98d1-a7142948813d', 'Đêm nhạc Love Songs', '2018-01-01', 'album', NOW(), NOW()),
('3fcee542-fb91-4bc7-a5ad-60901869281c', 'Hành Trình Trở Thành Quán Quân Hòa Âm Ánh Sáng Của Team Noo Phước Thịnh', '2016-04-06', 'album', NOW(), NOW()),
('1f6ad61b-4939-4437-8cba-1585c35233ab', 'Em', '2012-11-24', 'album', NOW(), NOW()),
('b09cda40-5cae-4d98-99a2-3ba34578284d', 'Lạc Bước Trong Đêm', '2011-11-21', 'album', NOW(), NOW()),
('93483ecf-4306-41c3-a806-23b83ef5c631', 'Ba Chấm', '2010-03-09', 'album', NOW(), NOW()),
('ce33f3d5-6fff-455e-9fd8-c07beb94b86b', 'Tự Nguyện - Live', '2024-08-18', 'single', NOW(), NOW()),
('d187cf93-df62-4bde-80cd-5369e1f95c77', 'ĐÙA ANH ĐAU ĐẤY MASHUP - Live', '2024-08-16', 'single', NOW(), NOW()),
('f22f9460-a8fe-467a-9464-d55270167e63', 'Đùa Anh Đau Đấy', '2024-07-16', 'single', NOW(), NOW()),
('688d1db4-10cb-4d77-bfd5-d125f9a7c6f6', 'Ai Chung Tình Bằng Cô Đơn - Trung Ngon Remix', '2023-08-28', 'single', NOW(), NOW()),
('8ec9044d-d784-4989-b6fc-0751bb2a3422', 'B52', '2023-06-15', 'single', NOW(), NOW()),
('2ddb6a9f-ff71-4c69-b972-9934ac18a517', 'Ai Chung Tình Bằng Cô Đơn', '2023-05-23', 'single', NOW(), NOW()),
('ed320031-1150-412c-86cf-d36ceb425489', 'Noo''s Chill Night 3 - Bức Thư Tình Đầu Tiên (Live Version)', '2022-07-20', 'single', NOW(), NOW()),
('db07fcda-4c48-4688-a3bd-532e9c9dd5e0', 'Noo''s Chill Night 3 - Mất Cả Thế Giới (Live Version)', '2022-07-11', 'single', NOW(), NOW()),
('f79f9dbb-17fc-4c22-8f0a-29f850248607', 'Những Ngày Xuân Rực Rỡ', '2022-07-05', 'single', NOW(), NOW()),
('4beab81d-9b80-49f8-9141-bbcd2f38d9c4', 'Cause I Love You', '2022-07-05', 'single', NOW(), NOW()),
('9230768f-6022-4e3f-8923-1ee6714190a4', 'Noo''s Chill Night Ep3 - Chạm Khẽ Tim Anh Một Chút Thôi (Live Version)', '2022-05-14', 'single', NOW(), NOW()),
('689f0f21-9306-4ffb-8506-56117417ff89', 'Noo''s Chill Night ep 3 - Dòng Thời Gian (Live Version)', '2022-05-02', 'single', NOW(), NOW()),
('b1ad9358-ed8b-439d-b35a-fc5aa82fd420', 'Yêu Một Người Sao Buồn Đến Thế', '2020-10-27', 'single', NOW(), NOW()),
('f8e9cce2-fe43-403f-800f-5574564ee22a', 'Em Đã Thương Người Ta Hơn Anh (Beat)', '2020-09-09', 'single', NOW(), NOW()),
('d04c5973-d31b-4429-a6a5-57edcbadbfd5', 'Em Đã Thương Người Ta Hơn Anh', '2020-09-09', 'single', NOW(), NOW()),
('cff5a888-7a58-4bec-9095-b6b8a820b5de', 'Thank You - Những Chiến Binh Thầm Lặng', '2020-04-13', 'ep', NOW(), NOW()),
('943bcf12-45a8-4751-abd5-603efdacbddf', 'I''m Still Loving You', '2019-11-13', 'single', NOW(), NOW()),
('abd927e6-ca6f-4fb2-a11a-4485905d3bea', 'Ba Chấm', '2019-05-30', 'ep', NOW(), NOW()),
('8b70489c-8c98-472f-838c-a7be9894e4c8', 'Phút Giây Gần Kề', '2019-02-13', 'single', NOW(), NOW()),
('a033c82a-b3c2-4f57-9255-72516a4e39ad', 'Gọi Tên Mùa Xuân', '2019-01-21', 'single', NOW(), NOW()),
('10dde390-be5a-4041-b4c1-9798a0cab887', 'Dấu Yêu Một Thời', '2019-01-20', 'single', NOW(), NOW()),
('3d491258-69f3-43b0-8465-b694c9400a02', 'Thương Em Là Điều Anh Không Thể Ngờ', '2018-12-18', 'single', NOW(), NOW()),
('b9bede79-3e0a-435c-9a31-165b3c309963', 'Những Kẻ Mộng Mơ', '2018-10-19', 'single', NOW(), NOW()),
('c69f5d80-66de-482b-abaa-9c41b169572f', 'Tình Như Chocopie', '2018-05-28', 'single', NOW(), NOW()),
('90d0f73c-c485-4261-860d-9850e4ba34a3', 'Mình Anh (feat. Nguyễn Hoàng Duy)', '2017-12-04', 'single', NOW(), NOW()),
('c2d41720-b24a-4140-b352-1d0799d75bf2', 'Lost', '2017-12-04', 'ep', NOW(), NOW()),
('da9b19ab-bf65-46b1-890d-66fc3191abb7', 'Yes I Love You', '2017-07-28', 'single', NOW(), NOW()),
('beb1b1c4-08d4-43b8-93ec-371459633f3e', 'Dream Team (feat. Anh Đạt, Hiền Mai, Anh Phong, Han Sara, Lương Minh Trí & Thanh Nga)', '2017-06-20', 'single', NOW(), NOW()),
('8b3abffe-ed45-4f19-810c-35eb4a875657', 'Thương Mấy Cũng Là Người Dưng', '2017-03-28', 'ep', NOW(), NOW()),
('0ebeaf45-7789-43b5-b324-b600087137ed', 'Lặng Thầm (SlimV Mix)', '2017-03-22', 'ep', NOW(), NOW()),
('ee168b36-0b26-4d73-bc8e-86326f7fbd18', 'Lạc Bước Trong Đêm', '2017-03-21', 'single', NOW(), NOW()),
('36bf3019-c515-49b1-a201-aad883f283c7', 'Hạnh Phúc Xuân Ngời', '2017-01-19', 'single', NOW(), NOW()),
('694a45cf-2932-41db-a74a-b6a314fc47d3', 'Mình Thích Thì Mình Yêu Thôi (feat.Hồ Ngọc Hà )', '2017-01-18', 'single', NOW(), NOW()),
('6a44b236-2c4d-4506-a49f-9e3219518d51', 'I Don''t Believe in You (feat. Basick)', '2017-01-10', 'single', NOW(), NOW()),
('00983f78-ba95-42ed-9102-625edf0a5bee', 'Dòng thời gian (Live)', '2017-01-01', 'single', NOW(), NOW()),
('c1cffe37-e2b3-43ec-aed9-33bba50f864b', 'Những Ngày Xuân Rực Rỡ', '2016-12-29', 'single', NOW(), NOW()),
('3f835ba2-960c-42f1-9b94-fc10a2ed7781', 'Như Phút Ban Đầu', '2016-09-19', 'single', NOW(), NOW()),
('36fabd95-bf9f-47e8-8537-92095e9eaf62', 'Cause I Love You', '2016-03-23', 'ep', NOW(), NOW()),
('94b70d71-ac64-4229-bd94-5e41b4421109', 'Really Love You', '2016-03-02', 'single', NOW(), NOW()),
('c50e56c5-5de2-4a42-a73c-246efb3fc00e', 'Như Vậy Mãi Thôi', '2016-02-06', 'ep', NOW(), NOW()),
('9b631ca9-030a-4a88-89b8-eb5804055fa1', 'Đừng Nhìn Lại', '2015-07-10', 'ep', NOW(), NOW()),
('d3819aa8-a957-497a-8b9e-b324dc0117b9', 'Đổi Thay', '2015-07-10', 'ep', NOW(), NOW()),
('6ef7175b-46cb-487a-bd32-9431612870eb', 'Tìm Em Trong Ký Ức', '2015-07-10', 'ep', NOW(), NOW()),
('525476ab-8c71-49c8-be38-fdfc3cd605c7', 'Em Đi Tìm Anh', '2015-05-17', 'single', NOW(), NOW()),
('4a81b458-8557-490e-9e89-db851e880e1f', 'Ước Mơ Tôi', '2015-03-21', 'ep', NOW(), NOW()),
('2519a811-ad1e-4ab5-97aa-50e0dd33fea7', 'Em', '2015-01-10', 'ep', NOW(), NOW()),
('a6f62bee-d761-4436-861d-f2e27419edc4', 'Merino Icecream Land', '2014-11-13', 'single', NOW(), NOW()),
('17dae875-cedd-4a6f-8417-ce5f3a2bcf2c', 'Mãi Mãi Bên Nhau', '2014-10-21', 'ep', NOW(), NOW()),
('62ebdbc7-a2b4-4a75-bb2a-69c7716d82db', 'Đừng Nhìn Lại', '2014-08-31', 'ep', NOW(), NOW()),
('4d5ff48f-bf7d-4f4b-ae7d-c27b565ca109', 'Gạt Đi Nước Mắt', '2014-08-27', 'ep', NOW(), NOW()),
('5aeb648d-5a58-4936-b168-1ed486b51d76', 'Mashup Mãi mãi bên nhau / Như phút ban đầu (Live)', '2014-01-01', 'single', NOW(), NOW()),
('274f744e-5e93-485f-8900-85e20e23bfcf', 'Em Sẽ Hạnh Phúc', '2013-09-11', 'ep', NOW(), NOW()),
('f2f7ee2c-b525-4bee-b3fe-aaba01e946a1', 'Tìm Em Trong Ký Ức', '2013-06-30', 'ep', NOW(), NOW()),
('1ab441ca-e10a-42f8-8296-26d5ddaed316', 'Chờ Ngày Mưa Tan', '2013-01-20', 'ep', NOW(), NOW()),
('679aea4f-9023-4d37-9955-c8cdccee1855', 'Chờ Ngày Mưa Tan', '2012-11-24', 'ep', NOW(), NOW()),
('52d20de4-e0e1-4c1c-81e1-632a6dc1e423', 'Xin Lỗi Em', '2012-07-13', 'single', NOW(), NOW()),
('fe3942ab-fa53-4561-a772-8efa4ded265d', 'Nỗi Nhớ Đầy Vơi', '2011-04-29', 'ep', NOW(), NOW()),
('e18cd49e-a32d-4a98-aa49-d04a10cd5ec0', 'Đổi Thay', '2010-01-01', 'ep', NOW(), NOW()),
('f8c0dc89-63c3-443b-bd3d-b0933e6a609d', 'cơn mưa băng giá (Live)', '2006-01-01', 'single', NOW(), NOW()),
('64b6cd7b-e928-4293-b368-3164b54daed2', 'Tôi Là Một Ngôi Sao (original)', '2000-01-01', 'ep', NOW(), NOW()),
('0c6eaf42-136c-48a2-9cba-ef5a11daa80f', 'Dream Team (original)', '2000-01-01', 'single', NOW(), NOW());



INSERT INTO "AlbumImage" ("albumId", "image", "size", "createdAt", "updatedAt") VALUES
('f0b94889-132b-4b38-98d1-a7142948813d',  'https://i.scdn.co/image/ab67616d0000b273cdd7caad8dc8c6afa51c4e81', '640', NOW(), NOW()),
('f0b94889-132b-4b38-98d1-a7142948813d',  'https://i.scdn.co/image/ab67616d00001e02cdd7caad8dc8c6afa51c4e81', '300', NOW(), NOW()),
('f0b94889-132b-4b38-98d1-a7142948813d',  'https://i.scdn.co/image/ab67616d00004851cdd7caad8dc8c6afa51c4e81', '64', NOW(), NOW()),
('3fcee542-fb91-4bc7-a5ad-60901869281c',  'https://i.scdn.co/image/ab67616d0000b2738ea0619c5ba99589e4fbe05d', '640', NOW(), NOW()),
('3fcee542-fb91-4bc7-a5ad-60901869281c',  'https://i.scdn.co/image/ab67616d00001e028ea0619c5ba99589e4fbe05d', '300', NOW(), NOW()),
('3fcee542-fb91-4bc7-a5ad-60901869281c',  'https://i.scdn.co/image/ab67616d000048518ea0619c5ba99589e4fbe05d', '64', NOW(), NOW()),
('1f6ad61b-4939-4437-8cba-1585c35233ab',  'https://i.scdn.co/image/ab67616d0000b273519456488628ff3b3590bccb', '640', NOW(), NOW()),
('1f6ad61b-4939-4437-8cba-1585c35233ab',  'https://i.scdn.co/image/ab67616d00001e02519456488628ff3b3590bccb', '300', NOW(), NOW()),
('1f6ad61b-4939-4437-8cba-1585c35233ab',  'https://i.scdn.co/image/ab67616d00004851519456488628ff3b3590bccb', '64', NOW(), NOW()),
('b09cda40-5cae-4d98-99a2-3ba34578284d',  'https://i.scdn.co/image/ab67616d0000b273ea0b19f0edfe13e9c8db225e', '640', NOW(), NOW()),
('b09cda40-5cae-4d98-99a2-3ba34578284d',  'https://i.scdn.co/image/ab67616d00001e02ea0b19f0edfe13e9c8db225e', '300', NOW(), NOW()),
('b09cda40-5cae-4d98-99a2-3ba34578284d',  'https://i.scdn.co/image/ab67616d00004851ea0b19f0edfe13e9c8db225e', '64', NOW(), NOW()),
('93483ecf-4306-41c3-a806-23b83ef5c631',  'https://i.scdn.co/image/ab67616d0000b273f32b80e585f8d100303adeb7', '640', NOW(), NOW()),
('93483ecf-4306-41c3-a806-23b83ef5c631',  'https://i.scdn.co/image/ab67616d00001e02f32b80e585f8d100303adeb7', '300', NOW(), NOW()),
('93483ecf-4306-41c3-a806-23b83ef5c631',  'https://i.scdn.co/image/ab67616d00004851f32b80e585f8d100303adeb7', '64', NOW(), NOW()),
('ce33f3d5-6fff-455e-9fd8-c07beb94b86b',  'https://i.scdn.co/image/ab67616d0000b27357493c2448466319bf7963cf', '640', NOW(), NOW()),
('ce33f3d5-6fff-455e-9fd8-c07beb94b86b',  'https://i.scdn.co/image/ab67616d00001e0257493c2448466319bf7963cf', '300', NOW(), NOW()),
('ce33f3d5-6fff-455e-9fd8-c07beb94b86b',  'https://i.scdn.co/image/ab67616d0000485157493c2448466319bf7963cf', '64', NOW(), NOW()),
('d187cf93-df62-4bde-80cd-5369e1f95c77',  'https://i.scdn.co/image/ab67616d0000b27327bce6d7c44f4589381917b8', '640', NOW(), NOW()),
('d187cf93-df62-4bde-80cd-5369e1f95c77',  'https://i.scdn.co/image/ab67616d00001e0227bce6d7c44f4589381917b8', '300', NOW(), NOW()),
('d187cf93-df62-4bde-80cd-5369e1f95c77',  'https://i.scdn.co/image/ab67616d0000485127bce6d7c44f4589381917b8', '64', NOW(), NOW()),
('f22f9460-a8fe-467a-9464-d55270167e63',  'https://i.scdn.co/image/ab67616d0000b2738ec7e0a96953a18469fc675a', '640', NOW(), NOW()),
('f22f9460-a8fe-467a-9464-d55270167e63',  'https://i.scdn.co/image/ab67616d00001e028ec7e0a96953a18469fc675a', '300', NOW(), NOW()),
('f22f9460-a8fe-467a-9464-d55270167e63',  'https://i.scdn.co/image/ab67616d000048518ec7e0a96953a18469fc675a', '64', NOW(), NOW()),
('688d1db4-10cb-4d77-bfd5-d125f9a7c6f6',  'https://i.scdn.co/image/ab67616d0000b2732ce10a105ddd4509197bd7d7', '640', NOW(), NOW()),
('688d1db4-10cb-4d77-bfd5-d125f9a7c6f6',  'https://i.scdn.co/image/ab67616d00001e022ce10a105ddd4509197bd7d7', '300', NOW(), NOW()),
('688d1db4-10cb-4d77-bfd5-d125f9a7c6f6',  'https://i.scdn.co/image/ab67616d000048512ce10a105ddd4509197bd7d7', '64', NOW(), NOW()),
('8ec9044d-d784-4989-b6fc-0751bb2a3422',  'https://i.scdn.co/image/ab67616d0000b273066a01e64ac08700caec0377', '640', NOW(), NOW()),
('8ec9044d-d784-4989-b6fc-0751bb2a3422',  'https://i.scdn.co/image/ab67616d00001e02066a01e64ac08700caec0377', '300', NOW(), NOW()),
('8ec9044d-d784-4989-b6fc-0751bb2a3422',  'https://i.scdn.co/image/ab67616d00004851066a01e64ac08700caec0377', '64', NOW(), NOW()),
('2ddb6a9f-ff71-4c69-b972-9934ac18a517',  'https://i.scdn.co/image/ab67616d0000b2732054be11208ba3cb9cebf625', '640', NOW(), NOW()),
('2ddb6a9f-ff71-4c69-b972-9934ac18a517',  'https://i.scdn.co/image/ab67616d00001e022054be11208ba3cb9cebf625', '300', NOW(), NOW()),
('2ddb6a9f-ff71-4c69-b972-9934ac18a517',  'https://i.scdn.co/image/ab67616d000048512054be11208ba3cb9cebf625', '64', NOW(), NOW()),
('ed320031-1150-412c-86cf-d36ceb425489',  'https://i.scdn.co/image/ab67616d0000b273ed643180191f80e067c0e98b', '640', NOW(), NOW()),
('ed320031-1150-412c-86cf-d36ceb425489',  'https://i.scdn.co/image/ab67616d00001e02ed643180191f80e067c0e98b', '300', NOW(), NOW()),
('ed320031-1150-412c-86cf-d36ceb425489',  'https://i.scdn.co/image/ab67616d00004851ed643180191f80e067c0e98b', '64', NOW(), NOW()),
('db07fcda-4c48-4688-a3bd-532e9c9dd5e0',  'https://i.scdn.co/image/ab67616d0000b27343746147562a3710b97d0e7b', '640', NOW(), NOW()),
('db07fcda-4c48-4688-a3bd-532e9c9dd5e0',  'https://i.scdn.co/image/ab67616d00001e0243746147562a3710b97d0e7b', '300', NOW(), NOW()),
('db07fcda-4c48-4688-a3bd-532e9c9dd5e0',  'https://i.scdn.co/image/ab67616d0000485143746147562a3710b97d0e7b', '64', NOW(), NOW()),
('f79f9dbb-17fc-4c22-8f0a-29f850248607',  'https://i.scdn.co/image/ab67616d0000b27348a9b05040e4b156ef2cbc04', '640', NOW(), NOW()),
('f79f9dbb-17fc-4c22-8f0a-29f850248607',  'https://i.scdn.co/image/ab67616d00001e0248a9b05040e4b156ef2cbc04', '300', NOW(), NOW()),
('f79f9dbb-17fc-4c22-8f0a-29f850248607',  'https://i.scdn.co/image/ab67616d0000485148a9b05040e4b156ef2cbc04', '64', NOW(), NOW()),
('4beab81d-9b80-49f8-9141-bbcd2f38d9c4',  'https://i.scdn.co/image/ab67616d0000b2734b035ec85a23c59b1e4b997e', '640', NOW(), NOW()),
('4beab81d-9b80-49f8-9141-bbcd2f38d9c4',  'https://i.scdn.co/image/ab67616d00001e024b035ec85a23c59b1e4b997e', '300', NOW(), NOW()),
('4beab81d-9b80-49f8-9141-bbcd2f38d9c4',  'https://i.scdn.co/image/ab67616d000048514b035ec85a23c59b1e4b997e', '64', NOW(), NOW()),
('9230768f-6022-4e3f-8923-1ee6714190a4',  'https://i.scdn.co/image/ab67616d0000b27355ac3206384dbb0cb7bffd2a', '640', NOW(), NOW()),
('9230768f-6022-4e3f-8923-1ee6714190a4',  'https://i.scdn.co/image/ab67616d00001e0255ac3206384dbb0cb7bffd2a', '300', NOW(), NOW()),
('9230768f-6022-4e3f-8923-1ee6714190a4',  'https://i.scdn.co/image/ab67616d0000485155ac3206384dbb0cb7bffd2a', '64', NOW(), NOW()),
('689f0f21-9306-4ffb-8506-56117417ff89',  'https://i.scdn.co/image/ab67616d0000b273841c137f6eaf6f3f7d39a606', '640', NOW(), NOW()),
('689f0f21-9306-4ffb-8506-56117417ff89',  'https://i.scdn.co/image/ab67616d00001e02841c137f6eaf6f3f7d39a606', '300', NOW(), NOW()),
('689f0f21-9306-4ffb-8506-56117417ff89',  'https://i.scdn.co/image/ab67616d00004851841c137f6eaf6f3f7d39a606', '64', NOW(), NOW()),
('b1ad9358-ed8b-439d-b35a-fc5aa82fd420',  'https://i.scdn.co/image/ab67616d0000b273ba41d3addc297d765bd337eb', '640', NOW(), NOW()),
('b1ad9358-ed8b-439d-b35a-fc5aa82fd420',  'https://i.scdn.co/image/ab67616d00001e02ba41d3addc297d765bd337eb', '300', NOW(), NOW()),
('b1ad9358-ed8b-439d-b35a-fc5aa82fd420',  'https://i.scdn.co/image/ab67616d00004851ba41d3addc297d765bd337eb', '64', NOW(), NOW()),
('f8e9cce2-fe43-403f-800f-5574564ee22a',  'https://i.scdn.co/image/ab67616d0000b273818cbb55fedd72dbd1a3daf5', '640', NOW(), NOW()),
('f8e9cce2-fe43-403f-800f-5574564ee22a',  'https://i.scdn.co/image/ab67616d00001e02818cbb55fedd72dbd1a3daf5', '300', NOW(), NOW()),
('f8e9cce2-fe43-403f-800f-5574564ee22a',  'https://i.scdn.co/image/ab67616d00004851818cbb55fedd72dbd1a3daf5', '64', NOW(), NOW()),
('d04c5973-d31b-4429-a6a5-57edcbadbfd5',  'https://i.scdn.co/image/ab67616d0000b2739c9bfa3c3ffdbe7b8cf35c1f', '640', NOW(), NOW()),
('d04c5973-d31b-4429-a6a5-57edcbadbfd5',  'https://i.scdn.co/image/ab67616d00001e029c9bfa3c3ffdbe7b8cf35c1f', '300', NOW(), NOW()),
('d04c5973-d31b-4429-a6a5-57edcbadbfd5',  'https://i.scdn.co/image/ab67616d000048519c9bfa3c3ffdbe7b8cf35c1f', '64', NOW(), NOW()),
('cff5a888-7a58-4bec-9095-b6b8a820b5de',  'https://i.scdn.co/image/ab67616d0000b27305d668f65cc17df65bf9b6d4', '640', NOW(), NOW()),
('cff5a888-7a58-4bec-9095-b6b8a820b5de',  'https://i.scdn.co/image/ab67616d00001e0205d668f65cc17df65bf9b6d4', '300', NOW(), NOW()),
('cff5a888-7a58-4bec-9095-b6b8a820b5de',  'https://i.scdn.co/image/ab67616d0000485105d668f65cc17df65bf9b6d4', '64', NOW(), NOW()),
('943bcf12-45a8-4751-abd5-603efdacbddf',  'https://i.scdn.co/image/ab67616d0000b273075f382f849f8a7f84a5bff9', '640', NOW(), NOW()),
('943bcf12-45a8-4751-abd5-603efdacbddf',  'https://i.scdn.co/image/ab67616d00001e02075f382f849f8a7f84a5bff9', '300', NOW(), NOW()),
('943bcf12-45a8-4751-abd5-603efdacbddf',  'https://i.scdn.co/image/ab67616d00004851075f382f849f8a7f84a5bff9', '64', NOW(), NOW()),
('abd927e6-ca6f-4fb2-a11a-4485905d3bea',  'https://i.scdn.co/image/ab67616d0000b2735ab7c5698ee563831026dcfa', '640', NOW(), NOW()),
('abd927e6-ca6f-4fb2-a11a-4485905d3bea',  'https://i.scdn.co/image/ab67616d00001e025ab7c5698ee563831026dcfa', '300', NOW(), NOW()),
('abd927e6-ca6f-4fb2-a11a-4485905d3bea',  'https://i.scdn.co/image/ab67616d000048515ab7c5698ee563831026dcfa', '64', NOW(), NOW()),
('8b70489c-8c98-472f-838c-a7be9894e4c8',  'https://i.scdn.co/image/ab67616d0000b27343c3bb2f67484ef872f0cd23', '640', NOW(), NOW()),
('8b70489c-8c98-472f-838c-a7be9894e4c8',  'https://i.scdn.co/image/ab67616d00001e0243c3bb2f67484ef872f0cd23', '300', NOW(), NOW()),
('8b70489c-8c98-472f-838c-a7be9894e4c8',  'https://i.scdn.co/image/ab67616d0000485143c3bb2f67484ef872f0cd23', '64', NOW(), NOW()),
('a033c82a-b3c2-4f57-9255-72516a4e39ad',  'https://i.scdn.co/image/ab67616d0000b2731f023fc106426cdbdb4d2b01', '640', NOW(), NOW()),
('a033c82a-b3c2-4f57-9255-72516a4e39ad',  'https://i.scdn.co/image/ab67616d00001e021f023fc106426cdbdb4d2b01', '300', NOW(), NOW()),
('a033c82a-b3c2-4f57-9255-72516a4e39ad',  'https://i.scdn.co/image/ab67616d000048511f023fc106426cdbdb4d2b01', '64', NOW(), NOW()),
('10dde390-be5a-4041-b4c1-9798a0cab887',  'https://i.scdn.co/image/ab67616d0000b2738a5ce08082b3cdcccc704c01', '640', NOW(), NOW()),
('10dde390-be5a-4041-b4c1-9798a0cab887',  'https://i.scdn.co/image/ab67616d00001e028a5ce08082b3cdcccc704c01', '300', NOW(), NOW()),
('10dde390-be5a-4041-b4c1-9798a0cab887',  'https://i.scdn.co/image/ab67616d000048518a5ce08082b3cdcccc704c01', '64', NOW(), NOW()),
('3d491258-69f3-43b0-8465-b694c9400a02',  'https://i.scdn.co/image/ab67616d0000b273d695275db90bb8729ede2cef', '640', NOW(), NOW()),
('3d491258-69f3-43b0-8465-b694c9400a02',  'https://i.scdn.co/image/ab67616d00001e02d695275db90bb8729ede2cef', '300', NOW(), NOW()),
('3d491258-69f3-43b0-8465-b694c9400a02',  'https://i.scdn.co/image/ab67616d00004851d695275db90bb8729ede2cef', '64', NOW(), NOW()),
('b9bede79-3e0a-435c-9a31-165b3c309963',  'https://i.scdn.co/image/ab67616d0000b273a6bb4f86eb948cdad0de09b8', '640', NOW(), NOW()),
('b9bede79-3e0a-435c-9a31-165b3c309963',  'https://i.scdn.co/image/ab67616d00001e02a6bb4f86eb948cdad0de09b8', '300', NOW(), NOW()),
('b9bede79-3e0a-435c-9a31-165b3c309963',  'https://i.scdn.co/image/ab67616d00004851a6bb4f86eb948cdad0de09b8', '64', NOW(), NOW()),
('c69f5d80-66de-482b-abaa-9c41b169572f',  'https://i.scdn.co/image/ab67616d0000b2739dbea4e3b121e4e6c70817c0', '640', NOW(), NOW()),
('c69f5d80-66de-482b-abaa-9c41b169572f',  'https://i.scdn.co/image/ab67616d00001e029dbea4e3b121e4e6c70817c0', '300', NOW(), NOW()),
('c69f5d80-66de-482b-abaa-9c41b169572f',  'https://i.scdn.co/image/ab67616d000048519dbea4e3b121e4e6c70817c0', '64', NOW(), NOW()),
('90d0f73c-c485-4261-860d-9850e4ba34a3',  'https://i.scdn.co/image/ab67616d0000b2730d6dacb5ccd1b6b4987b422f', '640', NOW(), NOW()),
('90d0f73c-c485-4261-860d-9850e4ba34a3',  'https://i.scdn.co/image/ab67616d00001e020d6dacb5ccd1b6b4987b422f', '300', NOW(), NOW()),
('90d0f73c-c485-4261-860d-9850e4ba34a3',  'https://i.scdn.co/image/ab67616d000048510d6dacb5ccd1b6b4987b422f', '64', NOW(), NOW()),
('c2d41720-b24a-4140-b352-1d0799d75bf2',  'https://i.scdn.co/image/ab67616d0000b273db7fc5765e4b8d6abde608c9', '640', NOW(), NOW()),
('c2d41720-b24a-4140-b352-1d0799d75bf2',  'https://i.scdn.co/image/ab67616d00001e02db7fc5765e4b8d6abde608c9', '300', NOW(), NOW()),
('c2d41720-b24a-4140-b352-1d0799d75bf2',  'https://i.scdn.co/image/ab67616d00004851db7fc5765e4b8d6abde608c9', '64', NOW(), NOW()),
('da9b19ab-bf65-46b1-890d-66fc3191abb7',  'https://i.scdn.co/image/ab67616d0000b273c583d076d07f9fe4680f50c2', '640', NOW(), NOW()),
('da9b19ab-bf65-46b1-890d-66fc3191abb7',  'https://i.scdn.co/image/ab67616d00001e02c583d076d07f9fe4680f50c2', '300', NOW(), NOW()),
('da9b19ab-bf65-46b1-890d-66fc3191abb7',  'https://i.scdn.co/image/ab67616d00004851c583d076d07f9fe4680f50c2', '64', NOW(), NOW()),
('beb1b1c4-08d4-43b8-93ec-371459633f3e',  'https://i.scdn.co/image/ab67616d0000b27328dd181020f2596bbd8889e2', '640', NOW(), NOW()),
('beb1b1c4-08d4-43b8-93ec-371459633f3e',  'https://i.scdn.co/image/ab67616d00001e0228dd181020f2596bbd8889e2', '300', NOW(), NOW()),
('beb1b1c4-08d4-43b8-93ec-371459633f3e',  'https://i.scdn.co/image/ab67616d0000485128dd181020f2596bbd8889e2', '64', NOW(), NOW()),
('8b3abffe-ed45-4f19-810c-35eb4a875657',  'https://i.scdn.co/image/ab67616d0000b273d8581e4de28c4e1a9b1b0a6a', '640', NOW(), NOW()),
('8b3abffe-ed45-4f19-810c-35eb4a875657',  'https://i.scdn.co/image/ab67616d00001e02d8581e4de28c4e1a9b1b0a6a', '300', NOW(), NOW()),
('8b3abffe-ed45-4f19-810c-35eb4a875657',  'https://i.scdn.co/image/ab67616d00004851d8581e4de28c4e1a9b1b0a6a', '64', NOW(), NOW()),
('0ebeaf45-7789-43b5-b324-b600087137ed',  'https://i.scdn.co/image/ab67616d0000b273625a3fcc85a348a4831f345a', '640', NOW(), NOW()),
('0ebeaf45-7789-43b5-b324-b600087137ed',  'https://i.scdn.co/image/ab67616d00001e02625a3fcc85a348a4831f345a', '300', NOW(), NOW()),
('0ebeaf45-7789-43b5-b324-b600087137ed',  'https://i.scdn.co/image/ab67616d00004851625a3fcc85a348a4831f345a', '64', NOW(), NOW()),
('ee168b36-0b26-4d73-bc8e-86326f7fbd18',  'https://i.scdn.co/image/ab67616d0000b273f899d808931dc90aa665c59e', '640', NOW(), NOW()),
('ee168b36-0b26-4d73-bc8e-86326f7fbd18',  'https://i.scdn.co/image/ab67616d00001e02f899d808931dc90aa665c59e', '300', NOW(), NOW()),
('ee168b36-0b26-4d73-bc8e-86326f7fbd18',  'https://i.scdn.co/image/ab67616d00004851f899d808931dc90aa665c59e', '64', NOW(), NOW()),
('36bf3019-c515-49b1-a201-aad883f283c7',  'https://i.scdn.co/image/ab67616d0000b27339135cdd017bd6ba974064d1', '640', NOW(), NOW()),
('36bf3019-c515-49b1-a201-aad883f283c7',  'https://i.scdn.co/image/ab67616d00001e0239135cdd017bd6ba974064d1', '300', NOW(), NOW()),
('36bf3019-c515-49b1-a201-aad883f283c7',  'https://i.scdn.co/image/ab67616d0000485139135cdd017bd6ba974064d1', '64', NOW(), NOW()),
('694a45cf-2932-41db-a74a-b6a314fc47d3',  'https://i.scdn.co/image/ab67616d0000b273d1b164533f953f42fd6db561', '640', NOW(), NOW()),
('694a45cf-2932-41db-a74a-b6a314fc47d3',  'https://i.scdn.co/image/ab67616d00001e02d1b164533f953f42fd6db561', '300', NOW(), NOW()),
('694a45cf-2932-41db-a74a-b6a314fc47d3',  'https://i.scdn.co/image/ab67616d00004851d1b164533f953f42fd6db561', '64', NOW(), NOW()),
('6a44b236-2c4d-4506-a49f-9e3219518d51',  'https://i.scdn.co/image/ab67616d0000b273979dad9120568fdc044ce499', '640', NOW(), NOW()),
('6a44b236-2c4d-4506-a49f-9e3219518d51',  'https://i.scdn.co/image/ab67616d00001e02979dad9120568fdc044ce499', '300', NOW(), NOW()),
('6a44b236-2c4d-4506-a49f-9e3219518d51',  'https://i.scdn.co/image/ab67616d00004851979dad9120568fdc044ce499', '64', NOW(), NOW()),
('00983f78-ba95-42ed-9102-625edf0a5bee',  'https://i.scdn.co/image/ab67616d0000b27313fe175754c7f08045c9ca33', '640', NOW(), NOW()),
('00983f78-ba95-42ed-9102-625edf0a5bee',  'https://i.scdn.co/image/ab67616d00001e0213fe175754c7f08045c9ca33', '300', NOW(), NOW()),
('00983f78-ba95-42ed-9102-625edf0a5bee',  'https://i.scdn.co/image/ab67616d0000485113fe175754c7f08045c9ca33', '64', NOW(), NOW()),
('c1cffe37-e2b3-43ec-aed9-33bba50f864b',  'https://i.scdn.co/image/ab67616d0000b27358c592ba8950aa509a838fa6', '640', NOW(), NOW()),
('c1cffe37-e2b3-43ec-aed9-33bba50f864b',  'https://i.scdn.co/image/ab67616d00001e0258c592ba8950aa509a838fa6', '300', NOW(), NOW()),
('c1cffe37-e2b3-43ec-aed9-33bba50f864b',  'https://i.scdn.co/image/ab67616d0000485158c592ba8950aa509a838fa6', '64', NOW(), NOW()),
('3f835ba2-960c-42f1-9b94-fc10a2ed7781',  'https://i.scdn.co/image/ab67616d0000b273488c49f8c776ab106853f58e', '640', NOW(), NOW()),
('3f835ba2-960c-42f1-9b94-fc10a2ed7781',  'https://i.scdn.co/image/ab67616d00001e02488c49f8c776ab106853f58e', '300', NOW(), NOW()),
('3f835ba2-960c-42f1-9b94-fc10a2ed7781',  'https://i.scdn.co/image/ab67616d00004851488c49f8c776ab106853f58e', '64', NOW(), NOW()),
('36fabd95-bf9f-47e8-8537-92095e9eaf62',  'https://i.scdn.co/image/ab67616d0000b273100e0fb26ce43fd0e879911c', '640', NOW(), NOW()),
('36fabd95-bf9f-47e8-8537-92095e9eaf62',  'https://i.scdn.co/image/ab67616d00001e02100e0fb26ce43fd0e879911c', '300', NOW(), NOW()),
('36fabd95-bf9f-47e8-8537-92095e9eaf62',  'https://i.scdn.co/image/ab67616d00004851100e0fb26ce43fd0e879911c', '64', NOW(), NOW()),
('94b70d71-ac64-4229-bd94-5e41b4421109',  'https://i.scdn.co/image/ab67616d0000b273022e02ff3a56b7d9af7f8d79', '640', NOW(), NOW()),
('94b70d71-ac64-4229-bd94-5e41b4421109',  'https://i.scdn.co/image/ab67616d00001e02022e02ff3a56b7d9af7f8d79', '300', NOW(), NOW()),
('94b70d71-ac64-4229-bd94-5e41b4421109',  'https://i.scdn.co/image/ab67616d00004851022e02ff3a56b7d9af7f8d79', '64', NOW(), NOW()),
('c50e56c5-5de2-4a42-a73c-246efb3fc00e',  'https://i.scdn.co/image/ab67616d0000b273a4fe787c7715c91b3da66c21', '640', NOW(), NOW()),
('c50e56c5-5de2-4a42-a73c-246efb3fc00e',  'https://i.scdn.co/image/ab67616d00001e02a4fe787c7715c91b3da66c21', '300', NOW(), NOW()),
('c50e56c5-5de2-4a42-a73c-246efb3fc00e',  'https://i.scdn.co/image/ab67616d00004851a4fe787c7715c91b3da66c21', '64', NOW(), NOW()),
('9b631ca9-030a-4a88-89b8-eb5804055fa1',  'https://i.scdn.co/image/ab67616d0000b2731c7336df97e3521cf06ded04', '640', NOW(), NOW()),
('9b631ca9-030a-4a88-89b8-eb5804055fa1',  'https://i.scdn.co/image/ab67616d00001e021c7336df97e3521cf06ded04', '300', NOW(), NOW()),
('9b631ca9-030a-4a88-89b8-eb5804055fa1',  'https://i.scdn.co/image/ab67616d000048511c7336df97e3521cf06ded04', '64', NOW(), NOW()),
('d3819aa8-a957-497a-8b9e-b324dc0117b9',  'https://i.scdn.co/image/ab67616d0000b273be3a4ca848c7f860a63de06b', '640', NOW(), NOW()),
('d3819aa8-a957-497a-8b9e-b324dc0117b9',  'https://i.scdn.co/image/ab67616d00001e02be3a4ca848c7f860a63de06b', '300', NOW(), NOW()),
('d3819aa8-a957-497a-8b9e-b324dc0117b9',  'https://i.scdn.co/image/ab67616d00004851be3a4ca848c7f860a63de06b', '64', NOW(), NOW()),
('6ef7175b-46cb-487a-bd32-9431612870eb',  'https://i.scdn.co/image/ab67616d0000b2734ab5dfa56ce3887584d44831', '640', NOW(), NOW()),
('6ef7175b-46cb-487a-bd32-9431612870eb',  'https://i.scdn.co/image/ab67616d00001e024ab5dfa56ce3887584d44831', '300', NOW(), NOW()),
('6ef7175b-46cb-487a-bd32-9431612870eb',  'https://i.scdn.co/image/ab67616d000048514ab5dfa56ce3887584d44831', '64', NOW(), NOW()),
('525476ab-8c71-49c8-be38-fdfc3cd605c7',  'https://i.scdn.co/image/ab67616d0000b2735e75d3c6e6361b6104cd8b4d', '640', NOW(), NOW()),
('525476ab-8c71-49c8-be38-fdfc3cd605c7',  'https://i.scdn.co/image/ab67616d00001e025e75d3c6e6361b6104cd8b4d', '300', NOW(), NOW()),
('525476ab-8c71-49c8-be38-fdfc3cd605c7',  'https://i.scdn.co/image/ab67616d000048515e75d3c6e6361b6104cd8b4d', '64', NOW(), NOW()),
('4a81b458-8557-490e-9e89-db851e880e1f',  'https://i.scdn.co/image/ab67616d0000b2731aab77bd012a593da03bb74b', '640', NOW(), NOW()),
('4a81b458-8557-490e-9e89-db851e880e1f',  'https://i.scdn.co/image/ab67616d00001e021aab77bd012a593da03bb74b', '300', NOW(), NOW()),
('4a81b458-8557-490e-9e89-db851e880e1f',  'https://i.scdn.co/image/ab67616d000048511aab77bd012a593da03bb74b', '64', NOW(), NOW()),
('2519a811-ad1e-4ab5-97aa-50e0dd33fea7',  'https://i.scdn.co/image/ab67616d0000b27350e9887cb08c5e92667c603b', '300', NOW(), NOW()),
('a6f62bee-d761-4436-861d-f2e27419edc4',  'https://i.scdn.co/image/ab67616d0000b273459d8bfefb3c4ddc0b77f54b', '300', NOW(), NOW()),
('17dae875-cedd-4a6f-8417-ce5f3a2bcf2c',  'https://i.scdn.co/image/ab67616d0000b27311d007bb1ce7a90032b9e6e0', '300', NOW(), NOW()),
('62ebdbc7-a2b4-4a75-bb2a-69c7716d82db',  'https://i.scdn.co/image/ab67616d0000b273ae2294e105792f17116eb588', '300', NOW(), NOW()),
('4d5ff48f-bf7d-4f4b-ae7d-c27b565ca109',  'https://i.scdn.co/image/ab67616d0000b27327b11732582fc33ff5893021', '300', NOW(), NOW()),
('5aeb648d-5a58-4936-b168-1ed486b51d76',  'https://i.scdn.co/image/ab67616d0000b27309e29b5b89874271375ed6d7', '300', NOW(), NOW()),
('274f744e-5e93-485f-8900-85e20e23bfcf',  'https://i.scdn.co/image/ab67616d0000b27342c4b8f3104caa57bd2de76f', '300', NOW(), NOW()),
('f2f7ee2c-b525-4bee-b3fe-aaba01e946a1',  'https://i.scdn.co/image/ab67616d0000b273a2a178bc95723cde246dd103', '300', NOW(), NOW()),
('1ab441ca-e10a-42f8-8296-26d5ddaed316',  'https://i.scdn.co/image/ab67616d0000b2735e9a1eff34c63209a831cf41', '300', NOW(), NOW()),
('679aea4f-9023-4d37-9955-c8cdccee1855',  'https://i.scdn.co/image/ab67616d0000b2739bc3a217e453f55731b9814d', '300', NOW(), NOW()),
('52d20de4-e0e1-4c1c-81e1-632a6dc1e423',  'https://i.scdn.co/image/ab67616d0000b273758f6841a4a2d86a4f16e40a', '300', NOW(), NOW()),
('fe3942ab-fa53-4561-a772-8efa4ded265d',  'https://i.scdn.co/image/ab67616d0000b273b54da29c9574a01cbc1e279f', '300', NOW(), NOW()),
('e18cd49e-a32d-4a98-aa49-d04a10cd5ec0',  'https://i.scdn.co/image/ab67616d0000b27360cc7a4d870aa490db7c1e6a', '300', NOW(), NOW()),
('f8c0dc89-63c3-443b-bd3d-b0933e6a609d',  'https://i.scdn.co/image/ab67616d0000b273a3af48be414b30ad742a1534', '300', NOW(), NOW()),
('64b6cd7b-e928-4293-b368-3164b54daed2',  'https://i.scdn.co/image/ab67616d0000b2730e80c464fbec55d2c2bdd3d9', '300', NOW(), NOW()),
('0c6eaf42-136c-48a2-9cba-ef5a11daa80f',  'https://i.scdn.co/image/ab67616d0000b2737068feb012ae2d35400e149c', '300', NOW(), NOW());



INSERT INTO "Song" ("id", "albumId", "title", "duration", "lyric", "filePathAudio", "privacy", "uploadUserId", "releaseDate", "createdAt", "updatedAt") VALUES
('1c1f92af-fed1-4c72-b890-dec847d13e4f', 'f0b94889-132b-4b38-98d1-a7142948813d', 'Ngày mai em đi', '189242', 'lyric', 'nan', FALSE, Null, '2018-01-01', NOW(), NOW()),
('9a492d9d-a6a8-43af-a11f-d427fadd38f2', 'f0b94889-132b-4b38-98d1-a7142948813d', 'Lặng thầm một tình yêu', '288020', 'lyric', 'nan', FALSE, Null, '2018-01-01', NOW(), NOW()),
('f75f6e07-21ce-46a0-8f75-63c9bf980429', 'f0b94889-132b-4b38-98d1-a7142948813d', 'Tìm lại giấc mơ', '246015', 'lyric', 'nan', FALSE, Null, '2018-01-01', NOW(), NOW()),
('e5db4c4a-880a-41b2-95c0-456fb2a1080f', 'f0b94889-132b-4b38-98d1-a7142948813d', 'Em ơi Hà Nội phố', '271975', 'lyric', 'nan', FALSE, Null, '2018-01-01', NOW(), NOW()),
('a23115f6-5cb9-4e25-b12a-d818dcc9e8fe', 'f0b94889-132b-4b38-98d1-a7142948813d', 'Để nhớ một thời ta đã yêu', '319018', 'lyric', 'nan', FALSE, Null, '2018-01-01', NOW(), NOW()),
('9b686983-bf0e-4566-a566-d946203fe31b', 'f0b94889-132b-4b38-98d1-a7142948813d', 'Như đã dấu yêu', '233407', 'lyric', 'nan', FALSE, Null, '2018-01-01', NOW(), NOW()),
('2a57f866-4de6-43eb-8640-b2aaa0aa17e5', 'f0b94889-132b-4b38-98d1-a7142948813d', 'Anh còn nợ em', '343214', 'lyric', 'nan', FALSE, Null, '2018-01-01', NOW(), NOW()),
('ea191530-46f4-4079-9040-db2209703316', 'f0b94889-132b-4b38-98d1-a7142948813d', 'Đừng đi', '278778', 'lyric', 'nan', FALSE, Null, '2018-01-01', NOW(), NOW()),
('7ea21b36-98c3-4b91-807c-20c9b5fc2100', 'f0b94889-132b-4b38-98d1-a7142948813d', 'Niềm đau chôn dấu', '358260', 'lyric', 'nan', FALSE, Null, '2018-01-01', NOW(), NOW()),
('30679dfc-54a8-4692-a598-f8895bcbbd8e', 'f0b94889-132b-4b38-98d1-a7142948813d', 'Những lời mê hoặc', '331906', 'lyric', 'nan', FALSE, Null, '2018-01-01', NOW(), NOW()),
('55935fab-6a61-4c74-9aa6-e8bd51616a00', 'f0b94889-132b-4b38-98d1-a7142948813d', 'Khi mình yêu', '174846', 'lyric', 'nan', FALSE, Null, '2018-01-01', NOW(), NOW()),
('e51a9072-5368-47f6-b376-2ef9b76a77bc', 'f0b94889-132b-4b38-98d1-a7142948813d', 'Gửi người yêu cũ', '283585', 'lyric', 'nan', FALSE, Null, '2018-01-01', NOW(), NOW()),
('0f34961f-948c-4f03-8860-e5a1ce6b4ecf', 'f0b94889-132b-4b38-98d1-a7142948813d', 'LK Đành như thế thôi', '545367', 'lyric', 'nan', FALSE, Null, '2018-01-01', NOW(), NOW()),
('77fd2c2e-8d18-4316-a7ac-dae8a0f01013', 'f0b94889-132b-4b38-98d1-a7142948813d', 'LK: Giấc mơ chỉ là giấc mơ - Đêm nghe tiếng mưa - Yêu thương mong manh', '604554', 'lyric', 'nan', FALSE, Null, '2018-01-01', NOW(), NOW()),
('05ac0ec7-de9f-44af-9571-074e56995796', 'f0b94889-132b-4b38-98d1-a7142948813d', 'LK: Một lần cuối thôi - Hãy nói với em - Sao ta lặng im', '374979', 'lyric', 'nan', FALSE, Null, '2018-01-01', NOW(), NOW()),
('6b91be8d-60a6-4cae-9fc3-dc5948cc1ced', 'f0b94889-132b-4b38-98d1-a7142948813d', 'Tội lỗi', '284421', 'lyric', 'nan', FALSE, Null, '2018-01-01', NOW(), NOW()),
('73f2d6d5-e602-41c4-b4d4-3ac4ccf21c2b', 'f0b94889-132b-4b38-98d1-a7142948813d', 'LK: Xa em - Nỗi nhớ đầy vơi - Tình về nơi đâu', '522634', 'lyric', 'nan', FALSE, Null, '2018-01-01', NOW(), NOW()),
('85d89145-2e4a-4691-b6be-9a0c0d8bd205', 'f0b94889-132b-4b38-98d1-a7142948813d', 'Bang Bang', '283051', 'lyric', 'nan', FALSE, Null, '2018-01-01', NOW(), NOW()),
('39e9dd4c-4e17-4d83-89f0-4785a5470119', 'f0b94889-132b-4b38-98d1-a7142948813d', 'LK: What is love - Em đi tìm anh - Em không cần anh', '345745', 'lyric', 'nan', FALSE, Null, '2018-01-01', NOW(), NOW()),
('3fca6089-0ef2-42be-b24f-d39a364a06a1', '3fcee542-fb91-4bc7-a5ad-60901869281c', '100% Yêu Em - Remixed at Hòa Âm Ánh Sáng 2016', '279980', 'lyric', 'https://audiomelodies.nyc3.digitaloceanspaces.com/LOC/NooPhuocThinh/HanhTrinhTroThanhQuanQuanHoaAmAnhSangCuaTeamNooPhuocThinh/100YeuEmRemixedatHoaAmAnhSang2016.m4a', FALSE, Null, '2016-04-06', NOW(), NOW()),
('be0e5b1d-5122-41b3-b7cc-fbab1b53866e', '3fcee542-fb91-4bc7-a5ad-60901869281c', 'Chôn Giấu Giấc Mơ - Remixed at Hòa Âm Ánh Sáng 2016', '195540', 'lyric', 'https://audiomelodies.nyc3.digitaloceanspaces.com/LOC/NooPhuocThinh/HanhTrinhTroThanhQuanQuanHoaAmAnhSangCuaTeamNooPhuocThinh/ChonGiauGiacMoRemixedatHoaAmAnhSang2016.m4a', FALSE, Null, '2016-04-06', NOW(), NOW()),
('836f3030-102b-4810-942f-83a8e7e92462', '3fcee542-fb91-4bc7-a5ad-60901869281c', 'Chợt Thấy Em Khóc - Remixed at Hòa Âm Ánh Sáng 2016', '251376', 'lyric', 'https://audiomelodies.nyc3.digitaloceanspaces.com/LOC/NooPhuocThinh/HanhTrinhTroThanhQuanQuanHoaAmAnhSangCuaTeamNooPhuocThinh/ChotThayEmKhocRemixedatHoaAmAnhSang2016.m4a', FALSE, Null, '2016-04-06', NOW(), NOW()),
('ee42ba1e-d58a-4337-ae79-bd96f2770667', '3fcee542-fb91-4bc7-a5ad-60901869281c', 'Dù Cho Ta Già (Never Let You Down) - Remixed at Hòa Âm Ánh Sáng 2016', '300161', 'lyric', 'https://audiomelodies.nyc3.digitaloceanspaces.com/LOC/NooPhuocThinh/HanhTrinhTroThanhQuanQuanHoaAmAnhSangCuaTeamNooPhuocThinh/DuChoTaGiaNeverLetYouDownRemixedatHoaAmAnhSang2016.m4a', FALSE, Null, '2016-04-06', NOW(), NOW()),
('9b2eb7bb-f5d8-49a7-9206-934f01bce53d', '3fcee542-fb91-4bc7-a5ad-60901869281c', 'Gạt Đi Nước Mắt - Remixed at Hòa Âm Ánh Sáng 2016', '270456', 'lyric', 'https://audiomelodies.nyc3.digitaloceanspaces.com/LOC/NooPhuocThinh/HanhTrinhTroThanhQuanQuanHoaAmAnhSangCuaTeamNooPhuocThinh/GatDiNuocMatRemixedatHoaAmAnhSang2016.m4a', FALSE, Null, '2016-04-06', NOW(), NOW()),
('a3cf7bb4-e122-4a79-bc35-52641850995c', '3fcee542-fb91-4bc7-a5ad-60901869281c', 'Giấc Mơ Đánh Mất - Remixed at Hòa Âm Ánh Sáng 2016', '308650', 'lyric', 'https://audiomelodies.nyc3.digitaloceanspaces.com/LOC/NooPhuocThinh/HanhTrinhTroThanhQuanQuanHoaAmAnhSangCuaTeamNooPhuocThinh/GiacMoDanhMatRemixedatHoaAmAnhSang2016.m4a', FALSE, Null, '2016-04-06', NOW(), NOW()),
('198af6da-1936-4f33-9115-c0418f4bc950', '3fcee542-fb91-4bc7-a5ad-60901869281c', 'Giấc Mơ - Remixed at Hòa Âm Ánh Sáng 2016', '211539', 'lyric', 'https://audiomelodies.nyc3.digitaloceanspaces.com/LOC/NooPhuocThinh/HanhTrinhTroThanhQuanQuanHoaAmAnhSangCuaTeamNooPhuocThinh/GiacMoRemixedatHoaAmAnhSang2016.m4a', FALSE, Null, '2016-04-06', NOW(), NOW()),
('5ee48c09-755f-4ad6-81db-6d4989ee015d', '3fcee542-fb91-4bc7-a5ad-60901869281c', 'Nếu - Remixed at Hòa Âm Ánh Sáng 2016', '239151', 'lyric', 'https://audiomelodies.nyc3.digitaloceanspaces.com/LOC/NooPhuocThinh/HanhTrinhTroThanhQuanQuanHoaAmAnhSangCuaTeamNooPhuocThinh/NeuRemixedatHoaAmAnhSang2016.m4a', FALSE, Null, '2016-04-06', NOW(), NOW()),
('07266875-c687-4bae-9f4e-779b0ac67605', '3fcee542-fb91-4bc7-a5ad-60901869281c', 'Ngôi Nhà Hạnh Phúc - Remixed at Hòa Âm Ánh Sáng 2016', '199967', 'lyric', 'https://audiomelodies.nyc3.digitaloceanspaces.com/LOC/NooPhuocThinh/HanhTrinhTroThanhQuanQuanHoaAmAnhSangCuaTeamNooPhuocThinh/NgoiNhaHanhPhucRemixedatHoaAmAnhSang2016.m4a', FALSE, Null, '2016-04-06', NOW(), NOW()),
('2f753d8f-7682-4512-b5d5-f871621920c2', '3fcee542-fb91-4bc7-a5ad-60901869281c', 'Như Một Thói Quen - Remixed at Hòa Âm Ánh Sáng 2016', '228623', 'lyric', 'https://audiomelodies.nyc3.digitaloceanspaces.com/LOC/NooPhuocThinh/HanhTrinhTroThanhQuanQuanHoaAmAnhSangCuaTeamNooPhuocThinh/NhuMotThoiQuenRemixedatHoaAmAnhSang2016.m4a', FALSE, Null, '2016-04-06', NOW(), NOW()),
('8e9fcb50-8d05-41b1-ae2f-013cb3f9d874', '3fcee542-fb91-4bc7-a5ad-60901869281c', 'Phôi Phai - Remixed at Hòa Âm Ánh Sáng 2016', '348917', 'lyric', 'https://audiomelodies.nyc3.digitaloceanspaces.com/LOC/NooPhuocThinh/HanhTrinhTroThanhQuanQuanHoaAmAnhSangCuaTeamNooPhuocThinh/PhoiPhaiRemixedatHoaAmAnhSang2016.m4a', FALSE, Null, '2016-04-06', NOW(), NOW()),
('fe94acf1-9a57-4f4b-9ef0-b268a308c9a2', '3fcee542-fb91-4bc7-a5ad-60901869281c', 'Qua Cầu Rằng Rí (Instrumental) - Remixed at Hòa Âm Ánh Sáng 2016', '281454', 'lyric', 'https://audiomelodies.nyc3.digitaloceanspaces.com/LOC/NooPhuocThinh/HanhTrinhTroThanhQuanQuanHoaAmAnhSangCuaTeamNooPhuocThinh/QuaCauRangRiInstrumentalRemixedatHoaAmAnhSang2016.m4a', FALSE, Null, '2016-04-06', NOW(), NOW()),
('84287265-3c0b-42c7-87c4-a6d235bd0f70', '3fcee542-fb91-4bc7-a5ad-60901869281c', 'Qua Cầu Rằng Rí - Remixed at Hòa Âm Ánh Sáng 2016', '281483', 'lyric', 'https://audiomelodies.nyc3.digitaloceanspaces.com/LOC/NooPhuocThinh/HanhTrinhTroThanhQuanQuanHoaAmAnhSangCuaTeamNooPhuocThinh/QuaCauRangRiRemixedatHoaAmAnhSang2016.m4a', FALSE, Null, '2016-04-06', NOW(), NOW()),
('040f4942-d718-489c-874d-bd52de4114da', '3fcee542-fb91-4bc7-a5ad-60901869281c', 'Quên - Remixed at Hòa Âm Ánh Sáng 2016', '217913', 'lyric', 'https://audiomelodies.nyc3.digitaloceanspaces.com/LOC/NooPhuocThinh/HanhTrinhTroThanhQuanQuanHoaAmAnhSangCuaTeamNooPhuocThinh/QuenRemixedatHoaAmAnhSang2016.m4a', FALSE, Null, '2016-04-06', NOW(), NOW()),
('24ea5202-b9d7-4dd3-9adb-3a235cebb19d', '3fcee542-fb91-4bc7-a5ad-60901869281c', 'Tình Ca (Epic) - Remixed at Hòa Âm Ánh Sáng 2016', '273411', 'lyric', 'https://audiomelodies.nyc3.digitaloceanspaces.com/LOC/NooPhuocThinh/HanhTrinhTroThanhQuanQuanHoaAmAnhSangCuaTeamNooPhuocThinh/TinhCaEpicRemixedatHoaAmAnhSang2016.m4a', FALSE, Null, '2016-04-06', NOW(), NOW()),
('b4c2b021-2d08-423a-a468-d95d9f14a484', '3fcee542-fb91-4bc7-a5ad-60901869281c', 'Tình Ca (Epic Instrumental) - Remixed at Hòa Âm Ánh Sáng 2016', '274869', 'lyric', 'https://audiomelodies.nyc3.digitaloceanspaces.com/LOC/NooPhuocThinh/HanhTrinhTroThanhQuanQuanHoaAmAnhSangCuaTeamNooPhuocThinh/TinhCaEpicInstrumentalRemixedatHoaAmAnhSang2016.m4a', FALSE, Null, '2016-04-06', NOW(), NOW()),
('d06481bb-e52c-4327-a072-eddc51d8934f', '3fcee542-fb91-4bc7-a5ad-60901869281c', 'Xa Em - Remixed at Hòa Âm Ánh Sáng 2016', '251533', 'lyric', 'https://audiomelodies.nyc3.digitaloceanspaces.com/LOC/NooPhuocThinh/HanhTrinhTroThanhQuanQuanHoaAmAnhSangCuaTeamNooPhuocThinh/XaEmRemixedatHoaAmAnhSang2016.m4a', FALSE, Null, '2016-04-06', NOW(), NOW()),
('4565bb8b-7728-493c-984b-a8cb304aeeca', '3fcee542-fb91-4bc7-a5ad-60901869281c', 'Xa Em (Instrumental) - Remixed at Hòa Âm Ánh Sáng 2016', '344973', 'lyric', 'https://audiomelodies.nyc3.digitaloceanspaces.com/LOC/NooPhuocThinh/HanhTrinhTroThanhQuanQuanHoaAmAnhSangCuaTeamNooPhuocThinh/XaEmInstrumentalRemixedatHoaAmAnhSang2016.m4a', FALSE, Null, '2016-04-06', NOW(), NOW()),
('901a8434-8022-4575-be24-505473c4a8da', '3fcee542-fb91-4bc7-a5ad-60901869281c', 'Yêu Là Đau - Remixed at Hòa Âm Ánh Sáng 2016', '230739', 'lyric', 'https://audiomelodies.nyc3.digitaloceanspaces.com/LOC/NooPhuocThinh/HanhTrinhTroThanhQuanQuanHoaAmAnhSangCuaTeamNooPhuocThinh/YeuLaDauRemixedatHoaAmAnhSang2016.m4a', FALSE, Null, '2016-04-06', NOW(), NOW()),
('50cac17a-5689-4d7a-b85a-12eb7ccccaa8', '1f6ad61b-4939-4437-8cba-1585c35233ab', 'Tìm Em', '251453', 'lyric', 'https://audiomelodies.nyc3.digitaloceanspaces.com/LOC/NooPhuocThinh/Em/TimEm.m4a', FALSE, Null, '2012-11-24', NOW(), NOW()),
('f861ef27-c77f-42de-803a-06f7f736fe00', '1f6ad61b-4939-4437-8cba-1585c35233ab', 'Chợt Thấy Em Khóc', '312813', 'lyric', 'https://audiomelodies.nyc3.digitaloceanspaces.com/LOC/NooPhuocThinh/Em/ChotThayEmKhoc.m4a', FALSE, Null, '2012-11-24', NOW(), NOW()),
('82de8cfb-fe81-4ace-85dd-220b457398e1', '1f6ad61b-4939-4437-8cba-1585c35233ab', 'Níu Kéo', '245413', 'lyric', 'https://audiomelodies.nyc3.digitaloceanspaces.com/LOC/NooPhuocThinh/Em/NiuKeo.m4a', FALSE, Null, '2012-11-24', NOW(), NOW()),
('71caefc5-6552-47ea-9256-e6b3c2a968aa', '1f6ad61b-4939-4437-8cba-1585c35233ab', 'Xa Em', '349373', 'lyric', 'https://audiomelodies.nyc3.digitaloceanspaces.com/LOC/NooPhuocThinh/Em/XaEm.m4a', FALSE, Null, '2012-11-24', NOW(), NOW()),
('83a3a4ed-9909-4b3b-854d-4f007e6aa737', '1f6ad61b-4939-4437-8cba-1585c35233ab', 'Ký Ức Xa Xôi', '269146', 'lyric', 'https://audiomelodies.nyc3.digitaloceanspaces.com/LOC/NooPhuocThinh/BaCham/KyUcXaXoi.m4a', FALSE, Null, '2012-11-24', NOW(), NOW()),
('df52119b-a237-427b-aaec-e14560e29671', '1f6ad61b-4939-4437-8cba-1585c35233ab', 'Vì Quá Yêu Em', '269666', 'lyric', 'https://audiomelodies.nyc3.digitaloceanspaces.com/LOC/NooPhuocThinh/Em/ViQuaYeuEm.m4a', FALSE, Null, '2012-11-24', NOW(), NOW()),
('8d4e3d57-866c-4426-9b79-378752cd7f31', '1f6ad61b-4939-4437-8cba-1585c35233ab', 'Xin Lỗi Em', '303506', 'lyric', 'https://audiomelodies.nyc3.digitaloceanspaces.com/LOC/NooPhuocThinh/Em/XinLoiEm.m4a', FALSE, Null, '2012-11-24', NOW(), NOW()),
('555e53bb-5c26-4b4f-a954-f0ac2b8db760', '1f6ad61b-4939-4437-8cba-1585c35233ab', 'Ước Mơ Tôi - From “Thiên Trà” Original Soundtrack', '178600', 'lyric', 'https://audiomelodies.nyc3.digitaloceanspaces.com/LOC/NooPhuocThinh/Em/UocMoToiFromThienTraOriginalSoundtrack.m4a', FALSE, Null, '2012-11-24', NOW(), NOW()),
('ce1697c6-cc00-45aa-b7d4-4d2f523b0bf4', 'b09cda40-5cae-4d98-99a2-3ba34578284d', 'Lạc Bước Trong Đêm', '249453', 'lyric', 'https://audiomelodies.nyc3.digitaloceanspaces.com/LOC/NooPhuocThinh/LacBuocTrongem/LacBuocTrongDem.m4a', FALSE, Null, '2011-11-21', NOW(), NOW()),
('46d693a9-7758-403d-88ff-54ea0d2b9627', 'b09cda40-5cae-4d98-99a2-3ba34578284d', 'Ghen', '228333', 'lyric', 'https://audiomelodies.nyc3.digitaloceanspaces.com/LOC/NooPhuocThinh/LacBuocTrongem/Ghen.m4a', FALSE, Null, '2011-11-21', NOW(), NOW()),
('94afcf9e-7496-4298-9a4d-24bdb49109dc', 'b09cda40-5cae-4d98-99a2-3ba34578284d', 'Đừng Bận Tâm Anh', '240933', 'lyric', 'https://audiomelodies.nyc3.digitaloceanspaces.com/LOC/NooPhuocThinh/LacBuocTrongem/DungBanTamAnh.m4a', FALSE, Null, '2011-11-21', NOW(), NOW()),
('ca4a13a4-544b-4c20-93f7-8a49f74b0743', 'b09cda40-5cae-4d98-99a2-3ba34578284d', 'Phôi Phai', '249600', 'lyric', 'https://audiomelodies.nyc3.digitaloceanspaces.com/LOC/NooPhuocThinh/LacBuocTrongem/PhoiPhai.m4a', FALSE, Null, '2011-11-21', NOW(), NOW()),
('95261707-1756-49a9-a4c6-7fd0bd383f5f', 'b09cda40-5cae-4d98-99a2-3ba34578284d', 'Đã Bao Lần Anh Khóc', '224966', 'lyric', 'https://audiomelodies.nyc3.digitaloceanspaces.com/LOC/NooPhuocThinh/LacBuocTrongem/DaBaoLanAnhKhoc.m4a', FALSE, Null, '2011-11-21', NOW(), NOW()),
('bee25b3f-1970-452f-aa09-7bd1bbee820e', 'b09cda40-5cae-4d98-99a2-3ba34578284d', 'Chỉ Mình Anh Đau', '250066', 'lyric', 'https://audiomelodies.nyc3.digitaloceanspaces.com/LOC/NooPhuocThinh/LacBuocTrongem/ChiMinhAnhDau.m4a', FALSE, Null, '2011-11-21', NOW(), NOW()),
('e27465a2-b71e-4e1c-a3e1-bc0a55d5535e', 'b09cda40-5cae-4d98-99a2-3ba34578284d', 'Trở Về', '270093', 'lyric', 'https://audiomelodies.nyc3.digitaloceanspaces.com/LOC/NooPhuocThinh/LacBuocTrongem/TroVe.m4a', FALSE, Null, '2011-11-21', NOW(), NOW()),
('fa36577d-2f4b-4dcb-978c-61f8c28e07bc', 'b09cda40-5cae-4d98-99a2-3ba34578284d', 'Tiếc Nuối', '296186', 'lyric', 'https://audiomelodies.nyc3.digitaloceanspaces.com/LOC/NooPhuocThinh/LacBuocTrongem/TiecNuoi.m4a', FALSE, Null, '2011-11-21', NOW(), NOW()),
('cf21297e-6717-4caf-bd78-7137644ab6de', 'b09cda40-5cae-4d98-99a2-3ba34578284d', 'Còn Mãi Trong Anh', '256359', 'lyric', 'https://audiomelodies.nyc3.digitaloceanspaces.com/LOC/NooPhuocThinh/LacBuocTrongem/ConMaiTrongAnh.m4a', FALSE, Null, '2011-11-21', NOW(), NOW()),
('6b29d8e0-9554-4629-8edc-87bdac253947', '93483ecf-4306-41c3-a806-23b83ef5c631', 'Lặng Thầm', '200013', 'lyric', 'https://audiomelodies.nyc3.digitaloceanspaces.com/LOC/NooPhuocThinh/BaCham/LangTham.m4a', FALSE, Null, '2010-03-09', NOW(), NOW()),
('fe5f0fd3-15cd-4657-8d65-0280d7e92d2d', '93483ecf-4306-41c3-a806-23b83ef5c631', 'Quay Về Đi', '233680', 'lyric', 'https://audiomelodies.nyc3.digitaloceanspaces.com/LOC/NooPhuocThinh/BaCham/QuayVeDi.m4a', FALSE, Null, '2010-03-09', NOW(), NOW()),
('bd217491-19f0-4d29-92d3-8509e49273e8', '93483ecf-4306-41c3-a806-23b83ef5c631', 'Biệt Ly', '259552', 'lyric', 'https://audiomelodies.nyc3.digitaloceanspaces.com/LOC/NooPhuocThinh/BaCham/BietLy.m4a', FALSE, Null, '2010-03-09', NOW(), NOW()),
('56f3bf10-eae2-43e5-9dbc-12b4197ed73b', '93483ecf-4306-41c3-a806-23b83ef5c631', 'Đến Suốt Kiếp Vẫn Chờ', '227946', 'lyric', 'https://audiomelodies.nyc3.digitaloceanspaces.com/LOC/NooPhuocThinh/BaCham/DenSuotKiepVanCho.m4a', FALSE, Null, '2010-03-09', NOW(), NOW()),
('9913a107-090e-4635-8dd5-49c8ccf0554c', '93483ecf-4306-41c3-a806-23b83ef5c631', 'Nếu', '205733', 'lyric', 'https://audiomelodies.nyc3.digitaloceanspaces.com/LOC/NooPhuocThinh/BaCham/Neu.m4a', FALSE, Null, '2010-03-09', NOW(), NOW()),
('cf9b3ec8-871f-4df3-976a-89245302de52', '93483ecf-4306-41c3-a806-23b83ef5c631', 'Ký Ức (feat. Thu Thủy)', '205253', 'lyric', 'https://audiomelodies.nyc3.digitaloceanspaces.com/LOC/NooPhuocThinh/BaCham/KyUcfeatThuThuy.m4a', FALSE, Null, '2010-03-09', NOW(), NOW()),
('4dee6e7c-4eed-4ddd-a60b-16080773a92d', '93483ecf-4306-41c3-a806-23b83ef5c631', 'Yêu Là Đau', '250200', 'lyric', 'https://audiomelodies.nyc3.digitaloceanspaces.com/LOC/NooPhuocThinh/BaCham/YeuLaDau.m4a', FALSE, Null, '2010-03-09', NOW(), NOW()),
('c30f8cc7-4956-4d95-ad65-35b276e9b213', '93483ecf-4306-41c3-a806-23b83ef5c631', 'Quên', '265160', 'lyric', 'https://audiomelodies.nyc3.digitaloceanspaces.com/LOC/NooPhuocThinh/BaCham/Quen.m4a', FALSE, Null, '2010-03-09', NOW(), NOW()),
('6a6c4cb9-6453-4644-93f3-57dade2dcc66', '93483ecf-4306-41c3-a806-23b83ef5c631', 'Như Một Thói Quen', '248520', 'lyric', 'https://audiomelodies.nyc3.digitaloceanspaces.com/LOC/NooPhuocThinh/BaCham/NhuMotThoiQuen.m4a', FALSE, Null, '2010-03-09', NOW(), NOW()),
('b128ff42-c372-4549-8501-623b4f03d1ec', '93483ecf-4306-41c3-a806-23b83ef5c631', 'Giấc Mơ Thiên Đường', '212173', 'lyric', 'https://audiomelodies.nyc3.digitaloceanspaces.com/LOC/NooPhuocThinh/BaCham/GiacMoThienDuong.m4a', FALSE, Null, '2010-03-09', NOW(), NOW()),
('5f1b6f4a-2e55-4ab9-8aad-db78785e17e4', 'ce33f3d5-6fff-455e-9fd8-c07beb94b86b', 'Tự Nguyện - Live', '410087', 'lyric', 'https://audiomelodies.nyc3.digitaloceanspaces.com/LOC/NooPhuocThinh/TuNguyenLive/TuNguyenLive.m4a', FALSE, Null, '2024-08-18', NOW(), NOW()),
('59470087-d907-441e-9e03-41a7fbd08e0b', 'd187cf93-df62-4bde-80cd-5369e1f95c77', 'ĐÙA ANH ĐAU ĐẤY MASHUP - Live', '264097', 'lyric', 'https://audiomelodies.nyc3.digitaloceanspaces.com/LOC/NooPhuocThinh/UAANHAUAYMASHUPLive/DUAANHDAUDAYMASHUPLive.m4a', FALSE, Null, '2024-08-16', NOW(), NOW()),
('628b736d-5f6d-4cc6-914c-0f56c48552ef', 'f22f9460-a8fe-467a-9464-d55270167e63', 'Đùa Anh Đau Đấy', '246121', 'lyric', 'https://audiomelodies.nyc3.digitaloceanspaces.com/LOC/NooPhuocThinh/uaAnhauay/DuaAnhDauDay.m4a', FALSE, Null, '2024-07-16', NOW(), NOW()),
('3c02bee6-934a-4812-8865-f27e5aaecc9d', '688d1db4-10cb-4d77-bfd5-d125f9a7c6f6', 'Ai Chung Tình Bằng Cô Đơn - Trung Ngon Remix', '214285', 'lyric', 'nan', FALSE, Null, '2023-08-28', NOW(), NOW()),
('b4c3e774-2496-4f2a-bc92-a8f6b3ad7783', '8ec9044d-d784-4989-b6fc-0751bb2a3422', 'B52', '216000', 'lyric', 'nan', FALSE, Null, '2023-06-15', NOW(), NOW()),
('45a5df07-7c8c-4d0d-aea2-69ab1698300c', '2ddb6a9f-ff71-4c69-b972-9934ac18a517', 'Ai Chung Tình Bằng Cô Đơn', '241575', 'lyric', 'nan', FALSE, Null, '2023-05-23', NOW(), NOW()),
('5737efc3-0fc4-45ba-99d7-3ba96a48b2ec', 'ed320031-1150-412c-86cf-d36ceb425489', 'Noo''s Chill Night 3 - Bức Thư Tình Đầu Tiên - Live Version', '346111', 'lyric', 'https://audiomelodies.nyc3.digitaloceanspaces.com/LOC/NooPhuocThinh/NoosChillNight3BucThuTinhauTienLiveVersion/NoosChillNight3BucThuTinhDauTienLiveVersion.m4a', FALSE, Null, '2022-07-20', NOW(), NOW()),
('826862a0-3311-4039-b2c8-b89134348ad5', 'db07fcda-4c48-4688-a3bd-532e9c9dd5e0', 'Noo''s Chill Night 3 - Mất Cả Thế Giới - Live Version', '267618', 'lyric', 'https://audiomelodies.nyc3.digitaloceanspaces.com/LOC/NooPhuocThinh/NoosChillNight3MatCaTheGioiLiveVersion/NoosChillNight3MatCaTheGioiLiveVersion.m4a', FALSE, Null, '2022-07-11', NOW(), NOW()),
('7420b7f7-aa53-42f8-b385-155999a45ad1', 'f79f9dbb-17fc-4c22-8f0a-29f850248607', 'Những Ngày Xuân Rực Rỡ', '222052', 'lyric', 'https://audiomelodies.nyc3.digitaloceanspaces.com/LOC/NooPhuocThinh/NhungNgayXuanRucRo/NhungNgayXuanRucRo.m4a', FALSE, Null, '2022-07-05', NOW(), NOW()),
('6e5e683e-5dd9-48b7-81de-d437d4854cd8', '4beab81d-9b80-49f8-9141-bbcd2f38d9c4', 'Cause I Love You', '269537', 'lyric', 'https://audiomelodies.nyc3.digitaloceanspaces.com/LOC/NooPhuocThinh/CauseILoveYou/CauseILoveYou.m4a', FALSE, Null, '2022-07-05', NOW(), NOW()),
('00f49241-fdc5-453a-a09a-2beee6c3cc90', '9230768f-6022-4e3f-8923-1ee6714190a4', 'Noo''s Chill Night Ep3 - Chạm Khẽ Tim Anh Một Chút Thôi - Live Version', '363178', 'lyric', 'https://audiomelodies.nyc3.digitaloceanspaces.com/LOC/NooPhuocThinh/NoosChillNightEp3ChamKheTimAnhMotChutThoiLiveVersion/NoosChillNightEp3ChamKheTimAnhMotChutThoiLiveVersion.m4a', FALSE, Null, '2022-05-14', NOW(), NOW()),
('998f17ff-d287-4a32-87e1-d556ea1b3464', '689f0f21-9306-4ffb-8506-56117417ff89', 'Noo''s Chill Night ep 3 - Dòng Thời Gian - Live Version', '292713', 'lyric', 'nan', FALSE, Null, '2022-05-02', NOW(), NOW()),
('0ae10d77-fc5c-4285-a8bf-402ad55724ba', 'b1ad9358-ed8b-439d-b35a-fc5aa82fd420', 'Yêu Một Người Sao Buồn Đến Thế', '299028', 'lyric', 'https://audiomelodies.nyc3.digitaloceanspaces.com/LOC/NooPhuocThinh/YeuMotNguoiSaoBuonenThe/YeuMotNguoiSaoBuonDenThe.m4a', FALSE, Null, '2020-10-27', NOW(), NOW()),
('2ddbc9bd-1fa5-4745-8375-f016fcb9f34a', 'f8e9cce2-fe43-403f-800f-5574564ee22a', 'Em Đã Thương Người Ta Hơn Anh (Beat)', '297118', 'lyric', 'https://audiomelodies.nyc3.digitaloceanspaces.com/LOC/NooPhuocThinh/EmaThuongNguoiTaHonAnhBeat/EmDaThuongNguoiTaHonAnhBeat.m4a', FALSE, Null, '2020-09-09', NOW(), NOW()),
('2f5f0cd2-02e3-46fc-850e-1546fb882ab7', 'd04c5973-d31b-4429-a6a5-57edcbadbfd5', 'Em Đã Thương Người Ta Hơn Anh', '291781', 'lyric', 'https://audiomelodies.nyc3.digitaloceanspaces.com/LOC/NooPhuocThinh/EmaThuongNguoiTaHonAnh/EmDaThuongNguoiTaHonAnh.m4a', FALSE, Null, '2020-09-09', NOW(), NOW()),
('a13709c7-c8c2-4ea1-b751-094470149831', 'cff5a888-7a58-4bec-9095-b6b8a820b5de', 'Thank You - Những Chiến Binh Thầm Lặng', '200100', 'lyric', 'nan', FALSE, Null, '2020-04-13', NOW(), NOW()),
('e1fb5714-49a6-4639-a430-c7bb906deda6', 'cff5a888-7a58-4bec-9095-b6b8a820b5de', 'Thank You - Những Chiến Binh Thầm Lặng - Instrumental', '205466', 'lyric', 'nan', FALSE, Null, '2020-04-13', NOW(), NOW()),
('884ecdbc-5f99-454f-a6ef-d9b1d54430a6', '943bcf12-45a8-4751-abd5-603efdacbddf', 'I''m Still Loving You', '200000', 'lyric', 'https://audiomelodies.nyc3.digitaloceanspaces.com/LOC/NooPhuocThinh/ImStillLovingYou/ImStillLovingYou.m4a', FALSE, Null, '2019-11-13', NOW(), NOW()),
('a92c44f0-7762-467d-8693-e54d12bbafd3', 'abd927e6-ca6f-4fb2-a11a-4485905d3bea', 'Đến Suốt Kiếp Vẫn Chờ', '227946', 'lyric', 'nan', FALSE, Null, '2019-05-30', NOW(), NOW()),
('1f21c67a-294f-4fff-a267-f7d3638556fa', 'abd927e6-ca6f-4fb2-a11a-4485905d3bea', 'Giấc Mơ Thiên Đường', '212173', 'lyric', 'nan', FALSE, Null, '2019-05-30', NOW(), NOW()),
('fa9911a6-6464-4d64-bd64-0e35f9d24090', 'abd927e6-ca6f-4fb2-a11a-4485905d3bea', 'Ký Ức Mùa Đông', '221701', 'lyric', 'https://audiomelodies.nyc3.digitaloceanspaces.com/LOC/NooPhuocThinh/BaCham/KyUcMuaDong.m4a', FALSE, Null, '2019-05-30', NOW(), NOW()),
('e5df4adc-96ca-4a4e-a395-9aae506fb8dd', 'abd927e6-ca6f-4fb2-a11a-4485905d3bea', 'Ký Ức Xa Xôi', '269146', 'lyric', 'https://audiomelodies.nyc3.digitaloceanspaces.com/LOC/NooPhuocThinh/Em/KyUcXaXoi.m4a', FALSE, Null, '2019-05-30', NOW(), NOW()),
('7b361ff9-268a-4a19-8611-228f2f3c4e1e', 'abd927e6-ca6f-4fb2-a11a-4485905d3bea', 'Nếu - Duet Version', '248595', 'lyric', 'nan', FALSE, Null, '2019-05-30', NOW(), NOW()),
('c5888cb6-94b5-4c65-b017-fcf71b6ca7a9', '8b70489c-8c98-472f-838c-a7be9894e4c8', 'Phút Giây Gần Kề', '172996', 'lyric', 'https://audiomelodies.nyc3.digitaloceanspaces.com/LOC/NooPhuocThinh/PhutGiayGanKe/PhutGiayGanKe.m4a', FALSE, Null, '2019-02-13', NOW(), NOW()),
('ad3cfbc4-c485-4cba-bc66-2b5f0787ecc3', 'a033c82a-b3c2-4f57-9255-72516a4e39ad', 'Gọi Tên Mùa Xuân', '217967', 'lyric', 'https://audiomelodies.nyc3.digitaloceanspaces.com/LOC/NooPhuocThinh/GoiTenMuaXuan/GoiTenMuaXuan.m4a', FALSE, Null, '2019-01-21', NOW(), NOW()),
('0c7c36a3-bf18-43b9-ab0d-2f26ecd99544', '10dde390-be5a-4041-b4c1-9798a0cab887', 'Dấu Yêu Một Thời', '267540', 'lyric', 'https://audiomelodies.nyc3.digitaloceanspaces.com/LOC/NooPhuocThinh/DauYeuMotThoi/DauYeuMotThoi.m4a', FALSE, Null, '2019-01-20', NOW(), NOW()),
('f8c0042c-7b2e-4195-aabe-722bebd7ba11', '3d491258-69f3-43b0-8465-b694c9400a02', 'Thương Em Là Điều Anh Không Thể Ngờ', '308458', 'lyric', 'https://audiomelodies.nyc3.digitaloceanspaces.com/LOC/NooPhuocThinh/ThuongEmLaieuAnhKhongTheNgo/ThuongEmLaDieuAnhKhongTheNgo.m4a', FALSE, Null, '2018-12-18', NOW(), NOW()),
('82811fe6-b778-4c26-adae-27e254dde5fa', 'b9bede79-3e0a-435c-9a31-165b3c309963', 'Những Kẻ Mộng Mơ', '253775', 'lyric', 'https://audiomelodies.nyc3.digitaloceanspaces.com/LOC/NooPhuocThinh/NhungKeMongMo/NhungKeMongMo.m4a', FALSE, Null, '2018-10-19', NOW(), NOW()),
('614a8767-92c8-436f-a702-17b05d042a66', 'c69f5d80-66de-482b-abaa-9c41b169572f', 'Tình Như Chocopie', '165398', 'lyric', 'https://audiomelodies.nyc3.digitaloceanspaces.com/LOC/NooPhuocThinh/TinhNhuChocopie/TinhNhuChocopie.m4a', FALSE, Null, '2018-05-28', NOW(), NOW()),
('777ffaa1-3783-4fbe-af1d-11f150789153', '90d0f73c-c485-4261-860d-9850e4ba34a3', 'Mình Anh (feat. Nguyễn Hoàng Duy)', '232947', 'lyric', 'https://audiomelodies.nyc3.digitaloceanspaces.com/LOC/NooPhuocThinh/MinhAnhfeatNguyenHoangDuy/MinhAnhfeatNguyenHoangDuy.m4a', FALSE, Null, '2017-12-04', NOW(), NOW()),
('671149c6-6f25-49f7-972a-4503c5378e89', 'c2d41720-b24a-4140-b352-1d0799d75bf2', 'Lost', '264556', 'lyric', 'nan', FALSE, Null, '2017-12-04', NOW(), NOW()),
('de1cdafa-19fd-4d77-a8fd-d1b8bf9dee55', 'c2d41720-b24a-4140-b352-1d0799d75bf2', 'Lost (Beat) - Instrumental', '264456', 'lyric', 'https://audiomelodies.nyc3.digitaloceanspaces.com/LOC/NooPhuocThinh/Lost/LostBeatInstrumental.m4a', FALSE, Null, '2017-12-04', NOW(), NOW()),
('7dc6d2c4-6f71-481a-b75f-e9478c5c4bba', 'da9b19ab-bf65-46b1-890d-66fc3191abb7', 'Yes I Love You', '232500', 'lyric', 'https://audiomelodies.nyc3.digitaloceanspaces.com/LOC/NooPhuocThinh/YesILoveYou/YesILoveYou.m4a', FALSE, Null, '2017-07-28', NOW(), NOW()),
('60b13f1e-1a49-454b-a362-d43dad257fe1', 'beb1b1c4-08d4-43b8-93ec-371459633f3e', 'Dream Team (feat. Anh Đạt, Hiền Mai, Anh Phong, Han Sara, Lương Minh Trí & Thanh Nga)', '227190', 'lyric', 'nan', FALSE, Null, '2017-06-20', NOW(), NOW()),
('7f1a26fd-d7b5-47d4-b005-de3ae9c01da2', '8b3abffe-ed45-4f19-810c-35eb4a875657', 'Thương Mấy Cũng Là Người Dưng', '242815', 'lyric', 'https://audiomelodies.nyc3.digitaloceanspaces.com/LOC/NooPhuocThinh/ThuongMayCungLaNguoiDung/ThuongMayCungLaNguoiDung.m4a', FALSE, Null, '2017-03-28', NOW(), NOW()),
('eebbe973-9beb-4f2f-897f-0f0c7bef20e0', '8b3abffe-ed45-4f19-810c-35eb4a875657', 'Thương Mấy Cũng Là Người Dưng - Instrumental', '246176', 'lyric', 'https://audiomelodies.nyc3.digitaloceanspaces.com/LOC/NooPhuocThinh/ThuongMayCungLaNguoiDung/ThuongMayCungLaNguoiDungInstrumental.m4a', FALSE, Null, '2017-03-28', NOW(), NOW()),
('9c992564-51c5-4b7e-a9db-1766f8c50b58', '0ebeaf45-7789-43b5-b324-b600087137ed', 'Lặng Thầm - Remix', '150935', 'lyric', 'https://audiomelodies.nyc3.digitaloceanspaces.com/LOC/NooPhuocThinh/LangThamSlimVMix/LangThamRemix.m4a', FALSE, Null, '2017-03-22', NOW(), NOW()),
('d63b5d4d-49f0-4c2a-8ede-40841cfb8cf8', '0ebeaf45-7789-43b5-b324-b600087137ed', 'Lặng Thầm - DJ SlimV Remix', '245042', 'lyric', 'https://audiomelodies.nyc3.digitaloceanspaces.com/LOC/NooPhuocThinh/LangThamSlimVMix/LangThamDJSlimVRemix.m4a', FALSE, Null, '2017-03-22', NOW(), NOW()),
('15119cc6-be52-4cab-8637-947c414ac135', '0ebeaf45-7789-43b5-b324-b600087137ed', 'Lặng Thầm - DJ SlimV Remix Instrumental', '201540', 'lyric', 'https://audiomelodies.nyc3.digitaloceanspaces.com/LOC/NooPhuocThinh/LangThamSlimVMix/LangThamDJSlimVRemixInstrumental.m4a', FALSE, Null, '2017-03-22', NOW(), NOW()),
('275ad2df-fd6c-438e-b438-44ded3af9e5f', 'ee168b36-0b26-4d73-bc8e-86326f7fbd18', 'Lạc Bước Trong Đêm', '249453', 'lyric', 'nan', FALSE, Null, '2017-03-21', NOW(), NOW()),
('e4cc38f1-c19f-4737-86bd-aa41a721a865', '36bf3019-c515-49b1-a201-aad883f283c7', 'Hạnh Phúc Xuân Ngời', '234540', 'lyric', 'https://audiomelodies.nyc3.digitaloceanspaces.com/LOC/NooPhuocThinh/HanhPhucXuanNgoi/HanhPhucXuanNgoi.m4a', FALSE, Null, '2017-01-19', NOW(), NOW()),
('f5c4669e-5336-4f5a-a241-3f6e2c545e0b', '694a45cf-2932-41db-a74a-b6a314fc47d3', 'Mình Thích Thì Mình Yêu Thôi (feat.Hồ Ngọc Hà )', '229774', 'lyric', 'https://audiomelodies.nyc3.digitaloceanspaces.com/LOC/NooPhuocThinh/MinhThichThiMinhYeuThoifeatHoNgocHa/MinhThichThiMinhYeuThoifeatHoNgocHa.m4a', FALSE, Null, '2017-01-18', NOW(), NOW()),
('dcd72583-3927-413d-827c-f05ead79d1e1', '6a44b236-2c4d-4506-a49f-9e3219518d51', 'I Don''t Believe in You (feat. Basick)', '210627', 'lyric', 'https://audiomelodies.nyc3.digitaloceanspaces.com/LOC/NooPhuocThinh/IDontBelieveinYoufeatBasick/IDontBelieveinYoufeatBasick.m4a', FALSE, Null, '2017-01-10', NOW(), NOW()),
('f19e3390-9086-42a7-a21b-39a5e828f9f6', '00983f78-ba95-42ed-9102-625edf0a5bee', 'Dòng thời gian - Live', '293035', 'lyric', 'https://audiomelodies.nyc3.digitaloceanspaces.com/LOC/NooPhuocThinh/DongthoigianLive/DongthoigianLive.m4a', FALSE, Null, '2017-01-01', NOW(), NOW()),
('b608d598-4fd0-4835-9d62-0361f3800eb8', 'c1cffe37-e2b3-43ec-aed9-33bba50f864b', 'Những Ngày Xuân Rực Rỡ', '223448', 'lyric', 'nan', FALSE, Null, '2016-12-29', NOW(), NOW()),
('a228d907-178c-4226-aa0a-1f10668b8b49', '3f835ba2-960c-42f1-9b94-fc10a2ed7781', 'Như Phút Ban Đầu', '256000', 'lyric', 'https://audiomelodies.nyc3.digitaloceanspaces.com/LOC/NooPhuocThinh/NhuPhutBanau/NhuPhutBanDau.m4a', FALSE, Null, '2016-09-19', NOW(), NOW()),
('d918f9c0-caa7-4d12-be4e-3e66e11d9687', '36fabd95-bf9f-47e8-8537-92095e9eaf62', 'Cause I Love You', '285333', 'lyric', 'nan', FALSE, Null, '2016-03-23', NOW(), NOW()),
('5f199b7a-77e5-4fa4-b124-d039e18180b3', '36fabd95-bf9f-47e8-8537-92095e9eaf62', 'Cause I Love You - Instrumental', '283188', 'lyric', 'https://audiomelodies.nyc3.digitaloceanspaces.com/LOC/NooPhuocThinh/CauseILoveYou/CauseILoveYouInstrumental.m4a', FALSE, Null, '2016-03-23', NOW(), NOW()),
('cc5f4648-004a-4df1-8088-e263594b5d4f', '94b70d71-ac64-4229-bd94-5e41b4421109', 'Really Love You', '229000', 'lyric', 'https://audiomelodies.nyc3.digitaloceanspaces.com/LOC/NooPhuocThinh/ReallyLoveYou/ReallyLoveYou.m4a', FALSE, Null, '2016-03-02', NOW(), NOW()),
('e69b8fb0-4a26-4420-b9d7-1bfa8a1ada05', 'c50e56c5-5de2-4a42-a73c-246efb3fc00e', 'Như Vậy Mãi Thôi', '274692', 'lyric', 'https://audiomelodies.nyc3.digitaloceanspaces.com/LOC/NooPhuocThinh/NhuVayMaiThoi/NhuVayMaiThoi.m4a', FALSE, Null, '2016-02-06', NOW(), NOW()),
('83baf599-ae95-4448-9e5a-035b54f24f02', 'c50e56c5-5de2-4a42-a73c-246efb3fc00e', 'Như Vậy Mãi Thôi - Instrumental', '283284', 'lyric', 'https://audiomelodies.nyc3.digitaloceanspaces.com/LOC/NooPhuocThinh/NhuVayMaiThoi/NhuVayMaiThoiInstrumental.m4a', FALSE, Null, '2016-02-06', NOW(), NOW()),
('12149f2c-0fe7-44a3-80e0-9a524f539fdc', '9b631ca9-030a-4a88-89b8-eb5804055fa1', 'Đừng Nhìn Lại', '236329', 'lyric', 'https://audiomelodies.nyc3.digitaloceanspaces.com/LOC/NooPhuocThinh/ungNhinLai/DungNhinLai.m4a', FALSE, Null, '2015-07-10', NOW(), NOW()),
('610f7ccc-d961-4052-9ddb-ce13f6ba246f', '9b631ca9-030a-4a88-89b8-eb5804055fa1', 'Em Sẽ Hạnh Phúc', '245446', 'lyric', 'https://audiomelodies.nyc3.digitaloceanspaces.com/LOC/NooPhuocThinh/EmSeHanhPhuc/EmSeHanhPhuc.m4a', FALSE, Null, '2015-07-10', NOW(), NOW()),
('20730933-834b-43cf-992b-c6645ae7a160', 'd3819aa8-a957-497a-8b9e-b324dc0117b9', 'Đổi Thay', '227787', 'lyric', 'https://audiomelodies.nyc3.digitaloceanspaces.com/LOC/NooPhuocThinh/oiThay/DoiThay.m4a', FALSE, Null, '2015-07-10', NOW(), NOW()),
('19792362-ea30-433a-a6da-7085be41070e', 'd3819aa8-a957-497a-8b9e-b324dc0117b9', 'Hạnh Phúc Thoáng Qua', '214778', 'lyric', 'https://audiomelodies.nyc3.digitaloceanspaces.com/LOC/NooPhuocThinh/oiThay/HanhPhucThoangQua.m4a', FALSE, Null, '2015-07-10', NOW(), NOW()),
('c59f2252-663b-4f0e-bdb3-5306293def59', 'd3819aa8-a957-497a-8b9e-b324dc0117b9', 'Too Late', '235911', 'lyric', 'https://audiomelodies.nyc3.digitaloceanspaces.com/LOC/NooPhuocThinh/oiThay/TooLate.m4a', FALSE, Null, '2015-07-10', NOW(), NOW()),
('1bdb543c-8918-4213-990f-42b2d9ab8a9f', 'd3819aa8-a957-497a-8b9e-b324dc0117b9', 'Yêu Làm Chi', '231862', 'lyric', 'https://audiomelodies.nyc3.digitaloceanspaces.com/LOC/NooPhuocThinh/oiThay/YeuLamChi.m4a', FALSE, Null, '2015-07-10', NOW(), NOW()),
('f531738d-8939-4d94-9f07-e0f47ae6dd7f', '6ef7175b-46cb-487a-bd32-9431612870eb', 'Tìm Em Trong Ký Ức', '248189', 'lyric', 'https://audiomelodies.nyc3.digitaloceanspaces.com/LOC/NooPhuocThinh/TimEmTrongKyUc/TimEmTrongKyUc.m4a', FALSE, Null, '2015-07-10', NOW(), NOW()),
('fcfb9590-d1bd-4a7c-810b-39b3e38402a3', '6ef7175b-46cb-487a-bd32-9431612870eb', 'Tìm Em Trong Ký Ức (Acoustic Version)', '221126', 'lyric', 'https://audiomelodies.nyc3.digitaloceanspaces.com/LOC/NooPhuocThinh/TimEmTrongKyUc/TimEmTrongKyUcAcousticVersion.m4a', FALSE, Null, '2015-07-10', NOW(), NOW()),
('28ac05e4-e44f-4808-8e42-a89892fd3046', '525476ab-8c71-49c8-be38-fdfc3cd605c7', 'Em Đi Tìm Anh', '273367', 'lyric', 'nan', FALSE, Null, '2015-05-17', NOW(), NOW()),
('a4b574e9-4813-46c6-879a-32771db20788', '4a81b458-8557-490e-9e89-db851e880e1f', 'Ước Mơ Tôi - From “Thiên Trà” Original Soundtrack', '178600', 'lyric', 'https://audiomelodies.nyc3.digitaloceanspaces.com/LOC/NooPhuocThinh/UocMoToi/UocMoToiFromThienTraOriginalSoundtrack.m4a', FALSE, Null, '2015-03-21', NOW(), NOW()),
('5032ad69-c561-4631-a98f-f5fc360969b0', '4a81b458-8557-490e-9e89-db851e880e1f', 'Ước Mơ Tôi - Instrumental', '180520', 'lyric', 'https://audiomelodies.nyc3.digitaloceanspaces.com/LOC/NooPhuocThinh/UocMoToi/UocMoToiInstrumental.m4a', FALSE, Null, '2015-03-21', NOW(), NOW()),
('18d9a28c-3731-4d11-9894-e613ad2bbeea', '2519a811-ad1e-4ab5-97aa-50e0dd33fea7', 'Xa Em', '349373', 'lyric', 'nan', FALSE, Null, '2015-01-10', NOW(), NOW()),
('9a2c288c-75ef-4f84-bdd5-a6b3c771a052', '2519a811-ad1e-4ab5-97aa-50e0dd33fea7', 'Xin Lỗi Em', '303506', 'lyric', 'https://audiomelodies.nyc3.digitaloceanspaces.com/LOC/NooPhuocThinh/XinLoiEm/XinLoiEm.m4a', FALSE, Null, '2015-01-10', NOW(), NOW()),
('ab3282ca-fe58-42d5-8a67-cefafe3d5195', 'a6f62bee-d761-4436-861d-f2e27419edc4', 'Merino Icecream Land', '183849', 'lyric', 'https://audiomelodies.nyc3.digitaloceanspaces.com/LOC/NooPhuocThinh/MerinoIcecreamLand/MerinoIcecreamLand.m4a', FALSE, Null, '2014-11-13', NOW(), NOW()),
('5204c2ee-6525-42de-83ea-6f81468585c5', '17dae875-cedd-4a6f-8417-ce5f3a2bcf2c', 'Mãi Mãi Bên Nhau', '268437', 'lyric', 'https://audiomelodies.nyc3.digitaloceanspaces.com/LOC/NooPhuocThinh/MaiMaiBenNhau/MaiMaiBenNhau.m4a', FALSE, Null, '2014-10-21', NOW(), NOW()),
('a0ad3ac5-b4f5-4cf8-8237-eade2bd518d4', '17dae875-cedd-4a6f-8417-ce5f3a2bcf2c', 'Mãi Mãi Bên Nhau - Remix', '323592', 'lyric', 'https://audiomelodies.nyc3.digitaloceanspaces.com/LOC/NooPhuocThinh/MaiMaiBenNhau/MaiMaiBenNhauRemix.m4a', FALSE, Null, '2014-10-21', NOW(), NOW()),
('66cd7e5d-f6c8-4b07-8384-b6d136451406', '17dae875-cedd-4a6f-8417-ce5f3a2bcf2c', 'Mãi Mãi Bên Nhau - Instrumental', '268526', 'lyric', 'https://audiomelodies.nyc3.digitaloceanspaces.com/LOC/NooPhuocThinh/MaiMaiBenNhau/MaiMaiBenNhauInstrumental.m4a', FALSE, Null, '2014-10-21', NOW(), NOW()),
('798dbc8b-95f0-43dc-a1b5-f5f0c8346b0e', '62ebdbc7-a2b4-4a75-bb2a-69c7716d82db', 'Đừng Nhìn Lại - Just Wanna Say Goodbye', '236343', 'lyric', 'https://audiomelodies.nyc3.digitaloceanspaces.com/LOC/NooPhuocThinh/ungNhinLai/DungNhinLaiJustWannaSayGoodbye.m4a', FALSE, Null, '2014-08-31', NOW(), NOW()),
('f86cd379-fcda-4c60-a83c-56ae7d48b0ae', '62ebdbc7-a2b4-4a75-bb2a-69c7716d82db', 'Mashup Đừng Nhìn Lại - Chôn Giấu Giấc Mơ', '458410', 'lyric', 'https://audiomelodies.nyc3.digitaloceanspaces.com/LOC/NooPhuocThinh/ungNhinLai/MashupDungNhinLaiChonGiauGiacMo.m4a', FALSE, Null, '2014-08-31', NOW(), NOW()),
('c7d1e39b-621a-4fb5-9637-1b41a9e825fb', '62ebdbc7-a2b4-4a75-bb2a-69c7716d82db', 'Đừng Nhìn Lại (Just Wanna Say Goodbye) - Remix', '235716', 'lyric', 'https://audiomelodies.nyc3.digitaloceanspaces.com/LOC/NooPhuocThinh/ungNhinLai/DungNhinLaiJustWannaSayGoodbyeRemix.m4a', FALSE, Null, '2014-08-31', NOW(), NOW()),
('6466b285-fa7b-4051-9a06-6375c7a8b96e', '4d5ff48f-bf7d-4f4b-ae7d-c27b565ca109', 'Gạt Đi Nước Mắt (feat. Tonny Việt)', '258861', 'lyric', 'https://audiomelodies.nyc3.digitaloceanspaces.com/LOC/NooPhuocThinh/GatiNuocMat/GatDiNuocMatfeatTonnyViet.m4a', FALSE, Null, '2014-08-27', NOW(), NOW()),
('ff7dd2f2-91d5-4d49-b5f4-4c168030f704', '4d5ff48f-bf7d-4f4b-ae7d-c27b565ca109', 'Gạt Đi Nước Mắt - Ballad Version', '246949', 'lyric', 'https://audiomelodies.nyc3.digitaloceanspaces.com/LOC/NooPhuocThinh/GatiNuocMat/GatDiNuocMatBalladVersion.m4a', FALSE, Null, '2014-08-27', NOW(), NOW()),
('9301ddd8-7bd9-42f8-b006-905cb783fdd1', '4d5ff48f-bf7d-4f4b-ae7d-c27b565ca109', 'Gạt Đi Nước Mắt - Ballad Instrumental', '241124', 'lyric', 'https://audiomelodies.nyc3.digitaloceanspaces.com/LOC/NooPhuocThinh/GatiNuocMat/GatDiNuocMatBalladInstrumental.m4a', FALSE, Null, '2014-08-27', NOW(), NOW()),
('455dce50-417c-4e90-8ef3-1efdf0f77b47', '4d5ff48f-bf7d-4f4b-ae7d-c27b565ca109', 'Gạt Đi Nước Mắt - Dance Instrumental', '259644', 'lyric', 'https://audiomelodies.nyc3.digitaloceanspaces.com/LOC/NooPhuocThinh/GatiNuocMat/GatDiNuocMatDanceInstrumental.m4a', FALSE, Null, '2014-08-27', NOW(), NOW()),
('cf5d05ab-e79d-48db-b06c-e39c464f60cb', '5aeb648d-5a58-4936-b168-1ed486b51d76', 'Mashup Mãi mãi bên nhau / Như phút ban đầu - Live', '384197', 'lyric', 'https://audiomelodies.nyc3.digitaloceanspaces.com/LOC/NooPhuocThinh/MashupMaimaibennhauNhuphutbanauLive/MashupMaimaibennhauNhuphutbandauLive.m4a', FALSE, Null, '2014-01-01', NOW(), NOW()),
('b1363361-e776-457d-aba2-4d7b75b12c65', '274f744e-5e93-485f-8900-85e20e23bfcf', 'Em Sẽ Hạnh Phúc', '245434', 'lyric', 'https://audiomelodies.nyc3.digitaloceanspaces.com/LOC/NooPhuocThinh/ungNhinLai/EmSeHanhPhuc.m4a', FALSE, Null, '2013-09-11', NOW(), NOW()),
('1bf2d305-cd6e-41f0-a11f-75c6f51fc8f7', '274f744e-5e93-485f-8900-85e20e23bfcf', 'Em Sẽ Hạnh Phúc - Remix', '224458', 'lyric', 'https://audiomelodies.nyc3.digitaloceanspaces.com/LOC/NooPhuocThinh/EmSeHanhPhuc/EmSeHanhPhucRemix.m4a', FALSE, Null, '2013-09-11', NOW(), NOW()),
('79a0d61a-f533-415a-9a0e-743e00133e2f', '274f744e-5e93-485f-8900-85e20e23bfcf', 'Em Sẽ Hạnh Phúc - Instrumental', '245539', 'lyric', 'https://audiomelodies.nyc3.digitaloceanspaces.com/LOC/NooPhuocThinh/EmSeHanhPhuc/EmSeHanhPhucInstrumental.m4a', FALSE, Null, '2013-09-11', NOW(), NOW()),
('aff88aba-4001-42da-9807-437b59278a53', 'f2f7ee2c-b525-4bee-b3fe-aaba01e946a1', 'Tìm Em', '251453', 'lyric', 'https://audiomelodies.nyc3.digitaloceanspaces.com/LOC/NooPhuocThinh/TimEmTrongKyUc/TimEm.m4a', FALSE, Null, '2013-06-30', NOW(), NOW()),
('b890374e-ef06-4a83-9295-4817a1ec9d69', 'f2f7ee2c-b525-4bee-b3fe-aaba01e946a1', 'Tìm Em Trong Ký Ức', '248424', 'lyric', 'nan', FALSE, Null, '2013-06-30', NOW(), NOW()),
('25d6ad4f-a930-427e-bbe6-ffe09313e850', 'f2f7ee2c-b525-4bee-b3fe-aaba01e946a1', 'Tìm Em Trong Ký Ức - Acoustic Version', '221152', 'lyric', 'nan', FALSE, Null, '2013-06-30', NOW(), NOW()),
('0212baeb-fd7f-4d49-8732-fff16ac6d1e6', 'f2f7ee2c-b525-4bee-b3fe-aaba01e946a1', 'Tìm Em Trong Ký Ức - Instrumental', '289280', 'lyric', 'https://audiomelodies.nyc3.digitaloceanspaces.com/LOC/NooPhuocThinh/TimEmTrongKyUc/TimEmTrongKyUcInstrumental.m4a', FALSE, Null, '2013-06-30', NOW(), NOW()),
('72527fc4-d6cf-4e18-8262-ecc9ab7879d5', '1ab441ca-e10a-42f8-8296-26d5ddaed316', 'Chờ Ngày Mưa Tan (feat. Tonny Việt)', '212388', 'lyric', 'https://audiomelodies.nyc3.digitaloceanspaces.com/LOC/NooPhuocThinh/ChoNgayMuaTan/ChoNgayMuaTanfeatTonnyViet.m4a', FALSE, Null, '2013-01-20', NOW(), NOW()),
('9c56303c-2ef9-4db7-9420-45cddb00d856', '1ab441ca-e10a-42f8-8296-26d5ddaed316', 'Chờ Ngày Mưa Tan (feat. Tonny Việt) - DJ Duy Remix', '351596', 'lyric', 'https://audiomelodies.nyc3.digitaloceanspaces.com/LOC/NooPhuocThinh/ChoNgayMuaTan/ChoNgayMuaTanfeatTonnyVietDJDuyRemix.m4a', FALSE, Null, '2013-01-20', NOW(), NOW()),
('2c52fafe-53e0-419d-addb-70a93b21c402', '1ab441ca-e10a-42f8-8296-26d5ddaed316', 'Chờ Ngày Mưa Tan (feat. Tonny Việt) - Instrumental', '212494', 'lyric', 'https://audiomelodies.nyc3.digitaloceanspaces.com/LOC/NooPhuocThinh/ChoNgayMuaTan/ChoNgayMuaTanfeatTonnyVietInstrumental.m4a', FALSE, Null, '2013-01-20', NOW(), NOW()),
('9f0e2dfa-5189-469e-9f12-28ec8bdccfa5', '679aea4f-9023-4d37-9955-c8cdccee1855', 'Anh Sẽ Quên', '243748', 'lyric', 'https://audiomelodies.nyc3.digitaloceanspaces.com/LOC/NooPhuocThinh/ChoNgayMuaTan/AnhSeQuen.m4a', FALSE, Null, '2012-11-24', NOW(), NOW()),
('d11ec0ab-b1ae-49f1-908e-a6ab85f5f5b5', '679aea4f-9023-4d37-9955-c8cdccee1855', 'Chờ Ngày Mưa Tan', '212351', 'lyric', 'https://audiomelodies.nyc3.digitaloceanspaces.com/LOC/NooPhuocThinh/ChoNgayMuaTan/ChoNgayMuaTan.m4a', FALSE, Null, '2012-11-24', NOW(), NOW()),
('2c7d75ac-1a2d-45e7-bdd6-e63b63f3d8dd', '679aea4f-9023-4d37-9955-c8cdccee1855', 'Vắng Em', '239908', 'lyric', 'https://audiomelodies.nyc3.digitaloceanspaces.com/LOC/NooPhuocThinh/ChoNgayMuaTan/VangEm.m4a', FALSE, Null, '2012-11-24', NOW(), NOW()),
('a35ee633-0075-43be-b5b9-25f3d2a88b30', '52d20de4-e0e1-4c1c-81e1-632a6dc1e423', 'Xin Lỗi Em', '303621', 'lyric', 'nan', FALSE, Null, '2012-07-13', NOW(), NOW()),
('79e8a348-4ffd-4674-beb3-48b1e8b95137', 'fe3942ab-fa53-4561-a772-8efa4ded265d', 'Nỗi Nhớ Đầy Vơi', '262978', 'lyric', 'nan', FALSE, Null, '2011-04-29', NOW(), NOW()),
('eb38402a-0283-45aa-972f-72688e144938', 'fe3942ab-fa53-4561-a772-8efa4ded265d', 'Nỗi Nhớ Đầy Vơi - Ballad Version', '252613', 'lyric', 'nan', FALSE, Null, '2011-04-29', NOW(), NOW()),
('73f5a5bb-2889-420f-9f52-3f8903a2b3fd', 'fe3942ab-fa53-4561-a772-8efa4ded265d', 'Nỗi Nhớ Đầy Vơi - Dance Version', '203520', 'lyric', 'nan', FALSE, Null, '2011-04-29', NOW(), NOW()),
('8ad335c5-8ce4-4305-8822-9a91368c6b80', 'fe3942ab-fa53-4561-a772-8efa4ded265d', 'Chỉ Là Giấc Mơ', '253626', 'lyric', 'nan', FALSE, Null, '2011-04-29', NOW(), NOW()),
('9df30fe1-36f0-44c9-ae10-6f5a26e66c55', 'fe3942ab-fa53-4561-a772-8efa4ded265d', 'Chỉ Là - R&B Version', '203960', 'lyric', 'nan', FALSE, Null, '2011-04-29', NOW(), NOW()),
('8a52f5aa-63ae-4a9d-9f49-ba76ef6563ff', 'e18cd49e-a32d-4a98-aa49-d04a10cd5ec0', 'Đổi Thay', '227760', 'lyric', 'nan', FALSE, Null, '2010-01-01', NOW(), NOW()),
('205ce4d7-6f7c-41af-87ec-9e2d7285f8d6', 'e18cd49e-a32d-4a98-aa49-d04a10cd5ec0', 'Đổi Thay - Remix', '215040', 'lyric', 'https://audiomelodies.nyc3.digitaloceanspaces.com/LOC/NooPhuocThinh/oiThay/DoiThayRemix.m4a', FALSE, Null, '2010-01-01', NOW(), NOW()),
('6d41fa90-761f-4f40-8ec6-2154a0536957', 'e18cd49e-a32d-4a98-aa49-d04a10cd5ec0', 'Đổi Thay - Instrumental', '228022', 'lyric', 'https://audiomelodies.nyc3.digitaloceanspaces.com/LOC/NooPhuocThinh/oiThay/DoiThayInstrumental.m4a', FALSE, Null, '2010-01-01', NOW(), NOW()),
('634b0fc1-81a0-4ba8-a467-12141952385c', 'f8c0dc89-63c3-443b-bd3d-b0933e6a609d', 'cơn mưa băng giá - Live', '280427', 'lyric', 'https://audiomelodies.nyc3.digitaloceanspaces.com/LOC/NooPhuocThinh/conmuabanggiaLive/conmuabanggiaLive.m4a', FALSE, Null, '2006-01-01', NOW(), NOW()),
('9686da7e-b2ed-4d80-a820-6cce22b7d2d8', '64b6cd7b-e928-4293-b368-3164b54daed2', 'Tôi Là Một Ngôi Sao', '297130', 'lyric', 'https://audiomelodies.nyc3.digitaloceanspaces.com/LOC/NooPhuocThinh/ToiLaMotNgoiSaooriginal/ToiLaMotNgoiSao.m4a', FALSE, Null, '2000-01-01', NOW(), NOW()),
('bf29cadf-8012-4414-bf58-d6ddaf321d69', '64b6cd7b-e928-4293-b368-3164b54daed2', 'Tôi Là Một Ngôi Sao Beat', '276303', 'lyric', 'https://audiomelodies.nyc3.digitaloceanspaces.com/LOC/NooPhuocThinh/ToiLaMotNgoiSaooriginal/ToiLaMotNgoiSaoBeat.m4a', FALSE, Null, '2000-01-01', NOW(), NOW()),
('d4dd7a42-c6da-4bce-8a46-b02c7173fc9b', '0c6eaf42-136c-48a2-9cba-ef5a11daa80f', 'Dream Team', '227190', 'lyric', 'nan', FALSE, Null, '2000-01-01', NOW(), NOW());



INSERT INTO "ArtistSong" ("songId", "artistId", "main", "createdAt", "updatedAt") VALUES
('1c1f92af-fed1-4c72-b890-dec847d13e4f', '64328e49-904e-44d8-8496-bd4babca6960', TRUE, NOW(), NOW()),
('9a492d9d-a6a8-43af-a11f-d427fadd38f2', '64328e49-904e-44d8-8496-bd4babca6960', TRUE, NOW(), NOW()),
('f75f6e07-21ce-46a0-8f75-63c9bf980429', '64328e49-904e-44d8-8496-bd4babca6960', TRUE, NOW(), NOW()),
('e5db4c4a-880a-41b2-95c0-456fb2a1080f', '64328e49-904e-44d8-8496-bd4babca6960', TRUE, NOW(), NOW()),
('a23115f6-5cb9-4e25-b12a-d818dcc9e8fe', '64328e49-904e-44d8-8496-bd4babca6960', TRUE, NOW(), NOW()),
('a23115f6-5cb9-4e25-b12a-d818dcc9e8fe', '155a831d-1e97-4f7e-9137-565a20101270', FALSE, NOW(), NOW()),
('9b686983-bf0e-4566-a566-d946203fe31b', '155a831d-1e97-4f7e-9137-565a20101270', TRUE, NOW(), NOW()),
('2a57f866-4de6-43eb-8640-b2aaa0aa17e5', '64328e49-904e-44d8-8496-bd4babca6960', TRUE, NOW(), NOW()),
('ea191530-46f4-4079-9040-db2209703316', '64328e49-904e-44d8-8496-bd4babca6960', TRUE, NOW(), NOW()),
('7ea21b36-98c3-4b91-807c-20c9b5fc2100', '64328e49-904e-44d8-8496-bd4babca6960', TRUE, NOW(), NOW()),
('7ea21b36-98c3-4b91-807c-20c9b5fc2100', '155a831d-1e97-4f7e-9137-565a20101270', FALSE, NOW(), NOW()),
('30679dfc-54a8-4692-a598-f8895bcbbd8e', '64328e49-904e-44d8-8496-bd4babca6960', TRUE, NOW(), NOW()),
('55935fab-6a61-4c74-9aa6-e8bd51616a00', '64328e49-904e-44d8-8496-bd4babca6960', TRUE, NOW(), NOW()),
('e51a9072-5368-47f6-b376-2ef9b76a77bc', '64328e49-904e-44d8-8496-bd4babca6960', TRUE, NOW(), NOW()),
('0f34961f-948c-4f03-8860-e5a1ce6b4ecf', '64328e49-904e-44d8-8496-bd4babca6960', TRUE, NOW(), NOW()),
('77fd2c2e-8d18-4316-a7ac-dae8a0f01013', '64328e49-904e-44d8-8496-bd4babca6960', TRUE, NOW(), NOW()),
('05ac0ec7-de9f-44af-9571-074e56995796', '64328e49-904e-44d8-8496-bd4babca6960', TRUE, NOW(), NOW()),
('6b91be8d-60a6-4cae-9fc3-dc5948cc1ced', '64328e49-904e-44d8-8496-bd4babca6960', TRUE, NOW(), NOW()),
('73f2d6d5-e602-41c4-b4d4-3ac4ccf21c2b', '64328e49-904e-44d8-8496-bd4babca6960', TRUE, NOW(), NOW()),
('73f2d6d5-e602-41c4-b4d4-3ac4ccf21c2b', '91918902-1d19-4ce7-9967-07e784933795', FALSE, NOW(), NOW()),
('85d89145-2e4a-4691-b6be-9a0c0d8bd205', '64328e49-904e-44d8-8496-bd4babca6960', TRUE, NOW(), NOW()),
('39e9dd4c-4e17-4d83-89f0-4785a5470119', '64328e49-904e-44d8-8496-bd4babca6960', TRUE, NOW(), NOW()),
('3fca6089-0ef2-42be-b24f-d39a364a06a1', '91918902-1d19-4ce7-9967-07e784933795', TRUE, NOW(), NOW()),
('be0e5b1d-5122-41b3-b7cc-fbab1b53866e', '91918902-1d19-4ce7-9967-07e784933795', TRUE, NOW(), NOW()),
('836f3030-102b-4810-942f-83a8e7e92462', '91918902-1d19-4ce7-9967-07e784933795', TRUE, NOW(), NOW()),
('ee42ba1e-d58a-4337-ae79-bd96f2770667', '91918902-1d19-4ce7-9967-07e784933795', TRUE, NOW(), NOW()),
('ee42ba1e-d58a-4337-ae79-bd96f2770667', 'c33b240f-91fb-44ca-bd11-ca2c6c8e4c50', FALSE, NOW(), NOW()),
('9b2eb7bb-f5d8-49a7-9206-934f01bce53d', '91918902-1d19-4ce7-9967-07e784933795', TRUE, NOW(), NOW()),
('a3cf7bb4-e122-4a79-bc35-52641850995c', '91918902-1d19-4ce7-9967-07e784933795', TRUE, NOW(), NOW()),
('198af6da-1936-4f33-9115-c0418f4bc950', '91918902-1d19-4ce7-9967-07e784933795', TRUE, NOW(), NOW()),
('5ee48c09-755f-4ad6-81db-6d4989ee015d', '91918902-1d19-4ce7-9967-07e784933795', TRUE, NOW(), NOW()),
('07266875-c687-4bae-9f4e-779b0ac67605', '91918902-1d19-4ce7-9967-07e784933795', TRUE, NOW(), NOW()),
('2f753d8f-7682-4512-b5d5-f871621920c2', '91918902-1d19-4ce7-9967-07e784933795', TRUE, NOW(), NOW()),
('8e9fcb50-8d05-41b1-ae2f-013cb3f9d874', '91918902-1d19-4ce7-9967-07e784933795', TRUE, NOW(), NOW()),
('fe94acf1-9a57-4f4b-9ef0-b268a308c9a2', '91918902-1d19-4ce7-9967-07e784933795', TRUE, NOW(), NOW()),
('84287265-3c0b-42c7-87c4-a6d235bd0f70', '91918902-1d19-4ce7-9967-07e784933795', TRUE, NOW(), NOW()),
('84287265-3c0b-42c7-87c4-a6d235bd0f70', 'c33b240f-91fb-44ca-bd11-ca2c6c8e4c50', FALSE, NOW(), NOW()),
('040f4942-d718-489c-874d-bd52de4114da', '91918902-1d19-4ce7-9967-07e784933795', TRUE, NOW(), NOW()),
('24ea5202-b9d7-4dd3-9adb-3a235cebb19d', '91918902-1d19-4ce7-9967-07e784933795', TRUE, NOW(), NOW()),
('24ea5202-b9d7-4dd3-9adb-3a235cebb19d', 'c33b240f-91fb-44ca-bd11-ca2c6c8e4c50', FALSE, NOW(), NOW()),
('b4c2b021-2d08-423a-a468-d95d9f14a484', '91918902-1d19-4ce7-9967-07e784933795', TRUE, NOW(), NOW()),
('b4c2b021-2d08-423a-a468-d95d9f14a484', 'c33b240f-91fb-44ca-bd11-ca2c6c8e4c50', FALSE, NOW(), NOW()),
('d06481bb-e52c-4327-a072-eddc51d8934f', '91918902-1d19-4ce7-9967-07e784933795', TRUE, NOW(), NOW()),
('4565bb8b-7728-493c-984b-a8cb304aeeca', '91918902-1d19-4ce7-9967-07e784933795', TRUE, NOW(), NOW()),
('901a8434-8022-4575-be24-505473c4a8da', '91918902-1d19-4ce7-9967-07e784933795', TRUE, NOW(), NOW()),
('50cac17a-5689-4d7a-b85a-12eb7ccccaa8', '91918902-1d19-4ce7-9967-07e784933795', TRUE, NOW(), NOW()),
('f861ef27-c77f-42de-803a-06f7f736fe00', '91918902-1d19-4ce7-9967-07e784933795', TRUE, NOW(), NOW()),
('82de8cfb-fe81-4ace-85dd-220b457398e1', '91918902-1d19-4ce7-9967-07e784933795', TRUE, NOW(), NOW()),
('71caefc5-6552-47ea-9256-e6b3c2a968aa', '91918902-1d19-4ce7-9967-07e784933795', TRUE, NOW(), NOW()),
('83a3a4ed-9909-4b3b-854d-4f007e6aa737', '91918902-1d19-4ce7-9967-07e784933795', TRUE, NOW(), NOW()),
('df52119b-a237-427b-aaec-e14560e29671', '91918902-1d19-4ce7-9967-07e784933795', TRUE, NOW(), NOW()),
('8d4e3d57-866c-4426-9b79-378752cd7f31', '91918902-1d19-4ce7-9967-07e784933795', TRUE, NOW(), NOW()),
('555e53bb-5c26-4b4f-a954-f0ac2b8db760', '91918902-1d19-4ce7-9967-07e784933795', TRUE, NOW(), NOW()),
('ce1697c6-cc00-45aa-b7d4-4d2f523b0bf4', '91918902-1d19-4ce7-9967-07e784933795', TRUE, NOW(), NOW()),
('46d693a9-7758-403d-88ff-54ea0d2b9627', '91918902-1d19-4ce7-9967-07e784933795', TRUE, NOW(), NOW()),
('94afcf9e-7496-4298-9a4d-24bdb49109dc', '91918902-1d19-4ce7-9967-07e784933795', TRUE, NOW(), NOW()),
('ca4a13a4-544b-4c20-93f7-8a49f74b0743', '91918902-1d19-4ce7-9967-07e784933795', TRUE, NOW(), NOW()),
('95261707-1756-49a9-a4c6-7fd0bd383f5f', '91918902-1d19-4ce7-9967-07e784933795', TRUE, NOW(), NOW()),
('bee25b3f-1970-452f-aa09-7bd1bbee820e', '91918902-1d19-4ce7-9967-07e784933795', TRUE, NOW(), NOW()),
('e27465a2-b71e-4e1c-a3e1-bc0a55d5535e', '91918902-1d19-4ce7-9967-07e784933795', TRUE, NOW(), NOW()),
('fa36577d-2f4b-4dcb-978c-61f8c28e07bc', '91918902-1d19-4ce7-9967-07e784933795', TRUE, NOW(), NOW()),
('cf21297e-6717-4caf-bd78-7137644ab6de', '91918902-1d19-4ce7-9967-07e784933795', TRUE, NOW(), NOW()),
('6b29d8e0-9554-4629-8edc-87bdac253947', '91918902-1d19-4ce7-9967-07e784933795', TRUE, NOW(), NOW()),
('fe5f0fd3-15cd-4657-8d65-0280d7e92d2d', '91918902-1d19-4ce7-9967-07e784933795', TRUE, NOW(), NOW()),
('bd217491-19f0-4d29-92d3-8509e49273e8', '91918902-1d19-4ce7-9967-07e784933795', TRUE, NOW(), NOW()),
('56f3bf10-eae2-43e5-9dbc-12b4197ed73b', '91918902-1d19-4ce7-9967-07e784933795', TRUE, NOW(), NOW()),
('9913a107-090e-4635-8dd5-49c8ccf0554c', '91918902-1d19-4ce7-9967-07e784933795', TRUE, NOW(), NOW()),
('cf9b3ec8-871f-4df3-976a-89245302de52', '91918902-1d19-4ce7-9967-07e784933795', TRUE, NOW(), NOW()),
('4dee6e7c-4eed-4ddd-a60b-16080773a92d', '91918902-1d19-4ce7-9967-07e784933795', TRUE, NOW(), NOW()),
('c30f8cc7-4956-4d95-ad65-35b276e9b213', '91918902-1d19-4ce7-9967-07e784933795', TRUE, NOW(), NOW()),
('6a6c4cb9-6453-4644-93f3-57dade2dcc66', '91918902-1d19-4ce7-9967-07e784933795', TRUE, NOW(), NOW()),
('b128ff42-c372-4549-8501-623b4f03d1ec', '91918902-1d19-4ce7-9967-07e784933795', TRUE, NOW(), NOW()),
('5f1b6f4a-2e55-4ab9-8aad-db78785e17e4', '91918902-1d19-4ce7-9967-07e784933795', TRUE, NOW(), NOW()),
('59470087-d907-441e-9e03-41a7fbd08e0b', '91918902-1d19-4ce7-9967-07e784933795', TRUE, NOW(), NOW()),
('628b736d-5f6d-4cc6-914c-0f56c48552ef', '91918902-1d19-4ce7-9967-07e784933795', TRUE, NOW(), NOW()),
('3c02bee6-934a-4812-8865-f27e5aaecc9d', '64328e49-904e-44d8-8496-bd4babca6960', TRUE, NOW(), NOW()),
('3c02bee6-934a-4812-8865-f27e5aaecc9d', '91918902-1d19-4ce7-9967-07e784933795', FALSE, NOW(), NOW()),
('3c02bee6-934a-4812-8865-f27e5aaecc9d', '2586db19-c9a4-4a52-8f4f-3c8f1d57824d', FALSE, NOW(), NOW()),
('b4c3e774-2496-4f2a-bc92-a8f6b3ad7783', 'f9d22be2-e05a-4665-8280-019f6c77cb65', TRUE, NOW(), NOW()),
('b4c3e774-2496-4f2a-bc92-a8f6b3ad7783', '91918902-1d19-4ce7-9967-07e784933795', FALSE, NOW(), NOW()),
('45a5df07-7c8c-4d0d-aea2-69ab1698300c', '64328e49-904e-44d8-8496-bd4babca6960', TRUE, NOW(), NOW()),
('45a5df07-7c8c-4d0d-aea2-69ab1698300c', '91918902-1d19-4ce7-9967-07e784933795', FALSE, NOW(), NOW()),
('5737efc3-0fc4-45ba-99d7-3ba96a48b2ec', '91918902-1d19-4ce7-9967-07e784933795', TRUE, NOW(), NOW()),
('826862a0-3311-4039-b2c8-b89134348ad5', '91918902-1d19-4ce7-9967-07e784933795', TRUE, NOW(), NOW()),
('7420b7f7-aa53-42f8-b385-155999a45ad1', '91918902-1d19-4ce7-9967-07e784933795', TRUE, NOW(), NOW()),
('6e5e683e-5dd9-48b7-81de-d437d4854cd8', '91918902-1d19-4ce7-9967-07e784933795', TRUE, NOW(), NOW()),
('00f49241-fdc5-453a-a09a-2beee6c3cc90', '91918902-1d19-4ce7-9967-07e784933795', TRUE, NOW(), NOW()),
('998f17ff-d287-4a32-87e1-d556ea1b3464', '91918902-1d19-4ce7-9967-07e784933795', TRUE, NOW(), NOW()),
('0ae10d77-fc5c-4285-a8bf-402ad55724ba', '91918902-1d19-4ce7-9967-07e784933795', TRUE, NOW(), NOW()),
('2ddbc9bd-1fa5-4745-8375-f016fcb9f34a', '91918902-1d19-4ce7-9967-07e784933795', TRUE, NOW(), NOW()),
('2f5f0cd2-02e3-46fc-850e-1546fb882ab7', '91918902-1d19-4ce7-9967-07e784933795', TRUE, NOW(), NOW()),
('a13709c7-c8c2-4ea1-b751-094470149831', '64328e49-904e-44d8-8496-bd4babca6960', TRUE, NOW(), NOW()),
('a13709c7-c8c2-4ea1-b751-094470149831', '30c785fd-8d7c-4598-a3bf-80f99de8ff9f', FALSE, NOW(), NOW()),
('a13709c7-c8c2-4ea1-b751-094470149831', '91918902-1d19-4ce7-9967-07e784933795', FALSE, NOW(), NOW()),
('a13709c7-c8c2-4ea1-b751-094470149831', 'daa990e6-db85-482b-96f9-556f6f34e796', FALSE, NOW(), NOW()),
('e1fb5714-49a6-4639-a430-c7bb906deda6', '64328e49-904e-44d8-8496-bd4babca6960', TRUE, NOW(), NOW()),
('e1fb5714-49a6-4639-a430-c7bb906deda6', '30c785fd-8d7c-4598-a3bf-80f99de8ff9f', FALSE, NOW(), NOW()),
('e1fb5714-49a6-4639-a430-c7bb906deda6', '91918902-1d19-4ce7-9967-07e784933795', FALSE, NOW(), NOW()),
('e1fb5714-49a6-4639-a430-c7bb906deda6', 'daa990e6-db85-482b-96f9-556f6f34e796', FALSE, NOW(), NOW()),
('884ecdbc-5f99-454f-a6ef-d9b1d54430a6', '91918902-1d19-4ce7-9967-07e784933795', TRUE, NOW(), NOW()),
('a92c44f0-7762-467d-8693-e54d12bbafd3', '91918902-1d19-4ce7-9967-07e784933795', TRUE, NOW(), NOW()),
('1f21c67a-294f-4fff-a267-f7d3638556fa', '91918902-1d19-4ce7-9967-07e784933795', TRUE, NOW(), NOW()),
('fa9911a6-6464-4d64-bd64-0e35f9d24090', '91918902-1d19-4ce7-9967-07e784933795', TRUE, NOW(), NOW()),
('e5df4adc-96ca-4a4e-a395-9aae506fb8dd', '91918902-1d19-4ce7-9967-07e784933795', TRUE, NOW(), NOW()),
('7b361ff9-268a-4a19-8611-228f2f3c4e1e', '30c785fd-8d7c-4598-a3bf-80f99de8ff9f', TRUE, NOW(), NOW()),
('7b361ff9-268a-4a19-8611-228f2f3c4e1e', '91918902-1d19-4ce7-9967-07e784933795', FALSE, NOW(), NOW()),
('c5888cb6-94b5-4c65-b017-fcf71b6ca7a9', '91918902-1d19-4ce7-9967-07e784933795', TRUE, NOW(), NOW()),
('ad3cfbc4-c485-4cba-bc66-2b5f0787ecc3', '91918902-1d19-4ce7-9967-07e784933795', TRUE, NOW(), NOW()),
('0c7c36a3-bf18-43b9-ab0d-2f26ecd99544', '91918902-1d19-4ce7-9967-07e784933795', TRUE, NOW(), NOW()),
('f8c0042c-7b2e-4195-aabe-722bebd7ba11', '91918902-1d19-4ce7-9967-07e784933795', TRUE, NOW(), NOW()),
('82811fe6-b778-4c26-adae-27e254dde5fa', '91918902-1d19-4ce7-9967-07e784933795', TRUE, NOW(), NOW()),
('614a8767-92c8-436f-a702-17b05d042a66', '91918902-1d19-4ce7-9967-07e784933795', TRUE, NOW(), NOW()),
('777ffaa1-3783-4fbe-af1d-11f150789153', '91918902-1d19-4ce7-9967-07e784933795', TRUE, NOW(), NOW()),
('777ffaa1-3783-4fbe-af1d-11f150789153', '2088d666-25eb-4c9b-88dc-5fb6d4363c87', FALSE, NOW(), NOW()),
('671149c6-6f25-49f7-972a-4503c5378e89', '91918902-1d19-4ce7-9967-07e784933795', TRUE, NOW(), NOW()),
('671149c6-6f25-49f7-972a-4503c5378e89', 'c33b240f-91fb-44ca-bd11-ca2c6c8e4c50', FALSE, NOW(), NOW()),
('de1cdafa-19fd-4d77-a8fd-d1b8bf9dee55', '91918902-1d19-4ce7-9967-07e784933795', TRUE, NOW(), NOW()),
('de1cdafa-19fd-4d77-a8fd-d1b8bf9dee55', 'c33b240f-91fb-44ca-bd11-ca2c6c8e4c50', FALSE, NOW(), NOW()),
('7dc6d2c4-6f71-481a-b75f-e9478c5c4bba', '91918902-1d19-4ce7-9967-07e784933795', TRUE, NOW(), NOW()),
('60b13f1e-1a49-454b-a362-d43dad257fe1', '91918902-1d19-4ce7-9967-07e784933795', TRUE, NOW(), NOW()),
('7f1a26fd-d7b5-47d4-b005-de3ae9c01da2', '91918902-1d19-4ce7-9967-07e784933795', TRUE, NOW(), NOW()),
('eebbe973-9beb-4f2f-897f-0f0c7bef20e0', '91918902-1d19-4ce7-9967-07e784933795', TRUE, NOW(), NOW()),
('9c992564-51c5-4b7e-a9db-1766f8c50b58', '91918902-1d19-4ce7-9967-07e784933795', TRUE, NOW(), NOW()),
('9c992564-51c5-4b7e-a9db-1766f8c50b58', 'c33b240f-91fb-44ca-bd11-ca2c6c8e4c50', FALSE, NOW(), NOW()),
('d63b5d4d-49f0-4c2a-8ede-40841cfb8cf8', '91918902-1d19-4ce7-9967-07e784933795', TRUE, NOW(), NOW()),
('d63b5d4d-49f0-4c2a-8ede-40841cfb8cf8', 'c33b240f-91fb-44ca-bd11-ca2c6c8e4c50', FALSE, NOW(), NOW()),
('15119cc6-be52-4cab-8637-947c414ac135', '91918902-1d19-4ce7-9967-07e784933795', TRUE, NOW(), NOW()),
('15119cc6-be52-4cab-8637-947c414ac135', 'c33b240f-91fb-44ca-bd11-ca2c6c8e4c50', FALSE, NOW(), NOW()),
('275ad2df-fd6c-438e-b438-44ded3af9e5f', '91918902-1d19-4ce7-9967-07e784933795', TRUE, NOW(), NOW()),
('e4cc38f1-c19f-4737-86bd-aa41a721a865', '91918902-1d19-4ce7-9967-07e784933795', TRUE, NOW(), NOW()),
('f5c4669e-5336-4f5a-a241-3f6e2c545e0b', '91918902-1d19-4ce7-9967-07e784933795', TRUE, NOW(), NOW()),
('f5c4669e-5336-4f5a-a241-3f6e2c545e0b', '64328e49-904e-44d8-8496-bd4babca6960', FALSE, NOW(), NOW()),
('dcd72583-3927-413d-827c-f05ead79d1e1', '91918902-1d19-4ce7-9967-07e784933795', TRUE, NOW(), NOW()),
('dcd72583-3927-413d-827c-f05ead79d1e1', 'f34d0e65-c5fd-4f8c-adfd-989e390eaa93', FALSE, NOW(), NOW()),
('f19e3390-9086-42a7-a21b-39a5e828f9f6', '91918902-1d19-4ce7-9967-07e784933795', TRUE, NOW(), NOW()),
('b608d598-4fd0-4835-9d62-0361f3800eb8', '91918902-1d19-4ce7-9967-07e784933795', TRUE, NOW(), NOW()),
('a228d907-178c-4226-aa0a-1f10668b8b49', '91918902-1d19-4ce7-9967-07e784933795', TRUE, NOW(), NOW()),
('d918f9c0-caa7-4d12-be4e-3e66e11d9687', '91918902-1d19-4ce7-9967-07e784933795', TRUE, NOW(), NOW()),
('5f199b7a-77e5-4fa4-b124-d039e18180b3', '91918902-1d19-4ce7-9967-07e784933795', TRUE, NOW(), NOW()),
('cc5f4648-004a-4df1-8088-e263594b5d4f', '91918902-1d19-4ce7-9967-07e784933795', TRUE, NOW(), NOW()),
('e69b8fb0-4a26-4420-b9d7-1bfa8a1ada05', '91918902-1d19-4ce7-9967-07e784933795', TRUE, NOW(), NOW()),
('83baf599-ae95-4448-9e5a-035b54f24f02', '91918902-1d19-4ce7-9967-07e784933795', TRUE, NOW(), NOW()),
('12149f2c-0fe7-44a3-80e0-9a524f539fdc', '91918902-1d19-4ce7-9967-07e784933795', TRUE, NOW(), NOW()),
('610f7ccc-d961-4052-9ddb-ce13f6ba246f', '91918902-1d19-4ce7-9967-07e784933795', TRUE, NOW(), NOW()),
('20730933-834b-43cf-992b-c6645ae7a160', '91918902-1d19-4ce7-9967-07e784933795', TRUE, NOW(), NOW()),
('19792362-ea30-433a-a6da-7085be41070e', '91918902-1d19-4ce7-9967-07e784933795', TRUE, NOW(), NOW()),
('c59f2252-663b-4f0e-bdb3-5306293def59', '91918902-1d19-4ce7-9967-07e784933795', TRUE, NOW(), NOW()),
('1bdb543c-8918-4213-990f-42b2d9ab8a9f', '91918902-1d19-4ce7-9967-07e784933795', TRUE, NOW(), NOW()),
('f531738d-8939-4d94-9f07-e0f47ae6dd7f', '91918902-1d19-4ce7-9967-07e784933795', TRUE, NOW(), NOW()),
('fcfb9590-d1bd-4a7c-810b-39b3e38402a3', '91918902-1d19-4ce7-9967-07e784933795', TRUE, NOW(), NOW()),
('28ac05e4-e44f-4808-8e42-a89892fd3046', '64328e49-904e-44d8-8496-bd4babca6960', TRUE, NOW(), NOW()),
('28ac05e4-e44f-4808-8e42-a89892fd3046', '91918902-1d19-4ce7-9967-07e784933795', FALSE, NOW(), NOW()),
('a4b574e9-4813-46c6-879a-32771db20788', '91918902-1d19-4ce7-9967-07e784933795', TRUE, NOW(), NOW()),
('5032ad69-c561-4631-a98f-f5fc360969b0', '91918902-1d19-4ce7-9967-07e784933795', TRUE, NOW(), NOW());







--------------------HoangTon



INSERT INTO "Album" ("albumId",  "title", "releaseDate", "albumType", "createdAt", "updatedAt") VALUES
('9370add9-0e45-42b8-802f-83a9f80c7aeb', 'Chế Độ Silent (Remix Version)', '2024-08-27', 'single', NOW(), NOW()),
('619057f9-0e35-45cc-9cac-11e19cfa6002', 'Chế Độ Silent', '2024-08-20', 'single', NOW(), NOW()),
('563828cb-6cd3-4ade-8d5d-7ee2910767b0', 'Trào Dâng', '2024-03-14', 'single', NOW(), NOW()),
('992c6955-cf35-4063-b79d-8067a02b179e', 'Say', '2024-03-07', 'single', NOW(), NOW()),
('2b3af281-5abe-44d5-87b8-e186633007db', 'Chỉ Có Em (2024 Version)', '2024-02-07', 'single', NOW(), NOW()),
('cd414748-e255-4f12-9b65-df276e8639e9', 'Tình Yêu Giấu Kín', '2023-11-23', 'single', NOW(), NOW()),
('21401b93-f005-4a74-8d32-3f13fbc29d38', 'Can''t Believe', '2023-11-04', 'single', NOW(), NOW()),
('beaf90c3-958b-4c61-bfaa-cbe4125516d1', 'Từng Lời Anh Chôn Dấu', '2023-10-26', 'single', NOW(), NOW()),
('57a2d25e-4326-4fe5-981b-fb2cf31acc26', 'emconnho ... ???', '2023-08-29', 'ep', NOW(), NOW()),
('2e17a170-616f-4c65-bba6-417c43f161db', 'Hè Sang', '2023-06-01', 'single', NOW(), NOW()),
('3b942d65-e49b-4b5a-8ded-ce44daaa8d0a', 'Vì Em Là Cả Thế Giới', '2023-03-31', 'single', NOW(), NOW()),
('e46dd58a-ba28-441a-a33e-b8ebb7e8b849', 'Từ Bao Đêm Dài (AKTNTE)', '2022-09-08', 'single', NOW(), NOW()),
('2d87f454-13df-4ca3-97de-ed9b1f2be490', 'Tình Yêu Ngủ Quên (Darrys. Remix)', '2022-08-15', 'single', NOW(), NOW()),
('ed0e08dd-2c27-4421-a55b-eade89e6ab72', 'Vệ Tinh', '2022-08-11', 'single', NOW(), NOW()),
('d8f3d78b-5f89-4249-b153-dda67d04cb46', 'CHIM SAU', '2022-08-06', 'ep', NOW(), NOW()),
('c6281223-70c4-40da-af08-fce41b086540', 'Tình Yêu Ngủ Quên (R&B Remix)', '2022-06-15', 'single', NOW(), NOW()),
('6faebe36-6a06-45ff-899e-6abcecd91fa5', 'Không Cần Phải Nói Nhiều', '2022-05-10', 'single', NOW(), NOW()),
('eeac68b0-f29f-4012-8181-0c607eb2f2a7', 'Quan Tâm Em Mỗi Ngày', '2022-04-20', 'single', NOW(), NOW()),
('3e79314d-c1db-4268-85ba-01a5185f9d8e', 'Dinner Time', '2021-11-23', 'ep', NOW(), NOW()),
('d9c4a811-8f12-4f3b-82fa-258aa4a86866', 'Tình Yêu Ngủ Quên (HuyTran Remix)', '2021-11-17', 'single', NOW(), NOW()),
('9fcd9311-72e7-4b25-8889-af68c94e630b', 'Tình Yêu Ngủ Quên (Lofi)', '2021-11-14', 'single', NOW(), NOW()),
('41dc1ce8-1a9f-45dd-8ca0-ce63d14b3f55', 'Tình Yêu Ngủ Quên', '2021-06-12', 'single', NOW(), NOW()),
('50edb7f0-c558-46f2-9937-c2fdb9d08730', 'Tình Yêu Ngủ Quên (Chill Version)', '2021-06-09', 'single', NOW(), NOW()),
('235ecd27-49b7-4cca-9857-b04c92ec7e03', 'Một Ngày Em Sẽ', '2021-06-01', 'single', NOW(), NOW()),
('1c7f4760-1d04-4a31-b78f-f9213ce5d06a', 'Em Không Quay Về', '2021-05-01', 'ep', NOW(), NOW()),
('459e7cb3-0d59-4f96-b49d-d06ade6a48c3', 'Em Còn Nhớ Anh Không (Remastered)', '2021-04-26', 'single', NOW(), NOW()),
('ba151564-9df3-4163-99fa-22effdeb5e9b', 'Sex You Up', '2021-02-14', 'single', NOW(), NOW()),
('d46501a8-da5f-436f-8a29-8fd203546bbf', 'Nước Hoa', '2021-01-21', 'single', NOW(), NOW()),
('c8624aff-88ba-4c47-83c5-1e715b15c94f', 'Mắt Xanh', '2020-08-18', 'ep', NOW(), NOW()),
('01314081-5ce2-45e3-83eb-40ad77c0b3c5', 'Xuân Nghỉ Ngơi', '2020-01-01', 'single', NOW(), NOW()),
('819ae701-1885-4eaa-bc39-807e6bffc072', 'I Love You So Much', '2019-11-15', 'single', NOW(), NOW()),
('2d925a40-7732-4099-8693-ffa8a218192f', 'What''s Your Name?', '2019-05-28', 'single', NOW(), NOW()),
('9ef23a20-03e3-493b-b2cf-dc15dbc6b4f0', 'Yêu Em Rất Nhiều', '2017-09-22', 'single', NOW(), NOW()),
('287d97f9-9e67-40c9-9912-bdef249bb4f5', 'Mình Yêu Nhau Bao Lâu', '2014-01-01', 'single', NOW(), NOW()),
('11ba6a66-7a25-46ed-8727-93492bf9cfed', 'Chút Nắng Chút Mưa', '2014-01-01', 'ep', NOW(), NOW());



INSERT INTO "AlbumImage" ("albumId", "image", "size", "createdAt", "updatedAt") VALUES
('9370add9-0e45-42b8-802f-83a9f80c7aeb',  'https://i.scdn.co/image/ab67616d0000b27370098d42c24960270166ce2c', '640', NOW(), NOW()),
('9370add9-0e45-42b8-802f-83a9f80c7aeb',  'https://i.scdn.co/image/ab67616d00001e0270098d42c24960270166ce2c', '300', NOW(), NOW()),
('9370add9-0e45-42b8-802f-83a9f80c7aeb',  'https://i.scdn.co/image/ab67616d0000485170098d42c24960270166ce2c', '64', NOW(), NOW()),
('619057f9-0e35-45cc-9cac-11e19cfa6002',  'https://i.scdn.co/image/ab67616d0000b273264793bf88bed7c9098a200e', '640', NOW(), NOW()),
('619057f9-0e35-45cc-9cac-11e19cfa6002',  'https://i.scdn.co/image/ab67616d00001e02264793bf88bed7c9098a200e', '300', NOW(), NOW()),
('619057f9-0e35-45cc-9cac-11e19cfa6002',  'https://i.scdn.co/image/ab67616d00004851264793bf88bed7c9098a200e', '64', NOW(), NOW()),
('563828cb-6cd3-4ade-8d5d-7ee2910767b0',  'https://i.scdn.co/image/ab67616d0000b273f7acd633c99f69b36487f325', '640', NOW(), NOW()),
('563828cb-6cd3-4ade-8d5d-7ee2910767b0',  'https://i.scdn.co/image/ab67616d00001e02f7acd633c99f69b36487f325', '300', NOW(), NOW()),
('563828cb-6cd3-4ade-8d5d-7ee2910767b0',  'https://i.scdn.co/image/ab67616d00004851f7acd633c99f69b36487f325', '64', NOW(), NOW()),
('992c6955-cf35-4063-b79d-8067a02b179e',  'https://i.scdn.co/image/ab67616d0000b273cd8edcbfe2d7a92af129df9a', '640', NOW(), NOW()),
('992c6955-cf35-4063-b79d-8067a02b179e',  'https://i.scdn.co/image/ab67616d00001e02cd8edcbfe2d7a92af129df9a', '300', NOW(), NOW()),
('992c6955-cf35-4063-b79d-8067a02b179e',  'https://i.scdn.co/image/ab67616d00004851cd8edcbfe2d7a92af129df9a', '64', NOW(), NOW()),
('2b3af281-5abe-44d5-87b8-e186633007db',  'https://i.scdn.co/image/ab67616d0000b27308f667c461d28010a2105548', '640', NOW(), NOW()),
('2b3af281-5abe-44d5-87b8-e186633007db',  'https://i.scdn.co/image/ab67616d00001e0208f667c461d28010a2105548', '300', NOW(), NOW()),
('2b3af281-5abe-44d5-87b8-e186633007db',  'https://i.scdn.co/image/ab67616d0000485108f667c461d28010a2105548', '64', NOW(), NOW()),
('cd414748-e255-4f12-9b65-df276e8639e9',  'https://i.scdn.co/image/ab67616d0000b2730a70b691689eced1a927129c', '640', NOW(), NOW()),
('cd414748-e255-4f12-9b65-df276e8639e9',  'https://i.scdn.co/image/ab67616d00001e020a70b691689eced1a927129c', '300', NOW(), NOW()),
('cd414748-e255-4f12-9b65-df276e8639e9',  'https://i.scdn.co/image/ab67616d000048510a70b691689eced1a927129c', '64', NOW(), NOW()),
('21401b93-f005-4a74-8d32-3f13fbc29d38',  'https://i.scdn.co/image/ab67616d0000b27389e74c70d03d156be4f0b442', '640', NOW(), NOW()),
('21401b93-f005-4a74-8d32-3f13fbc29d38',  'https://i.scdn.co/image/ab67616d00001e0289e74c70d03d156be4f0b442', '300', NOW(), NOW()),
('21401b93-f005-4a74-8d32-3f13fbc29d38',  'https://i.scdn.co/image/ab67616d0000485189e74c70d03d156be4f0b442', '64', NOW(), NOW()),
('beaf90c3-958b-4c61-bfaa-cbe4125516d1',  'https://i.scdn.co/image/ab67616d0000b273ca893ae150e089418e45fd47', '640', NOW(), NOW()),
('beaf90c3-958b-4c61-bfaa-cbe4125516d1',  'https://i.scdn.co/image/ab67616d00001e02ca893ae150e089418e45fd47', '300', NOW(), NOW()),
('beaf90c3-958b-4c61-bfaa-cbe4125516d1',  'https://i.scdn.co/image/ab67616d00004851ca893ae150e089418e45fd47', '64', NOW(), NOW()),
('57a2d25e-4326-4fe5-981b-fb2cf31acc26',  'https://i.scdn.co/image/ab67616d0000b2739c335f3220f6067b9dc2da63', '640', NOW(), NOW()),
('57a2d25e-4326-4fe5-981b-fb2cf31acc26',  'https://i.scdn.co/image/ab67616d00001e029c335f3220f6067b9dc2da63', '300', NOW(), NOW()),
('57a2d25e-4326-4fe5-981b-fb2cf31acc26',  'https://i.scdn.co/image/ab67616d000048519c335f3220f6067b9dc2da63', '64', NOW(), NOW()),
('2e17a170-616f-4c65-bba6-417c43f161db',  'https://i.scdn.co/image/ab67616d0000b273954bd13d0be555dfaac27d23', '640', NOW(), NOW()),
('2e17a170-616f-4c65-bba6-417c43f161db',  'https://i.scdn.co/image/ab67616d00001e02954bd13d0be555dfaac27d23', '300', NOW(), NOW()),
('2e17a170-616f-4c65-bba6-417c43f161db',  'https://i.scdn.co/image/ab67616d00004851954bd13d0be555dfaac27d23', '64', NOW(), NOW()),
('3b942d65-e49b-4b5a-8ded-ce44daaa8d0a',  'https://i.scdn.co/image/ab67616d0000b2731fc11ecdc369b70729f9271c', '640', NOW(), NOW()),
('3b942d65-e49b-4b5a-8ded-ce44daaa8d0a',  'https://i.scdn.co/image/ab67616d00001e021fc11ecdc369b70729f9271c', '300', NOW(), NOW()),
('3b942d65-e49b-4b5a-8ded-ce44daaa8d0a',  'https://i.scdn.co/image/ab67616d000048511fc11ecdc369b70729f9271c', '64', NOW(), NOW()),
('e46dd58a-ba28-441a-a33e-b8ebb7e8b849',  'https://i.scdn.co/image/ab67616d0000b273d805da99a5c18c6045e9f7a7', '640', NOW(), NOW()),
('e46dd58a-ba28-441a-a33e-b8ebb7e8b849',  'https://i.scdn.co/image/ab67616d00001e02d805da99a5c18c6045e9f7a7', '300', NOW(), NOW()),
('e46dd58a-ba28-441a-a33e-b8ebb7e8b849',  'https://i.scdn.co/image/ab67616d00004851d805da99a5c18c6045e9f7a7', '64', NOW(), NOW()),
('2d87f454-13df-4ca3-97de-ed9b1f2be490',  'https://i.scdn.co/image/ab67616d0000b2731f52bf5bdc18ca3b54ab36f4', '640', NOW(), NOW()),
('2d87f454-13df-4ca3-97de-ed9b1f2be490',  'https://i.scdn.co/image/ab67616d00001e021f52bf5bdc18ca3b54ab36f4', '300', NOW(), NOW()),
('2d87f454-13df-4ca3-97de-ed9b1f2be490',  'https://i.scdn.co/image/ab67616d000048511f52bf5bdc18ca3b54ab36f4', '64', NOW(), NOW()),
('ed0e08dd-2c27-4421-a55b-eade89e6ab72',  'https://i.scdn.co/image/ab67616d0000b273418732879336a88fa4d4b148', '640', NOW(), NOW()),
('ed0e08dd-2c27-4421-a55b-eade89e6ab72',  'https://i.scdn.co/image/ab67616d00001e02418732879336a88fa4d4b148', '300', NOW(), NOW()),
('ed0e08dd-2c27-4421-a55b-eade89e6ab72',  'https://i.scdn.co/image/ab67616d00004851418732879336a88fa4d4b148', '64', NOW(), NOW()),
('d8f3d78b-5f89-4249-b153-dda67d04cb46',  'https://i.scdn.co/image/ab67616d0000b273fe425e63760ee61a66e898e0', '640', NOW(), NOW()),
('d8f3d78b-5f89-4249-b153-dda67d04cb46',  'https://i.scdn.co/image/ab67616d00001e02fe425e63760ee61a66e898e0', '300', NOW(), NOW()),
('d8f3d78b-5f89-4249-b153-dda67d04cb46',  'https://i.scdn.co/image/ab67616d00004851fe425e63760ee61a66e898e0', '64', NOW(), NOW()),
('c6281223-70c4-40da-af08-fce41b086540',  'https://i.scdn.co/image/ab67616d0000b273d079285b209f304bc9b26132', '640', NOW(), NOW()),
('c6281223-70c4-40da-af08-fce41b086540',  'https://i.scdn.co/image/ab67616d00001e02d079285b209f304bc9b26132', '300', NOW(), NOW()),
('c6281223-70c4-40da-af08-fce41b086540',  'https://i.scdn.co/image/ab67616d00004851d079285b209f304bc9b26132', '64', NOW(), NOW()),
('6faebe36-6a06-45ff-899e-6abcecd91fa5',  'https://i.scdn.co/image/ab67616d0000b2739436d49f19816c46d89efc96', '640', NOW(), NOW()),
('6faebe36-6a06-45ff-899e-6abcecd91fa5',  'https://i.scdn.co/image/ab67616d00001e029436d49f19816c46d89efc96', '300', NOW(), NOW()),
('6faebe36-6a06-45ff-899e-6abcecd91fa5',  'https://i.scdn.co/image/ab67616d000048519436d49f19816c46d89efc96', '64', NOW(), NOW()),
('eeac68b0-f29f-4012-8181-0c607eb2f2a7',  'https://i.scdn.co/image/ab67616d0000b273100f63cef2fc81c6d3de16e1', '640', NOW(), NOW()),
('eeac68b0-f29f-4012-8181-0c607eb2f2a7',  'https://i.scdn.co/image/ab67616d00001e02100f63cef2fc81c6d3de16e1', '300', NOW(), NOW()),
('eeac68b0-f29f-4012-8181-0c607eb2f2a7',  'https://i.scdn.co/image/ab67616d00004851100f63cef2fc81c6d3de16e1', '64', NOW(), NOW()),
('3e79314d-c1db-4268-85ba-01a5185f9d8e',  'https://i.scdn.co/image/ab67616d0000b273ab11ff6c863e234caa964ada', '640', NOW(), NOW()),
('3e79314d-c1db-4268-85ba-01a5185f9d8e',  'https://i.scdn.co/image/ab67616d00001e02ab11ff6c863e234caa964ada', '300', NOW(), NOW()),
('3e79314d-c1db-4268-85ba-01a5185f9d8e',  'https://i.scdn.co/image/ab67616d00004851ab11ff6c863e234caa964ada', '64', NOW(), NOW()),
('d9c4a811-8f12-4f3b-82fa-258aa4a86866',  'https://i.scdn.co/image/ab67616d0000b273749fdfba69aaa3eb693ce3a0', '640', NOW(), NOW()),
('d9c4a811-8f12-4f3b-82fa-258aa4a86866',  'https://i.scdn.co/image/ab67616d00001e02749fdfba69aaa3eb693ce3a0', '300', NOW(), NOW()),
('d9c4a811-8f12-4f3b-82fa-258aa4a86866',  'https://i.scdn.co/image/ab67616d00004851749fdfba69aaa3eb693ce3a0', '64', NOW(), NOW()),
('9fcd9311-72e7-4b25-8889-af68c94e630b',  'https://i.scdn.co/image/ab67616d0000b273d52eff90ca46592929880b6b', '640', NOW(), NOW()),
('9fcd9311-72e7-4b25-8889-af68c94e630b',  'https://i.scdn.co/image/ab67616d00001e02d52eff90ca46592929880b6b', '300', NOW(), NOW()),
('9fcd9311-72e7-4b25-8889-af68c94e630b',  'https://i.scdn.co/image/ab67616d00004851d52eff90ca46592929880b6b', '64', NOW(), NOW()),
('41dc1ce8-1a9f-45dd-8ca0-ce63d14b3f55',  'https://i.scdn.co/image/ab67616d0000b2739137c858c1ca7a07e80c0fb4', '640', NOW(), NOW()),
('41dc1ce8-1a9f-45dd-8ca0-ce63d14b3f55',  'https://i.scdn.co/image/ab67616d00001e029137c858c1ca7a07e80c0fb4', '300', NOW(), NOW()),
('41dc1ce8-1a9f-45dd-8ca0-ce63d14b3f55',  'https://i.scdn.co/image/ab67616d000048519137c858c1ca7a07e80c0fb4', '64', NOW(), NOW()),
('50edb7f0-c558-46f2-9937-c2fdb9d08730',  'https://i.scdn.co/image/ab67616d0000b27348a3db524ec6733cf3caab48', '640', NOW(), NOW()),
('50edb7f0-c558-46f2-9937-c2fdb9d08730',  'https://i.scdn.co/image/ab67616d00001e0248a3db524ec6733cf3caab48', '300', NOW(), NOW()),
('50edb7f0-c558-46f2-9937-c2fdb9d08730',  'https://i.scdn.co/image/ab67616d0000485148a3db524ec6733cf3caab48', '64', NOW(), NOW()),
('235ecd27-49b7-4cca-9857-b04c92ec7e03',  'https://i.scdn.co/image/ab67616d0000b2739448a7d1339bcc718515c12a', '640', NOW(), NOW()),
('235ecd27-49b7-4cca-9857-b04c92ec7e03',  'https://i.scdn.co/image/ab67616d00001e029448a7d1339bcc718515c12a', '300', NOW(), NOW()),
('235ecd27-49b7-4cca-9857-b04c92ec7e03',  'https://i.scdn.co/image/ab67616d000048519448a7d1339bcc718515c12a', '64', NOW(), NOW()),
('1c7f4760-1d04-4a31-b78f-f9213ce5d06a',  'https://i.scdn.co/image/ab67616d0000b273d7bcae56d1717bcb9ece20ec', '640', NOW(), NOW()),
('1c7f4760-1d04-4a31-b78f-f9213ce5d06a',  'https://i.scdn.co/image/ab67616d00001e02d7bcae56d1717bcb9ece20ec', '300', NOW(), NOW()),
('1c7f4760-1d04-4a31-b78f-f9213ce5d06a',  'https://i.scdn.co/image/ab67616d00004851d7bcae56d1717bcb9ece20ec', '64', NOW(), NOW()),
('459e7cb3-0d59-4f96-b49d-d06ade6a48c3',  'https://i.scdn.co/image/ab67616d0000b2730f51ab4082005cad23ea985f', '640', NOW(), NOW()),
('459e7cb3-0d59-4f96-b49d-d06ade6a48c3',  'https://i.scdn.co/image/ab67616d00001e020f51ab4082005cad23ea985f', '300', NOW(), NOW()),
('459e7cb3-0d59-4f96-b49d-d06ade6a48c3',  'https://i.scdn.co/image/ab67616d000048510f51ab4082005cad23ea985f', '64', NOW(), NOW()),
('ba151564-9df3-4163-99fa-22effdeb5e9b',  'https://i.scdn.co/image/ab67616d0000b2736d436f9f14d8ab2fb135150b', '640', NOW(), NOW()),
('ba151564-9df3-4163-99fa-22effdeb5e9b',  'https://i.scdn.co/image/ab67616d00001e026d436f9f14d8ab2fb135150b', '300', NOW(), NOW()),
('ba151564-9df3-4163-99fa-22effdeb5e9b',  'https://i.scdn.co/image/ab67616d000048516d436f9f14d8ab2fb135150b', '64', NOW(), NOW()),
('d46501a8-da5f-436f-8a29-8fd203546bbf',  'https://i.scdn.co/image/ab67616d0000b27367d76ba6c53e7cfa69d399b8', '640', NOW(), NOW()),
('d46501a8-da5f-436f-8a29-8fd203546bbf',  'https://i.scdn.co/image/ab67616d00001e0267d76ba6c53e7cfa69d399b8', '300', NOW(), NOW()),
('d46501a8-da5f-436f-8a29-8fd203546bbf',  'https://i.scdn.co/image/ab67616d0000485167d76ba6c53e7cfa69d399b8', '64', NOW(), NOW()),
('c8624aff-88ba-4c47-83c5-1e715b15c94f',  'https://i.scdn.co/image/ab67616d0000b2730c18378f82ddde419b4f9d92', '640', NOW(), NOW()),
('c8624aff-88ba-4c47-83c5-1e715b15c94f',  'https://i.scdn.co/image/ab67616d00001e020c18378f82ddde419b4f9d92', '300', NOW(), NOW()),
('c8624aff-88ba-4c47-83c5-1e715b15c94f',  'https://i.scdn.co/image/ab67616d000048510c18378f82ddde419b4f9d92', '64', NOW(), NOW()),
('01314081-5ce2-45e3-83eb-40ad77c0b3c5',  'https://i.scdn.co/image/ab67616d0000b2735cb6a5f9f304f0c309636bf0', '640', NOW(), NOW()),
('01314081-5ce2-45e3-83eb-40ad77c0b3c5',  'https://i.scdn.co/image/ab67616d00001e025cb6a5f9f304f0c309636bf0', '300', NOW(), NOW()),
('01314081-5ce2-45e3-83eb-40ad77c0b3c5',  'https://i.scdn.co/image/ab67616d000048515cb6a5f9f304f0c309636bf0', '64', NOW(), NOW()),
('819ae701-1885-4eaa-bc39-807e6bffc072',  'https://i.scdn.co/image/ab67616d0000b273e5fb6d20244389ec6229381b', '640', NOW(), NOW()),
('819ae701-1885-4eaa-bc39-807e6bffc072',  'https://i.scdn.co/image/ab67616d00001e02e5fb6d20244389ec6229381b', '300', NOW(), NOW()),
('819ae701-1885-4eaa-bc39-807e6bffc072',  'https://i.scdn.co/image/ab67616d00004851e5fb6d20244389ec6229381b', '64', NOW(), NOW()),
('2d925a40-7732-4099-8693-ffa8a218192f',  'https://i.scdn.co/image/ab67616d0000b273ca7a697ed28a4dc757c1034e', '640', NOW(), NOW()),
('2d925a40-7732-4099-8693-ffa8a218192f',  'https://i.scdn.co/image/ab67616d00001e02ca7a697ed28a4dc757c1034e', '300', NOW(), NOW()),
('2d925a40-7732-4099-8693-ffa8a218192f',  'https://i.scdn.co/image/ab67616d00004851ca7a697ed28a4dc757c1034e', '64', NOW(), NOW()),
('9ef23a20-03e3-493b-b2cf-dc15dbc6b4f0',  'https://i.scdn.co/image/ab67616d0000b273c575032829572f76e8e776f2', '640', NOW(), NOW()),
('9ef23a20-03e3-493b-b2cf-dc15dbc6b4f0',  'https://i.scdn.co/image/ab67616d00001e02c575032829572f76e8e776f2', '300', NOW(), NOW()),
('9ef23a20-03e3-493b-b2cf-dc15dbc6b4f0',  'https://i.scdn.co/image/ab67616d00004851c575032829572f76e8e776f2', '64', NOW(), NOW()),
('287d97f9-9e67-40c9-9912-bdef249bb4f5',  'https://i.scdn.co/image/ab67616d0000b273d4370c3be2f80dfde1e40004', '640', NOW(), NOW()),
('287d97f9-9e67-40c9-9912-bdef249bb4f5',  'https://i.scdn.co/image/ab67616d00001e02d4370c3be2f80dfde1e40004', '300', NOW(), NOW()),
('287d97f9-9e67-40c9-9912-bdef249bb4f5',  'https://i.scdn.co/image/ab67616d00004851d4370c3be2f80dfde1e40004', '64', NOW(), NOW()),
('11ba6a66-7a25-46ed-8727-93492bf9cfed',  'https://i.scdn.co/image/ab67616d0000b273aa4f73fcc05dc058a55eab1f', '640', NOW(), NOW()),
('11ba6a66-7a25-46ed-8727-93492bf9cfed',  'https://i.scdn.co/image/ab67616d00001e02aa4f73fcc05dc058a55eab1f', '300', NOW(), NOW()),
('11ba6a66-7a25-46ed-8727-93492bf9cfed',  'https://i.scdn.co/image/ab67616d00004851aa4f73fcc05dc058a55eab1f', '64', NOW(), NOW());



INSERT INTO "Song" ("id", "albumId", "title", "duration", "lyric", "filePathAudio", "privacy", "uploadUserId", "releaseDate", "createdAt", "updatedAt") VALUES
('c34f5207-7984-4b92-b128-09b8bccdab5c', '9370add9-0e45-42b8-802f-83a9f80c7aeb', 'Chế Độ Silent (Remix Version)', '246042', 'lyric', 'nan', FALSE, Null, '2024-08-27', NOW(), NOW()),
('49bf587a-7831-410a-9158-adae6331d4fa', '619057f9-0e35-45cc-9cac-11e19cfa6002', 'Chế Độ Silent', '178928', 'lyric', 'nan', FALSE, Null, '2024-08-20', NOW(), NOW()),
('e1fbf098-b4e2-42b7-9cec-a870e13042a0', '563828cb-6cd3-4ade-8d5d-7ee2910767b0', 'Trào Dâng', '180845', 'lyric', 'https://audiomelodies.nyc3.digitaloceanspaces.com/LOC/HoangTon/TraoDang/TraoDang.m4a', FALSE, Null, '2024-03-14', NOW(), NOW()),
('eb1b8608-42a8-48d2-a059-71377b16f743', '992c6955-cf35-4063-b79d-8067a02b179e', 'Say', '205632', 'lyric', 'https://audiomelodies.nyc3.digitaloceanspaces.com/LOC/HoangTon/Say/Say.m4a', FALSE, Null, '2024-03-07', NOW(), NOW()),
('9db74add-9195-4ff5-bd53-e391d5c5b8e9', '2b3af281-5abe-44d5-87b8-e186633007db', 'Chỉ Có Em - 2024 Version', '195428', 'lyric', 'nan', FALSE, Null, '2024-02-07', NOW(), NOW()),
('b6aaf076-1607-409d-b557-faadcbb74f92', 'cd414748-e255-4f12-9b65-df276e8639e9', 'Tình Yêu Giấu Kín', '246135', 'lyric', 'https://audiomelodies.nyc3.digitaloceanspaces.com/LOC/HoangTon/TinhYeuGiauKin/TinhYeuGiauKin.m4a', FALSE, Null, '2023-11-23', NOW(), NOW()),
('67afe3ff-c5c5-4ead-a0f7-f5c66c691a3a', '21401b93-f005-4a74-8d32-3f13fbc29d38', 'Can''t Believe', '225245', 'lyric', 'https://audiomelodies.nyc3.digitaloceanspaces.com/LOC/HoangTon/CantBelieve/CantBelieve.m4a', FALSE, Null, '2023-11-04', NOW(), NOW()),
('512e216c-9d51-4c55-9f4e-43d9acc4efba', 'beaf90c3-958b-4c61-bfaa-cbe4125516d1', 'Từng Lời Anh Chôn Dấu', '225004', 'lyric', 'nan', FALSE, Null, '2023-10-26', NOW(), NOW()),
('1bb253c8-1b70-43d2-bf63-ca7a969bd92e', '57a2d25e-4326-4fe5-981b-fb2cf31acc26', 'emconnho ... ???', '290349', 'lyric', 'https://audiomelodies.nyc3.digitaloceanspaces.com/LOC/HoangTon/emconnho/emconnho.m4a', FALSE, Null, '2023-08-29', NOW(), NOW()),
('cef66b3e-5b5a-4538-9553-8f37a4a1b362', '57a2d25e-4326-4fe5-981b-fb2cf31acc26', 'khade', '244000', 'lyric', 'https://audiomelodies.nyc3.digitaloceanspaces.com/LOC/HoangTon/emconnho/khade.m4a', FALSE, Null, '2023-08-29', NOW(), NOW()),
('d31c9345-24d2-4ffa-8c44-5b45d88e1394', '2e17a170-616f-4c65-bba6-417c43f161db', 'Hè Sang', '220408', 'lyric', 'nan', FALSE, Null, '2023-06-01', NOW(), NOW()),
('91ca2e69-1bcd-4ec4-bc7e-d4c99336d6d9', '3b942d65-e49b-4b5a-8ded-ce44daaa8d0a', 'Vì Em Là Cả Thế Giới', '348148', 'lyric', 'nan', FALSE, Null, '2023-03-31', NOW(), NOW()),
('7efd6965-54a8-4302-9cde-57844f128f62', 'e46dd58a-ba28-441a-a33e-b8ebb7e8b849', 'Từ Bao Đêm Dài (AKTNTE)', '185769', 'lyric', 'https://audiomelodies.nyc3.digitaloceanspaces.com/LOC/HoangTon/TuBaoemDaiAKTNTE/TuBaoDemDaiAKTNTE.m4a', FALSE, Null, '2022-09-08', NOW(), NOW()),
('973fd80d-7ba3-4279-b01f-9fe00a14cea9', '2d87f454-13df-4ca3-97de-ed9b1f2be490', 'Tình Yêu Ngủ Quên - Darrys. Remix', '263195', 'lyric', 'https://audiomelodies.nyc3.digitaloceanspaces.com/LOC/HoangTon/TinhYeuNguQuenDarrysRemix/TinhYeuNguQuenDarrysRemix.m4a', FALSE, Null, '2022-08-15', NOW(), NOW()),
('f81c99b4-9af3-47df-8713-5204e95fe5b1', 'ed0e08dd-2c27-4421-a55b-eade89e6ab72', 'Vệ Tinh', '219428', 'lyric', 'nan', FALSE, Null, '2022-08-11', NOW(), NOW()),
('a1cbda42-5187-48a9-9769-4c71f407e5a2', 'd8f3d78b-5f89-4249-b153-dda67d04cb46', 'CHIM SAU', '206000', 'lyric', 'nan', FALSE, Null, '2022-08-06', NOW(), NOW()),
('da9d3e97-5311-443a-b989-6c4d46291b70', 'd8f3d78b-5f89-4249-b153-dda67d04cb46', 'CHIM SAU (Beat)', '204000', 'lyric', 'nan', FALSE, Null, '2022-08-06', NOW(), NOW()),
('d2840023-00a7-4529-b8ac-d4813fb0e514', 'c6281223-70c4-40da-af08-fce41b086540', 'Tình Yêu Ngủ Quên - R&B Remix', '174781', 'lyric', 'https://audiomelodies.nyc3.digitaloceanspaces.com/LOC/HoangTon/TinhYeuNguQuenRBRemix/TinhYeuNguQuenRBRemix.m4a', FALSE, Null, '2022-06-15', NOW(), NOW()),
('f2d58ae9-60a1-4a53-b209-1f56fa9b20c9', '6faebe36-6a06-45ff-899e-6abcecd91fa5', 'Không Cần Phải Nói Nhiều', '246271', 'lyric', 'nan', FALSE, Null, '2022-05-10', NOW(), NOW()),
('4e7b954a-5343-4edf-87ea-1b7a6c4acec8', 'eeac68b0-f29f-4012-8181-0c607eb2f2a7', 'Quan Tâm Em Mỗi Ngày', '247272', 'lyric', 'https://audiomelodies.nyc3.digitaloceanspaces.com/LOC/HoangTon/QuanTamEmMoiNgay/QuanTamEmMoiNgay.m4a', FALSE, Null, '2022-04-20', NOW(), NOW()),
('41424822-0f89-41a8-bd62-5f9b282a60fe', '3e79314d-c1db-4268-85ba-01a5185f9d8e', 'Dinner Time', '208831', 'lyric', 'nan', FALSE, Null, '2021-11-23', NOW(), NOW()),
('7f7b7f8c-ef31-43a8-8ea3-101c624133e4', '3e79314d-c1db-4268-85ba-01a5185f9d8e', 'Dinner Time - Beat', '215381', 'lyric', 'nan', FALSE, Null, '2021-11-23', NOW(), NOW()),
('74b2a2b0-d8d1-4360-b727-fcce03939425', 'd9c4a811-8f12-4f3b-82fa-258aa4a86866', 'Tình Yêu Ngủ Quên - HuyTran Remix', '165210', 'lyric', 'https://audiomelodies.nyc3.digitaloceanspaces.com/LOC/HoangTon/TinhYeuNguQuenHuyTranRemix/TinhYeuNguQuenHuyTranRemix.m4a', FALSE, Null, '2021-11-17', NOW(), NOW()),
('5fbccb3a-9b7b-4d4f-aeee-49e5b541f637', '9fcd9311-72e7-4b25-8889-af68c94e630b', 'Tình Yêu Ngủ Quên - Lofi', '155893', 'lyric', 'https://audiomelodies.nyc3.digitaloceanspaces.com/LOC/HoangTon/TinhYeuNguQuenLofi/TinhYeuNguQuenLofi.m4a', FALSE, Null, '2021-11-14', NOW(), NOW()),
('204b9d76-a217-42df-bcb2-ad4e633696f0', '41dc1ce8-1a9f-45dd-8ca0-ce63d14b3f55', 'Tình Yêu Ngủ Quên', '177600', 'lyric', 'https://audiomelodies.nyc3.digitaloceanspaces.com/LOC/HoangTon/TinhYeuNguQuen/TinhYeuNguQuen.m4a', FALSE, Null, '2021-06-12', NOW(), NOW()),
('eca24877-1336-4678-a904-532db985f649', '50edb7f0-c558-46f2-9937-c2fdb9d08730', 'Tình Yêu Ngủ Quên - Chill Version', '173999', 'lyric', 'https://audiomelodies.nyc3.digitaloceanspaces.com/LOC/HoangTon/TinhYeuNguQuenChillVersion/TinhYeuNguQuenChillVersion.m4a', FALSE, Null, '2021-06-09', NOW(), NOW()),
('347f8aad-fe4b-41e6-85c6-f3c491672707', '235ecd27-49b7-4cca-9857-b04c92ec7e03', 'Một Ngày Em Sẽ', '256487', 'lyric', 'https://audiomelodies.nyc3.digitaloceanspaces.com/LOC/HoangTon/MotNgayEmSe/MotNgayEmSe.m4a', FALSE, Null, '2021-06-01', NOW(), NOW()),
('60f0e81b-8125-4c49-9abd-f3baa0e1730f', '1c7f4760-1d04-4a31-b78f-f9213ce5d06a', 'Em Không Quay Về', '276108', 'lyric', 'https://audiomelodies.nyc3.digitaloceanspaces.com/LOC/HoangTon/EmKhongQuayVe/EmKhongQuayVe.m4a', FALSE, Null, '2021-05-01', NOW(), NOW()),
('a568b3ee-a08c-4896-a046-7020d80a0991', '1c7f4760-1d04-4a31-b78f-f9213ce5d06a', 'Em Không Quay Về - Part 2', '249196', 'lyric', 'https://audiomelodies.nyc3.digitaloceanspaces.com/LOC/HoangTon/EmKhongQuayVe/EmKhongQuayVePart2.m4a', FALSE, Null, '2021-05-01', NOW(), NOW()),
('1a66c672-f3f1-43c9-892d-2c6ce6bd43c6', '459e7cb3-0d59-4f96-b49d-d06ade6a48c3', 'Em Còn Nhớ Anh Không - Remastered', '251786', 'lyric', 'https://audiomelodies.nyc3.digitaloceanspaces.com/LOC/HoangTon/EmConNhoAnhKhongRemastered/EmConNhoAnhKhongRemastered.m4a', FALSE, Null, '2021-04-26', NOW(), NOW()),
('37ce623c-97f5-4d30-951a-e2dacf221b3d', 'ba151564-9df3-4163-99fa-22effdeb5e9b', 'Sex You Up', '166921', 'lyric', 'https://audiomelodies.nyc3.digitaloceanspaces.com/LOC/HoangTon/SexYouUp/SexYouUp.m4a', FALSE, Null, '2021-02-14', NOW(), NOW()),
('f42939e9-9281-43bf-a085-4f216f88bd06', 'd46501a8-da5f-436f-8a29-8fd203546bbf', 'Nước Hoa', '235636', 'lyric', 'https://audiomelodies.nyc3.digitaloceanspaces.com/LOC/HoangTon/NuocHoa/NuocHoa.m4a', FALSE, Null, '2021-01-21', NOW(), NOW()),
('35bb6c73-156c-4fe2-9fca-d45df248ecb6', 'c8624aff-88ba-4c47-83c5-1e715b15c94f', 'Mắt Xanh', '214922', 'lyric', 'nan', FALSE, Null, '2020-08-18', NOW(), NOW()),
('b9b68b03-113f-4a26-9c55-33c7819acd33', 'c8624aff-88ba-4c47-83c5-1e715b15c94f', 'Mắt Xanh - Beat Version', '214922', 'lyric', 'nan', FALSE, Null, '2020-08-18', NOW(), NOW()),
('095d3bf4-0142-42c0-a1ef-a24286344337', '01314081-5ce2-45e3-83eb-40ad77c0b3c5', 'Xuân Nghỉ Ngơi', '196800', 'lyric', 'https://audiomelodies.nyc3.digitaloceanspaces.com/LOC/HoangTon/XuanNghiNgoi/XuanNghiNgoi.m4a', FALSE, Null, '2020-01-01', NOW(), NOW()),
('5d31c470-4ff2-4f0b-ac2d-436dcb192b31', '819ae701-1885-4eaa-bc39-807e6bffc072', 'I Love You So Much', '248917', 'lyric', 'https://audiomelodies.nyc3.digitaloceanspaces.com/LOC/HoangTon/ILoveYouSoMuch/ILoveYouSoMuch.m4a', FALSE, Null, '2019-11-15', NOW(), NOW()),
('d12cf2fd-f578-4173-8e3f-ceef9c502422', '2d925a40-7732-4099-8693-ffa8a218192f', 'What''s Your Name?', '235200', 'lyric', 'https://audiomelodies.nyc3.digitaloceanspaces.com/LOC/HoangTon/WhatsYourName/WhatsYourName.m4a', FALSE, Null, '2019-05-28', NOW(), NOW()),
('119690f5-b0cf-4b2f-ae2e-584f82652232', '9ef23a20-03e3-493b-b2cf-dc15dbc6b4f0', 'Yêu Em Rất Nhiều', '269960', 'lyric', 'https://audiomelodies.nyc3.digitaloceanspaces.com/LOC/HoangTon/YeuEmRatNhieu/YeuEmRatNhieu.m4a', FALSE, Null, '2017-09-22', NOW(), NOW()),
('73b3df76-e719-4eb1-9d73-742cbde1b2f5', '287d97f9-9e67-40c9-9912-bdef249bb4f5', 'Mình Yêu Nhau Bao Lâu', '242804', 'lyric', 'nan', FALSE, Null, '2014-01-01', NOW(), NOW()),
('3c3642e7-df62-4be5-9913-5e20233b7513', '11ba6a66-7a25-46ed-8727-93492bf9cfed', 'Em Đến', '251426', 'lyric', 'https://audiomelodies.nyc3.digitaloceanspaces.com/LOC/HoangTon/ChutNangChutMua/EmDen.m4a', FALSE, Null, '2014-01-01', NOW(), NOW()),
('4d242824-1f85-4cd2-8825-05a0c1903389', '11ba6a66-7a25-46ed-8727-93492bf9cfed', 'Feel Your Love', '307120', 'lyric', 'https://audiomelodies.nyc3.digitaloceanspaces.com/LOC/HoangTon/ChutNangChutMua/FeelYourLove.m4a', FALSE, Null, '2014-01-01', NOW(), NOW()),
('dd0799f9-43ce-439d-b49c-3452ffc8fd0a', '11ba6a66-7a25-46ed-8727-93492bf9cfed', 'Chỉ Có Thể Là Tình Yêu', '240706', 'lyric', 'https://audiomelodies.nyc3.digitaloceanspaces.com/LOC/HoangTon/ChutNangChutMua/ChiCoTheLaTinhYeu.m4a', FALSE, Null, '2014-01-01', NOW(), NOW());



INSERT INTO "ArtistSong" ("songId", "artistId", "main", "createdAt", "updatedAt") VALUES
('c34f5207-7984-4b92-b128-09b8bccdab5c', '31c62849-3e00-4b46-9fb9-073a09214d2d', TRUE, NOW(), NOW()),
('c34f5207-7984-4b92-b128-09b8bccdab5c', 'c1562ce6-5c07-4030-b5a5-c09c04193bc8', FALSE, NOW(), NOW()),
('49bf587a-7831-410a-9158-adae6331d4fa', '31c62849-3e00-4b46-9fb9-073a09214d2d', TRUE, NOW(), NOW()),
('49bf587a-7831-410a-9158-adae6331d4fa', 'c1562ce6-5c07-4030-b5a5-c09c04193bc8', FALSE, NOW(), NOW()),
('e1fbf098-b4e2-42b7-9cec-a870e13042a0', 'c1562ce6-5c07-4030-b5a5-c09c04193bc8', TRUE, NOW(), NOW()),
('e1fbf098-b4e2-42b7-9cec-a870e13042a0', 'e81c2ff2-235f-4d12-afa8-2282b1ec4252', FALSE, NOW(), NOW()),
('eb1b8608-42a8-48d2-a059-71377b16f743', 'c1562ce6-5c07-4030-b5a5-c09c04193bc8', TRUE, NOW(), NOW()),
('eb1b8608-42a8-48d2-a059-71377b16f743', 'e81c2ff2-235f-4d12-afa8-2282b1ec4252', FALSE, NOW(), NOW()),
('9db74add-9195-4ff5-bd53-e391d5c5b8e9', '59592ac6-1ddf-405d-b07b-e2ecf4f279b6', TRUE, NOW(), NOW()),
('9db74add-9195-4ff5-bd53-e391d5c5b8e9', 'c1562ce6-5c07-4030-b5a5-c09c04193bc8', FALSE, NOW(), NOW()),
('b6aaf076-1607-409d-b557-faadcbb74f92', 'c1562ce6-5c07-4030-b5a5-c09c04193bc8', TRUE, NOW(), NOW()),
('67afe3ff-c5c5-4ead-a0f7-f5c66c691a3a', 'c1562ce6-5c07-4030-b5a5-c09c04193bc8', TRUE, NOW(), NOW()),
('67afe3ff-c5c5-4ead-a0f7-f5c66c691a3a', '45895800-9b8a-43f8-8a99-8f6ef3df37c9', FALSE, NOW(), NOW()),
('67afe3ff-c5c5-4ead-a0f7-f5c66c691a3a', '1dd0394f-0f37-42bf-9a0f-7f011f2b4b02', FALSE, NOW(), NOW()),
('512e216c-9d51-4c55-9f4e-43d9acc4efba', '59592ac6-1ddf-405d-b07b-e2ecf4f279b6', TRUE, NOW(), NOW()),
('512e216c-9d51-4c55-9f4e-43d9acc4efba', 'c1562ce6-5c07-4030-b5a5-c09c04193bc8', FALSE, NOW(), NOW()),
('512e216c-9d51-4c55-9f4e-43d9acc4efba', '32fb3e4f-1822-4ca5-8714-df955bf61539', FALSE, NOW(), NOW()),
('1bb253c8-1b70-43d2-bf63-ca7a969bd92e', 'c1562ce6-5c07-4030-b5a5-c09c04193bc8', TRUE, NOW(), NOW()),
('cef66b3e-5b5a-4538-9553-8f37a4a1b362', 'c1562ce6-5c07-4030-b5a5-c09c04193bc8', TRUE, NOW(), NOW()),
('cef66b3e-5b5a-4538-9553-8f37a4a1b362', 'bba8f23f-d4cb-4062-b98c-16ea0fb620c1', FALSE, NOW(), NOW()),
('d31c9345-24d2-4ffa-8c44-5b45d88e1394', 'f660d88e-5c1d-4713-b52c-1377337a16c7', TRUE, NOW(), NOW()),
('d31c9345-24d2-4ffa-8c44-5b45d88e1394', 'c1562ce6-5c07-4030-b5a5-c09c04193bc8', FALSE, NOW(), NOW()),
('d31c9345-24d2-4ffa-8c44-5b45d88e1394', '1e6d82fd-781a-4b51-996d-303d76bc168c', FALSE, NOW(), NOW()),
('91ca2e69-1bcd-4ec4-bc7e-d4c99336d6d9', '1b7a1e30-0b34-4227-90b8-d305b167bf39', TRUE, NOW(), NOW()),
('91ca2e69-1bcd-4ec4-bc7e-d4c99336d6d9', 'c1562ce6-5c07-4030-b5a5-c09c04193bc8', FALSE, NOW(), NOW()),
('91ca2e69-1bcd-4ec4-bc7e-d4c99336d6d9', '0feeeded-231c-4905-9cea-ab96c4b0ba63', FALSE, NOW(), NOW()),
('7efd6965-54a8-4302-9cde-57844f128f62', 'c1562ce6-5c07-4030-b5a5-c09c04193bc8', TRUE, NOW(), NOW()),
('973fd80d-7ba3-4279-b01f-9fe00a14cea9', 'c1562ce6-5c07-4030-b5a5-c09c04193bc8', TRUE, NOW(), NOW()),
('973fd80d-7ba3-4279-b01f-9fe00a14cea9', 'c0e4555f-08d5-4b87-bbf3-f9d976bff1ae', FALSE, NOW(), NOW()),
('973fd80d-7ba3-4279-b01f-9fe00a14cea9', 'e71c0937-89c3-4060-aa20-755a4ac70003', FALSE, NOW(), NOW()),
('f81c99b4-9af3-47df-8713-5204e95fe5b1', '0c5ec355-eac8-4960-859e-8039e13c3d63', TRUE, NOW(), NOW()),
('f81c99b4-9af3-47df-8713-5204e95fe5b1', 'c1562ce6-5c07-4030-b5a5-c09c04193bc8', FALSE, NOW(), NOW()),
('f81c99b4-9af3-47df-8713-5204e95fe5b1', 'c8096705-b708-4728-b0dd-e53e7c97d860', FALSE, NOW(), NOW()),
('a1cbda42-5187-48a9-9769-4c71f407e5a2', 'bba8f23f-d4cb-4062-b98c-16ea0fb620c1', TRUE, NOW(), NOW()),
('a1cbda42-5187-48a9-9769-4c71f407e5a2', 'c1562ce6-5c07-4030-b5a5-c09c04193bc8', FALSE, NOW(), NOW()),
('da9d3e97-5311-443a-b989-6c4d46291b70', 'bba8f23f-d4cb-4062-b98c-16ea0fb620c1', TRUE, NOW(), NOW()),
('da9d3e97-5311-443a-b989-6c4d46291b70', 'c1562ce6-5c07-4030-b5a5-c09c04193bc8', FALSE, NOW(), NOW()),
('d2840023-00a7-4529-b8ac-d4813fb0e514', 'c1562ce6-5c07-4030-b5a5-c09c04193bc8', TRUE, NOW(), NOW()),
('d2840023-00a7-4529-b8ac-d4813fb0e514', '93dc53ef-6706-4762-b0f0-3667130e3f62', FALSE, NOW(), NOW()),
('d2840023-00a7-4529-b8ac-d4813fb0e514', 'c0e4555f-08d5-4b87-bbf3-f9d976bff1ae', FALSE, NOW(), NOW()),
('f2d58ae9-60a1-4a53-b209-1f56fa9b20c9', '9c781c8c-d3f8-4d76-981d-f41f8eb5ce01', TRUE, NOW(), NOW()),
('f2d58ae9-60a1-4a53-b209-1f56fa9b20c9', 'c1562ce6-5c07-4030-b5a5-c09c04193bc8', FALSE, NOW(), NOW()),
('4e7b954a-5343-4edf-87ea-1b7a6c4acec8', 'c1562ce6-5c07-4030-b5a5-c09c04193bc8', TRUE, NOW(), NOW()),
('41424822-0f89-41a8-bd62-5f9b282a60fe', 'efeea6e6-d945-4c0e-94b0-5964ea7f165c', TRUE, NOW(), NOW()),
('41424822-0f89-41a8-bd62-5f9b282a60fe', 'c1562ce6-5c07-4030-b5a5-c09c04193bc8', FALSE, NOW(), NOW()),
('7f7b7f8c-ef31-43a8-8ea3-101c624133e4', 'efeea6e6-d945-4c0e-94b0-5964ea7f165c', TRUE, NOW(), NOW()),
('7f7b7f8c-ef31-43a8-8ea3-101c624133e4', 'c1562ce6-5c07-4030-b5a5-c09c04193bc8', FALSE, NOW(), NOW()),
('74b2a2b0-d8d1-4360-b727-fcce03939425', 'c1562ce6-5c07-4030-b5a5-c09c04193bc8', TRUE, NOW(), NOW()),
('74b2a2b0-d8d1-4360-b727-fcce03939425', 'c0e4555f-08d5-4b87-bbf3-f9d976bff1ae', FALSE, NOW(), NOW()),
('5fbccb3a-9b7b-4d4f-aeee-49e5b541f637', 'c1562ce6-5c07-4030-b5a5-c09c04193bc8', TRUE, NOW(), NOW()),
('5fbccb3a-9b7b-4d4f-aeee-49e5b541f637', 'c0e4555f-08d5-4b87-bbf3-f9d976bff1ae', FALSE, NOW(), NOW()),
('204b9d76-a217-42df-bcb2-ad4e633696f0', 'c1562ce6-5c07-4030-b5a5-c09c04193bc8', TRUE, NOW(), NOW()),
('204b9d76-a217-42df-bcb2-ad4e633696f0', 'c0e4555f-08d5-4b87-bbf3-f9d976bff1ae', FALSE, NOW(), NOW()),
('eca24877-1336-4678-a904-532db985f649', 'c1562ce6-5c07-4030-b5a5-c09c04193bc8', TRUE, NOW(), NOW()),
('eca24877-1336-4678-a904-532db985f649', 'c0e4555f-08d5-4b87-bbf3-f9d976bff1ae', FALSE, NOW(), NOW()),
('347f8aad-fe4b-41e6-85c6-f3c491672707', 'c1562ce6-5c07-4030-b5a5-c09c04193bc8', TRUE, NOW(), NOW()),
('60f0e81b-8125-4c49-9abd-f3baa0e1730f', 'c1562ce6-5c07-4030-b5a5-c09c04193bc8', TRUE, NOW(), NOW()),
('a568b3ee-a08c-4896-a046-7020d80a0991', 'c1562ce6-5c07-4030-b5a5-c09c04193bc8', TRUE, NOW(), NOW()),
('1a66c672-f3f1-43c9-892d-2c6ce6bd43c6', 'c1562ce6-5c07-4030-b5a5-c09c04193bc8', TRUE, NOW(), NOW()),
('37ce623c-97f5-4d30-951a-e2dacf221b3d', 'c1562ce6-5c07-4030-b5a5-c09c04193bc8', TRUE, NOW(), NOW()),
('f42939e9-9281-43bf-a085-4f216f88bd06', 'c1562ce6-5c07-4030-b5a5-c09c04193bc8', TRUE, NOW(), NOW()),
('35bb6c73-156c-4fe2-9fca-d45df248ecb6', '90ed25d1-412a-49ea-8a18-df5f5706e3e2', TRUE, NOW(), NOW()),
('35bb6c73-156c-4fe2-9fca-d45df248ecb6', 'c1562ce6-5c07-4030-b5a5-c09c04193bc8', FALSE, NOW(), NOW()),
('b9b68b03-113f-4a26-9c55-33c7819acd33', '90ed25d1-412a-49ea-8a18-df5f5706e3e2', TRUE, NOW(), NOW()),
('b9b68b03-113f-4a26-9c55-33c7819acd33', 'c1562ce6-5c07-4030-b5a5-c09c04193bc8', FALSE, NOW(), NOW()),
('095d3bf4-0142-42c0-a1ef-a24286344337', 'c1562ce6-5c07-4030-b5a5-c09c04193bc8', TRUE, NOW(), NOW()),
('5d31c470-4ff2-4f0b-ac2d-436dcb192b31', 'c1562ce6-5c07-4030-b5a5-c09c04193bc8', TRUE, NOW(), NOW()),
('d12cf2fd-f578-4173-8e3f-ceef9c502422', 'c1562ce6-5c07-4030-b5a5-c09c04193bc8', TRUE, NOW(), NOW()),
('d12cf2fd-f578-4173-8e3f-ceef9c502422', '9d4ee2e7-3d80-4fbf-9938-b17e9360f513', FALSE, NOW(), NOW()),
('d12cf2fd-f578-4173-8e3f-ceef9c502422', 'bba8f23f-d4cb-4062-b98c-16ea0fb620c1', FALSE, NOW(), NOW()),
('119690f5-b0cf-4b2f-ae2e-584f82652232', 'c1562ce6-5c07-4030-b5a5-c09c04193bc8', TRUE, NOW(), NOW()),
('73b3df76-e719-4eb1-9d73-742cbde1b2f5', 'daa990e6-db85-482b-96f9-556f6f34e796', TRUE, NOW(), NOW()),
('73b3df76-e719-4eb1-9d73-742cbde1b2f5', 'c1562ce6-5c07-4030-b5a5-c09c04193bc8', FALSE, NOW(), NOW()),
('3c3642e7-df62-4be5-9913-5e20233b7513', 'c1562ce6-5c07-4030-b5a5-c09c04193bc8', TRUE, NOW(), NOW()),
('4d242824-1f85-4cd2-8825-05a0c1903389', 'c1562ce6-5c07-4030-b5a5-c09c04193bc8', TRUE, NOW(), NOW()),
('4d242824-1f85-4cd2-8825-05a0c1903389', '8c2a3102-69b0-4eef-b278-ea899975d29e', FALSE, NOW(), NOW()),
('dd0799f9-43ce-439d-b49c-3452ffc8fd0a', 'c1562ce6-5c07-4030-b5a5-c09c04193bc8', TRUE, NOW(), NOW());







--------------------HoangThuyLinh



INSERT INTO "Album" ("albumId",  "title", "releaseDate", "albumType", "createdAt", "updatedAt") VALUES
('78ef20b9-5b87-4ff9-a1af-c2c8bd561b58', 'LINK', '2022-08-11', 'album', NOW(), NOW()),
('f31670de-f879-4511-8a74-a0ae2c14a4cc', 'Hoàng', '2019-10-20', 'album', NOW(), NOW()),
('53ab68f8-80a1-428b-95e5-eb9a15b8b592', 'The Ballad Hit', '2017-03-21', 'album', NOW(), NOW()),
('9b50e215-a9c1-419f-a35e-1d50e96b86d3', 'Đừng Vội Vàng', '2011-05-17', 'album', NOW(), NOW()),
('9fcdb25e-920a-481a-9139-8dd32277f321', 'Nhịp Đập Giấc Mơ', '2010-03-30', 'album', NOW(), NOW()),
('20fdb8db-a090-402d-bf0f-6eb2425ef638', 'Trái đất ôm Mặt trời', '2023-12-18', 'single', NOW(), NOW()),
('b054f4fb-cca9-4c12-8553-5d00018d188a', 'Miền Đất Hứa', '2023-11-27', 'single', NOW(), NOW()),
('db8046a4-13c5-4eb4-b942-dbdcd82f8e4b', 'Hoàng Thùy Linh - Vietnamese concert liners', '2023-09-20', 'ep', NOW(), NOW()),
('cb94a804-f50a-474e-b5d5-9bad5543c00a', 'CHẤT ÊM. MY GAME', '2023-05-25', 'single', NOW(), NOW()),
('8451a91c-7137-4f50-b73f-5f859adfbf55', 'Đợi Chờ Đừng Cáu', '2023-01-16', 'single', NOW(), NOW()),
('c1d3560f-4249-4136-946c-a0dc66dd2ed6', 'Kiềng 3 Chân', '2022-10-04', 'single', NOW(), NOW()),
('08172388-596a-4316-96c5-b4078af07b1e', 'Đánh Đố (feat. Thanh Lam & Tùng Dương)', '2022-06-01', 'single', NOW(), NOW()),
('ace9e27d-258b-4a4b-aaa7-1ab201a53f70', 'Đánh Đố (Teaser)', '2022-05-27', 'single', NOW(), NOW()),
('24175622-9c60-4f78-8a9b-0aa6978fc5f0', 'See Tình (Speed Up Version)', '2022-05-05', 'single', NOW(), NOW()),
('7978010b-88a3-49ff-a5f0-6f46ae4c145d', 'See Tình (Cukak Remix)', '2022-05-05', 'single', NOW(), NOW()),
('41ea4396-aec8-4acc-ab82-6002cce690f4', 'Việt Nam Hết Mình', '2022-05-03', 'single', NOW(), NOW()),
('10524d25-24f7-4085-ba63-2cb1a5126e92', 'See Tình', '2022-02-20', 'single', NOW(), NOW()),
('311c24fc-a995-4a04-92ec-52d2af3dbc3f', 'Gieo Quẻ (Dance Performance)', '2022-01-13', 'single', NOW(), NOW()),
('1dfdfdef-0b74-46a7-ba3d-9d0d7cb7bb41', 'Gieo Quẻ (feat. Đen)', '2022-01-01', 'single', NOW(), NOW()),
('0c878d30-21dd-434b-a3a5-e6cf417094f9', 'LK Để Mị Nói Cho Mà Nghe, Duyên Âm (Live At Tết Tân Thời)', '2021-02-24', 'single', NOW(), NOW()),
('f41cb799-48ba-4df5-99ee-a4691d5844f9', 'Kẻ Cắp Gặp Bà Già (Live At Tết Tân Thời)', '2021-02-24', 'single', NOW(), NOW()),
('0d791262-1fde-4b37-b9d3-292a02fa2c32', 'Kẻ Cắp Gặp Bà Già (Live At Tết Tân Thời)', '2021-02-21', 'single', NOW(), NOW()),
('6e088dca-3d95-424f-aa6c-eaa531a7776d', 'Cánh Cửa Diệu Kỳ', '2021-01-20', 'single', NOW(), NOW()),
('36ecb35a-c71b-4487-9fdd-08af6ecc0dc3', 'Khi Tình Yêu Đủ Lớn (feat. Rtee)', '2020-12-10', 'single', NOW(), NOW()),
('b5fd5600-8aa8-41a0-8a0d-79eae18b42ef', 'Việt Nam Tử Tế', '2020-05-05', 'ep', NOW(), NOW()),
('c188bde7-6bd6-40b9-9946-925874582c2a', 'Làm Gì Phải Hốt', '2020-01-05', 'single', NOW(), NOW()),
('6b4cc951-ebd5-4fab-b7e4-c0285af6fe0a', 'Tứ Phủ', '2019-08-08', 'single', NOW(), NOW()),
('00a87cd3-606e-42d1-b1f0-4f34cb539cc7', 'Để Mị Nói Cho Mà Nghe', '2019-06-23', 'single', NOW(), NOW()),
('f1c0006d-8aa7-44e8-8fa0-d9e03d337073', 'Fall In Love', '2018-10-15', 'ep', NOW(), NOW()),
('fef1915e-a687-4f3b-b823-8c78183d08b5', 'Fall In Love', '2018-10-10', 'single', NOW(), NOW()),
('fc61c754-7157-4517-8daf-f7bb7f7e2e78', 'S.I.X', '2016-06-15', 'ep', NOW(), NOW()),
('cdf1a1a5-3d66-4504-8c83-5a21f5e516d6', 'Just You', '2015-01-05', 'ep', NOW(), NOW()),
('0d1fd706-026e-4bd0-9a05-d289c2afe548', 'Rơi (2014 Dance Version)', '2014-08-11', 'single', NOW(), NOW()),
('a6ca2096-97f0-402c-9bea-a4f758d5dfbb', 'EP 2013', '2013-05-15', 'ep', NOW(), NOW()),
('3ae6ab2b-e37a-4ad2-8cd3-47673edd9df3', 'Mini Album 2012', '2012-06-11', 'ep', NOW(), NOW()),
('bdf607e8-d9b1-4eeb-960c-2aa8a2eed4cb', 'Tiếng Đêm/Hãy Cứ Đón Lấy', '2012-01-01', 'ep', NOW(), NOW()),
('e885af4c-23a8-4f39-83a4-88ff8d006c37', 'Hờn Dỗi', '2012-01-01', 'single', NOW(), NOW());



INSERT INTO "AlbumImage" ("albumId", "image", "size", "createdAt", "updatedAt") VALUES
('78ef20b9-5b87-4ff9-a1af-c2c8bd561b58',  'https://i.scdn.co/image/ab67616d0000b273be0ac2aa3ed0047463210db1', '640', NOW(), NOW()),
('78ef20b9-5b87-4ff9-a1af-c2c8bd561b58',  'https://i.scdn.co/image/ab67616d00001e02be0ac2aa3ed0047463210db1', '300', NOW(), NOW()),
('78ef20b9-5b87-4ff9-a1af-c2c8bd561b58',  'https://i.scdn.co/image/ab67616d00004851be0ac2aa3ed0047463210db1', '64', NOW(), NOW()),
('f31670de-f879-4511-8a74-a0ae2c14a4cc',  'https://i.scdn.co/image/ab67616d0000b27300a928ccf7c014c3f6a95d54', '640', NOW(), NOW()),
('f31670de-f879-4511-8a74-a0ae2c14a4cc',  'https://i.scdn.co/image/ab67616d00001e0200a928ccf7c014c3f6a95d54', '300', NOW(), NOW()),
('f31670de-f879-4511-8a74-a0ae2c14a4cc',  'https://i.scdn.co/image/ab67616d0000485100a928ccf7c014c3f6a95d54', '64', NOW(), NOW()),
('53ab68f8-80a1-428b-95e5-eb9a15b8b592',  'https://i.scdn.co/image/ab67616d0000b27345cdcbb5d6e2676c6582f3cc', '640', NOW(), NOW()),
('53ab68f8-80a1-428b-95e5-eb9a15b8b592',  'https://i.scdn.co/image/ab67616d00001e0245cdcbb5d6e2676c6582f3cc', '300', NOW(), NOW()),
('53ab68f8-80a1-428b-95e5-eb9a15b8b592',  'https://i.scdn.co/image/ab67616d0000485145cdcbb5d6e2676c6582f3cc', '64', NOW(), NOW()),
('9b50e215-a9c1-419f-a35e-1d50e96b86d3',  'https://i.scdn.co/image/ab67616d0000b2737bf447655ddd96dd7b2fdc0c', '640', NOW(), NOW()),
('9b50e215-a9c1-419f-a35e-1d50e96b86d3',  'https://i.scdn.co/image/ab67616d00001e027bf447655ddd96dd7b2fdc0c', '300', NOW(), NOW()),
('9b50e215-a9c1-419f-a35e-1d50e96b86d3',  'https://i.scdn.co/image/ab67616d000048517bf447655ddd96dd7b2fdc0c', '64', NOW(), NOW()),
('9fcdb25e-920a-481a-9139-8dd32277f321',  'https://i.scdn.co/image/ab67616d0000b273a349682d76bbf1550d9e7262', '640', NOW(), NOW()),
('9fcdb25e-920a-481a-9139-8dd32277f321',  'https://i.scdn.co/image/ab67616d00001e02a349682d76bbf1550d9e7262', '300', NOW(), NOW()),
('9fcdb25e-920a-481a-9139-8dd32277f321',  'https://i.scdn.co/image/ab67616d00004851a349682d76bbf1550d9e7262', '64', NOW(), NOW()),
('20fdb8db-a090-402d-bf0f-6eb2425ef638',  'https://i.scdn.co/image/ab67616d0000b273d87bab55adfd573aa344c6c2', '640', NOW(), NOW()),
('20fdb8db-a090-402d-bf0f-6eb2425ef638',  'https://i.scdn.co/image/ab67616d00001e02d87bab55adfd573aa344c6c2', '300', NOW(), NOW()),
('20fdb8db-a090-402d-bf0f-6eb2425ef638',  'https://i.scdn.co/image/ab67616d00004851d87bab55adfd573aa344c6c2', '64', NOW(), NOW()),
('b054f4fb-cca9-4c12-8553-5d00018d188a',  'https://i.scdn.co/image/ab67616d0000b2735955a6d0a2704553072888cd', '640', NOW(), NOW()),
('b054f4fb-cca9-4c12-8553-5d00018d188a',  'https://i.scdn.co/image/ab67616d00001e025955a6d0a2704553072888cd', '300', NOW(), NOW()),
('b054f4fb-cca9-4c12-8553-5d00018d188a',  'https://i.scdn.co/image/ab67616d000048515955a6d0a2704553072888cd', '64', NOW(), NOW()),
('db8046a4-13c5-4eb4-b942-dbdcd82f8e4b',  'https://i.scdn.co/image/ab67616d0000b273fa2b2c12d3d2289427821b5c', '640', NOW(), NOW()),
('db8046a4-13c5-4eb4-b942-dbdcd82f8e4b',  'https://i.scdn.co/image/ab67616d00001e02fa2b2c12d3d2289427821b5c', '300', NOW(), NOW()),
('db8046a4-13c5-4eb4-b942-dbdcd82f8e4b',  'https://i.scdn.co/image/ab67616d00004851fa2b2c12d3d2289427821b5c', '64', NOW(), NOW()),
('cb94a804-f50a-474e-b5d5-9bad5543c00a',  'https://i.scdn.co/image/ab67616d0000b2732761a74e49379d3d57b3eb22', '640', NOW(), NOW()),
('cb94a804-f50a-474e-b5d5-9bad5543c00a',  'https://i.scdn.co/image/ab67616d00001e022761a74e49379d3d57b3eb22', '300', NOW(), NOW()),
('cb94a804-f50a-474e-b5d5-9bad5543c00a',  'https://i.scdn.co/image/ab67616d000048512761a74e49379d3d57b3eb22', '64', NOW(), NOW()),
('8451a91c-7137-4f50-b73f-5f859adfbf55',  'https://i.scdn.co/image/ab67616d0000b2730f7b76d57dcd8b0c357a810d', '640', NOW(), NOW()),
('8451a91c-7137-4f50-b73f-5f859adfbf55',  'https://i.scdn.co/image/ab67616d00001e020f7b76d57dcd8b0c357a810d', '300', NOW(), NOW()),
('8451a91c-7137-4f50-b73f-5f859adfbf55',  'https://i.scdn.co/image/ab67616d000048510f7b76d57dcd8b0c357a810d', '64', NOW(), NOW()),
('c1d3560f-4249-4136-946c-a0dc66dd2ed6',  'https://i.scdn.co/image/ab67616d0000b2737f3ec7b900476a81367559f2', '640', NOW(), NOW()),
('c1d3560f-4249-4136-946c-a0dc66dd2ed6',  'https://i.scdn.co/image/ab67616d00001e027f3ec7b900476a81367559f2', '300', NOW(), NOW()),
('c1d3560f-4249-4136-946c-a0dc66dd2ed6',  'https://i.scdn.co/image/ab67616d000048517f3ec7b900476a81367559f2', '64', NOW(), NOW()),
('08172388-596a-4316-96c5-b4078af07b1e',  'https://i.scdn.co/image/ab67616d0000b273058d6bfd717be84772cf1666', '640', NOW(), NOW()),
('08172388-596a-4316-96c5-b4078af07b1e',  'https://i.scdn.co/image/ab67616d00001e02058d6bfd717be84772cf1666', '300', NOW(), NOW()),
('08172388-596a-4316-96c5-b4078af07b1e',  'https://i.scdn.co/image/ab67616d00004851058d6bfd717be84772cf1666', '64', NOW(), NOW()),
('ace9e27d-258b-4a4b-aaa7-1ab201a53f70',  'https://i.scdn.co/image/ab67616d0000b273a40ab692b72e1b7550946992', '640', NOW(), NOW()),
('ace9e27d-258b-4a4b-aaa7-1ab201a53f70',  'https://i.scdn.co/image/ab67616d00001e02a40ab692b72e1b7550946992', '300', NOW(), NOW()),
('ace9e27d-258b-4a4b-aaa7-1ab201a53f70',  'https://i.scdn.co/image/ab67616d00004851a40ab692b72e1b7550946992', '64', NOW(), NOW()),
('24175622-9c60-4f78-8a9b-0aa6978fc5f0',  'https://i.scdn.co/image/ab67616d0000b273f5cacb11a1dd052308fc3d22', '640', NOW(), NOW()),
('24175622-9c60-4f78-8a9b-0aa6978fc5f0',  'https://i.scdn.co/image/ab67616d00001e02f5cacb11a1dd052308fc3d22', '300', NOW(), NOW()),
('24175622-9c60-4f78-8a9b-0aa6978fc5f0',  'https://i.scdn.co/image/ab67616d00004851f5cacb11a1dd052308fc3d22', '64', NOW(), NOW()),
('7978010b-88a3-49ff-a5f0-6f46ae4c145d',  'https://i.scdn.co/image/ab67616d0000b2735222f0e7e1c915b0f9511135', '640', NOW(), NOW()),
('7978010b-88a3-49ff-a5f0-6f46ae4c145d',  'https://i.scdn.co/image/ab67616d00001e025222f0e7e1c915b0f9511135', '300', NOW(), NOW()),
('7978010b-88a3-49ff-a5f0-6f46ae4c145d',  'https://i.scdn.co/image/ab67616d000048515222f0e7e1c915b0f9511135', '64', NOW(), NOW()),
('41ea4396-aec8-4acc-ab82-6002cce690f4',  'https://i.scdn.co/image/ab67616d0000b27332021048861e2c1cc08f372a', '640', NOW(), NOW()),
('41ea4396-aec8-4acc-ab82-6002cce690f4',  'https://i.scdn.co/image/ab67616d00001e0232021048861e2c1cc08f372a', '300', NOW(), NOW()),
('41ea4396-aec8-4acc-ab82-6002cce690f4',  'https://i.scdn.co/image/ab67616d0000485132021048861e2c1cc08f372a', '64', NOW(), NOW()),
('10524d25-24f7-4085-ba63-2cb1a5126e92',  'https://i.scdn.co/image/ab67616d0000b2738b302a279cfab9f1a28d2d35', '640', NOW(), NOW()),
('10524d25-24f7-4085-ba63-2cb1a5126e92',  'https://i.scdn.co/image/ab67616d00001e028b302a279cfab9f1a28d2d35', '300', NOW(), NOW()),
('10524d25-24f7-4085-ba63-2cb1a5126e92',  'https://i.scdn.co/image/ab67616d000048518b302a279cfab9f1a28d2d35', '64', NOW(), NOW()),
('311c24fc-a995-4a04-92ec-52d2af3dbc3f',  'https://i.scdn.co/image/ab67616d0000b273f6840265816dece7ca297732', '640', NOW(), NOW()),
('311c24fc-a995-4a04-92ec-52d2af3dbc3f',  'https://i.scdn.co/image/ab67616d00001e02f6840265816dece7ca297732', '300', NOW(), NOW()),
('311c24fc-a995-4a04-92ec-52d2af3dbc3f',  'https://i.scdn.co/image/ab67616d00004851f6840265816dece7ca297732', '64', NOW(), NOW()),
('1dfdfdef-0b74-46a7-ba3d-9d0d7cb7bb41',  'https://i.scdn.co/image/ab67616d0000b2737ea0d3614e0e4d0213451798', '640', NOW(), NOW()),
('1dfdfdef-0b74-46a7-ba3d-9d0d7cb7bb41',  'https://i.scdn.co/image/ab67616d00001e027ea0d3614e0e4d0213451798', '300', NOW(), NOW()),
('1dfdfdef-0b74-46a7-ba3d-9d0d7cb7bb41',  'https://i.scdn.co/image/ab67616d000048517ea0d3614e0e4d0213451798', '64', NOW(), NOW()),
('0c878d30-21dd-434b-a3a5-e6cf417094f9',  'https://i.scdn.co/image/ab67616d0000b2732d9e6cd31e43bd55ff9d6ee7', '640', NOW(), NOW()),
('0c878d30-21dd-434b-a3a5-e6cf417094f9',  'https://i.scdn.co/image/ab67616d00001e022d9e6cd31e43bd55ff9d6ee7', '300', NOW(), NOW()),
('0c878d30-21dd-434b-a3a5-e6cf417094f9',  'https://i.scdn.co/image/ab67616d000048512d9e6cd31e43bd55ff9d6ee7', '64', NOW(), NOW()),
('f41cb799-48ba-4df5-99ee-a4691d5844f9',  'https://i.scdn.co/image/ab67616d0000b273ee39965699d77028f77a7a8f', '640', NOW(), NOW()),
('f41cb799-48ba-4df5-99ee-a4691d5844f9',  'https://i.scdn.co/image/ab67616d00001e02ee39965699d77028f77a7a8f', '300', NOW(), NOW()),
('f41cb799-48ba-4df5-99ee-a4691d5844f9',  'https://i.scdn.co/image/ab67616d00004851ee39965699d77028f77a7a8f', '64', NOW(), NOW()),
('0d791262-1fde-4b37-b9d3-292a02fa2c32',  'https://i.scdn.co/image/ab67616d0000b273adc1ef809fab0ba5f7dfe542', '640', NOW(), NOW()),
('0d791262-1fde-4b37-b9d3-292a02fa2c32',  'https://i.scdn.co/image/ab67616d00001e02adc1ef809fab0ba5f7dfe542', '300', NOW(), NOW()),
('0d791262-1fde-4b37-b9d3-292a02fa2c32',  'https://i.scdn.co/image/ab67616d00004851adc1ef809fab0ba5f7dfe542', '64', NOW(), NOW()),
('6e088dca-3d95-424f-aa6c-eaa531a7776d',  'https://i.scdn.co/image/ab67616d0000b2739d64b4fbd2bd333b3002e38d', '640', NOW(), NOW()),
('6e088dca-3d95-424f-aa6c-eaa531a7776d',  'https://i.scdn.co/image/ab67616d00001e029d64b4fbd2bd333b3002e38d', '300', NOW(), NOW()),
('6e088dca-3d95-424f-aa6c-eaa531a7776d',  'https://i.scdn.co/image/ab67616d000048519d64b4fbd2bd333b3002e38d', '64', NOW(), NOW()),
('36ecb35a-c71b-4487-9fdd-08af6ecc0dc3',  'https://i.scdn.co/image/ab67616d0000b273b94c970b96964673650a3b72', '640', NOW(), NOW()),
('36ecb35a-c71b-4487-9fdd-08af6ecc0dc3',  'https://i.scdn.co/image/ab67616d00001e02b94c970b96964673650a3b72', '300', NOW(), NOW()),
('36ecb35a-c71b-4487-9fdd-08af6ecc0dc3',  'https://i.scdn.co/image/ab67616d00004851b94c970b96964673650a3b72', '64', NOW(), NOW()),
('b5fd5600-8aa8-41a0-8a0d-79eae18b42ef',  'https://i.scdn.co/image/ab67616d0000b2730b5148449dfa725362d59f8f', '640', NOW(), NOW()),
('b5fd5600-8aa8-41a0-8a0d-79eae18b42ef',  'https://i.scdn.co/image/ab67616d00001e020b5148449dfa725362d59f8f', '300', NOW(), NOW()),
('b5fd5600-8aa8-41a0-8a0d-79eae18b42ef',  'https://i.scdn.co/image/ab67616d000048510b5148449dfa725362d59f8f', '64', NOW(), NOW()),
('c188bde7-6bd6-40b9-9946-925874582c2a',  'https://i.scdn.co/image/ab67616d0000b273c4b372e4b3dc821ce9f3584d', '640', NOW(), NOW()),
('c188bde7-6bd6-40b9-9946-925874582c2a',  'https://i.scdn.co/image/ab67616d00001e02c4b372e4b3dc821ce9f3584d', '300', NOW(), NOW()),
('c188bde7-6bd6-40b9-9946-925874582c2a',  'https://i.scdn.co/image/ab67616d00004851c4b372e4b3dc821ce9f3584d', '64', NOW(), NOW()),
('6b4cc951-ebd5-4fab-b7e4-c0285af6fe0a',  'https://i.scdn.co/image/ab67616d0000b27391e3dea5b2df1352db8091aa', '640', NOW(), NOW()),
('6b4cc951-ebd5-4fab-b7e4-c0285af6fe0a',  'https://i.scdn.co/image/ab67616d00001e0291e3dea5b2df1352db8091aa', '300', NOW(), NOW()),
('6b4cc951-ebd5-4fab-b7e4-c0285af6fe0a',  'https://i.scdn.co/image/ab67616d0000485191e3dea5b2df1352db8091aa', '64', NOW(), NOW()),
('00a87cd3-606e-42d1-b1f0-4f34cb539cc7',  'https://i.scdn.co/image/ab67616d0000b2731749c3c9da81ecff9cc73b67', '640', NOW(), NOW()),
('00a87cd3-606e-42d1-b1f0-4f34cb539cc7',  'https://i.scdn.co/image/ab67616d00001e021749c3c9da81ecff9cc73b67', '300', NOW(), NOW()),
('00a87cd3-606e-42d1-b1f0-4f34cb539cc7',  'https://i.scdn.co/image/ab67616d000048511749c3c9da81ecff9cc73b67', '64', NOW(), NOW()),
('f1c0006d-8aa7-44e8-8fa0-d9e03d337073',  'https://i.scdn.co/image/ab67616d0000b2735a8cb05f3f234224b118b9d8', '640', NOW(), NOW()),
('f1c0006d-8aa7-44e8-8fa0-d9e03d337073',  'https://i.scdn.co/image/ab67616d00001e025a8cb05f3f234224b118b9d8', '300', NOW(), NOW()),
('f1c0006d-8aa7-44e8-8fa0-d9e03d337073',  'https://i.scdn.co/image/ab67616d000048515a8cb05f3f234224b118b9d8', '64', NOW(), NOW()),
('fef1915e-a687-4f3b-b823-8c78183d08b5',  'https://i.scdn.co/image/ab67616d0000b273ab11002d0e1ca5ecab7df0a3', '640', NOW(), NOW()),
('fef1915e-a687-4f3b-b823-8c78183d08b5',  'https://i.scdn.co/image/ab67616d00001e02ab11002d0e1ca5ecab7df0a3', '300', NOW(), NOW()),
('fef1915e-a687-4f3b-b823-8c78183d08b5',  'https://i.scdn.co/image/ab67616d00004851ab11002d0e1ca5ecab7df0a3', '64', NOW(), NOW()),
('fc61c754-7157-4517-8daf-f7bb7f7e2e78',  'https://i.scdn.co/image/ab67616d0000b27357702c039c0b97d3a203f0b2', '640', NOW(), NOW()),
('fc61c754-7157-4517-8daf-f7bb7f7e2e78',  'https://i.scdn.co/image/ab67616d00001e0257702c039c0b97d3a203f0b2', '300', NOW(), NOW()),
('fc61c754-7157-4517-8daf-f7bb7f7e2e78',  'https://i.scdn.co/image/ab67616d0000485157702c039c0b97d3a203f0b2', '64', NOW(), NOW()),
('cdf1a1a5-3d66-4504-8c83-5a21f5e516d6',  'https://i.scdn.co/image/ab67616d0000b2731d0f062474f7e23cd332c447', '640', NOW(), NOW()),
('cdf1a1a5-3d66-4504-8c83-5a21f5e516d6',  'https://i.scdn.co/image/ab67616d00001e021d0f062474f7e23cd332c447', '300', NOW(), NOW()),
('cdf1a1a5-3d66-4504-8c83-5a21f5e516d6',  'https://i.scdn.co/image/ab67616d000048511d0f062474f7e23cd332c447', '64', NOW(), NOW()),
('0d1fd706-026e-4bd0-9a05-d289c2afe548',  'https://i.scdn.co/image/ab67616d0000b273ad5da3d58eaadda4b5f47204', '640', NOW(), NOW()),
('0d1fd706-026e-4bd0-9a05-d289c2afe548',  'https://i.scdn.co/image/ab67616d00001e02ad5da3d58eaadda4b5f47204', '300', NOW(), NOW()),
('0d1fd706-026e-4bd0-9a05-d289c2afe548',  'https://i.scdn.co/image/ab67616d00004851ad5da3d58eaadda4b5f47204', '64', NOW(), NOW()),
('a6ca2096-97f0-402c-9bea-a4f758d5dfbb',  'https://i.scdn.co/image/ab67616d0000b273eab30a5888a74a62870678a8', '640', NOW(), NOW()),
('a6ca2096-97f0-402c-9bea-a4f758d5dfbb',  'https://i.scdn.co/image/ab67616d00001e02eab30a5888a74a62870678a8', '300', NOW(), NOW()),
('a6ca2096-97f0-402c-9bea-a4f758d5dfbb',  'https://i.scdn.co/image/ab67616d00004851eab30a5888a74a62870678a8', '64', NOW(), NOW()),
('3ae6ab2b-e37a-4ad2-8cd3-47673edd9df3',  'https://i.scdn.co/image/ab67616d0000b2734a7b54bad11e2551235fa4c2', '640', NOW(), NOW()),
('3ae6ab2b-e37a-4ad2-8cd3-47673edd9df3',  'https://i.scdn.co/image/ab67616d00001e024a7b54bad11e2551235fa4c2', '300', NOW(), NOW()),
('3ae6ab2b-e37a-4ad2-8cd3-47673edd9df3',  'https://i.scdn.co/image/ab67616d000048514a7b54bad11e2551235fa4c2', '64', NOW(), NOW()),
('bdf607e8-d9b1-4eeb-960c-2aa8a2eed4cb',  'https://i.scdn.co/image/ab67616d0000b273506f0dd571b151619af04930', '640', NOW(), NOW()),
('bdf607e8-d9b1-4eeb-960c-2aa8a2eed4cb',  'https://i.scdn.co/image/ab67616d00001e02506f0dd571b151619af04930', '300', NOW(), NOW()),
('bdf607e8-d9b1-4eeb-960c-2aa8a2eed4cb',  'https://i.scdn.co/image/ab67616d00004851506f0dd571b151619af04930', '64', NOW(), NOW()),
('e885af4c-23a8-4f39-83a4-88ff8d006c37',  'https://i.scdn.co/image/ab67616d0000b273dae6af78457a0b382f8104a5', '640', NOW(), NOW()),
('e885af4c-23a8-4f39-83a4-88ff8d006c37',  'https://i.scdn.co/image/ab67616d00001e02dae6af78457a0b382f8104a5', '300', NOW(), NOW()),
('e885af4c-23a8-4f39-83a4-88ff8d006c37',  'https://i.scdn.co/image/ab67616d00004851dae6af78457a0b382f8104a5', '64', NOW(), NOW());



INSERT INTO "Song" ("id", "albumId", "title", "duration", "lyric", "filePathAudio", "privacy", "uploadUserId", "releaseDate", "createdAt", "updatedAt") VALUES
('6e044a67-89ab-4c6f-a2d7-1f6e612de73b', '78ef20b9-5b87-4ff9-a1af-c2c8bd561b58', 'Gieo Quẻ (feat. Đen)', '198947', 'lyric', 'https://audiomelodies.nyc3.digitaloceanspaces.com/LOC/HoangThuyLinh/LINK/GieoQuefeatDen.m4a', FALSE, Null, '2022-08-11', NOW(), NOW()),
('65280f1b-7d64-4362-bcd5-b18ec75419bd', '78ef20b9-5b87-4ff9-a1af-c2c8bd561b58', 'See Tình', '185002', 'lyric', 'https://audiomelodies.nyc3.digitaloceanspaces.com/LOC/HoangThuyLinh/LINK/SeeTinh.m4a', FALSE, Null, '2022-08-11', NOW(), NOW()),
('e977b342-58bf-4f81-9c3f-624388a72913', '78ef20b9-5b87-4ff9-a1af-c2c8bd561b58', 'Lúc Thấy Lúc Không', '173000', 'lyric', 'https://audiomelodies.nyc3.digitaloceanspaces.com/LOC/HoangThuyLinh/LINK/LucThayLucKhong.m4a', FALSE, Null, '2022-08-11', NOW(), NOW()),
('cb8e62e0-7297-4c3f-bd01-3e9e8f1c1a00', '78ef20b9-5b87-4ff9-a1af-c2c8bd561b58', 'Bắt Vía (feat. Wren Evans & Mew Amazing)', '204000', 'lyric', 'https://audiomelodies.nyc3.digitaloceanspaces.com/LOC/HoangThuyLinh/LINK/BatViafeatWrenEvansMewAmazing.m4a', FALSE, Null, '2022-08-11', NOW(), NOW()),
('c34961e5-fb87-4254-8e1c-1e14df6404ea', '78ef20b9-5b87-4ff9-a1af-c2c8bd561b58', 'không một bài hát nào có thể diễn tả cảm xúc của em lúc này. (feat. Thanh Bui)', '240500', 'lyric', 'https://audiomelodies.nyc3.digitaloceanspaces.com/LOC/HoangThuyLinh/LINK/khongmotbaihatnaocothedientacamxuccuaemlucnayfeatThanhBui.m4a', FALSE, Null, '2022-08-11', NOW(), NOW()),
('ed391541-72d0-45c9-9d05-aa7d355882d8', '78ef20b9-5b87-4ff9-a1af-c2c8bd561b58', 'Bo Xì Bo', '172000', 'lyric', 'https://audiomelodies.nyc3.digitaloceanspaces.com/LOC/HoangThuyLinh/LINK/BoXiBo.m4a', FALSE, Null, '2022-08-11', NOW(), NOW()),
('41c93f59-308d-4dc7-bf39-aa2e25835c26', '78ef20b9-5b87-4ff9-a1af-c2c8bd561b58', 'Trưởng Nữ Chạy Trốn', '195008', 'lyric', 'https://audiomelodies.nyc3.digitaloceanspaces.com/LOC/HoangThuyLinh/LINK/TruongNuChayTron.m4a', FALSE, Null, '2022-08-11', NOW(), NOW()),
('e212103d-6892-4350-806a-de711a30cc53', '78ef20b9-5b87-4ff9-a1af-c2c8bd561b58', 'Đánh Đố (feat. Thanh Lam & Tùng Dương)', '268235', 'lyric', 'https://audiomelodies.nyc3.digitaloceanspaces.com/LOC/HoangThuyLinh/LINK/DanhDofeatThanhLamTungDuong.m4a', FALSE, Null, '2022-08-11', NOW(), NOW()),
('c805e05d-8035-40ec-8956-35797b9c411e', '78ef20b9-5b87-4ff9-a1af-c2c8bd561b58', 'Hạ Phỏm', '195750', 'lyric', 'https://audiomelodies.nyc3.digitaloceanspaces.com/LOC/HoangThuyLinh/LINK/HaPhom.m4a', FALSE, Null, '2022-08-11', NOW(), NOW()),
('4b0f48b4-6ef0-4bde-8b8c-44f5440f5064', 'f31670de-f879-4511-8a74-a0ae2c14a4cc', 'Khởi Đầu', '34858', 'lyric', 'https://audiomelodies.nyc3.digitaloceanspaces.com/LOC/HoangThuyLinh/Hoang/KhoiDau.m4a', FALSE, Null, '2019-10-20', NOW(), NOW()),
('f2dd102a-c045-44d3-ac05-6f685d3c61fa', 'f31670de-f879-4511-8a74-a0ae2c14a4cc', 'Để Mị Nói Cho Mà Nghe', '193877', 'lyric', 'https://audiomelodies.nyc3.digitaloceanspaces.com/LOC/HoangThuyLinh/eMiNoiChoMaNghe/DeMiNoiChoMaNghe.m4a', FALSE, Null, '2019-10-20', NOW(), NOW()),
('9f597c4c-c078-4c49-8fbb-df7b072d3a68', 'f31670de-f879-4511-8a74-a0ae2c14a4cc', 'Duyên Âm', '179541', 'lyric', 'https://audiomelodies.nyc3.digitaloceanspaces.com/LOC/HoangThuyLinh/Hoang/DuyenAm.m4a', FALSE, Null, '2019-10-20', NOW(), NOW()),
('fb0b1e6c-5efa-4fc8-91b3-b982f83f9666', 'f31670de-f879-4511-8a74-a0ae2c14a4cc', 'Em Đây Chẳng Phải Thúy Kiều', '214499', 'lyric', 'https://audiomelodies.nyc3.digitaloceanspaces.com/LOC/HoangThuyLinh/Hoang/EmDayChangPhaiThuyKieu.m4a', FALSE, Null, '2019-10-20', NOW(), NOW()),
('451f33ad-ffed-4ce7-8506-efdadb9ebe77', 'f31670de-f879-4511-8a74-a0ae2c14a4cc', 'Lắm Mối Tối Ngồi Không', '194645', 'lyric', 'https://audiomelodies.nyc3.digitaloceanspaces.com/LOC/HoangThuyLinh/Hoang/LamMoiToiNgoiKhong.m4a', FALSE, Null, '2019-10-20', NOW(), NOW()),
('b55c6192-fb16-42be-8dfe-a8fbe224bff0', 'f31670de-f879-4511-8a74-a0ae2c14a4cc', 'Kẽo Cà Kẽo Kẹt', '195455', 'lyric', 'https://audiomelodies.nyc3.digitaloceanspaces.com/LOC/HoangThuyLinh/Hoang/KeoCaKeoKet.m4a', FALSE, Null, '2019-10-20', NOW(), NOW()),
('d4334e35-7ed0-40e4-b82b-3ff92e197174', 'f31670de-f879-4511-8a74-a0ae2c14a4cc', 'Tứ Phủ', '264566', 'lyric', 'https://audiomelodies.nyc3.digitaloceanspaces.com/LOC/HoangThuyLinh/Hoang/TuPhu.m4a', FALSE, Null, '2019-10-20', NOW(), NOW()),
('65992378-ed8d-4756-ab71-92df6bc45e6b', 'f31670de-f879-4511-8a74-a0ae2c14a4cc', 'Kẻ Cắp Gặp Bà Già (feat. Binz)', '231504', 'lyric', 'https://audiomelodies.nyc3.digitaloceanspaces.com/LOC/HoangThuyLinh/Hoang/KeCapGapBaGiafeatBinz.m4a', FALSE, Null, '2019-10-20', NOW(), NOW()),
('9b16fbc0-bfbb-4ecc-9cb0-f6fb1552426b', 'f31670de-f879-4511-8a74-a0ae2c14a4cc', 'Giải Kết', '75434', 'lyric', 'https://audiomelodies.nyc3.digitaloceanspaces.com/LOC/HoangThuyLinh/Hoang/GiaiKet.m4a', FALSE, Null, '2019-10-20', NOW(), NOW()),
('abbb4cb0-64ff-4ba5-8716-d6d67a3202fb', '53ab68f8-80a1-428b-95e5-eb9a15b8b592', 'Chuyện Tình Lá Gió', '306363', 'lyric', 'https://audiomelodies.nyc3.digitaloceanspaces.com/LOC/HoangThuyLinh/TheBalladHit/ChuyenTinhLaGio.m4a', FALSE, Null, '2017-03-21', NOW(), NOW()),
('2fcf080e-d863-4027-aa33-6a2c58aac51b', '53ab68f8-80a1-428b-95e5-eb9a15b8b592', 'Cho Nhau Lối Đi Riêng', '222773', 'lyric', 'https://audiomelodies.nyc3.digitaloceanspaces.com/LOC/HoangThuyLinh/NhipapGiacMo/ChoNhauLoiDiRieng.m4a', FALSE, Null, '2017-03-21', NOW(), NOW()),
('c2a455ad-36bd-45a9-9c96-ad062753a153', '53ab68f8-80a1-428b-95e5-eb9a15b8b592', 'Yêu Anh', '241746', 'lyric', 'https://audiomelodies.nyc3.digitaloceanspaces.com/LOC/HoangThuyLinh/MiniAlbum2012/YeuAnh.m4a', FALSE, Null, '2017-03-21', NOW(), NOW()),
('5137a59a-1a4e-4f14-88c6-854bf35bf35e', '53ab68f8-80a1-428b-95e5-eb9a15b8b592', 'Em Sẽ Là Giấc Mơ', '233386', 'lyric', 'https://audiomelodies.nyc3.digitaloceanspaces.com/LOC/HoangThuyLinh/TheBalladHit/EmSeLaGiacMo.m4a', FALSE, Null, '2017-03-21', NOW(), NOW()),
('578bb3e6-463a-425b-a001-553e527af46e', '53ab68f8-80a1-428b-95e5-eb9a15b8b592', 'Lại Lần Nữa', '285866', 'lyric', 'https://audiomelodies.nyc3.digitaloceanspaces.com/LOC/HoangThuyLinh/TheBalladHit/LaiLanNua.m4a', FALSE, Null, '2017-03-21', NOW(), NOW()),
('aa614445-c4b7-4e4f-bede-2f678a5e8aab', '53ab68f8-80a1-428b-95e5-eb9a15b8b592', 'Anh Có Nhớ Gì', '300160', 'lyric', 'https://audiomelodies.nyc3.digitaloceanspaces.com/LOC/HoangThuyLinh/NhipapGiacMo/AnhCoNhoGi.m4a', FALSE, Null, '2017-03-21', NOW(), NOW()),
('be6d71ef-0f5c-4d99-981a-2b4e48f547cd', '53ab68f8-80a1-428b-95e5-eb9a15b8b592', 'Cô Đơn Là Nỗi Đau', '260480', 'lyric', 'https://audiomelodies.nyc3.digitaloceanspaces.com/LOC/HoangThuyLinh/TheBalladHit/CoDonLaNoiDau.m4a', FALSE, Null, '2017-03-21', NOW(), NOW()),
('3b1c4138-8870-42a4-956f-168e67b9a32e', '53ab68f8-80a1-428b-95e5-eb9a15b8b592', 'Đôi Khi Em Muốn Khóc', '259127', 'lyric', 'https://audiomelodies.nyc3.digitaloceanspaces.com/LOC/HoangThuyLinh/TheBalladHit/DoiKhiEmMuonKhoc.m4a', FALSE, Null, '2017-03-21', NOW(), NOW()),
('beb2a752-6296-4b8e-a110-0e314311231f', '53ab68f8-80a1-428b-95e5-eb9a15b8b592', 'Cảm Ơn Vì Yêu Em', '290026', 'lyric', 'https://audiomelodies.nyc3.digitaloceanspaces.com/LOC/HoangThuyLinh/NhipapGiacMo/CamOnViYeuEm.m4a', FALSE, Null, '2017-03-21', NOW(), NOW()),
('92ebb19e-78e2-4d37-b716-294926a32bd3', '9b50e215-a9c1-419f-a35e-1d50e96b86d3', 'Ngày Không Anh', '214466', 'lyric', 'https://audiomelodies.nyc3.digitaloceanspaces.com/LOC/HoangThuyLinh/ungVoiVang/NgayKhongAnh.m4a', FALSE, Null, '2011-05-17', NOW(), NOW()),
('1e73e11a-7df1-4d14-b6c3-609c40aab601', '9b50e215-a9c1-419f-a35e-1d50e96b86d3', 'Chạy Trốn', '173360', 'lyric', 'https://audiomelodies.nyc3.digitaloceanspaces.com/LOC/HoangThuyLinh/ungVoiVang/ChayTron.m4a', FALSE, Null, '2011-05-17', NOW(), NOW()),
('00b10934-ebce-441c-866b-5ea2ad02fc2f', '9b50e215-a9c1-419f-a35e-1d50e96b86d3', 'Lại Lần Nữa', '285866', 'lyric', 'https://audiomelodies.nyc3.digitaloceanspaces.com/LOC/HoangThuyLinh/ungVoiVang/LaiLanNua.m4a', FALSE, Null, '2011-05-17', NOW(), NOW()),
('2c347457-6be7-4a5d-b585-56206797fa87', '9b50e215-a9c1-419f-a35e-1d50e96b86d3', 'Đừng Vội Vàng', '257946', 'lyric', 'https://audiomelodies.nyc3.digitaloceanspaces.com/LOC/HoangThuyLinh/ungVoiVang/DungVoiVang.m4a', FALSE, Null, '2011-05-17', NOW(), NOW()),
('15f940fd-5497-4c72-9fe7-24ebe11011fb', '9b50e215-a9c1-419f-a35e-1d50e96b86d3', 'Em Sẽ Là Giấc Mơ', '233386', 'lyric', 'https://audiomelodies.nyc3.digitaloceanspaces.com/LOC/HoangThuyLinh/ungVoiVang/EmSeLaGiacMo.m4a', FALSE, Null, '2011-05-17', NOW(), NOW()),
('194c76e8-7307-4eb0-b948-43944479accf', '9b50e215-a9c1-419f-a35e-1d50e96b86d3', 'Sợi Dây', '233933', 'lyric', 'https://audiomelodies.nyc3.digitaloceanspaces.com/LOC/HoangThuyLinh/ungVoiVang/SoiDay.m4a', FALSE, Null, '2011-05-17', NOW(), NOW()),
('4d45e03d-4136-4f18-ba22-cd5deedd4218', '9b50e215-a9c1-419f-a35e-1d50e96b86d3', 'Trôi Theo Thời Gian', '225280', 'lyric', 'https://audiomelodies.nyc3.digitaloceanspaces.com/LOC/HoangThuyLinh/ungVoiVang/TroiTheoThoiGian.m4a', FALSE, Null, '2011-05-17', NOW(), NOW()),
('a1f1e1a2-747d-4654-bdfe-1a6b05a75c12', '9b50e215-a9c1-419f-a35e-1d50e96b86d3', 'Kỉ Niệm', '220813', 'lyric', 'https://audiomelodies.nyc3.digitaloceanspaces.com/LOC/HoangThuyLinh/ungVoiVang/KiNiem.m4a', FALSE, Null, '2011-05-17', NOW(), NOW()),
('702800ab-6ea6-4319-98c4-a9bb816389aa', '9b50e215-a9c1-419f-a35e-1d50e96b86d3', 'Cô Đơn Là Nỗi Đau', '260480', 'lyric', 'https://audiomelodies.nyc3.digitaloceanspaces.com/LOC/HoangThuyLinh/ungVoiVang/CoDonLaNoiDau.m4a', FALSE, Null, '2011-05-17', NOW(), NOW()),
('efb64e3d-f5b9-402f-9294-32f4eca93d8f', '9b50e215-a9c1-419f-a35e-1d50e96b86d3', 'Giấu', '241493', 'lyric', 'https://audiomelodies.nyc3.digitaloceanspaces.com/LOC/HoangThuyLinh/ungVoiVang/Giau.m4a', FALSE, Null, '2011-05-17', NOW(), NOW()),
('39021e42-bf05-490e-b2af-ec2ddd1c6260', '9fcdb25e-920a-481a-9139-8dd32277f321', 'Nhịp Đập Giấc Mơ', '244760', 'lyric', 'https://audiomelodies.nyc3.digitaloceanspaces.com/LOC/HoangThuyLinh/NhipapGiacMo/NhipDapGiacMo.m4a', FALSE, Null, '2010-03-30', NOW(), NOW()),
('76832431-5669-49ae-ab38-3f7bb19229ab', '9fcdb25e-920a-481a-9139-8dd32277f321', 'Cảm Ơn Vì Yêu Em', '290026', 'lyric', 'https://audiomelodies.nyc3.digitaloceanspaces.com/LOC/HoangThuyLinh/TheBalladHit/CamOnViYeuEm.m4a', FALSE, Null, '2010-03-30', NOW(), NOW()),
('89dc1b61-a77d-4526-9213-3cd74e93cb10', '9fcdb25e-920a-481a-9139-8dd32277f321', 'Rung Động', '211013', 'lyric', 'https://audiomelodies.nyc3.digitaloceanspaces.com/LOC/HoangThuyLinh/NhipapGiacMo/RungDong.m4a', FALSE, Null, '2010-03-30', NOW(), NOW()),
('11a411d0-2fe5-4e8a-901b-79ee5b64418b', '9fcdb25e-920a-481a-9139-8dd32277f321', 'Nghe Này Chàng Trai', '206840', 'lyric', 'https://audiomelodies.nyc3.digitaloceanspaces.com/LOC/HoangThuyLinh/NhipapGiacMo/NgheNayChangTrai.m4a', FALSE, Null, '2010-03-30', NOW(), NOW()),
('033dd104-1f88-4d60-aca3-708d55a4e0d0', '9fcdb25e-920a-481a-9139-8dd32277f321', 'Anh Có Nhớ Gì', '300160', 'lyric', 'https://audiomelodies.nyc3.digitaloceanspaces.com/LOC/HoangThuyLinh/TheBalladHit/AnhCoNhoGi.m4a', FALSE, Null, '2010-03-30', NOW(), NOW()),
('08a58926-15c6-4807-af2a-b2682641cbd7', '9fcdb25e-920a-481a-9139-8dd32277f321', 'Tìm Lại Tình Yêu', '226760', 'lyric', 'https://audiomelodies.nyc3.digitaloceanspaces.com/LOC/HoangThuyLinh/NhipapGiacMo/TimLaiTinhYeu.m4a', FALSE, Null, '2010-03-30', NOW(), NOW()),
('e02ec422-329f-4aae-9ea8-6e7fc0cb2f10', '9fcdb25e-920a-481a-9139-8dd32277f321', 'Khóc Lần Cuối', '192720', 'lyric', 'https://audiomelodies.nyc3.digitaloceanspaces.com/LOC/HoangThuyLinh/NhipapGiacMo/KhocLanCuoi.m4a', FALSE, Null, '2010-03-30', NOW(), NOW()),
('9f97069b-9941-4de9-89c6-7c3455af07cd', '9fcdb25e-920a-481a-9139-8dd32277f321', 'Cho Nhau Lối Đi Riêng', '222773', 'lyric', 'https://audiomelodies.nyc3.digitaloceanspaces.com/LOC/HoangThuyLinh/TheBalladHit/ChoNhauLoiDiRieng.m4a', FALSE, Null, '2010-03-30', NOW(), NOW()),
('d17336b7-16b1-4b51-9480-d153d8f66298', '9fcdb25e-920a-481a-9139-8dd32277f321', 'Dưới Ánh Nến', '180800', 'lyric', 'https://audiomelodies.nyc3.digitaloceanspaces.com/LOC/HoangThuyLinh/NhipapGiacMo/DuoiAnhNen.m4a', FALSE, Null, '2010-03-30', NOW(), NOW()),
('12db6cb4-1cf4-439a-85e1-f56d324c5636', '9fcdb25e-920a-481a-9139-8dd32277f321', 'Phía Sau Ánh Sáng', '179186', 'lyric', 'https://audiomelodies.nyc3.digitaloceanspaces.com/LOC/HoangThuyLinh/NhipapGiacMo/PhiaSauAnhSang.m4a', FALSE, Null, '2010-03-30', NOW(), NOW()),
('40f351ed-d335-43f7-a7cb-b8bb684d382d', '9fcdb25e-920a-481a-9139-8dd32277f321', 'Ngày Hạnh Phúc', '218053', 'lyric', 'https://audiomelodies.nyc3.digitaloceanspaces.com/LOC/HoangThuyLinh/NhipapGiacMo/NgayHanhPhuc.m4a', FALSE, Null, '2010-03-30', NOW(), NOW()),
('f499d8ea-a098-40c3-9d70-f1506fa9ac06', '20fdb8db-a090-402d-bf0f-6eb2425ef638', 'Trái đất ôm Mặt trời', '194703', 'lyric', 'nan', FALSE, Null, '2023-12-18', NOW(), NOW()),
('7e2a8406-9286-438b-9bff-31dd90358b59', 'b054f4fb-cca9-4c12-8553-5d00018d188a', 'Miền Đất Hứa', '239519', 'lyric', 'https://audiomelodies.nyc3.digitaloceanspaces.com/LOC/HoangThuyLinh/MienatHua/MienDatHua.m4a', FALSE, Null, '2023-11-27', NOW(), NOW()),
('ed7795b6-1ba8-4ec2-8b16-b4629f36c1d0', 'db8046a4-13c5-4eb4-b942-dbdcd82f8e4b', 'Lời chào ấm áp đến với Vietnamese concert', '20539', 'lyric', 'nan', FALSE, Null, '2023-09-20', NOW(), NOW()),
('a7522830-1edd-4e82-9b5a-7d280245e25e', 'db8046a4-13c5-4eb4-b942-dbdcd82f8e4b', 'Các bạn đã thuộc hết các ca khúc trong album LINK chưa?', '26315', 'lyric', 'nan', FALSE, Null, '2023-09-20', NOW(), NOW()),
('6c3404e1-543e-4851-ba24-56827e4a88d6', 'db8046a4-13c5-4eb4-b942-dbdcd82f8e4b', 'Đã 4 năm trôi qua kể từ ngày phát hành album Hoàng', '23787', 'lyric', 'nan', FALSE, Null, '2023-09-20', NOW(), NOW()),
('2a8cde25-61ba-44a5-9a98-a5c3d6c252bf', 'db8046a4-13c5-4eb4-b942-dbdcd82f8e4b', 'Bật mí các ca khúc trong Vietnamese concert', '27664', 'lyric', 'nan', FALSE, Null, '2023-09-20', NOW(), NOW()),
('7f29ee4a-a681-467d-be7a-c0f542908308', 'cb94a804-f50a-474e-b5d5-9bad5543c00a', 'CHẤT ÊM. MY GAME', '217619', 'lyric', 'nan', FALSE, Null, '2023-05-25', NOW(), NOW()),
('723777b3-8e43-4c65-8f8c-c959229418a4', '8451a91c-7137-4f50-b73f-5f859adfbf55', 'Đợi Chờ Đừng Cáu', '168837', 'lyric', 'nan', FALSE, Null, '2023-01-16', NOW(), NOW()),
('81e9d502-2fcd-4655-8f4e-1ce21b9b1d3e', 'c1d3560f-4249-4136-946c-a0dc66dd2ed6', 'Kiềng 3 Chân', '196363', 'lyric', 'nan', FALSE, Null, '2022-10-04', NOW(), NOW()),
('588ae87f-ba7f-423d-a58c-2f4f3815857f', '08172388-596a-4316-96c5-b4078af07b1e', 'Đánh Đố (feat. Thanh Lam & Tùng Dương)', '268235', 'lyric', 'nan', FALSE, Null, '2022-06-01', NOW(), NOW()),
('e5591446-7c7d-4163-a305-cca87053896f', 'ace9e27d-258b-4a4b-aaa7-1ab201a53f70', 'Đánh Đố - Teaser', '38823', 'lyric', 'nan', FALSE, Null, '2022-05-27', NOW(), NOW()),
('11007b8d-724a-425a-8deb-986ac7c22c25', '24175622-9c60-4f78-8a9b-0aa6978fc5f0', 'See Tình - Speed Up Version', '142105', 'lyric', 'nan', FALSE, Null, '2022-05-05', NOW(), NOW()),
('522cb39c-bd61-420a-a4d7-6be6a6ee43bf', '7978010b-88a3-49ff-a5f0-6f46ae4c145d', 'See Tình - Cukak Remix', '170158', 'lyric', 'nan', FALSE, Null, '2022-05-05', NOW(), NOW()),
('0012ccac-507d-4d54-85fc-5bef3fb7c465', '41ea4396-aec8-4acc-ab82-6002cce690f4', 'Việt Nam Hết Mình', '210768', 'lyric', 'nan', FALSE, Null, '2022-05-03', NOW(), NOW()),
('05dd11d1-ddab-42dd-a865-a8fb3ab0666d', '10524d25-24f7-4085-ba63-2cb1a5126e92', 'See Tình', '185002', 'lyric', 'nan', FALSE, Null, '2022-02-20', NOW(), NOW()),
('d4df6715-cb4b-4f98-82b2-165004aef4b3', '311c24fc-a995-4a04-92ec-52d2af3dbc3f', 'Gieo Quẻ - Dance Performance', '196842', 'lyric', 'nan', FALSE, Null, '2022-01-13', NOW(), NOW()),
('305c7194-a375-4fae-b185-1b6b1e17da0e', '1dfdfdef-0b74-46a7-ba3d-9d0d7cb7bb41', 'Gieo Quẻ (feat. Đen)', '198947', 'lyric', 'nan', FALSE, Null, '2022-01-01', NOW(), NOW()),
('65e79c6f-0f9b-46f3-b4e4-d9dbbdaf3318', '0c878d30-21dd-434b-a3a5-e6cf417094f9', 'LK Để Mị Nói Cho Mà Nghe, Duyên Âm - Live At Tết Tân Thời', '282960', 'lyric', 'nan', FALSE, Null, '2021-02-24', NOW(), NOW()),
('06c1fd00-5be6-4249-ac68-57fe5cec3ed6', 'f41cb799-48ba-4df5-99ee-a4691d5844f9', 'Kẻ Cắp Gặp Bà Già - Live At Tết Tân Thời', '225560', 'lyric', 'nan', FALSE, Null, '2021-02-24', NOW(), NOW()),
('3ce24a31-7dd3-41d1-ad6b-15e7f29f8dbd', '0d791262-1fde-4b37-b9d3-292a02fa2c32', 'Kẻ Cắp Gặp Bà Già - Live At Tết Tân Thời', '225560', 'lyric', 'nan', FALSE, Null, '2021-02-21', NOW(), NOW()),
('838021a1-cecb-4f29-9f4b-ac144f1dd400', '6e088dca-3d95-424f-aa6c-eaa531a7776d', 'Cánh Cửa Diệu Kỳ', '226813', 'lyric', 'nan', FALSE, Null, '2021-01-20', NOW(), NOW()),
('436a7c4c-7c0f-409d-b7eb-dc93d170f34a', '36ecb35a-c71b-4487-9fdd-08af6ecc0dc3', 'Khi Tình Yêu Đủ Lớn (feat. Rtee)', '263323', 'lyric', 'nan', FALSE, Null, '2020-12-10', NOW(), NOW()),
('7bb95df6-7fb2-495d-96bf-60098c97b6c2', 'b5fd5600-8aa8-41a0-8a0d-79eae18b42ef', 'Việt Nam Tử Tế', '211380', 'lyric', 'nan', FALSE, Null, '2020-05-05', NOW(), NOW()),
('1256e7d4-db48-414c-855d-3fe5e91d8f8e', 'b5fd5600-8aa8-41a0-8a0d-79eae18b42ef', 'Việt Nam Tử Tế - Instrumental', '211380', 'lyric', 'nan', FALSE, Null, '2020-05-05', NOW(), NOW()),
('d757124e-5bd5-4519-89d6-891fb632ca61', 'c188bde7-6bd6-40b9-9946-925874582c2a', 'Làm Gì Phải Hốt', '189296', 'lyric', 'https://audiomelodies.nyc3.digitaloceanspaces.com/LOC/HoangThuyLinh/LamGiPhaiHot/LamGiPhaiHot.m4a', FALSE, Null, '2020-01-05', NOW(), NOW()),
('ddc73bc8-f172-4b23-b548-3ff88463ade6', '6b4cc951-ebd5-4fab-b7e4-c0285af6fe0a', 'Tứ Phủ', '264566', 'lyric', 'https://audiomelodies.nyc3.digitaloceanspaces.com/LOC/HoangThuyLinh/TuPhu/TuPhu.m4a', FALSE, Null, '2019-08-08', NOW(), NOW()),
('6260f57b-e579-4f3c-86e6-7352f779197d', '00a87cd3-606e-42d1-b1f0-4f34cb539cc7', 'Để Mị Nói Cho Mà Nghe', '193877', 'lyric', 'https://audiomelodies.nyc3.digitaloceanspaces.com/LOC/HoangThuyLinh/Hoang/DeMiNoiChoMaNghe.m4a', FALSE, Null, '2019-06-23', NOW(), NOW()),
('bd266115-bc5c-4466-ab7d-97f2ca585b26', 'f1c0006d-8aa7-44e8-8fa0-d9e03d337073', 'Fall In Love (feat. Kimmese)', '306363', 'lyric', 'https://audiomelodies.nyc3.digitaloceanspaces.com/LOC/HoangThuyLinh/FallInLove/FallInLovefeatKimmese.m4a', FALSE, Null, '2018-10-15', NOW(), NOW()),
('91bf19b8-d701-4c9f-80ee-f2baf0662de8', 'f1c0006d-8aa7-44e8-8fa0-d9e03d337073', 'Fall In Love (feat. Kimmese) - Chill Version', '234146', 'lyric', 'https://audiomelodies.nyc3.digitaloceanspaces.com/LOC/HoangThuyLinh/FallInLove/FallInLovefeatKimmeseChillVersion.m4a', FALSE, Null, '2018-10-15', NOW(), NOW()),
('f0b65a14-f217-4572-8077-28aaab3fd128', 'fef1915e-a687-4f3b-b823-8c78183d08b5', 'Fall In Love', '226285', 'lyric', 'https://audiomelodies.nyc3.digitaloceanspaces.com/LOC/HoangThuyLinh/FallInLove/FallInLove.m4a', FALSE, Null, '2018-10-10', NOW(), NOW()),
('e76677f7-f6df-4942-b5fa-fc7d2a9836fc', 'fc61c754-7157-4517-8daf-f7bb7f7e2e78', 'I''m Gonna Break', '265225', 'lyric', 'https://audiomelodies.nyc3.digitaloceanspaces.com/LOC/HoangThuyLinh/SIX/ImGonnaBreak.m4a', FALSE, Null, '2016-06-15', NOW(), NOW()),
('61a22009-9844-42f1-a87e-356e902b9825', 'fc61c754-7157-4517-8daf-f7bb7f7e2e78', 'High', '272000', 'lyric', 'https://audiomelodies.nyc3.digitaloceanspaces.com/LOC/HoangThuyLinh/EP2013/High.m4a', FALSE, Null, '2016-06-15', NOW(), NOW()),
('70ad9376-b59c-4c01-b471-9f5a59721e2a', 'fc61c754-7157-4517-8daf-f7bb7f7e2e78', 'Bánh Trôi Nước', '267000', 'lyric', 'https://audiomelodies.nyc3.digitaloceanspaces.com/LOC/HoangThuyLinh/SIX/BanhTroiNuoc.m4a', FALSE, Null, '2016-06-15', NOW(), NOW()),
('483e5aec-7f44-41af-9c87-5ca087cd6024', 'fc61c754-7157-4517-8daf-f7bb7f7e2e78', 'London Bridge', '256000', 'lyric', 'https://audiomelodies.nyc3.digitaloceanspaces.com/LOC/HoangThuyLinh/SIX/LondonBridge.m4a', FALSE, Null, '2016-06-15', NOW(), NOW()),
('683dc9c7-0924-4271-a0db-de94708c8c0b', 'cdf1a1a5-3d66-4504-8c83-5a21f5e516d6', 'Just You (feat. Wowy)', '208000', 'lyric', 'https://audiomelodies.nyc3.digitaloceanspaces.com/LOC/HoangThuyLinh/JustYou/JustYoufeatWowy.m4a', FALSE, Null, '2015-01-05', NOW(), NOW()),
('5e143827-da1c-4b84-814e-f1bc15b1f7fe', 'cdf1a1a5-3d66-4504-8c83-5a21f5e516d6', 'Just You (feat. I.A.MY)', '209000', 'lyric', 'https://audiomelodies.nyc3.digitaloceanspaces.com/LOC/HoangThuyLinh/JustYou/JustYoufeatIAMY.m4a', FALSE, Null, '2015-01-05', NOW(), NOW()),
('4de2f5d5-b52c-4fcb-ba70-6221d8e15663', 'cdf1a1a5-3d66-4504-8c83-5a21f5e516d6', 'High', '272000', 'lyric', 'https://audiomelodies.nyc3.digitaloceanspaces.com/LOC/HoangThuyLinh/JustYou/High.m4a', FALSE, Null, '2015-01-05', NOW(), NOW()),
('6d655b6d-b571-44ab-bd48-a2b769981d03', '0d1fd706-026e-4bd0-9a05-d289c2afe548', 'Rơi - 2014 Dance Version', '245500', 'lyric', 'https://audiomelodies.nyc3.digitaloceanspaces.com/LOC/HoangThuyLinh/Roi2014DanceVersion/Roi2014DanceVersion.m4a', FALSE, Null, '2014-08-11', NOW(), NOW()),
('6a4ccdce-299c-43b2-a21d-42f1d72e6076', 'a6ca2096-97f0-402c-9bea-a4f758d5dfbb', 'Crazy - TLVR RMX', '215000', 'lyric', 'https://audiomelodies.nyc3.digitaloceanspaces.com/LOC/HoangThuyLinh/EP2013/CrazyTLVRRMX.m4a', FALSE, Null, '2013-05-15', NOW(), NOW()),
('5fe666bd-25d5-4d1d-ad7a-168ea75329c3', 'a6ca2096-97f0-402c-9bea-a4f758d5dfbb', 'Last Time', '231000', 'lyric', 'https://audiomelodies.nyc3.digitaloceanspaces.com/LOC/HoangThuyLinh/EP2013/LastTime.m4a', FALSE, Null, '2013-05-15', NOW(), NOW()),
('a9494582-6f25-4371-b3d7-96e3fe0a7e93', 'a6ca2096-97f0-402c-9bea-a4f758d5dfbb', 'High', '272000', 'lyric', 'https://audiomelodies.nyc3.digitaloceanspaces.com/LOC/HoangThuyLinh/SIX/High.m4a', FALSE, Null, '2013-05-15', NOW(), NOW()),
('c778a434-464f-4f91-9dd4-0a55e0aab044', '3ae6ab2b-e37a-4ad2-8cd3-47673edd9df3', 'Rơi', '232013', 'lyric', 'https://audiomelodies.nyc3.digitaloceanspaces.com/LOC/HoangThuyLinh/MiniAlbum2012/Roi.m4a', FALSE, Null, '2012-06-11', NOW(), NOW()),
('6bcb3631-7439-41b3-828b-74d905a03225', '3ae6ab2b-e37a-4ad2-8cd3-47673edd9df3', 'Hờn Dỗi', '203266', 'lyric', 'https://audiomelodies.nyc3.digitaloceanspaces.com/LOC/HoangThuyLinh/HonDoi/HonDoi.m4a', FALSE, Null, '2012-06-11', NOW(), NOW()),
('bb582ff2-563f-4179-9dda-575c4ffeba29', '3ae6ab2b-e37a-4ad2-8cd3-47673edd9df3', 'Tiếng Đêm', '232213', 'lyric', 'https://audiomelodies.nyc3.digitaloceanspaces.com/LOC/HoangThuyLinh/MiniAlbum2012/TiengDem.m4a', FALSE, Null, '2012-06-11', NOW(), NOW()),
('fe49a0de-7367-45bd-9a1a-d601c290179d', '3ae6ab2b-e37a-4ad2-8cd3-47673edd9df3', 'Hãy Cứ Đón Lấy', '207653', 'lyric', 'https://audiomelodies.nyc3.digitaloceanspaces.com/LOC/HoangThuyLinh/MiniAlbum2012/HayCuDonLay.m4a', FALSE, Null, '2012-06-11', NOW(), NOW()),
('37a40c41-0720-4c64-ad79-32820c06bc73', '3ae6ab2b-e37a-4ad2-8cd3-47673edd9df3', 'Yêu Anh', '241746', 'lyric', 'https://audiomelodies.nyc3.digitaloceanspaces.com/LOC/HoangThuyLinh/TheBalladHit/YeuAnh.m4a', FALSE, Null, '2012-06-11', NOW(), NOW()),
('6281571d-7cb0-4b5a-b883-b305aa22c875', 'bdf607e8-d9b1-4eeb-960c-2aa8a2eed4cb', 'Tiếng Đêm', '232213', 'lyric', 'https://audiomelodies.nyc3.digitaloceanspaces.com/LOC/HoangThuyLinh/TiengemHayCuonLay/TiengDem.m4a', FALSE, Null, '2012-01-01', NOW(), NOW()),
('d4f0a179-f522-4047-bc90-93ab0fe28c88', 'bdf607e8-d9b1-4eeb-960c-2aa8a2eed4cb', 'Hãy Cứ Đón Lấy', '207653', 'lyric', 'https://audiomelodies.nyc3.digitaloceanspaces.com/LOC/HoangThuyLinh/TiengemHayCuonLay/HayCuDonLay.m4a', FALSE, Null, '2012-01-01', NOW(), NOW()),
('d0b0a1b5-ef5b-47c2-97e6-1f1dafdc1ed6', 'e885af4c-23a8-4f39-83a4-88ff8d006c37', 'Hờn Dỗi', '203337', 'lyric', 'https://audiomelodies.nyc3.digitaloceanspaces.com/LOC/HoangThuyLinh/MiniAlbum2012/HonDoi.m4a', FALSE, Null, '2012-01-01', NOW(), NOW());



INSERT INTO "ArtistSong" ("songId", "artistId", "main", "createdAt", "updatedAt") VALUES
('6e044a67-89ab-4c6f-a2d7-1f6e612de73b', 'cc39ee73-e5b2-4eb9-acd4-58ceb5b9322b', TRUE, NOW(), NOW()),
('65280f1b-7d64-4362-bcd5-b18ec75419bd', 'cc39ee73-e5b2-4eb9-acd4-58ceb5b9322b', TRUE, NOW(), NOW()),
('e977b342-58bf-4f81-9c3f-624388a72913', 'cc39ee73-e5b2-4eb9-acd4-58ceb5b9322b', TRUE, NOW(), NOW()),
('cb8e62e0-7297-4c3f-bd01-3e9e8f1c1a00', 'cc39ee73-e5b2-4eb9-acd4-58ceb5b9322b', TRUE, NOW(), NOW()),
('c34961e5-fb87-4254-8e1c-1e14df6404ea', 'cc39ee73-e5b2-4eb9-acd4-58ceb5b9322b', TRUE, NOW(), NOW()),
('ed391541-72d0-45c9-9d05-aa7d355882d8', 'cc39ee73-e5b2-4eb9-acd4-58ceb5b9322b', TRUE, NOW(), NOW()),
('41c93f59-308d-4dc7-bf39-aa2e25835c26', 'cc39ee73-e5b2-4eb9-acd4-58ceb5b9322b', TRUE, NOW(), NOW()),
('e212103d-6892-4350-806a-de711a30cc53', 'cc39ee73-e5b2-4eb9-acd4-58ceb5b9322b', TRUE, NOW(), NOW()),
('e212103d-6892-4350-806a-de711a30cc53', '5a7c59ba-eef0-4ad6-9a3c-77e10f6bfcaf', FALSE, NOW(), NOW()),
('e212103d-6892-4350-806a-de711a30cc53', '903425e7-18e7-444a-83f3-bac5b51ad63a', FALSE, NOW(), NOW()),
('c805e05d-8035-40ec-8956-35797b9c411e', 'cc39ee73-e5b2-4eb9-acd4-58ceb5b9322b', TRUE, NOW(), NOW()),
('4b0f48b4-6ef0-4bde-8b8c-44f5440f5064', 'cc39ee73-e5b2-4eb9-acd4-58ceb5b9322b', TRUE, NOW(), NOW()),
('f2dd102a-c045-44d3-ac05-6f685d3c61fa', 'cc39ee73-e5b2-4eb9-acd4-58ceb5b9322b', TRUE, NOW(), NOW()),
('9f597c4c-c078-4c49-8fbb-df7b072d3a68', 'cc39ee73-e5b2-4eb9-acd4-58ceb5b9322b', TRUE, NOW(), NOW()),
('fb0b1e6c-5efa-4fc8-91b3-b982f83f9666', 'cc39ee73-e5b2-4eb9-acd4-58ceb5b9322b', TRUE, NOW(), NOW()),
('451f33ad-ffed-4ce7-8506-efdadb9ebe77', 'cc39ee73-e5b2-4eb9-acd4-58ceb5b9322b', TRUE, NOW(), NOW()),
('b55c6192-fb16-42be-8dfe-a8fbe224bff0', 'cc39ee73-e5b2-4eb9-acd4-58ceb5b9322b', TRUE, NOW(), NOW()),
('d4334e35-7ed0-40e4-b82b-3ff92e197174', 'cc39ee73-e5b2-4eb9-acd4-58ceb5b9322b', TRUE, NOW(), NOW()),
('65992378-ed8d-4756-ab71-92df6bc45e6b', 'cc39ee73-e5b2-4eb9-acd4-58ceb5b9322b', TRUE, NOW(), NOW()),
('65992378-ed8d-4756-ab71-92df6bc45e6b', '33f9e437-495f-4e4a-9264-a2cb95926624', FALSE, NOW(), NOW()),
('9b16fbc0-bfbb-4ecc-9cb0-f6fb1552426b', 'cc39ee73-e5b2-4eb9-acd4-58ceb5b9322b', TRUE, NOW(), NOW()),
('abbb4cb0-64ff-4ba5-8716-d6d67a3202fb', 'cc39ee73-e5b2-4eb9-acd4-58ceb5b9322b', TRUE, NOW(), NOW()),
('2fcf080e-d863-4027-aa33-6a2c58aac51b', 'cc39ee73-e5b2-4eb9-acd4-58ceb5b9322b', TRUE, NOW(), NOW()),
('c2a455ad-36bd-45a9-9c96-ad062753a153', 'cc39ee73-e5b2-4eb9-acd4-58ceb5b9322b', TRUE, NOW(), NOW()),
('5137a59a-1a4e-4f14-88c6-854bf35bf35e', 'cc39ee73-e5b2-4eb9-acd4-58ceb5b9322b', TRUE, NOW(), NOW()),
('578bb3e6-463a-425b-a001-553e527af46e', 'cc39ee73-e5b2-4eb9-acd4-58ceb5b9322b', TRUE, NOW(), NOW()),
('aa614445-c4b7-4e4f-bede-2f678a5e8aab', 'cc39ee73-e5b2-4eb9-acd4-58ceb5b9322b', TRUE, NOW(), NOW()),
('be6d71ef-0f5c-4d99-981a-2b4e48f547cd', 'cc39ee73-e5b2-4eb9-acd4-58ceb5b9322b', TRUE, NOW(), NOW()),
('3b1c4138-8870-42a4-956f-168e67b9a32e', 'cc39ee73-e5b2-4eb9-acd4-58ceb5b9322b', TRUE, NOW(), NOW()),
('beb2a752-6296-4b8e-a110-0e314311231f', 'cc39ee73-e5b2-4eb9-acd4-58ceb5b9322b', TRUE, NOW(), NOW()),
('92ebb19e-78e2-4d37-b716-294926a32bd3', 'cc39ee73-e5b2-4eb9-acd4-58ceb5b9322b', TRUE, NOW(), NOW()),
('1e73e11a-7df1-4d14-b6c3-609c40aab601', 'cc39ee73-e5b2-4eb9-acd4-58ceb5b9322b', TRUE, NOW(), NOW()),
('00b10934-ebce-441c-866b-5ea2ad02fc2f', 'cc39ee73-e5b2-4eb9-acd4-58ceb5b9322b', TRUE, NOW(), NOW()),
('2c347457-6be7-4a5d-b585-56206797fa87', 'cc39ee73-e5b2-4eb9-acd4-58ceb5b9322b', TRUE, NOW(), NOW()),
('15f940fd-5497-4c72-9fe7-24ebe11011fb', 'cc39ee73-e5b2-4eb9-acd4-58ceb5b9322b', TRUE, NOW(), NOW()),
('194c76e8-7307-4eb0-b948-43944479accf', 'cc39ee73-e5b2-4eb9-acd4-58ceb5b9322b', TRUE, NOW(), NOW()),
('4d45e03d-4136-4f18-ba22-cd5deedd4218', 'cc39ee73-e5b2-4eb9-acd4-58ceb5b9322b', TRUE, NOW(), NOW()),
('a1f1e1a2-747d-4654-bdfe-1a6b05a75c12', 'cc39ee73-e5b2-4eb9-acd4-58ceb5b9322b', TRUE, NOW(), NOW()),
('702800ab-6ea6-4319-98c4-a9bb816389aa', 'cc39ee73-e5b2-4eb9-acd4-58ceb5b9322b', TRUE, NOW(), NOW()),
('efb64e3d-f5b9-402f-9294-32f4eca93d8f', 'cc39ee73-e5b2-4eb9-acd4-58ceb5b9322b', TRUE, NOW(), NOW()),
('39021e42-bf05-490e-b2af-ec2ddd1c6260', 'cc39ee73-e5b2-4eb9-acd4-58ceb5b9322b', TRUE, NOW(), NOW()),
('76832431-5669-49ae-ab38-3f7bb19229ab', 'cc39ee73-e5b2-4eb9-acd4-58ceb5b9322b', TRUE, NOW(), NOW()),
('89dc1b61-a77d-4526-9213-3cd74e93cb10', 'cc39ee73-e5b2-4eb9-acd4-58ceb5b9322b', TRUE, NOW(), NOW()),
('11a411d0-2fe5-4e8a-901b-79ee5b64418b', 'cc39ee73-e5b2-4eb9-acd4-58ceb5b9322b', TRUE, NOW(), NOW()),
('033dd104-1f88-4d60-aca3-708d55a4e0d0', 'cc39ee73-e5b2-4eb9-acd4-58ceb5b9322b', TRUE, NOW(), NOW()),
('08a58926-15c6-4807-af2a-b2682641cbd7', 'cc39ee73-e5b2-4eb9-acd4-58ceb5b9322b', TRUE, NOW(), NOW()),
('e02ec422-329f-4aae-9ea8-6e7fc0cb2f10', 'cc39ee73-e5b2-4eb9-acd4-58ceb5b9322b', TRUE, NOW(), NOW()),
('9f97069b-9941-4de9-89c6-7c3455af07cd', 'cc39ee73-e5b2-4eb9-acd4-58ceb5b9322b', TRUE, NOW(), NOW()),
('d17336b7-16b1-4b51-9480-d153d8f66298', 'cc39ee73-e5b2-4eb9-acd4-58ceb5b9322b', TRUE, NOW(), NOW()),
('12db6cb4-1cf4-439a-85e1-f56d324c5636', 'cc39ee73-e5b2-4eb9-acd4-58ceb5b9322b', TRUE, NOW(), NOW()),
('40f351ed-d335-43f7-a7cb-b8bb684d382d', 'cc39ee73-e5b2-4eb9-acd4-58ceb5b9322b', TRUE, NOW(), NOW()),
('f499d8ea-a098-40c3-9d70-f1506fa9ac06', '099eaddb-56d0-43fb-a05b-f234e3516558', FALSE, NOW(), NOW()),
('f499d8ea-a098-40c3-9d70-f1506fa9ac06', 'cc39ee73-e5b2-4eb9-acd4-58ceb5b9322b', FALSE, NOW(), NOW()),
('7e2a8406-9286-438b-9bff-31dd90358b59', 'cc39ee73-e5b2-4eb9-acd4-58ceb5b9322b', TRUE, NOW(), NOW()),
('ed7795b6-1ba8-4ec2-8b16-b4629f36c1d0', 'cc39ee73-e5b2-4eb9-acd4-58ceb5b9322b', TRUE, NOW(), NOW()),
('a7522830-1edd-4e82-9b5a-7d280245e25e', 'cc39ee73-e5b2-4eb9-acd4-58ceb5b9322b', TRUE, NOW(), NOW()),
('6c3404e1-543e-4851-ba24-56827e4a88d6', 'cc39ee73-e5b2-4eb9-acd4-58ceb5b9322b', TRUE, NOW(), NOW()),
('2a8cde25-61ba-44a5-9a98-a5c3d6c252bf', 'cc39ee73-e5b2-4eb9-acd4-58ceb5b9322b', TRUE, NOW(), NOW()),
('7f29ee4a-a681-467d-be7a-c0f542908308', 'cc39ee73-e5b2-4eb9-acd4-58ceb5b9322b', TRUE, NOW(), NOW()),
('7f29ee4a-a681-467d-be7a-c0f542908308', 'b9a5ed22-05a6-4a35-814d-78f84e8e0ee4', FALSE, NOW(), NOW()),
('7f29ee4a-a681-467d-be7a-c0f542908308', '69e3ae4e-2c17-4a69-b12e-3a2b985121b6', FALSE, NOW(), NOW()),
('723777b3-8e43-4c65-8f8c-c959229418a4', '2bfdb12c-9849-44f8-a22c-d07788996861', TRUE, NOW(), NOW()),
('723777b3-8e43-4c65-8f8c-c959229418a4', 'cc39ee73-e5b2-4eb9-acd4-58ceb5b9322b', FALSE, NOW(), NOW()),
('81e9d502-2fcd-4655-8f4e-1ce21b9b1d3e', 'cc39ee73-e5b2-4eb9-acd4-58ceb5b9322b', TRUE, NOW(), NOW()),
('588ae87f-ba7f-423d-a58c-2f4f3815857f', 'cc39ee73-e5b2-4eb9-acd4-58ceb5b9322b', TRUE, NOW(), NOW()),
('588ae87f-ba7f-423d-a58c-2f4f3815857f', '5a7c59ba-eef0-4ad6-9a3c-77e10f6bfcaf', FALSE, NOW(), NOW()),
('588ae87f-ba7f-423d-a58c-2f4f3815857f', '903425e7-18e7-444a-83f3-bac5b51ad63a', FALSE, NOW(), NOW()),
('e5591446-7c7d-4163-a305-cca87053896f', 'cc39ee73-e5b2-4eb9-acd4-58ceb5b9322b', TRUE, NOW(), NOW()),
('11007b8d-724a-425a-8deb-986ac7c22c25', 'cc39ee73-e5b2-4eb9-acd4-58ceb5b9322b', TRUE, NOW(), NOW()),
('522cb39c-bd61-420a-a4d7-6be6a6ee43bf', 'cc39ee73-e5b2-4eb9-acd4-58ceb5b9322b', TRUE, NOW(), NOW()),
('0012ccac-507d-4d54-85fc-5bef3fb7c465', 'cc39ee73-e5b2-4eb9-acd4-58ceb5b9322b', FALSE, NOW(), NOW()),
('0012ccac-507d-4d54-85fc-5bef3fb7c465', 'cc5c51ac-f8ca-440b-9489-bf7bf3771621', FALSE, NOW(), NOW()),
('05dd11d1-ddab-42dd-a865-a8fb3ab0666d', 'cc39ee73-e5b2-4eb9-acd4-58ceb5b9322b', TRUE, NOW(), NOW()),
('d4df6715-cb4b-4f98-82b2-165004aef4b3', 'cc39ee73-e5b2-4eb9-acd4-58ceb5b9322b', TRUE, NOW(), NOW()),
('305c7194-a375-4fae-b185-1b6b1e17da0e', 'cc39ee73-e5b2-4eb9-acd4-58ceb5b9322b', TRUE, NOW(), NOW()),
('65e79c6f-0f9b-46f3-b4e4-d9dbbdaf3318', 'cc39ee73-e5b2-4eb9-acd4-58ceb5b9322b', TRUE, NOW(), NOW()),
('06c1fd00-5be6-4249-ac68-57fe5cec3ed6', 'cc39ee73-e5b2-4eb9-acd4-58ceb5b9322b', TRUE, NOW(), NOW()),
('3ce24a31-7dd3-41d1-ad6b-15e7f29f8dbd', 'cc39ee73-e5b2-4eb9-acd4-58ceb5b9322b', TRUE, NOW(), NOW()),
('838021a1-cecb-4f29-9f4b-ac144f1dd400', 'cc39ee73-e5b2-4eb9-acd4-58ceb5b9322b', TRUE, NOW(), NOW()),
('838021a1-cecb-4f29-9f4b-ac144f1dd400', '38cfa98b-d77a-4f9b-8370-ca605cc280b5', FALSE, NOW(), NOW()),
('838021a1-cecb-4f29-9f4b-ac144f1dd400', '5eba04b9-591b-4770-834f-a7215a3320fa', FALSE, NOW(), NOW()),
('436a7c4c-7c0f-409d-b7eb-dc93d170f34a', 'e4252d69-9acf-42c4-a193-a4ea008a2dec', TRUE, NOW(), NOW()),
('436a7c4c-7c0f-409d-b7eb-dc93d170f34a', 'cc39ee73-e5b2-4eb9-acd4-58ceb5b9322b', FALSE, NOW(), NOW()),
('7bb95df6-7fb2-495d-96bf-60098c97b6c2', '34a949d6-2630-4f1b-ba18-d9f52333050b', TRUE, NOW(), NOW()),
('7bb95df6-7fb2-495d-96bf-60098c97b6c2', '834ce268-a55a-47c4-83f0-480d800f3cb3', FALSE, NOW(), NOW()),
('7bb95df6-7fb2-495d-96bf-60098c97b6c2', 'cc39ee73-e5b2-4eb9-acd4-58ceb5b9322b', FALSE, NOW(), NOW()),
('1256e7d4-db48-414c-855d-3fe5e91d8f8e', '34a949d6-2630-4f1b-ba18-d9f52333050b', TRUE, NOW(), NOW()),
('1256e7d4-db48-414c-855d-3fe5e91d8f8e', '834ce268-a55a-47c4-83f0-480d800f3cb3', FALSE, NOW(), NOW()),
('1256e7d4-db48-414c-855d-3fe5e91d8f8e', 'cc39ee73-e5b2-4eb9-acd4-58ceb5b9322b', FALSE, NOW(), NOW()),
('d757124e-5bd5-4519-89d6-891fb632ca61', 'cc39ee73-e5b2-4eb9-acd4-58ceb5b9322b', TRUE, NOW(), NOW()),
('d757124e-5bd5-4519-89d6-891fb632ca61', 'ced97d1a-1a78-45c7-9045-491cb55b1b72', FALSE, NOW(), NOW()),
('ddc73bc8-f172-4b23-b548-3ff88463ade6', 'cc39ee73-e5b2-4eb9-acd4-58ceb5b9322b', TRUE, NOW(), NOW()),
('6260f57b-e579-4f3c-86e6-7352f779197d', 'cc39ee73-e5b2-4eb9-acd4-58ceb5b9322b', TRUE, NOW(), NOW()),
('bd266115-bc5c-4466-ab7d-97f2ca585b26', 'cc39ee73-e5b2-4eb9-acd4-58ceb5b9322b', TRUE, NOW(), NOW()),
('91bf19b8-d701-4c9f-80ee-f2baf0662de8', 'cc39ee73-e5b2-4eb9-acd4-58ceb5b9322b', TRUE, NOW(), NOW()),
('f0b65a14-f217-4572-8077-28aaab3fd128', 'cc39ee73-e5b2-4eb9-acd4-58ceb5b9322b', TRUE, NOW(), NOW()),
('e76677f7-f6df-4942-b5fa-fc7d2a9836fc', 'cc39ee73-e5b2-4eb9-acd4-58ceb5b9322b', TRUE, NOW(), NOW()),
('61a22009-9844-42f1-a87e-356e902b9825', 'cc39ee73-e5b2-4eb9-acd4-58ceb5b9322b', TRUE, NOW(), NOW()),
('70ad9376-b59c-4c01-b471-9f5a59721e2a', 'cc39ee73-e5b2-4eb9-acd4-58ceb5b9322b', TRUE, NOW(), NOW()),
('483e5aec-7f44-41af-9c87-5ca087cd6024', 'cc39ee73-e5b2-4eb9-acd4-58ceb5b9322b', TRUE, NOW(), NOW()),
('683dc9c7-0924-4271-a0db-de94708c8c0b', 'cc39ee73-e5b2-4eb9-acd4-58ceb5b9322b', FALSE, NOW(), NOW()),
('5e143827-da1c-4b84-814e-f1bc15b1f7fe', 'cc39ee73-e5b2-4eb9-acd4-58ceb5b9322b', TRUE, NOW(), NOW()),
('4de2f5d5-b52c-4fcb-ba70-6221d8e15663', 'cc39ee73-e5b2-4eb9-acd4-58ceb5b9322b', TRUE, NOW(), NOW()),
('6d655b6d-b571-44ab-bd48-a2b769981d03', 'cc39ee73-e5b2-4eb9-acd4-58ceb5b9322b', TRUE, NOW(), NOW()),
('6a4ccdce-299c-43b2-a21d-42f1d72e6076', 'cc39ee73-e5b2-4eb9-acd4-58ceb5b9322b', TRUE, NOW(), NOW()),
('5fe666bd-25d5-4d1d-ad7a-168ea75329c3', 'cc39ee73-e5b2-4eb9-acd4-58ceb5b9322b', TRUE, NOW(), NOW()),
('a9494582-6f25-4371-b3d7-96e3fe0a7e93', 'cc39ee73-e5b2-4eb9-acd4-58ceb5b9322b', TRUE, NOW(), NOW()),
('c778a434-464f-4f91-9dd4-0a55e0aab044', 'cc39ee73-e5b2-4eb9-acd4-58ceb5b9322b', TRUE, NOW(), NOW()),
('6bcb3631-7439-41b3-828b-74d905a03225', 'cc39ee73-e5b2-4eb9-acd4-58ceb5b9322b', TRUE, NOW(), NOW()),
('bb582ff2-563f-4179-9dda-575c4ffeba29', 'cc39ee73-e5b2-4eb9-acd4-58ceb5b9322b', TRUE, NOW(), NOW()),
('fe49a0de-7367-45bd-9a1a-d601c290179d', 'cc39ee73-e5b2-4eb9-acd4-58ceb5b9322b', TRUE, NOW(), NOW()),
('37a40c41-0720-4c64-ad79-32820c06bc73', 'cc39ee73-e5b2-4eb9-acd4-58ceb5b9322b', TRUE, NOW(), NOW()),
('6281571d-7cb0-4b5a-b883-b305aa22c875', 'cc39ee73-e5b2-4eb9-acd4-58ceb5b9322b', TRUE, NOW(), NOW()),
('d4f0a179-f522-4047-bc90-93ab0fe28c88', 'cc39ee73-e5b2-4eb9-acd4-58ceb5b9322b', TRUE, NOW(), NOW()),
('d0b0a1b5-ef5b-47c2-97e6-1f1dafdc1ed6', 'cc39ee73-e5b2-4eb9-acd4-58ceb5b9322b', TRUE, NOW(), NOW());



