INSERT INTO "Artist" ("id", "name", "avatar", "bio", "createdAt", "updatedAt") VALUES
('9d1308e5-03db-4c5b-9a76-18907c98ebfc', 'SlimV', 'https://i.scdn.co/image/ab67616100005174c22a603a6c20b3030007fc27', 'Null', NOW(), NOW()),
('32ae4536-7f46-466e-a77b-5c47b9dfb2dd', '1DEE', 'https://i.scdn.co/image/ab676161000051747d0217f84cccb456294dacd4', 'Null', NOW(), NOW()),
('ba4ee0f1-938b-4e49-9553-b037c787f805', 'Amit Trivedi', 'https://i.scdn.co/image/ab676161000051741dcbb331f2318db2dd2c6bcf', 'Null', NOW(), NOW()),
('6b04245f-4330-407b-a0ca-462776b6b125', 'Bảo Anh', 'https://i.scdn.co/image/ab67616100005174c8a99b7d4971c74cd6dc0eaa', 'Null', NOW(), NOW()),
('a1b9189d-9a67-4022-8705-a97713c11a56', 'Droppy', 'https://i.scdn.co/image/ab67616100005174411f3b12dea0208448e89f1c', 'Null', NOW(), NOW()),
('afc5dd49-9a2d-4f40-a34a-2aefba888767', 'Exclusive Music', 'https://i.scdn.co/image/ab67616100005174379d8af97335673fadb4a7e3', 'Null', NOW(), NOW()),
('142d557c-afa1-4bae-ab62-6366a1386a18', 'FBBOIZ', 'https://i.scdn.co/image/ab67616d00001e02424d135059c3392c4111aa23', 'Null', NOW(), NOW()),
('ce97f778-c7f2-41cf-8fd0-ad1c351f751f', '畠中 祐', 'https://i.scdn.co/image/ab67616100005174438e44e2bf620e08d4b919a7', 'Null', NOW(), NOW()),
('c4ae273a-0732-4522-aa1d-cf8dfe89ec1e', 'HIEUTHUHAI', 'https://i.scdn.co/image/ab67616100005174e1cbc9e7ba8fbc5d7738ea51', 'Null', NOW(), NOW()),
('c4f07a5e-d839-4d3d-84f8-ba56f461c3f7', 'Hoàng Dũng', 'https://i.scdn.co/image/ab67616100005174d1f2d75c4da62e87d1ede357', 'Null', NOW(), NOW()),
('596b18cb-cef2-4d4d-a7a3-cba35b5d47a3', 'Hoàng Thùy Linh', 'https://i.scdn.co/image/ab67616100005174e7b7fa8d03a2e3b6a800bdb4', 'Null', NOW(), NOW()),
('9fed1b2b-ab4a-4a0a-a2be-0bf78a8c6aca', 'Hoàng Tôn', 'https://i.scdn.co/image/ab67616100005174cb8a5343ffa6b1395bc66f6a', 'Null', NOW(), NOW()),
('1a2c2d3c-5737-421f-8a4b-61a386a08391', 'Hồng Thanh', 'https://i.scdn.co/image/ab67616d00001e028cdf225b94fcfda080a02e7b', 'Null', NOW(), NOW()),
('cad0cb86-ae45-4c02-a85e-d401d6a51c53', 'Hứa Kim Tuyền', 'https://i.scdn.co/image/ab67616100005174a42e0a19eabe7885296b4a69', 'Null', NOW(), NOW()),
('c23ba4ae-d7f5-43bd-8855-704fdfa561cb', 'Johnny Cash', 'https://i.scdn.co/image/ab6761610000517494a8326675bfcafb20f0a235', 'Null', NOW(), NOW()),
('bc1770e2-00ce-4cc8-8f74-eaa33d409e0c', 'kaii', 'https://i.scdn.co/image/ab67616100005174b4705a34378790dd4c653b5c', 'Null', NOW(), NOW()),
('2058a313-8095-42a5-9a60-5a4887a39b36', 'KAYTRANADA', 'https://i.scdn.co/image/ab67616100005174a42067a57658919c936d932a', 'Null', NOW(), NOW()),
('95b1888a-bce0-4920-9e23-33ca3362f96e', 'Khaotung Thanawat', 'https://i.scdn.co/image/ab67616d00001e02fd9935347b88cd94bf5d2d8c', 'Null', NOW(), NOW()),
('4748278e-21d5-4d02-96d4-abf1cd366c68', 'Lê Hiếu', 'https://i.scdn.co/image/ab67616d00001e02caa7ef3c1e269ce6b12f6b3e', 'Null', NOW(), NOW()),
('63c1e02b-15bf-4548-90f3-08d3bec776ed', 'Liên Quân Mobile', 'https://i.scdn.co/image/ab67616d00001e02fbdef36900f2c177294c1ec8', 'Null', NOW(), NOW()),
('12cfaf2b-9e21-41ac-becb-f47d2629b836', 'Miu Lê', 'https://i.scdn.co/image/ab676161000051742fc3ef8a80c35243e5e899b8', 'Null', NOW(), NOW()),
('58ec133c-30b2-4212-919b-9d73429c7692', 'Mlee', 'https://i.scdn.co/image/ab67616100005174cf5b3ba75a68debbf0d6633e', 'Null', NOW(), NOW()),
('140cd8ab-1b69-48b1-a56c-fc95d260b30c', 'MTV Band', 'https://i.scdn.co/image/ab67616100005174377dd49f0d7ca77c6745d479', 'Null', NOW(), NOW()),
('45175b9c-5afa-4fb3-9779-f9b030e6ebae', 'Mynhon', 'https://i.scdn.co/image/ab67616d00001e02264793bf88bed7c9098a200e', 'Null', NOW(), NOW()),
('493d7ec0-dbf2-41d3-81a5-912c08bd484d', 'MYTHM', 'https://i.scdn.co/image/ab676161000051744627525c7767cffe77c8439c', 'Null', NOW(), NOW()),
('7204e578-c70f-4244-a1e5-cdba6fe2ae90', 'Noo Phước Thịnh', 'https://i.scdn.co/image/ab67616100005174da93c541daefd806b8992302', 'Null', NOW(), NOW()),
('a7a7f2b9-52ed-474c-b5ac-7801b556fb50', 'Orange Kids Music', 'https://i.scdn.co/image/ab67616100005174c3d537dee4c9ebf069ffe95c', 'Null', NOW(), NOW()),
('9d1cec96-cc52-418c-95ff-92d731c12ae2', 'Phan Mạnh Quỳnh', 'https://i.scdn.co/image/ab67616100005174f3ac22c53b34150b407c3410', 'Null', NOW(), NOW()),
('51af54ab-fe88-4fff-b05d-434b7040c51f', 'Phuc Du', 'https://i.scdn.co/image/ab676161000051740f83264a3e7470996f394e0a', 'Null', NOW(), NOW()),
('1a15fdf8-14aa-43ec-9e99-7c59321f9db6', 'TOMORROW X TOGETHER', 'https://i.scdn.co/image/ab676161000051743835e2ba41427e8356bbd091', 'Null', NOW(), NOW()),
('663a36c2-a72f-45ec-a0a8-b9648c346a4d', 'Rhymastic', 'https://i.scdn.co/image/ab676161000051740e62e694576ab6f8e56db3d8', 'Null', NOW(), NOW()),
('f29d678a-c3bc-4a3c-8d59-f47bac8e607a', 'Sơn Tùng M-TP', 'https://i.scdn.co/image/ab676161000051745a79a6ca8c60e4ec1440be53', 'Null', NOW(), NOW()),
('e74bb45e-f82c-4382-b994-0a86551e86d3', 'Sony Tran', 'https://i.scdn.co/image/ab676161000051745dd3343b6a403ef401590861', 'Null', NOW(), NOW()),
('3a40a13d-2d8d-4579-bd1d-1999ca739671', 'SOOBIN', 'https://i.scdn.co/image/ab67616100005174b9c9e23c646125922719489e', 'Null', NOW(), NOW()),
('44e50ba7-857a-41d1-8930-0e70a16bee2a', 'SUNI Hạ Linh', 'https://i.scdn.co/image/ab67616100005174ad1569e5633b6b9b2e3cc27b', 'Null', NOW(), NOW()),
('a9782e40-aacb-4f4b-8360-12643f4accd3', 'Thu Minh', 'https://i.scdn.co/image/ab6761610000517404226ec6af8b00f7baf9ce07', 'Null', NOW(), NOW()),
('a5adab62-eb21-45ba-8397-ea83fd4beace', 'Thu Phương', 'https://i.scdn.co/image/ab67616d00001e02247019fcf88d8bc34f38eb4b', 'Null', NOW(), NOW()),
('f6dd56b7-63cf-4291-805a-8273d0ae6f92', 'tlinh', 'https://i.scdn.co/image/ab67616100005174230e62752ca87da1d85d0445', 'Null', NOW(), NOW()),
('4f46392a-fd48-4b55-9f18-abee1a1bcf7d', 'Ưng Hoàng Phúc', 'https://i.scdn.co/image/ab67616100005174c82b2868da4bf85069366d70', 'Null', NOW(), NOW()),
('da57d15f-01cc-4541-acf8-0a4d828f75ac', 'YanBi', 'https://i.scdn.co/image/ab676161000051740a5e78a281128467b1a42f6e', 'Null', NOW(), NOW());







--------------------SonTungMTP



INSERT INTO "Album" ("albumId",  "title", "releaseDate", "albumType", "createdAt", "updatedAt") VALUES
('80733316-0e9f-4e9d-ac68-cd9771e206e2', 'Sky Tour (Original Motion Picture Soundtrack)', '2020-06-12', 'album', NOW(), NOW()),
('b17007e6-4de9-4263-87d5-bc439fb79c8c', 'm-tp M-TP', '2017-04-01', 'album', NOW(), NOW()),
('738b8729-e457-41d6-b8f5-2ba7c2be6714', 'Đừng Làm Trái Tim Anh Đau', '2024-06-08', 'single', NOW(), NOW()),
('e7532113-120d-45aa-87c2-1fa002def406', 'Chúng Ta Của Tương Lai', '2024-03-08', 'single', NOW(), NOW()),
('28434cf6-28fc-4a95-83ea-eff90efa2342', 'Có Chắc Yêu Là Đây (Remix)', '2023-09-29', 'single', NOW(), NOW()),
('c04f736b-3e2c-48ab-8277-fc54f65f98d0', 'Nơi Này Có Anh (Remix)', '2023-09-20', 'single', NOW(), NOW()),
('04b32c7b-a65c-497e-b173-3d5f6c56dc21', 'Muộn Rồi Mà Sao Còn (Remix)', '2023-09-08', 'single', NOW(), NOW()),
('1cb06ffb-8782-4ac7-81cd-e613b7e8d18c', 'MAKING MY WAY', '2023-05-05', 'single', NOW(), NOW()),
('fce9d188-f708-418e-9541-d229551878d0', 'SKY DECADE', '2022-10-06', 'ep', NOW(), NOW()),
('3520720d-4d94-4660-b86e-064b69a9c7b9', 'SKY DECADE', '2022-10-06', 'ep', NOW(), NOW()),
('a347860d-aca6-473f-b3d9-fc9c869e151b', 'Cơn Mưa Ngang Qua (Remix 2022)', '2022-07-06', 'single', NOW(), NOW()),
('7fc4ab6f-9e03-4d58-8c15-3cdd7e6cc2df', 'There's No One At All (Another Version)', '2022-07-05', 'single', NOW(), NOW()),
('1c795145-f971-4f9f-ada7-cdbca6c3a148', 'THERE'S NO ONE AT ALL', '2022-04-28', 'single', NOW(), NOW()),
('17538a04-3aac-4932-bbda-73d5f986f400', 'Muộn Rồi Mà Sao Còn', '2021-04-29', 'single', NOW(), NOW()),
('49dc7681-139f-4919-9271-8cd613b4741f', 'Remember Me (Onionn Remix Countdown 2021)', '2021-02-08', 'single', NOW(), NOW()),
('9ed41d15-3022-4449-8e5a-a6da04c6f862', 'Có Chắc Yêu Là Đây (Onionn Remix Countdown 2021)', '2021-02-08', 'single', NOW(), NOW()),
('64e7b71a-4bb5-4eeb-8ca0-7bfb1289fe2f', 'Skyler', '2021-01-28', 'single', NOW(), NOW()),
('de4e39fc-7847-4976-a4b5-c0d19a0ad756', 'Chúng Ta Của Hiện Tại', '2020-12-20', 'single', NOW(), NOW()),
('c8d77c73-2795-43b1-9cdd-feb345f64011', 'Có Chắc Yêu Là Đây', '2020-07-06', 'single', NOW(), NOW()),
('e598dce4-3d5d-46bf-ac8a-9a483be323a8', 'Gia Đình Tôi Chọn', '2020-01-01', 'single', NOW(), NOW()),
('069b309a-22f6-4853-a6b6-6749c748bdf6', 'Hãy Trao Cho Anh', '2019-07-02', 'single', NOW(), NOW()),
('57de985a-12e9-4747-b3c3-181f26196efc', 'Nắng Ấm Xa Dần (Onionn Remix)', '2019-04-05', 'single', NOW(), NOW()),
('4e1b2fad-1796-49e5-b739-d45aa1e6edd4', 'You Of Yesterday (Khắc Hưng Remix)', '2018-07-13', 'single', NOW(), NOW()),
('6696b48c-a1c3-472a-ad81-005848173aec', 'Chạy Ngay Đi (Onionn Remix)', '2018-07-05', 'single', NOW(), NOW()),
('b78071cf-46ab-46b2-a213-39e46b131684', 'Chạy Ngay Đi', '2018-05-11', 'single', NOW(), NOW()),
('4be9228d-a13b-4d04-8dc4-7728a27353f4', 'Lạc Trôi (Triple D Remix)', '2017-09-08', 'single', NOW(), NOW()),
('c5a15a58-61bf-455f-9d97-3ee4ee1f396b', 'Nơi Này Có Anh', '2017-02-13', 'single', NOW(), NOW()),
('ffd8a0a7-d6c1-41e0-84fc-5b8cfc04fca3', 'Lạc Trôi', '2016-12-31', 'single', NOW(), NOW()),
('262dc158-e1d7-4590-86e1-901be366bc81', 'Chúng Ta Không Thuộc Về Nhau', '2016-08-02', 'single', NOW(), NOW()),
('edb55557-1099-4a5f-b23a-b088ec9c4654', 'Một Năm Mới Bình An', '2016-01-22', 'single', NOW(), NOW()),
('4e38a95c-4379-490c-99f1-5bfd3bbf765d', 'Anh Sai Rồi', '2015-12-05', 'single', NOW(), NOW()),
('dfb66518-171d-4deb-9f7b-15c7eb9f812a', 'Âm Thầm Bên Em', '2015-08-21', 'single', NOW(), NOW()),
('cddb3993-c504-4383-99ad-7ee6418a4515', 'Ấn Nút Nhớ... Thả Giấc Mơ', '2015-06-17', 'single', NOW(), NOW()),
('f3db33a3-ca7c-4ad2-a604-6e85d1b7cd1f', 'Tiến Lên Việt Nam Ơi', '2015-06-16', 'single', NOW(), NOW()),
('e59bbfa4-4384-468a-b229-933ae4efe0e6', 'Thái Bình Mồ Hôi Rơi', '2015-05-14', 'single', NOW(), NOW()),
('78758f1a-fd9c-4019-b797-08aca3031a45', 'Không Phải Dạng Vừa Đâu', '2015-04-22', 'single', NOW(), NOW()),
('1236c435-7333-44c1-9ae2-5d76217bf86a', 'Khuôn Mặt Đáng Thương', '2015-03-31', 'single', NOW(), NOW()),
('3ebd7c8d-e86b-455d-af9c-731f09a7de62', 'Chắc Ai Đó Sẽ Về', '2015-01-30', 'single', NOW(), NOW()),
('9626f23f-5ba4-4d3d-b02c-2e6c0607f142', 'Em Của Ngày Hôm Qua', '2014-10-20', 'single', NOW(), NOW()),
('a34bf18d-5d9c-4c0b-b08f-15ff008c2f43', 'Nắng Ấm Xa Dần', '2014-01-19', 'single', NOW(), NOW());



INSERT INTO "AlbumImage" ("albumId", "image", "size", "createdAt", "updatedAt") VALUES
('80733316-0e9f-4e9d-ac68-cd9771e206e2', '2UZre9rniPNke0bwRs1SMf', 'https://i.scdn.co/image/ab67616d0000b2738a0966b80365345d1a56a20a', '640', NOW(), NOW()),
('80733316-0e9f-4e9d-ac68-cd9771e206e2', '2UZre9rniPNke0bwRs1SMf', 'https://i.scdn.co/image/ab67616d00001e028a0966b80365345d1a56a20a', '300', NOW(), NOW()),
('80733316-0e9f-4e9d-ac68-cd9771e206e2', '2UZre9rniPNke0bwRs1SMf', 'https://i.scdn.co/image/ab67616d000048518a0966b80365345d1a56a20a', '64', NOW(), NOW()),
('b17007e6-4de9-4263-87d5-bc439fb79c8c', '1AaxmI2e1HRhbwe9XJGPnT', 'https://i.scdn.co/image/ab67616d0000b273794744c57c9f35db88249842', '640', NOW(), NOW()),
('b17007e6-4de9-4263-87d5-bc439fb79c8c', '1AaxmI2e1HRhbwe9XJGPnT', 'https://i.scdn.co/image/ab67616d00001e02794744c57c9f35db88249842', '300', NOW(), NOW()),
('b17007e6-4de9-4263-87d5-bc439fb79c8c', '1AaxmI2e1HRhbwe9XJGPnT', 'https://i.scdn.co/image/ab67616d00004851794744c57c9f35db88249842', '64', NOW(), NOW()),
('738b8729-e457-41d6-b8f5-2ba7c2be6714', '6TnmFHbUYVfe4iuQjPQB2r', 'https://i.scdn.co/image/ab67616d0000b273a1bc26cdd8eecd89da3adc39', '640', NOW(), NOW()),
('738b8729-e457-41d6-b8f5-2ba7c2be6714', '6TnmFHbUYVfe4iuQjPQB2r', 'https://i.scdn.co/image/ab67616d00001e02a1bc26cdd8eecd89da3adc39', '300', NOW(), NOW()),
('738b8729-e457-41d6-b8f5-2ba7c2be6714', '6TnmFHbUYVfe4iuQjPQB2r', 'https://i.scdn.co/image/ab67616d00004851a1bc26cdd8eecd89da3adc39', '64', NOW(), NOW()),
('e7532113-120d-45aa-87c2-1fa002def406', '4ZSKIwN9yS4wP9GOfxaDB3', 'https://i.scdn.co/image/ab67616d0000b273b5a7da0c97f51481d6f7a3c6', '640', NOW(), NOW()),
('e7532113-120d-45aa-87c2-1fa002def406', '4ZSKIwN9yS4wP9GOfxaDB3', 'https://i.scdn.co/image/ab67616d00001e02b5a7da0c97f51481d6f7a3c6', '300', NOW(), NOW()),
('e7532113-120d-45aa-87c2-1fa002def406', '4ZSKIwN9yS4wP9GOfxaDB3', 'https://i.scdn.co/image/ab67616d00004851b5a7da0c97f51481d6f7a3c6', '64', NOW(), NOW()),
('28434cf6-28fc-4a95-83ea-eff90efa2342', '7aC9B1MX96IcDSOWNbpdQv', 'https://i.scdn.co/image/ab67616d0000b273b7f41f4d85812467205c1156', '640', NOW(), NOW()),
('28434cf6-28fc-4a95-83ea-eff90efa2342', '7aC9B1MX96IcDSOWNbpdQv', 'https://i.scdn.co/image/ab67616d00001e02b7f41f4d85812467205c1156', '300', NOW(), NOW()),
('28434cf6-28fc-4a95-83ea-eff90efa2342', '7aC9B1MX96IcDSOWNbpdQv', 'https://i.scdn.co/image/ab67616d00004851b7f41f4d85812467205c1156', '64', NOW(), NOW()),
('c04f736b-3e2c-48ab-8277-fc54f65f98d0', '3zjstOHqjokMIFMlnL1a9w', 'https://i.scdn.co/image/ab67616d0000b27313d38e4353a8c3ae89fec15b', '640', NOW(), NOW()),
('c04f736b-3e2c-48ab-8277-fc54f65f98d0', '3zjstOHqjokMIFMlnL1a9w', 'https://i.scdn.co/image/ab67616d00001e0213d38e4353a8c3ae89fec15b', '300', NOW(), NOW()),
('c04f736b-3e2c-48ab-8277-fc54f65f98d0', '3zjstOHqjokMIFMlnL1a9w', 'https://i.scdn.co/image/ab67616d0000485113d38e4353a8c3ae89fec15b', '64', NOW(), NOW()),
('04b32c7b-a65c-497e-b173-3d5f6c56dc21', '2Qli7V3HbTq8rd2DURr7jA', 'https://i.scdn.co/image/ab67616d0000b273c9f20f36f29f30bf2c3fbd19', '640', NOW(), NOW()),
('04b32c7b-a65c-497e-b173-3d5f6c56dc21', '2Qli7V3HbTq8rd2DURr7jA', 'https://i.scdn.co/image/ab67616d00001e02c9f20f36f29f30bf2c3fbd19', '300', NOW(), NOW()),
('04b32c7b-a65c-497e-b173-3d5f6c56dc21', '2Qli7V3HbTq8rd2DURr7jA', 'https://i.scdn.co/image/ab67616d00004851c9f20f36f29f30bf2c3fbd19', '64', NOW(), NOW()),
('1cb06ffb-8782-4ac7-81cd-e613b7e8d18c', '371NWHWKJxyUYwOywWpTal', 'https://i.scdn.co/image/ab67616d0000b273fe9b8ddbf97fcd1d049197f7', '640', NOW(), NOW()),
('1cb06ffb-8782-4ac7-81cd-e613b7e8d18c', '371NWHWKJxyUYwOywWpTal', 'https://i.scdn.co/image/ab67616d00001e02fe9b8ddbf97fcd1d049197f7', '300', NOW(), NOW()),
('1cb06ffb-8782-4ac7-81cd-e613b7e8d18c', '371NWHWKJxyUYwOywWpTal', 'https://i.scdn.co/image/ab67616d00004851fe9b8ddbf97fcd1d049197f7', '64', NOW(), NOW()),
('fce9d188-f708-418e-9541-d229551878d0', '1aOWxs5ResBxq9mbYUMsoF', 'https://i.scdn.co/image/ab67616d0000b273958ead5f61728bc5d99892df', '640', NOW(), NOW()),
('fce9d188-f708-418e-9541-d229551878d0', '1aOWxs5ResBxq9mbYUMsoF', 'https://i.scdn.co/image/ab67616d00001e02958ead5f61728bc5d99892df', '300', NOW(), NOW()),
('fce9d188-f708-418e-9541-d229551878d0', '1aOWxs5ResBxq9mbYUMsoF', 'https://i.scdn.co/image/ab67616d00004851958ead5f61728bc5d99892df', '64', NOW(), NOW()),
('3520720d-4d94-4660-b86e-064b69a9c7b9', '1YK6MXJPSdgr4Jx87RfgwZ', 'https://i.scdn.co/image/ab67616d0000b273b0711adaaff88567278fcb53', '640', NOW(), NOW()),
('3520720d-4d94-4660-b86e-064b69a9c7b9', '1YK6MXJPSdgr4Jx87RfgwZ', 'https://i.scdn.co/image/ab67616d00001e02b0711adaaff88567278fcb53', '300', NOW(), NOW()),
('3520720d-4d94-4660-b86e-064b69a9c7b9', '1YK6MXJPSdgr4Jx87RfgwZ', 'https://i.scdn.co/image/ab67616d00004851b0711adaaff88567278fcb53', '64', NOW(), NOW()),
('a347860d-aca6-473f-b3d9-fc9c869e151b', '2cumttrA59bE58Uc0nlrZN', 'https://i.scdn.co/image/ab67616d0000b273cc1536367e60eda5afe53705', '640', NOW(), NOW()),
('a347860d-aca6-473f-b3d9-fc9c869e151b', '2cumttrA59bE58Uc0nlrZN', 'https://i.scdn.co/image/ab67616d00001e02cc1536367e60eda5afe53705', '300', NOW(), NOW()),
('a347860d-aca6-473f-b3d9-fc9c869e151b', '2cumttrA59bE58Uc0nlrZN', 'https://i.scdn.co/image/ab67616d00004851cc1536367e60eda5afe53705', '64', NOW(), NOW()),
('7fc4ab6f-9e03-4d58-8c15-3cdd7e6cc2df', '0d0Blbqh2qSxiej0aoJJvw', 'https://i.scdn.co/image/ab67616d0000b2738df0d48c84650c99b01a3fd3', '640', NOW(), NOW()),
('7fc4ab6f-9e03-4d58-8c15-3cdd7e6cc2df', '0d0Blbqh2qSxiej0aoJJvw', 'https://i.scdn.co/image/ab67616d00001e028df0d48c84650c99b01a3fd3', '300', NOW(), NOW()),
('7fc4ab6f-9e03-4d58-8c15-3cdd7e6cc2df', '0d0Blbqh2qSxiej0aoJJvw', 'https://i.scdn.co/image/ab67616d000048518df0d48c84650c99b01a3fd3', '64', NOW(), NOW()),
('1c795145-f971-4f9f-ada7-cdbca6c3a148', '1ZutY9YHq5MEPDTT0wy06u', 'https://i.scdn.co/image/ab67616d0000b27348e90a4c48b31c66e8b0d24f', '640', NOW(), NOW()),
('1c795145-f971-4f9f-ada7-cdbca6c3a148', '1ZutY9YHq5MEPDTT0wy06u', 'https://i.scdn.co/image/ab67616d00001e0248e90a4c48b31c66e8b0d24f', '300', NOW(), NOW()),
('1c795145-f971-4f9f-ada7-cdbca6c3a148', '1ZutY9YHq5MEPDTT0wy06u', 'https://i.scdn.co/image/ab67616d0000485148e90a4c48b31c66e8b0d24f', '64', NOW(), NOW()),
('17538a04-3aac-4932-bbda-73d5f986f400', '7qsfEiPEeU9gQS142tzaSW', 'https://i.scdn.co/image/ab67616d0000b2730121ea113166222d5c743e2e', '640', NOW(), NOW()),
('17538a04-3aac-4932-bbda-73d5f986f400', '7qsfEiPEeU9gQS142tzaSW', 'https://i.scdn.co/image/ab67616d00001e020121ea113166222d5c743e2e', '300', NOW(), NOW()),
('17538a04-3aac-4932-bbda-73d5f986f400', '7qsfEiPEeU9gQS142tzaSW', 'https://i.scdn.co/image/ab67616d000048510121ea113166222d5c743e2e', '64', NOW(), NOW()),
('49dc7681-139f-4919-9271-8cd613b4741f', '4xGBMjCx8kCNMvHHLAaOjp', 'https://i.scdn.co/image/ab67616d0000b273c75842b600a2227136b5632d', '640', NOW(), NOW()),
('49dc7681-139f-4919-9271-8cd613b4741f', '4xGBMjCx8kCNMvHHLAaOjp', 'https://i.scdn.co/image/ab67616d00001e02c75842b600a2227136b5632d', '300', NOW(), NOW()),
('49dc7681-139f-4919-9271-8cd613b4741f', '4xGBMjCx8kCNMvHHLAaOjp', 'https://i.scdn.co/image/ab67616d00004851c75842b600a2227136b5632d', '64', NOW(), NOW()),
('9ed41d15-3022-4449-8e5a-a6da04c6f862', '0y6D7NhAE771866ORkT9SK', 'https://i.scdn.co/image/ab67616d0000b273aa35b8fca95fb30b132c2d25', '640', NOW(), NOW()),
('9ed41d15-3022-4449-8e5a-a6da04c6f862', '0y6D7NhAE771866ORkT9SK', 'https://i.scdn.co/image/ab67616d00001e02aa35b8fca95fb30b132c2d25', '300', NOW(), NOW()),
('9ed41d15-3022-4449-8e5a-a6da04c6f862', '0y6D7NhAE771866ORkT9SK', 'https://i.scdn.co/image/ab67616d00004851aa35b8fca95fb30b132c2d25', '64', NOW(), NOW()),
('64e7b71a-4bb5-4eeb-8ca0-7bfb1289fe2f', '3nelvryoyAwYm2jM3okoS3', 'https://i.scdn.co/image/ab67616d0000b27377cc25f34af2a0520262cf1d', '640', NOW(), NOW()),
('64e7b71a-4bb5-4eeb-8ca0-7bfb1289fe2f', '3nelvryoyAwYm2jM3okoS3', 'https://i.scdn.co/image/ab67616d00001e0277cc25f34af2a0520262cf1d', '300', NOW(), NOW()),
('64e7b71a-4bb5-4eeb-8ca0-7bfb1289fe2f', '3nelvryoyAwYm2jM3okoS3', 'https://i.scdn.co/image/ab67616d0000485177cc25f34af2a0520262cf1d', '64', NOW(), NOW()),
('de4e39fc-7847-4976-a4b5-c0d19a0ad756', '1V77kA4O1MlAUwfyBONfp1', 'https://i.scdn.co/image/ab67616d0000b2732cd9649ea111a552283f0165', '640', NOW(), NOW()),
('de4e39fc-7847-4976-a4b5-c0d19a0ad756', '1V77kA4O1MlAUwfyBONfp1', 'https://i.scdn.co/image/ab67616d00001e022cd9649ea111a552283f0165', '300', NOW(), NOW()),
('de4e39fc-7847-4976-a4b5-c0d19a0ad756', '1V77kA4O1MlAUwfyBONfp1', 'https://i.scdn.co/image/ab67616d000048512cd9649ea111a552283f0165', '64', NOW(), NOW()),
('c8d77c73-2795-43b1-9cdd-feb345f64011', '3n87yoT93qALw3XqO5wQyn', 'https://i.scdn.co/image/ab67616d0000b2733047c1ad9b273a23b6d9f036', '640', NOW(), NOW()),
('c8d77c73-2795-43b1-9cdd-feb345f64011', '3n87yoT93qALw3XqO5wQyn', 'https://i.scdn.co/image/ab67616d00001e023047c1ad9b273a23b6d9f036', '300', NOW(), NOW()),
('c8d77c73-2795-43b1-9cdd-feb345f64011', '3n87yoT93qALw3XqO5wQyn', 'https://i.scdn.co/image/ab67616d000048513047c1ad9b273a23b6d9f036', '64', NOW(), NOW()),
('e598dce4-3d5d-46bf-ac8a-9a483be323a8', '7CtjNRyGIcHdOEGxSRggDT', 'https://i.scdn.co/image/ab67616d0000b273bce5a4ee42993bd5df61306c', '640', NOW(), NOW()),
('e598dce4-3d5d-46bf-ac8a-9a483be323a8', '7CtjNRyGIcHdOEGxSRggDT', 'https://i.scdn.co/image/ab67616d00001e02bce5a4ee42993bd5df61306c', '300', NOW(), NOW()),
('e598dce4-3d5d-46bf-ac8a-9a483be323a8', '7CtjNRyGIcHdOEGxSRggDT', 'https://i.scdn.co/image/ab67616d00004851bce5a4ee42993bd5df61306c', '64', NOW(), NOW()),
('069b309a-22f6-4853-a6b6-6749c748bdf6', '4QnIATuCvL0uTHP5YCix7G', 'https://i.scdn.co/image/ab67616d0000b2733403b37254ffacb7732e92da', '640', NOW(), NOW()),
('069b309a-22f6-4853-a6b6-6749c748bdf6', '4QnIATuCvL0uTHP5YCix7G', 'https://i.scdn.co/image/ab67616d00001e023403b37254ffacb7732e92da', '300', NOW(), NOW()),
('069b309a-22f6-4853-a6b6-6749c748bdf6', '4QnIATuCvL0uTHP5YCix7G', 'https://i.scdn.co/image/ab67616d000048513403b37254ffacb7732e92da', '64', NOW(), NOW()),
('57de985a-12e9-4747-b3c3-181f26196efc', '3KUd9jGyYodRBvyXirMZ4s', 'https://i.scdn.co/image/ab67616d0000b273245a66669cf03111533d48df', '640', NOW(), NOW()),
('57de985a-12e9-4747-b3c3-181f26196efc', '3KUd9jGyYodRBvyXirMZ4s', 'https://i.scdn.co/image/ab67616d00001e02245a66669cf03111533d48df', '300', NOW(), NOW()),
('57de985a-12e9-4747-b3c3-181f26196efc', '3KUd9jGyYodRBvyXirMZ4s', 'https://i.scdn.co/image/ab67616d00004851245a66669cf03111533d48df', '64', NOW(), NOW()),
('4e1b2fad-1796-49e5-b739-d45aa1e6edd4', '4Cphf5IqaHSxrvyoqKyfSb', 'https://i.scdn.co/image/ab67616d0000b27316bf889a6c3e965501db487c', '640', NOW(), NOW()),
('4e1b2fad-1796-49e5-b739-d45aa1e6edd4', '4Cphf5IqaHSxrvyoqKyfSb', 'https://i.scdn.co/image/ab67616d00001e0216bf889a6c3e965501db487c', '300', NOW(), NOW()),
('4e1b2fad-1796-49e5-b739-d45aa1e6edd4', '4Cphf5IqaHSxrvyoqKyfSb', 'https://i.scdn.co/image/ab67616d0000485116bf889a6c3e965501db487c', '64', NOW(), NOW()),
('6696b48c-a1c3-472a-ad81-005848173aec', '7rj8J20yLUzYS7ViXe35Dk', 'https://i.scdn.co/image/ab67616d0000b2737e467e49171f7fc8b8117de3', '640', NOW(), NOW()),
('6696b48c-a1c3-472a-ad81-005848173aec', '7rj8J20yLUzYS7ViXe35Dk', 'https://i.scdn.co/image/ab67616d00001e027e467e49171f7fc8b8117de3', '300', NOW(), NOW()),
('6696b48c-a1c3-472a-ad81-005848173aec', '7rj8J20yLUzYS7ViXe35Dk', 'https://i.scdn.co/image/ab67616d000048517e467e49171f7fc8b8117de3', '64', NOW(), NOW()),
('b78071cf-46ab-46b2-a213-39e46b131684', '13U69iqaX0siQ443YDfFuH', 'https://i.scdn.co/image/ab67616d0000b2736bdc1240274a5f89bf6d2938', '640', NOW(), NOW()),
('b78071cf-46ab-46b2-a213-39e46b131684', '13U69iqaX0siQ443YDfFuH', 'https://i.scdn.co/image/ab67616d00001e026bdc1240274a5f89bf6d2938', '300', NOW(), NOW()),
('b78071cf-46ab-46b2-a213-39e46b131684', '13U69iqaX0siQ443YDfFuH', 'https://i.scdn.co/image/ab67616d000048516bdc1240274a5f89bf6d2938', '64', NOW(), NOW()),
('4be9228d-a13b-4d04-8dc4-7728a27353f4', '2ZmEtrLOsdddjm7s53wc5n', 'https://i.scdn.co/image/ab67616d0000b273569118cbe628ce2e7802d684', '640', NOW(), NOW()),
('4be9228d-a13b-4d04-8dc4-7728a27353f4', '2ZmEtrLOsdddjm7s53wc5n', 'https://i.scdn.co/image/ab67616d00001e02569118cbe628ce2e7802d684', '300', NOW(), NOW()),
('4be9228d-a13b-4d04-8dc4-7728a27353f4', '2ZmEtrLOsdddjm7s53wc5n', 'https://i.scdn.co/image/ab67616d00004851569118cbe628ce2e7802d684', '64', NOW(), NOW()),
('c5a15a58-61bf-455f-9d97-3ee4ee1f396b', '0SvaonaTjqObbijCwcyXiA', 'https://i.scdn.co/image/ab67616d0000b273292cf02066847ecc86b12a74', '640', NOW(), NOW()),
('c5a15a58-61bf-455f-9d97-3ee4ee1f396b', '0SvaonaTjqObbijCwcyXiA', 'https://i.scdn.co/image/ab67616d00001e02292cf02066847ecc86b12a74', '300', NOW(), NOW()),
('c5a15a58-61bf-455f-9d97-3ee4ee1f396b', '0SvaonaTjqObbijCwcyXiA', 'https://i.scdn.co/image/ab67616d00004851292cf02066847ecc86b12a74', '64', NOW(), NOW()),
('ffd8a0a7-d6c1-41e0-84fc-5b8cfc04fca3', '3DMcilCRYTxJFvST4J9kbA', 'https://i.scdn.co/image/ab67616d0000b273d1f68eb7862f17842aafd26b', '640', NOW(), NOW()),
('ffd8a0a7-d6c1-41e0-84fc-5b8cfc04fca3', '3DMcilCRYTxJFvST4J9kbA', 'https://i.scdn.co/image/ab67616d00001e02d1f68eb7862f17842aafd26b', '300', NOW(), NOW()),
('ffd8a0a7-d6c1-41e0-84fc-5b8cfc04fca3', '3DMcilCRYTxJFvST4J9kbA', 'https://i.scdn.co/image/ab67616d00004851d1f68eb7862f17842aafd26b', '64', NOW(), NOW()),
('262dc158-e1d7-4590-86e1-901be366bc81', '0Sa5MOda7mX9tCPGehXu4s', 'https://i.scdn.co/image/ab67616d0000b27378cd659eb426281b97f9e7b8', '640', NOW(), NOW()),
('262dc158-e1d7-4590-86e1-901be366bc81', '0Sa5MOda7mX9tCPGehXu4s', 'https://i.scdn.co/image/ab67616d00001e0278cd659eb426281b97f9e7b8', '300', NOW(), NOW()),
('262dc158-e1d7-4590-86e1-901be366bc81', '0Sa5MOda7mX9tCPGehXu4s', 'https://i.scdn.co/image/ab67616d0000485178cd659eb426281b97f9e7b8', '64', NOW(), NOW()),
('edb55557-1099-4a5f-b23a-b088ec9c4654', '3FR1UiyeZqrnb3asyJSMCY', 'https://i.scdn.co/image/ab67616d0000b2738cc9d0c8890f6ae25c965809', '640', NOW(), NOW()),
('edb55557-1099-4a5f-b23a-b088ec9c4654', '3FR1UiyeZqrnb3asyJSMCY', 'https://i.scdn.co/image/ab67616d00001e028cc9d0c8890f6ae25c965809', '300', NOW(), NOW()),
('edb55557-1099-4a5f-b23a-b088ec9c4654', '3FR1UiyeZqrnb3asyJSMCY', 'https://i.scdn.co/image/ab67616d000048518cc9d0c8890f6ae25c965809', '64', NOW(), NOW()),
('4e38a95c-4379-490c-99f1-5bfd3bbf765d', '2TtW6E1o8hJwfnjXfI5VsG', 'https://i.scdn.co/image/ab67616d0000b2739b43d8795fc6d9b0c4ddfe51', '640', NOW(), NOW()),
('4e38a95c-4379-490c-99f1-5bfd3bbf765d', '2TtW6E1o8hJwfnjXfI5VsG', 'https://i.scdn.co/image/ab67616d00001e029b43d8795fc6d9b0c4ddfe51', '300', NOW(), NOW()),
('4e38a95c-4379-490c-99f1-5bfd3bbf765d', '2TtW6E1o8hJwfnjXfI5VsG', 'https://i.scdn.co/image/ab67616d000048519b43d8795fc6d9b0c4ddfe51', '64', NOW(), NOW()),
('dfb66518-171d-4deb-9f7b-15c7eb9f812a', '2400OHjHEahXf5nxpYKuuo', 'https://i.scdn.co/image/ab67616d0000b273e22dc5110a402420596ad412', '640', NOW(), NOW()),
('dfb66518-171d-4deb-9f7b-15c7eb9f812a', '2400OHjHEahXf5nxpYKuuo', 'https://i.scdn.co/image/ab67616d00001e02e22dc5110a402420596ad412', '300', NOW(), NOW()),
('dfb66518-171d-4deb-9f7b-15c7eb9f812a', '2400OHjHEahXf5nxpYKuuo', 'https://i.scdn.co/image/ab67616d00004851e22dc5110a402420596ad412', '64', NOW(), NOW()),
('cddb3993-c504-4383-99ad-7ee6418a4515', '2ciwRIK7SdweHmr5TcbhZE', 'https://i.scdn.co/image/ab67616d0000b2734acca0356c750d500b2aa742', '640', NOW(), NOW()),
('cddb3993-c504-4383-99ad-7ee6418a4515', '2ciwRIK7SdweHmr5TcbhZE', 'https://i.scdn.co/image/ab67616d00001e024acca0356c750d500b2aa742', '300', NOW(), NOW()),
('cddb3993-c504-4383-99ad-7ee6418a4515', '2ciwRIK7SdweHmr5TcbhZE', 'https://i.scdn.co/image/ab67616d000048514acca0356c750d500b2aa742', '64', NOW(), NOW()),
('f3db33a3-ca7c-4ad2-a604-6e85d1b7cd1f', '3bPqB8mzWf8ApzbqcF0MOs', 'https://i.scdn.co/image/ab67616d0000b27395b79e948a7d25249e58a261', '640', NOW(), NOW()),
('f3db33a3-ca7c-4ad2-a604-6e85d1b7cd1f', '3bPqB8mzWf8ApzbqcF0MOs', 'https://i.scdn.co/image/ab67616d00001e0295b79e948a7d25249e58a261', '300', NOW(), NOW()),
('f3db33a3-ca7c-4ad2-a604-6e85d1b7cd1f', '3bPqB8mzWf8ApzbqcF0MOs', 'https://i.scdn.co/image/ab67616d0000485195b79e948a7d25249e58a261', '64', NOW(), NOW()),
('e59bbfa4-4384-468a-b229-933ae4efe0e6', '0BOV077mBWAWTtsEytztbl', 'https://i.scdn.co/image/ab67616d0000b27326b08785d2555abef12ed949', '640', NOW(), NOW()),
('e59bbfa4-4384-468a-b229-933ae4efe0e6', '0BOV077mBWAWTtsEytztbl', 'https://i.scdn.co/image/ab67616d00001e0226b08785d2555abef12ed949', '300', NOW(), NOW()),
('e59bbfa4-4384-468a-b229-933ae4efe0e6', '0BOV077mBWAWTtsEytztbl', 'https://i.scdn.co/image/ab67616d0000485126b08785d2555abef12ed949', '64', NOW(), NOW()),
('78758f1a-fd9c-4019-b797-08aca3031a45', '5NqmQGsgTmrXqrezXqLTsI', 'https://i.scdn.co/image/ab67616d0000b273021798db6c7bdfa2bdc7069b', '640', NOW(), NOW()),
('78758f1a-fd9c-4019-b797-08aca3031a45', '5NqmQGsgTmrXqrezXqLTsI', 'https://i.scdn.co/image/ab67616d00001e02021798db6c7bdfa2bdc7069b', '300', NOW(), NOW()),
('78758f1a-fd9c-4019-b797-08aca3031a45', '5NqmQGsgTmrXqrezXqLTsI', 'https://i.scdn.co/image/ab67616d00004851021798db6c7bdfa2bdc7069b', '64', NOW(), NOW()),
('1236c435-7333-44c1-9ae2-5d76217bf86a', '0COWNE8IN9dq05M6FlJg7b', 'https://i.scdn.co/image/ab67616d0000b2732601eb978c246cc1f1d1e352', '640', NOW(), NOW()),
('1236c435-7333-44c1-9ae2-5d76217bf86a', '0COWNE8IN9dq05M6FlJg7b', 'https://i.scdn.co/image/ab67616d00001e022601eb978c246cc1f1d1e352', '300', NOW(), NOW()),
('1236c435-7333-44c1-9ae2-5d76217bf86a', '0COWNE8IN9dq05M6FlJg7b', 'https://i.scdn.co/image/ab67616d000048512601eb978c246cc1f1d1e352', '64', NOW(), NOW()),
('3ebd7c8d-e86b-455d-af9c-731f09a7de62', '7E77NGcc2SegugziXeAadN', 'https://i.scdn.co/image/ab67616d0000b273b3510feac70d57a007738cb8', '640', NOW(), NOW()),
('3ebd7c8d-e86b-455d-af9c-731f09a7de62', '7E77NGcc2SegugziXeAadN', 'https://i.scdn.co/image/ab67616d00001e02b3510feac70d57a007738cb8', '300', NOW(), NOW()),
('3ebd7c8d-e86b-455d-af9c-731f09a7de62', '7E77NGcc2SegugziXeAadN', 'https://i.scdn.co/image/ab67616d00004851b3510feac70d57a007738cb8', '64', NOW(), NOW()),
('9626f23f-5ba4-4d3d-b02c-2e6c0607f142', '0tnP7BfhaV4kTkhQxwUTud', 'https://i.scdn.co/image/ab67616d0000b27320e8e67aab2c9321058c262a', '640', NOW(), NOW()),
('9626f23f-5ba4-4d3d-b02c-2e6c0607f142', '0tnP7BfhaV4kTkhQxwUTud', 'https://i.scdn.co/image/ab67616d00001e0220e8e67aab2c9321058c262a', '300', NOW(), NOW()),
('9626f23f-5ba4-4d3d-b02c-2e6c0607f142', '0tnP7BfhaV4kTkhQxwUTud', 'https://i.scdn.co/image/ab67616d0000485120e8e67aab2c9321058c262a', '64', NOW(), NOW()),
('a34bf18d-5d9c-4c0b-b08f-15ff008c2f43', '1IyKVpWL3oJpI1CEhsvmqs', 'https://i.scdn.co/image/ab67616d0000b273b4478f389c8bb7286bf00996', '640', NOW(), NOW()),
('a34bf18d-5d9c-4c0b-b08f-15ff008c2f43', '1IyKVpWL3oJpI1CEhsvmqs', 'https://i.scdn.co/image/ab67616d00001e02b4478f389c8bb7286bf00996', '300', NOW(), NOW()),
('a34bf18d-5d9c-4c0b-b08f-15ff008c2f43', '1IyKVpWL3oJpI1CEhsvmqs', 'https://i.scdn.co/image/ab67616d00004851b4478f389c8bb7286bf00996', '64', NOW(), NOW());



INSERT INTO "Song" ("id", "albumId", "title", "duration", "lyric", "filePathAudio", "privacy", "uploadUserId", "createdAt", "updatedAt") VALUES
('35ced687-04f6-47c8-be37-724469772225', '80733316-0e9f-4e9d-ac68-cd9771e206e2', 'Sky Tour (Intro)', '149077', 'lyric', 'https://audiomelodies.nyc3.digitaloceanspaces.com/LOC/SonTungMTP/SkyTourOriginalMotionPictureSoundtrack/SkyTourIntro.m4a', FALSE, 'Null', NOW(), NOW()),
('4467c301-e684-449f-bc18-d5b77b51dee1', '80733316-0e9f-4e9d-ac68-cd9771e206e2', 'Chạy Ngay Đi - Sky Tour 2019', '309504', 'lyric', 'https://audiomelodies.nyc3.digitaloceanspaces.com/LOC/SonTungMTP/SkyTourOriginalMotionPictureSoundtrack/ChayNgayDiSkyTour2019.m4a', FALSE, 'Null', NOW(), NOW()),
('7e5f293b-abc3-4e92-8107-5e14089b54e5', '80733316-0e9f-4e9d-ac68-cd9771e206e2', 'Chúng Ta Không Thuộc Về Nhau - Sky Tour 2019', '247594', 'lyric', 'https://audiomelodies.nyc3.digitaloceanspaces.com/LOC/SonTungMTP/SkyTourOriginalMotionPictureSoundtrack/ChungTaKhongThuocVeNhauSkyTour2019.m4a', FALSE, 'Null', NOW(), NOW()),
('e22284f5-1d93-49f7-a872-2f70dc725288', '80733316-0e9f-4e9d-ac68-cd9771e206e2', 'Lạc Trôi - Sky Tour 2019', '293890', 'lyric', 'https://audiomelodies.nyc3.digitaloceanspaces.com/LOC/SonTungMTP/SkyTourOriginalMotionPictureSoundtrack/LacTroiSkyTour2019.m4a', FALSE, 'Null', NOW(), NOW()),
('9295f54a-3ba3-4045-b627-6353c9df402d', '80733316-0e9f-4e9d-ac68-cd9771e206e2', 'Remember Me - Sky Tour 2019', '203433', 'lyric', 'https://audiomelodies.nyc3.digitaloceanspaces.com/LOC/SonTungMTP/SkyTourOriginalMotionPictureSoundtrack/RememberMeSkyTour2019.m4a', FALSE, 'Null', NOW(), NOW()),
('d240f8e0-fa1c-43a0-b093-438811b05334', '80733316-0e9f-4e9d-ac68-cd9771e206e2', 'Chắc Ai Đó Sẽ Về - Sky Tour 2019', '283500', 'lyric', 'https://audiomelodies.nyc3.digitaloceanspaces.com/LOC/SonTungMTP/SkyTourOriginalMotionPictureSoundtrack/ChacAiDoSeVeSkyTour2019.m4a', FALSE, 'Null', NOW(), NOW()),
('474a4325-03df-4eca-a39d-ab5ebf77a7fa', '80733316-0e9f-4e9d-ac68-cd9771e206e2', 'Em Của Ngày Hôm Qua - Sky Tour 2019', '246241', 'lyric', 'https://audiomelodies.nyc3.digitaloceanspaces.com/LOC/SonTungMTP/SkyTourOriginalMotionPictureSoundtrack/EmCuaNgayHomQuaSkyTour2019.m4a', FALSE, 'Null', NOW(), NOW()),
('35c224bc-97d8-4e1b-969d-565067b26b2d', '80733316-0e9f-4e9d-ac68-cd9771e206e2', 'Hãy Trao Cho Anh - Sky Tour 2019', '253033', 'lyric', 'https://audiomelodies.nyc3.digitaloceanspaces.com/LOC/SonTungMTP/SkyTourOriginalMotionPictureSoundtrack/HayTraoChoAnhSkyTour2019.m4a', FALSE, 'Null', NOW(), NOW()),
('c06fd073-502c-4012-952b-6166a3cb5842', 'b17007e6-4de9-4263-87d5-bc439fb79c8c', 'Cơn Mưa Ngang Qua', '234214', 'lyric', 'https://audiomelodies.nyc3.digitaloceanspaces.com/LOC/SonTungMTP/mtpMTP/ConMuaNgangQua.m4a', FALSE, 'Null', NOW(), NOW()),
('e9320802-1ac3-4d69-9ec9-a537add0fa62', 'b17007e6-4de9-4263-87d5-bc439fb79c8c', 'Anh Sai Rồi', '252303', 'lyric', 'https://audiomelodies.nyc3.digitaloceanspaces.com/LOC/SonTungMTP/AnhSaiRoi/AnhSaiRoi.m4a', FALSE, 'Null', NOW(), NOW()),
('c10815ec-36b3-4895-a73e-549fcb6b0631', 'b17007e6-4de9-4263-87d5-bc439fb79c8c', 'Nắng Ấm Xa Dần', '191922', 'lyric', 'https://audiomelodies.nyc3.digitaloceanspaces.com/LOC/SonTungMTP/mtpMTP/NangAmXaDan.m4a', FALSE, 'Null', NOW(), NOW()),
('eb0b7090-fe4e-4850-8d7b-432c7ef4e839', 'b17007e6-4de9-4263-87d5-bc439fb79c8c', 'Em Của Ngày Hôm Qua', '263949', 'lyric', 'https://audiomelodies.nyc3.digitaloceanspaces.com/LOC/SonTungMTP/EmCuaNgayHomQua/EmCuaNgayHomQua.m4a', FALSE, 'Null', NOW(), NOW()),
('bf44db3e-d22b-4a16-837e-25c5989bc1b5', 'b17007e6-4de9-4263-87d5-bc439fb79c8c', 'Chắc Ai Đó Sẽ Về', '262164', 'lyric', 'https://audiomelodies.nyc3.digitaloceanspaces.com/LOC/SonTungMTP/ChacAioSeVe/ChacAiDoSeVe.m4a', FALSE, 'Null', NOW(), NOW()),
('57a585c8-0552-4cf0-b459-a26a59143785', 'b17007e6-4de9-4263-87d5-bc439fb79c8c', 'Không Phải Dạng Vừa Đâu', '247634', 'lyric', 'https://audiomelodies.nyc3.digitaloceanspaces.com/LOC/SonTungMTP/KhongPhaiDangVuaau/KhongPhaiDangVuaDau.m4a', FALSE, 'Null', NOW(), NOW()),
('d5fe1142-d697-4f90-b619-8e7b34902093', 'b17007e6-4de9-4263-87d5-bc439fb79c8c', 'Thái Bình Mồ Hôi Rơi', '318093', 'lyric', 'https://audiomelodies.nyc3.digitaloceanspaces.com/LOC/SonTungMTP/mtpMTP/ThaiBinhMoHoiRoi.m4a', FALSE, 'Null', NOW(), NOW()),
('6d17e9a4-5c9c-4028-ade0-8b018fac69af', 'b17007e6-4de9-4263-87d5-bc439fb79c8c', 'Khuôn Mặt Đáng Thương', '257450', 'lyric', 'https://audiomelodies.nyc3.digitaloceanspaces.com/LOC/SonTungMTP/KhuonMatangThuong/KhuonMatDangThuong.m4a', FALSE, 'Null', NOW(), NOW()),
('e34c52b4-bb98-43af-9089-8561c07823b0', 'b17007e6-4de9-4263-87d5-bc439fb79c8c', 'Tiến Lên Việt Nam Ơi', '218627', 'lyric', 'https://audiomelodies.nyc3.digitaloceanspaces.com/LOC/SonTungMTP/mtpMTP/TienLenVietNamOi.m4a', FALSE, 'Null', NOW(), NOW()),
('6eac74ca-aa0c-4549-b8ed-3b28ddee6956', 'b17007e6-4de9-4263-87d5-bc439fb79c8c', 'Ấn Nút Nhớ... Thả Giấc Mơ', '244539', 'lyric', 'https://audiomelodies.nyc3.digitaloceanspaces.com/LOC/SonTungMTP/AnNutNhoThaGiacMo/AnNutNhoThaGiacMo.m4a', FALSE, 'Null', NOW(), NOW()),
('8de255a1-243b-4fc8-ae8a-1d3d9c9606a5', 'b17007e6-4de9-4263-87d5-bc439fb79c8c', 'Âm Thầm Bên Em', '293112', 'lyric', 'https://audiomelodies.nyc3.digitaloceanspaces.com/LOC/SonTungMTP/AmThamBenEm/AmThamBenEm.m4a', FALSE, 'Null', NOW(), NOW()),
('f5dcb3b2-2556-4479-9bf8-477ea8ad8e3c', 'b17007e6-4de9-4263-87d5-bc439fb79c8c', 'Buông Đôi Tay Nhau Ra', '227492', 'lyric', 'https://audiomelodies.nyc3.digitaloceanspaces.com/LOC/SonTungMTP/mtpMTP/BuongDoiTayNhauRa.m4a', FALSE, 'Null', NOW(), NOW()),
('6c25150d-7680-4ea4-bab0-745a794d2b4c', 'b17007e6-4de9-4263-87d5-bc439fb79c8c', 'Như Ngày Hôm Qua', '222981', 'lyric', 'https://audiomelodies.nyc3.digitaloceanspaces.com/LOC/SonTungMTP/mtpMTP/NhuNgayHomQua.m4a', FALSE, 'Null', NOW(), NOW()),
('ad593802-ce49-4aeb-9173-8cca4b2ed6f8', 'b17007e6-4de9-4263-87d5-bc439fb79c8c', 'Remember Me - SlimV Remix', '201369', 'lyric', 'https://audiomelodies.nyc3.digitaloceanspaces.com/LOC/SonTungMTP/mtpMTP/RememberMeSlimVRemix.m4a', FALSE, 'Null', NOW(), NOW()),
('6fa596dc-bc4b-445b-9664-97ef3fed5e9f', 'b17007e6-4de9-4263-87d5-bc439fb79c8c', 'Một Năm Mới Bình An', '247196', 'lyric', 'https://audiomelodies.nyc3.digitaloceanspaces.com/LOC/SonTungMTP/MotNamMoiBinhAn/MotNamMoiBinhAn.m4a', FALSE, 'Null', NOW(), NOW()),
('fb1dc2b5-2cb3-406e-b9ab-170ff939b1f5', 'b17007e6-4de9-4263-87d5-bc439fb79c8c', 'Chúng Ta Không Thuộc Về Nhau', '233009', 'lyric', 'https://audiomelodies.nyc3.digitaloceanspaces.com/LOC/SonTungMTP/ChungTaKhongThuocVeNhau/ChungTaKhongThuocVeNhau.m4a', FALSE, 'Null', NOW(), NOW()),
('e9605e70-936e-42b3-8975-ba4e1527d5c2', 'b17007e6-4de9-4263-87d5-bc439fb79c8c', 'Lạc Trôi', '232888', 'lyric', 'https://audiomelodies.nyc3.digitaloceanspaces.com/LOC/SonTungMTP/LacTroi/LacTroi.m4a', FALSE, 'Null', NOW(), NOW()),
('cb37e9d7-5890-4a43-8d33-1686173b1c7b', 'b17007e6-4de9-4263-87d5-bc439fb79c8c', 'Nơi Này Có Anh', '260117', 'lyric', 'https://audiomelodies.nyc3.digitaloceanspaces.com/LOC/SonTungMTP/mtpMTP/NoiNayCoAnh.m4a', FALSE, 'Null', NOW(), NOW()),
('f3e3a450-f6c8-490a-823b-66d0cdea45cd', '738b8729-e457-41d6-b8f5-2ba7c2be6714', 'Đừng Làm Trái Tim Anh Đau', '279208', 'lyric', 'https://audiomelodies.nyc3.digitaloceanspaces.com/LOC/SonTungMTP/ungLamTraiTimAnhau/DungLamTraiTimAnhDau.m4a', FALSE, 'Null', NOW(), NOW()),
('ed75c270-48aa-4df8-a86e-7546a4552673', 'e7532113-120d-45aa-87c2-1fa002def406', 'Chúng Ta Của Tương Lai', '249871', 'lyric', 'https://audiomelodies.nyc3.digitaloceanspaces.com/LOC/SonTungMTP/ChungTaCuaTuongLai/ChungTaCuaTuongLai.m4a', FALSE, 'Null', NOW(), NOW()),
('b73f157a-bc09-4538-8ffa-6a944037a610', '28434cf6-28fc-4a95-83ea-eff90efa2342', 'Có Chắc Yêu Là Đây - Remix', '226276', 'lyric', 'https://audiomelodies.nyc3.digitaloceanspaces.com/LOC/SonTungMTP/CoChacYeuLaayRemix/CoChacYeuLaDayRemix.m4a', FALSE, 'Null', NOW(), NOW()),
('f88c3574-5423-40dc-ab89-6af56c77d8ed', 'c04f736b-3e2c-48ab-8277-fc54f65f98d0', 'Nơi Này Có Anh - Remix', '214863', 'lyric', 'https://audiomelodies.nyc3.digitaloceanspaces.com/LOC/SonTungMTP/NoiNayCoAnhRemix/NoiNayCoAnhRemix.m4a', FALSE, 'Null', NOW(), NOW()),
('0f6685ba-327f-4c43-a96e-4455fa41a99c', '04b32c7b-a65c-497e-b173-3d5f6c56dc21', 'Muộn Rồi Mà Sao Còn - Remix', '446027', 'lyric', 'https://audiomelodies.nyc3.digitaloceanspaces.com/LOC/SonTungMTP/MuonRoiMaSaoConRemix/MuonRoiMaSaoConRemix.m4a', FALSE, 'Null', NOW(), NOW()),
('d12d67a2-c400-43bb-a272-49c9c27fde3f', '1cb06ffb-8782-4ac7-81cd-e613b7e8d18c', 'MAKING MY WAY', '258006', 'lyric', 'https://audiomelodies.nyc3.digitaloceanspaces.com/LOC/SonTungMTP/MAKINGMYWAY/MAKINGMYWAY.m4a', FALSE, 'Null', NOW(), NOW()),
('cdf4ccd6-59c7-404d-ae87-71042ced3afc', 'fce9d188-f708-418e-9541-d229551878d0', 'Intro 2022', '83240', 'lyric', 'https://audiomelodies.nyc3.digitaloceanspaces.com/LOC/SonTungMTP/SKYDECADE/Intro2022.m4a', FALSE, 'Null', NOW(), NOW()),
('eab49491-6049-42ff-9f93-2ffa87ebe91d', 'fce9d188-f708-418e-9541-d229551878d0', 'Cơn Mưa Xa Dần', '196923', 'lyric', 'https://audiomelodies.nyc3.digitaloceanspaces.com/LOC/SonTungMTP/SKYDECADE/ConMuaXaDan.m4a', FALSE, 'Null', NOW(), NOW()),
('9545d6c6-9da5-4961-947b-6790afbcf2a9', 'fce9d188-f708-418e-9541-d229551878d0', 'Nắng Ấm Ngang Qua', '195697', 'lyric', 'https://audiomelodies.nyc3.digitaloceanspaces.com/LOC/SonTungMTP/SKYDECADE/NangAmNgangQua.m4a', FALSE, 'Null', NOW(), NOW()),
('a5492a75-7b4b-433f-8bd7-0dbe9839eed0', 'fce9d188-f708-418e-9541-d229551878d0', 'Special Thanks', '80000', 'lyric', 'https://audiomelodies.nyc3.digitaloceanspaces.com/LOC/SonTungMTP/SKYDECADE/SpecialThanks.m4a', FALSE, 'Null', NOW(), NOW()),
('3af11851-05fe-4bd9-bf91-bd43833abe03', '3520720d-4d94-4660-b86e-064b69a9c7b9', 'Intro 2022', '83240', 'lyric', 'nan', FALSE, 'Null', NOW(), NOW()),
('ad855f81-3449-49ba-996d-2a658bcfde82', '3520720d-4d94-4660-b86e-064b69a9c7b9', 'Cơn Mưa Xa Dần', '196923', 'lyric', 'nan', FALSE, 'Null', NOW(), NOW()),
('6bf1917d-9797-4456-a989-48e9955ff518', '3520720d-4d94-4660-b86e-064b69a9c7b9', 'Nắng Ấm Ngang Qua', '195697', 'lyric', 'nan', FALSE, 'Null', NOW(), NOW()),
('5ed39420-c988-42fa-ab1f-89780c7c37b2', 'a347860d-aca6-473f-b3d9-fc9c869e151b', 'Cơn Mưa Ngang Qua - Remix 2022', '233365', 'lyric', 'https://audiomelodies.nyc3.digitaloceanspaces.com/LOC/SonTungMTP/ConMuaNgangQuaRemix2022/ConMuaNgangQuaRemix2022.m4a', FALSE, 'Null', NOW(), NOW()),
('0fbf5d1f-4a25-4a4a-9d53-6e87888ba420', '7fc4ab6f-9e03-4d58-8c15-3cdd7e6cc2df', 'There's No One At All (Another Version)', '201469', 'lyric', 'https://audiomelodies.nyc3.digitaloceanspaces.com/LOC/SonTungMTP/TheresNoOneAtAllAnotherVersion/TheresNoOneAtAllAnotherVersion.m4a', FALSE, 'Null', NOW(), NOW()),
('b1923dc8-207d-484e-b55f-ab8560ab967b', '1c795145-f971-4f9f-ada7-cdbca6c3a148', 'THERE'S NO ONE AT ALL', '172250', 'lyric', 'https://audiomelodies.nyc3.digitaloceanspaces.com/LOC/SonTungMTP/THERESNOONEATALL/THERESNOONEATALL.m4a', FALSE, 'Null', NOW(), NOW()),
('dfc380fe-1e87-4afd-9a0a-61b38a44c8e5', '17538a04-3aac-4932-bbda-73d5f986f400', 'Muộn Rồi Mà Sao Còn', '275905', 'lyric', 'https://audiomelodies.nyc3.digitaloceanspaces.com/LOC/SonTungMTP/MuonRoiMaSaoCon/MuonRoiMaSaoCon.m4a', FALSE, 'Null', NOW(), NOW()),
('2e358e47-9d2c-4be2-b288-cbe8953a7c54', '49dc7681-139f-4919-9271-8cd613b4741f', 'Remember Me - Onionn Remix Countdown 2021', '197818', 'lyric', 'https://audiomelodies.nyc3.digitaloceanspaces.com/LOC/SonTungMTP/RememberMeOnionnRemixCountdown2021/RememberMeOnionnRemixCountdown2021.m4a', FALSE, 'Null', NOW(), NOW()),
('26e99a87-3348-4deb-aa79-b69e2785ca0e', '9ed41d15-3022-4449-8e5a-a6da04c6f862', 'Có Chắc Yêu Là Đây - Onionn Remix Countdown 2021', '229973', 'lyric', 'https://audiomelodies.nyc3.digitaloceanspaces.com/LOC/SonTungMTP/CoChacYeuLaayOnionnRemixCountdown2021/CoChacYeuLaDayOnionnRemixCountdown2021.m4a', FALSE, 'Null', NOW(), NOW()),
('a3245a7f-e9b8-47c3-b932-4062460045e8', '64e7b71a-4bb5-4eeb-8ca0-7bfb1289fe2f', 'Skyler', '134400', 'lyric', 'https://audiomelodies.nyc3.digitaloceanspaces.com/LOC/SonTungMTP/Skyler/Skyler.m4a', FALSE, 'Null', NOW(), NOW()),
('81a3c6c7-c71f-45c8-a135-b93ca4587d4e', 'de4e39fc-7847-4976-a4b5-c0d19a0ad756', 'Chúng Ta Của Hiện Tại', '301538', 'lyric', 'https://audiomelodies.nyc3.digitaloceanspaces.com/LOC/SonTungMTP/ChungTaCuaHienTai/ChungTaCuaHienTai.m4a', FALSE, 'Null', NOW(), NOW()),
('93f6165f-da29-4c21-b36f-62d0c04a02f2', 'c8d77c73-2795-43b1-9cdd-feb345f64011', 'Có Chắc Yêu Là Đây', '202105', 'lyric', 'https://audiomelodies.nyc3.digitaloceanspaces.com/LOC/SonTungMTP/CoChacYeuLaay/CoChacYeuLaDay.m4a', FALSE, 'Null', NOW(), NOW()),
('72a03a42-0969-4884-8ae5-a0f9f6da8e75', 'e598dce4-3d5d-46bf-ac8a-9a483be323a8', 'Gia Đình Tôi Chọn', '279066', 'lyric', 'nan', FALSE, 'Null', NOW(), NOW()),
('f267328d-508b-478d-b72e-41c1428923b7', '069b309a-22f6-4853-a6b6-6749c748bdf6', 'Hãy Trao Cho Anh', '245658', 'lyric', 'https://audiomelodies.nyc3.digitaloceanspaces.com/LOC/SonTungMTP/HayTraoChoAnh/HayTraoChoAnh.m4a', FALSE, 'Null', NOW(), NOW()),
('bbebe841-5d5c-4386-bf18-f55977b01b0f', '57de985a-12e9-4747-b3c3-181f26196efc', 'Nắng Ấm Xa Dần - Onionn Remix', '190088', 'lyric', 'https://audiomelodies.nyc3.digitaloceanspaces.com/LOC/SonTungMTP/NangAmXaDanOnionnRemix/NangAmXaDanOnionnRemix.m4a', FALSE, 'Null', NOW(), NOW()),
('a88b11ae-88eb-4eaa-9401-4f4ebee16912', '4e1b2fad-1796-49e5-b739-d45aa1e6edd4', 'You Of Yesterday - Khắc Hưng Remix', '264000', 'lyric', 'https://audiomelodies.nyc3.digitaloceanspaces.com/LOC/SonTungMTP/YouOfYesterdayKhacHungRemix/YouOfYesterdayKhacHungRemix.m4a', FALSE, 'Null', NOW(), NOW()),
('1d94e9cc-c56a-4497-8f36-39cad322c024', '6696b48c-a1c3-472a-ad81-005848173aec', 'Chạy Ngay Đi - Onionn Remix', '230400', 'lyric', 'https://audiomelodies.nyc3.digitaloceanspaces.com/LOC/SonTungMTP/ChayNgayiOnionnRemix/ChayNgayDiOnionnRemix.m4a', FALSE, 'Null', NOW(), NOW()),
('8a419523-ade0-48c7-adae-844c454bc54a', 'b78071cf-46ab-46b2-a213-39e46b131684', 'Chạy Ngay Đi', '272507', 'lyric', 'https://audiomelodies.nyc3.digitaloceanspaces.com/LOC/SonTungMTP/ChayNgayi/ChayNgayDi.m4a', FALSE, 'Null', NOW(), NOW()),
('8115a919-9687-444e-95fb-a7d5bf7fd655', '4be9228d-a13b-4d04-8dc4-7728a27353f4', 'Lạc Trôi - Triple D Remix', '260571', 'lyric', 'https://audiomelodies.nyc3.digitaloceanspaces.com/LOC/SonTungMTP/LacTroiTripleDRemix/LacTroiTripleDRemix.m4a', FALSE, 'Null', NOW(), NOW()),
('dae1807a-67d5-4441-99c7-9621c6217b8c', 'c5a15a58-61bf-455f-9d97-3ee4ee1f396b', 'Nơi Này Có Anh', '260117', 'lyric', 'https://audiomelodies.nyc3.digitaloceanspaces.com/LOC/SonTungMTP/NoiNayCoAnh/NoiNayCoAnh.m4a', FALSE, 'Null', NOW(), NOW()),
('7acfaa80-4680-4aaf-a08b-e5dc34168288', 'ffd8a0a7-d6c1-41e0-84fc-5b8cfc04fca3', 'Lạc Trôi', '232888', 'lyric', 'https://audiomelodies.nyc3.digitaloceanspaces.com/LOC/SonTungMTP/mtpMTP/LacTroi.m4a', FALSE, 'Null', NOW(), NOW()),
('d1e8e8ff-a240-4ecf-bf73-df0e4660c3d1', '262dc158-e1d7-4590-86e1-901be366bc81', 'Chúng Ta Không Thuộc Về Nhau', '233009', 'lyric', 'https://audiomelodies.nyc3.digitaloceanspaces.com/LOC/SonTungMTP/mtpMTP/ChungTaKhongThuocVeNhau.m4a', FALSE, 'Null', NOW(), NOW()),
('b5834653-91da-4835-87a8-735722b03976', 'edb55557-1099-4a5f-b23a-b088ec9c4654', 'Một Năm Mới Bình An', '247196', 'lyric', 'https://audiomelodies.nyc3.digitaloceanspaces.com/LOC/SonTungMTP/mtpMTP/MotNamMoiBinhAn.m4a', FALSE, 'Null', NOW(), NOW()),
('b3437220-9fd8-4c7a-a774-213f27eee7e0', '4e38a95c-4379-490c-99f1-5bfd3bbf765d', 'Anh Sai Rồi', '252303', 'lyric', 'https://audiomelodies.nyc3.digitaloceanspaces.com/LOC/SonTungMTP/mtpMTP/AnhSaiRoi.m4a', FALSE, 'Null', NOW(), NOW()),
('d7d4f997-ea03-4d97-b5a0-5cd07d8dced6', 'dfb66518-171d-4deb-9f7b-15c7eb9f812a', 'Âm Thầm Bên Em', '293112', 'lyric', 'https://audiomelodies.nyc3.digitaloceanspaces.com/LOC/SonTungMTP/mtpMTP/AmThamBenEm.m4a', FALSE, 'Null', NOW(), NOW()),
('f89304c7-9c60-4c22-a3c6-3d30ce31f971', 'cddb3993-c504-4383-99ad-7ee6418a4515', 'Ấn Nút Nhớ... Thả Giấc Mơ', '244539', 'lyric', 'https://audiomelodies.nyc3.digitaloceanspaces.com/LOC/SonTungMTP/mtpMTP/AnNutNhoThaGiacMo.m4a', FALSE, 'Null', NOW(), NOW()),
('96548761-51b6-4f30-81cf-077766a973a7', 'f3db33a3-ca7c-4ad2-a604-6e85d1b7cd1f', 'Tiến Lên Việt Nam Ơi', '218627', 'lyric', 'https://audiomelodies.nyc3.digitaloceanspaces.com/LOC/SonTungMTP/TienLenVietNamOi/TienLenVietNamOi.m4a', FALSE, 'Null', NOW(), NOW()),
('71443755-cb21-4e42-8fc5-f7dab8fcf3c1', 'e59bbfa4-4384-468a-b229-933ae4efe0e6', 'Thái Bình Mồ Hôi Rơi', '318093', 'lyric', 'https://audiomelodies.nyc3.digitaloceanspaces.com/LOC/SonTungMTP/ThaiBinhMoHoiRoi/ThaiBinhMoHoiRoi.m4a', FALSE, 'Null', NOW(), NOW()),
('c34eccd3-eb77-4713-a262-4c58f0e9a1cc', '78758f1a-fd9c-4019-b797-08aca3031a45', 'Không Phải Dạng Vừa Đâu', '247634', 'lyric', 'https://audiomelodies.nyc3.digitaloceanspaces.com/LOC/SonTungMTP/mtpMTP/KhongPhaiDangVuaDau.m4a', FALSE, 'Null', NOW(), NOW()),
('a5392d2f-a849-4b22-a525-8b975c6d32d7', '1236c435-7333-44c1-9ae2-5d76217bf86a', 'Khuôn Mặt Đáng Thương', '257450', 'lyric', 'https://audiomelodies.nyc3.digitaloceanspaces.com/LOC/SonTungMTP/mtpMTP/KhuonMatDangThuong.m4a', FALSE, 'Null', NOW(), NOW()),
('bdda403d-7106-417c-886f-82f35f15ff56', '3ebd7c8d-e86b-455d-af9c-731f09a7de62', 'Chắc Ai Đó Sẽ Về', '262164', 'lyric', 'https://audiomelodies.nyc3.digitaloceanspaces.com/LOC/SonTungMTP/mtpMTP/ChacAiDoSeVe.m4a', FALSE, 'Null', NOW(), NOW()),
('d1f60171-b034-4694-bd2d-1f81cd19c657', '9626f23f-5ba4-4d3d-b02c-2e6c0607f142', 'Em Của Ngày Hôm Qua', '225830', 'lyric', 'https://audiomelodies.nyc3.digitaloceanspaces.com/LOC/SonTungMTP/mtpMTP/EmCuaNgayHomQua.m4a', FALSE, 'Null', NOW(), NOW()),
('59eff954-045f-4980-8cbf-89139f77b592', 'a34bf18d-5d9c-4c0b-b08f-15ff008c2f43', 'Nắng Ấm Xa Dần', '191922', 'lyric', 'https://audiomelodies.nyc3.digitaloceanspaces.com/LOC/SonTungMTP/NangAmXaDan/NangAmXaDan.m4a', FALSE, 'Null', NOW(), NOW());



INSERT INTO "ArtistSong" ("songId", "artistId", "main", "createdAt", "updatedAt") VALUES
('35ced687-04f6-47c8-be37-724469772225',  'f29d678a-c3bc-4a3c-8d59-f47bac8e607a', , TRUE, NOW(), NOW()),
('4467c301-e684-449f-bc18-d5b77b51dee1',  'f29d678a-c3bc-4a3c-8d59-f47bac8e607a', , TRUE, NOW(), NOW()),
('7e5f293b-abc3-4e92-8107-5e14089b54e5',  'f29d678a-c3bc-4a3c-8d59-f47bac8e607a', , TRUE, NOW(), NOW()),
('e22284f5-1d93-49f7-a872-2f70dc725288',  'f29d678a-c3bc-4a3c-8d59-f47bac8e607a', , TRUE, NOW(), NOW()),
('9295f54a-3ba3-4045-b627-6353c9df402d', 'f29d678a-c3bc-4a3c-8d59-f47bac8e607a', TRUE, NOW(), NOW()),
('9295f54a-3ba3-4045-b627-6353c9df402d', '9d1308e5-03db-4c5b-9a76-18907c98ebfc', FALSE, NOW(), NOW()),
('d240f8e0-fa1c-43a0-b093-438811b05334',  'f29d678a-c3bc-4a3c-8d59-f47bac8e607a', , TRUE, NOW(), NOW()),
('474a4325-03df-4eca-a39d-ab5ebf77a7fa',  'f29d678a-c3bc-4a3c-8d59-f47bac8e607a', , TRUE, NOW(), NOW()),
('35c224bc-97d8-4e1b-969d-565067b26b2d',  'f29d678a-c3bc-4a3c-8d59-f47bac8e607a', , TRUE, NOW(), NOW()),
('c06fd073-502c-4012-952b-6166a3cb5842',  'f29d678a-c3bc-4a3c-8d59-f47bac8e607a', , TRUE, NOW(), NOW()),
('e9320802-1ac3-4d69-9ec9-a537add0fa62',  'f29d678a-c3bc-4a3c-8d59-f47bac8e607a', , TRUE, NOW(), NOW()),
('c10815ec-36b3-4895-a73e-549fcb6b0631',  'f29d678a-c3bc-4a3c-8d59-f47bac8e607a', , TRUE, NOW(), NOW()),
('eb0b7090-fe4e-4850-8d7b-432c7ef4e839',  'f29d678a-c3bc-4a3c-8d59-f47bac8e607a', , TRUE, NOW(), NOW()),
('bf44db3e-d22b-4a16-837e-25c5989bc1b5',  'f29d678a-c3bc-4a3c-8d59-f47bac8e607a', , TRUE, NOW(), NOW()),
('57a585c8-0552-4cf0-b459-a26a59143785',  'f29d678a-c3bc-4a3c-8d59-f47bac8e607a', , TRUE, NOW(), NOW()),
('d5fe1142-d697-4f90-b619-8e7b34902093',  'f29d678a-c3bc-4a3c-8d59-f47bac8e607a', , TRUE, NOW(), NOW()),
('6d17e9a4-5c9c-4028-ade0-8b018fac69af',  'f29d678a-c3bc-4a3c-8d59-f47bac8e607a', , TRUE, NOW(), NOW()),
('e34c52b4-bb98-43af-9089-8561c07823b0',  'f29d678a-c3bc-4a3c-8d59-f47bac8e607a', , TRUE, NOW(), NOW()),
('6eac74ca-aa0c-4549-b8ed-3b28ddee6956',  'f29d678a-c3bc-4a3c-8d59-f47bac8e607a', , TRUE, NOW(), NOW()),
('8de255a1-243b-4fc8-ae8a-1d3d9c9606a5',  'f29d678a-c3bc-4a3c-8d59-f47bac8e607a', , TRUE, NOW(), NOW()),
('f5dcb3b2-2556-4479-9bf8-477ea8ad8e3c',  'f29d678a-c3bc-4a3c-8d59-f47bac8e607a', , TRUE, NOW(), NOW()),
('6c25150d-7680-4ea4-bab0-745a794d2b4c',  'f29d678a-c3bc-4a3c-8d59-f47bac8e607a', , TRUE, NOW(), NOW()),
('ad593802-ce49-4aeb-9173-8cca4b2ed6f8', 'f29d678a-c3bc-4a3c-8d59-f47bac8e607a', TRUE, NOW(), NOW()),
('ad593802-ce49-4aeb-9173-8cca4b2ed6f8', '9d1308e5-03db-4c5b-9a76-18907c98ebfc', FALSE, NOW(), NOW()),
('6fa596dc-bc4b-445b-9664-97ef3fed5e9f',  'f29d678a-c3bc-4a3c-8d59-f47bac8e607a', , TRUE, NOW(), NOW()),
('fb1dc2b5-2cb3-406e-b9ab-170ff939b1f5',  'f29d678a-c3bc-4a3c-8d59-f47bac8e607a', , TRUE, NOW(), NOW()),
('e9605e70-936e-42b3-8975-ba4e1527d5c2',  'f29d678a-c3bc-4a3c-8d59-f47bac8e607a', , TRUE, NOW(), NOW()),
('cb37e9d7-5890-4a43-8d33-1686173b1c7b',  'f29d678a-c3bc-4a3c-8d59-f47bac8e607a', , TRUE, NOW(), NOW()),
('f3e3a450-f6c8-490a-823b-66d0cdea45cd',  'f29d678a-c3bc-4a3c-8d59-f47bac8e607a', , TRUE, NOW(), NOW()),
('ed75c270-48aa-4df8-a86e-7546a4552673',  'f29d678a-c3bc-4a3c-8d59-f47bac8e607a', , TRUE, NOW(), NOW()),
('b73f157a-bc09-4538-8ffa-6a944037a610', 'f29d678a-c3bc-4a3c-8d59-f47bac8e607a', TRUE, NOW(), NOW()),
('b73f157a-bc09-4538-8ffa-6a944037a610', 'Unknown', FALSE, NOW(), NOW()),
('f88c3574-5423-40dc-ab89-6af56c77d8ed', 'f29d678a-c3bc-4a3c-8d59-f47bac8e607a', TRUE, NOW(), NOW()),
('f88c3574-5423-40dc-ab89-6af56c77d8ed', 'Unknown', FALSE, NOW(), NOW()),
('0f6685ba-327f-4c43-a96e-4455fa41a99c', 'f29d678a-c3bc-4a3c-8d59-f47bac8e607a', TRUE, NOW(), NOW()),
('0f6685ba-327f-4c43-a96e-4455fa41a99c', 'Unknown', FALSE, NOW(), NOW()),
('d12d67a2-c400-43bb-a272-49c9c27fde3f',  'f29d678a-c3bc-4a3c-8d59-f47bac8e607a', , TRUE, NOW(), NOW()),
('cdf4ccd6-59c7-404d-ae87-71042ced3afc',  'f29d678a-c3bc-4a3c-8d59-f47bac8e607a', , TRUE, NOW(), NOW()),
('eab49491-6049-42ff-9f93-2ffa87ebe91d',  'f29d678a-c3bc-4a3c-8d59-f47bac8e607a', , TRUE, NOW(), NOW()),
('9545d6c6-9da5-4961-947b-6790afbcf2a9',  'f29d678a-c3bc-4a3c-8d59-f47bac8e607a', , TRUE, NOW(), NOW()),
('a5492a75-7b4b-433f-8bd7-0dbe9839eed0',  'f29d678a-c3bc-4a3c-8d59-f47bac8e607a', , TRUE, NOW(), NOW()),
('3af11851-05fe-4bd9-bf91-bd43833abe03',  'f29d678a-c3bc-4a3c-8d59-f47bac8e607a', , TRUE, NOW(), NOW()),
('ad855f81-3449-49ba-996d-2a658bcfde82',  'f29d678a-c3bc-4a3c-8d59-f47bac8e607a', , TRUE, NOW(), NOW()),
('6bf1917d-9797-4456-a989-48e9955ff518',  'f29d678a-c3bc-4a3c-8d59-f47bac8e607a', , TRUE, NOW(), NOW()),
('5ed39420-c988-42fa-ab1f-89780c7c37b2',  'f29d678a-c3bc-4a3c-8d59-f47bac8e607a', , TRUE, NOW(), NOW()),
('0fbf5d1f-4a25-4a4a-9d53-6e87888ba420',  'f29d678a-c3bc-4a3c-8d59-f47bac8e607a', , TRUE, NOW(), NOW()),
('b1923dc8-207d-484e-b55f-ab8560ab967b',  'f29d678a-c3bc-4a3c-8d59-f47bac8e607a', , TRUE, NOW(), NOW()),
('dfc380fe-1e87-4afd-9a0a-61b38a44c8e5',  'f29d678a-c3bc-4a3c-8d59-f47bac8e607a', , TRUE, NOW(), NOW()),
('2e358e47-9d2c-4be2-b288-cbe8953a7c54', 'f29d678a-c3bc-4a3c-8d59-f47bac8e607a', TRUE, NOW(), NOW()),
('2e358e47-9d2c-4be2-b288-cbe8953a7c54', 'Unknown', FALSE, NOW(), NOW()),
('26e99a87-3348-4deb-aa79-b69e2785ca0e', 'f29d678a-c3bc-4a3c-8d59-f47bac8e607a', TRUE, NOW(), NOW()),
('26e99a87-3348-4deb-aa79-b69e2785ca0e', 'Unknown', FALSE, NOW(), NOW()),
('a3245a7f-e9b8-47c3-b932-4062460045e8',  'f29d678a-c3bc-4a3c-8d59-f47bac8e607a', , TRUE, NOW(), NOW()),
('81a3c6c7-c71f-45c8-a135-b93ca4587d4e',  'f29d678a-c3bc-4a3c-8d59-f47bac8e607a', , TRUE, NOW(), NOW()),
('93f6165f-da29-4c21-b36f-62d0c04a02f2',  'f29d678a-c3bc-4a3c-8d59-f47bac8e607a', , TRUE, NOW(), NOW()),
('72a03a42-0969-4884-8ae5-a0f9f6da8e75', '4f46392a-fd48-4b55-9f18-abee1a1bcf7d', TRUE, NOW(), NOW()),
('72a03a42-0969-4884-8ae5-a0f9f6da8e75', 'Unknown', FALSE, NOW(), NOW()),
('72a03a42-0969-4884-8ae5-a0f9f6da8e75', 'f29d678a-c3bc-4a3c-8d59-f47bac8e607a', FALSE, NOW(), NOW()),
('72a03a42-0969-4884-8ae5-a0f9f6da8e75', 'Unknown', FALSE, NOW(), NOW()),
('72a03a42-0969-4884-8ae5-a0f9f6da8e75', 'Unknown', FALSE, NOW(), NOW()),
('72a03a42-0969-4884-8ae5-a0f9f6da8e75', 'Unknown', FALSE, NOW(), NOW()),
('72a03a42-0969-4884-8ae5-a0f9f6da8e75', 'Unknown', FALSE, NOW(), NOW()),
('f267328d-508b-478d-b72e-41c1428923b7', 'f29d678a-c3bc-4a3c-8d59-f47bac8e607a', TRUE, NOW(), NOW()),
('f267328d-508b-478d-b72e-41c1428923b7', 'Unknown', FALSE, NOW(), NOW()),
('bbebe841-5d5c-4386-bf18-f55977b01b0f', 'f29d678a-c3bc-4a3c-8d59-f47bac8e607a', TRUE, NOW(), NOW()),
('bbebe841-5d5c-4386-bf18-f55977b01b0f', 'Unknown', FALSE, NOW(), NOW()),
('a88b11ae-88eb-4eaa-9401-4f4ebee16912', 'f29d678a-c3bc-4a3c-8d59-f47bac8e607a', TRUE, NOW(), NOW()),
('a88b11ae-88eb-4eaa-9401-4f4ebee16912', 'Unknown', FALSE, NOW(), NOW()),
('1d94e9cc-c56a-4497-8f36-39cad322c024', 'f29d678a-c3bc-4a3c-8d59-f47bac8e607a', TRUE, NOW(), NOW()),
('1d94e9cc-c56a-4497-8f36-39cad322c024', 'Unknown', FALSE, NOW(), NOW()),
('8a419523-ade0-48c7-adae-844c454bc54a',  'f29d678a-c3bc-4a3c-8d59-f47bac8e607a', , TRUE, NOW(), NOW()),
('8115a919-9687-444e-95fb-a7d5bf7fd655', 'f29d678a-c3bc-4a3c-8d59-f47bac8e607a', TRUE, NOW(), NOW()),
('8115a919-9687-444e-95fb-a7d5bf7fd655', 'Unknown', FALSE, NOW(), NOW()),
('dae1807a-67d5-4441-99c7-9621c6217b8c',  'f29d678a-c3bc-4a3c-8d59-f47bac8e607a', , TRUE, NOW(), NOW()),
('7acfaa80-4680-4aaf-a08b-e5dc34168288',  'f29d678a-c3bc-4a3c-8d59-f47bac8e607a', , TRUE, NOW(), NOW()),
('d1e8e8ff-a240-4ecf-bf73-df0e4660c3d1',  'f29d678a-c3bc-4a3c-8d59-f47bac8e607a', , TRUE, NOW(), NOW()),
('b5834653-91da-4835-87a8-735722b03976',  'f29d678a-c3bc-4a3c-8d59-f47bac8e607a', , TRUE, NOW(), NOW()),
('b3437220-9fd8-4c7a-a774-213f27eee7e0',  'f29d678a-c3bc-4a3c-8d59-f47bac8e607a', , TRUE, NOW(), NOW()),
('d7d4f997-ea03-4d97-b5a0-5cd07d8dced6',  'f29d678a-c3bc-4a3c-8d59-f47bac8e607a', , TRUE, NOW(), NOW()),
('f89304c7-9c60-4c22-a3c6-3d30ce31f971',  'f29d678a-c3bc-4a3c-8d59-f47bac8e607a', , TRUE, NOW(), NOW()),
('96548761-51b6-4f30-81cf-077766a973a7',  'f29d678a-c3bc-4a3c-8d59-f47bac8e607a', , TRUE, NOW(), NOW()),
('71443755-cb21-4e42-8fc5-f7dab8fcf3c1',  'f29d678a-c3bc-4a3c-8d59-f47bac8e607a', , TRUE, NOW(), NOW()),
('c34eccd3-eb77-4713-a262-4c58f0e9a1cc',  'f29d678a-c3bc-4a3c-8d59-f47bac8e607a', , TRUE, NOW(), NOW()),
('a5392d2f-a849-4b22-a525-8b975c6d32d7',  'f29d678a-c3bc-4a3c-8d59-f47bac8e607a', , TRUE, NOW(), NOW()),
('bdda403d-7106-417c-886f-82f35f15ff56',  'f29d678a-c3bc-4a3c-8d59-f47bac8e607a', , TRUE, NOW(), NOW()),
('d1f60171-b034-4694-bd2d-1f81cd19c657',  'f29d678a-c3bc-4a3c-8d59-f47bac8e607a', , TRUE, NOW(), NOW()),
('59eff954-045f-4980-8cbf-89139f77b592',  'f29d678a-c3bc-4a3c-8d59-f47bac8e607a', , TRUE, NOW(), NOW());







--------------------SOOBIN



INSERT INTO "Album" ("albumId",  "title", "releaseDate", "albumType", "createdAt", "updatedAt") VALUES
('f5eaaaa1-db89-4733-921d-fc7c0849fdf9', 'BẬT NÓ LÊN', '2024-06-25', 'album', NOW(), NOW()),
('932c1445-8329-4db3-96a8-ebf35e19b897', 'The Remix 2016', '2016-06-27', 'album', NOW(), NOW()),
('9f4e872e-0bd1-4ae0-8778-d96b99ae607c', 'Tiến Tới Ước Mơ (feat. Rhymastic & SlimV)', '2024-10-03', 'single', NOW(), NOW()),
('b7f892c1-a9af-45ae-84e2-ffcdc2798f7f', 'It's A New Dawn (feat. CHARLES. & Kriss Ngo)', '2024-08-02', 'single', NOW(), NOW()),
('fbff9a48-3740-433e-a900-d5d0aaef94ed', 'giá như', '2024-04-10', 'single', NOW(), NOW()),
('4385ec4f-fc96-48f0-9dd7-1846e43c0a19', 'Heyyy', '2023-12-07', 'single', NOW(), NOW()),
('0b775f10-05ec-476e-b510-d7e58fbb5e82', 'still', '2023-12-04', 'ep', NOW(), NOW()),
('f3f79318-8edf-4e83-9125-50e50e435be2', 'Sunset In The City', '2023-10-26', 'single', NOW(), NOW()),
('9e3dff2f-1510-4107-811a-c569b25587ba', 'Tự Yours', '2023-05-11', 'single', NOW(), NOW()),
('84597d32-0798-4be6-ab09-3b479b00913a', 'Vui Đi Em (TINLE Remix)', '2023-01-05', 'single', NOW(), NOW()),
('5ce35406-8b7b-4961-99f0-126b803d8fbf', 'Day Dream (TINLE Remix)', '2023-01-05', 'single', NOW(), NOW()),
('e86f2007-e2b0-49c7-8c77-b51f7b72523b', 'BLACKJACK (TINLE Remix)', '2023-01-05', 'single', NOW(), NOW()),
('a2de702e-9847-4ae5-bef8-57eb2500a73a', 'Tháng Năm (Remixes)', '2022-08-19', 'ep', NOW(), NOW()),
('e783b344-aa5b-4103-9a93-6c9297e3d96d', 'Hurricane - Naraka', '2022-08-19', 'single', NOW(), NOW()),
('b4d1e716-8720-426c-8fb5-4c2d7f80a9c5', 'Nhanh lên nhé!', '2022-07-11', 'single', NOW(), NOW()),
('9e5bf225-8da5-46d6-8212-173b18fbaaa5', 'Freaky Squad (feat. Touliver)', '2021-11-30', 'single', NOW(), NOW()),
('95902c4c-fb5e-4fc1-a670-84168a95748c', 'The Playah (feat. SlimV) [Special Performance]', '2021-05-14', 'single', NOW(), NOW()),
('32b60aa6-7281-45d7-8c39-30fb3b04d170', 'The Playah', '2020-12-15', 'ep', NOW(), NOW()),
('56ba35a1-e9be-4655-9273-76c78df1c8b9', 'Vẫn Nhớ', '2020-04-30', 'single', NOW(), NOW()),
('7237828e-3375-4c1d-a6fa-20028dc643fa', 'pretty', '2020-03-25', 'ep', NOW(), NOW()),
('14d0dbdd-4b24-49ba-a567-57d099fd92c7', 'I Like You/Từng Ngày Em Mơ Về Anh', '2020-01-01', 'ep', NOW(), NOW()),
('efdfb2dc-964f-4a9c-9c8d-414759388d4c', 'Daydreams (The Remix 2016)', '2020-01-01', 'single', NOW(), NOW()),
('beb34597-32ff-4e89-bf42-c3f5ddaddce8', 'Chưa Có Người Yêu', '2020-01-01', 'single', NOW(), NOW()),
('0040ea6a-b7ce-421b-bef7-59edb76e29da', 'Say Goodbye', '2019-09-04', 'single', NOW(), NOW()),
('8b2c4530-9a52-4ec1-b4b1-5f6f4c8bed92', 'Và Thế Là Hết (Lalala Version 2)', '2019-08-19', 'single', NOW(), NOW()),
('016bf6a6-f42f-4751-8ae4-6891dcabeaf7', 'Nếu Ngày Ấy', '2019-07-22', 'single', NOW(), NOW()),
('ce8be787-2e22-4902-b409-51063f3da251', 'Đã Đến Lúc', '2019-04-13', 'single', NOW(), NOW()),
('1187d9d4-2536-4699-984e-7db1f0c91934', 'Em Không Tồn Tại', '2019-03-13', 'single', NOW(), NOW()),
('6f80fd80-7d33-4492-bf25-4bf3216bebd0', 'Between us', '2018-07-27', 'ep', NOW(), NOW()),
('642c308a-dd4c-4585-b29b-94070f109a6b', 'Ngày Mai Em Đi', '2017-08-02', 'single', NOW(), NOW()),
('3cd2ec66-422c-4499-9898-b5bff7de318c', 'Vinh Quang Đang Chờ Ta', '2017-07-24', 'single', NOW(), NOW()),
('c93bb769-9fbe-4ff9-8811-6d8648bceab2', 'Một Ngày Rất Khác', '2017-06-30', 'single', NOW(), NOW()),
('98f3c4d8-38c6-4dab-9f33-b95a1c4aca88', 'Di Va Yeu', '2017-03-27', 'single', NOW(), NOW()),
('f57531aa-145b-4e25-b4bd-ad5de2836ba6', 'Anh Đã Quen Với Cô Đơn', '2017-03-14', 'single', NOW(), NOW()),
('93c7fd48-6db6-477a-ade4-cb0e37ae600a', 'Vai Lan Don Dua', '2017-01-27', 'single', NOW(), NOW()),
('639153d1-ffbd-457c-8f55-4676cdf29381', 'Đi Để Trở Về', '2017-01-17', 'single', NOW(), NOW()),
('f6e0f608-43c8-4284-b7e8-ae58639f5672', 'Lalala', '2016-07-14', 'single', NOW(), NOW()),
('7c55ff2b-1536-4e20-bd5b-cc19d4453246', 'Vụt Tan', '2012-07-10', 'single', NOW(), NOW());



INSERT INTO "AlbumImage" ("albumId", "image", "size", "createdAt", "updatedAt") VALUES
('f5eaaaa1-db89-4733-921d-fc7c0849fdf9', '5tlCVkYaDAmAtJ5YxejpWi', 'https://i.scdn.co/image/ab67616d0000b2738bdbdf691a5b791a5afb515b', '640', NOW(), NOW()),
('f5eaaaa1-db89-4733-921d-fc7c0849fdf9', '5tlCVkYaDAmAtJ5YxejpWi', 'https://i.scdn.co/image/ab67616d00001e028bdbdf691a5b791a5afb515b', '300', NOW(), NOW()),
('f5eaaaa1-db89-4733-921d-fc7c0849fdf9', '5tlCVkYaDAmAtJ5YxejpWi', 'https://i.scdn.co/image/ab67616d000048518bdbdf691a5b791a5afb515b', '64', NOW(), NOW()),
('932c1445-8329-4db3-96a8-ebf35e19b897', '3lq8M2jMN0SXdSLcw66TKh', 'https://i.scdn.co/image/ab67616d0000b2735e6c4ba130cb078cd777247c', '640', NOW(), NOW()),
('932c1445-8329-4db3-96a8-ebf35e19b897', '3lq8M2jMN0SXdSLcw66TKh', 'https://i.scdn.co/image/ab67616d00001e025e6c4ba130cb078cd777247c', '300', NOW(), NOW()),
('932c1445-8329-4db3-96a8-ebf35e19b897', '3lq8M2jMN0SXdSLcw66TKh', 'https://i.scdn.co/image/ab67616d000048515e6c4ba130cb078cd777247c', '64', NOW(), NOW()),
('9f4e872e-0bd1-4ae0-8778-d96b99ae607c', '5WzEu5gm5SzVJKpEj87MqC', 'https://i.scdn.co/image/ab67616d0000b27314cd39f8a615976502ecb1bf', '640', NOW(), NOW()),
('9f4e872e-0bd1-4ae0-8778-d96b99ae607c', '5WzEu5gm5SzVJKpEj87MqC', 'https://i.scdn.co/image/ab67616d00001e0214cd39f8a615976502ecb1bf', '300', NOW(), NOW()),
('9f4e872e-0bd1-4ae0-8778-d96b99ae607c', '5WzEu5gm5SzVJKpEj87MqC', 'https://i.scdn.co/image/ab67616d0000485114cd39f8a615976502ecb1bf', '64', NOW(), NOW()),
('b7f892c1-a9af-45ae-84e2-ffcdc2798f7f', '65lEFc8RVBeN3DZtFlw3m5', 'https://i.scdn.co/image/ab67616d0000b273e89664ae7929e901b4e1a60d', '640', NOW(), NOW()),
('b7f892c1-a9af-45ae-84e2-ffcdc2798f7f', '65lEFc8RVBeN3DZtFlw3m5', 'https://i.scdn.co/image/ab67616d00001e02e89664ae7929e901b4e1a60d', '300', NOW(), NOW()),
('b7f892c1-a9af-45ae-84e2-ffcdc2798f7f', '65lEFc8RVBeN3DZtFlw3m5', 'https://i.scdn.co/image/ab67616d00004851e89664ae7929e901b4e1a60d', '64', NOW(), NOW()),
('fbff9a48-3740-433e-a900-d5d0aaef94ed', '1PgoX59M7df5NBcsAqhsiq', 'https://i.scdn.co/image/ab67616d0000b273d0b9bdf8cb2cd260ce92baff', '640', NOW(), NOW()),
('fbff9a48-3740-433e-a900-d5d0aaef94ed', '1PgoX59M7df5NBcsAqhsiq', 'https://i.scdn.co/image/ab67616d00001e02d0b9bdf8cb2cd260ce92baff', '300', NOW(), NOW()),
('fbff9a48-3740-433e-a900-d5d0aaef94ed', '1PgoX59M7df5NBcsAqhsiq', 'https://i.scdn.co/image/ab67616d00004851d0b9bdf8cb2cd260ce92baff', '64', NOW(), NOW()),
('4385ec4f-fc96-48f0-9dd7-1846e43c0a19', '0XqRGTTHzsFhcVCMLhlVEo', 'https://i.scdn.co/image/ab67616d0000b2732aa7965527d556298709a77f', '640', NOW(), NOW()),
('4385ec4f-fc96-48f0-9dd7-1846e43c0a19', '0XqRGTTHzsFhcVCMLhlVEo', 'https://i.scdn.co/image/ab67616d00001e022aa7965527d556298709a77f', '300', NOW(), NOW()),
('4385ec4f-fc96-48f0-9dd7-1846e43c0a19', '0XqRGTTHzsFhcVCMLhlVEo', 'https://i.scdn.co/image/ab67616d000048512aa7965527d556298709a77f', '64', NOW(), NOW()),
('0b775f10-05ec-476e-b510-d7e58fbb5e82', '1DG7xgeUWq4O1rHbPmaCvC', 'https://i.scdn.co/image/ab67616d0000b2737f9fff3323c60ac22c9e4aa2', '640', NOW(), NOW()),
('0b775f10-05ec-476e-b510-d7e58fbb5e82', '1DG7xgeUWq4O1rHbPmaCvC', 'https://i.scdn.co/image/ab67616d00001e027f9fff3323c60ac22c9e4aa2', '300', NOW(), NOW()),
('0b775f10-05ec-476e-b510-d7e58fbb5e82', '1DG7xgeUWq4O1rHbPmaCvC', 'https://i.scdn.co/image/ab67616d000048517f9fff3323c60ac22c9e4aa2', '64', NOW(), NOW()),
('f3f79318-8edf-4e83-9125-50e50e435be2', '368ne0BxywURFHQ43RR0zf', 'https://i.scdn.co/image/ab67616d0000b273e4bf20e6f63995ff753aaa0a', '640', NOW(), NOW()),
('f3f79318-8edf-4e83-9125-50e50e435be2', '368ne0BxywURFHQ43RR0zf', 'https://i.scdn.co/image/ab67616d00001e02e4bf20e6f63995ff753aaa0a', '300', NOW(), NOW()),
('f3f79318-8edf-4e83-9125-50e50e435be2', '368ne0BxywURFHQ43RR0zf', 'https://i.scdn.co/image/ab67616d00004851e4bf20e6f63995ff753aaa0a', '64', NOW(), NOW()),
('9e3dff2f-1510-4107-811a-c569b25587ba', '7pkyvEOR8kFwNoxjheWzx8', 'https://i.scdn.co/image/ab67616d0000b273fe9e14c77d47c00e9d76bf19', '640', NOW(), NOW()),
('9e3dff2f-1510-4107-811a-c569b25587ba', '7pkyvEOR8kFwNoxjheWzx8', 'https://i.scdn.co/image/ab67616d00001e02fe9e14c77d47c00e9d76bf19', '300', NOW(), NOW()),
('9e3dff2f-1510-4107-811a-c569b25587ba', '7pkyvEOR8kFwNoxjheWzx8', 'https://i.scdn.co/image/ab67616d00004851fe9e14c77d47c00e9d76bf19', '64', NOW(), NOW()),
('84597d32-0798-4be6-ab09-3b479b00913a', '4HFGjVfiH2HFcOrUOEAXMd', 'https://i.scdn.co/image/ab67616d0000b2734a77435a2edc20b0359b0a7a', '640', NOW(), NOW()),
('84597d32-0798-4be6-ab09-3b479b00913a', '4HFGjVfiH2HFcOrUOEAXMd', 'https://i.scdn.co/image/ab67616d00001e024a77435a2edc20b0359b0a7a', '300', NOW(), NOW()),
('84597d32-0798-4be6-ab09-3b479b00913a', '4HFGjVfiH2HFcOrUOEAXMd', 'https://i.scdn.co/image/ab67616d000048514a77435a2edc20b0359b0a7a', '64', NOW(), NOW()),
('5ce35406-8b7b-4961-99f0-126b803d8fbf', '7ebDOPH7pQdfBZMBfMZKrY', 'https://i.scdn.co/image/ab67616d0000b27339e270e0dafec6a319146e6a', '640', NOW(), NOW()),
('5ce35406-8b7b-4961-99f0-126b803d8fbf', '7ebDOPH7pQdfBZMBfMZKrY', 'https://i.scdn.co/image/ab67616d00001e0239e270e0dafec6a319146e6a', '300', NOW(), NOW()),
('5ce35406-8b7b-4961-99f0-126b803d8fbf', '7ebDOPH7pQdfBZMBfMZKrY', 'https://i.scdn.co/image/ab67616d0000485139e270e0dafec6a319146e6a', '64', NOW(), NOW()),
('e86f2007-e2b0-49c7-8c77-b51f7b72523b', '4uZJFIjsbjdqfdu7HP2cqk', 'https://i.scdn.co/image/ab67616d0000b273b8f6c11abee18a99f9d12d95', '640', NOW(), NOW()),
('e86f2007-e2b0-49c7-8c77-b51f7b72523b', '4uZJFIjsbjdqfdu7HP2cqk', 'https://i.scdn.co/image/ab67616d00001e02b8f6c11abee18a99f9d12d95', '300', NOW(), NOW()),
('e86f2007-e2b0-49c7-8c77-b51f7b72523b', '4uZJFIjsbjdqfdu7HP2cqk', 'https://i.scdn.co/image/ab67616d00004851b8f6c11abee18a99f9d12d95', '64', NOW(), NOW()),
('a2de702e-9847-4ae5-bef8-57eb2500a73a', '38wQUne90kwQ0qrOOlCUSC', 'https://i.scdn.co/image/ab67616d0000b2735235cc3fd23ba283e421f82e', '640', NOW(), NOW()),
('a2de702e-9847-4ae5-bef8-57eb2500a73a', '38wQUne90kwQ0qrOOlCUSC', 'https://i.scdn.co/image/ab67616d00001e025235cc3fd23ba283e421f82e', '300', NOW(), NOW()),
('a2de702e-9847-4ae5-bef8-57eb2500a73a', '38wQUne90kwQ0qrOOlCUSC', 'https://i.scdn.co/image/ab67616d000048515235cc3fd23ba283e421f82e', '64', NOW(), NOW()),
('e783b344-aa5b-4103-9a93-6c9297e3d96d', '4evSqRYUvXlCBuASV8JIs4', 'https://i.scdn.co/image/ab67616d0000b2733dda0fdba37439fe2057113d', '640', NOW(), NOW()),
('e783b344-aa5b-4103-9a93-6c9297e3d96d', '4evSqRYUvXlCBuASV8JIs4', 'https://i.scdn.co/image/ab67616d00001e023dda0fdba37439fe2057113d', '300', NOW(), NOW()),
('e783b344-aa5b-4103-9a93-6c9297e3d96d', '4evSqRYUvXlCBuASV8JIs4', 'https://i.scdn.co/image/ab67616d000048513dda0fdba37439fe2057113d', '64', NOW(), NOW()),
('b4d1e716-8720-426c-8fb5-4c2d7f80a9c5', '5CgGVI9jJus8ZSns7fqhf9', 'https://i.scdn.co/image/ab67616d0000b2731ef78855fce24fbf30adc5dc', '640', NOW(), NOW()),
('b4d1e716-8720-426c-8fb5-4c2d7f80a9c5', '5CgGVI9jJus8ZSns7fqhf9', 'https://i.scdn.co/image/ab67616d00001e021ef78855fce24fbf30adc5dc', '300', NOW(), NOW()),
('b4d1e716-8720-426c-8fb5-4c2d7f80a9c5', '5CgGVI9jJus8ZSns7fqhf9', 'https://i.scdn.co/image/ab67616d000048511ef78855fce24fbf30adc5dc', '64', NOW(), NOW()),
('9e5bf225-8da5-46d6-8212-173b18fbaaa5', '1nilvk1MGUZ3sk5fOJzoQk', 'https://i.scdn.co/image/ab67616d0000b27334ec2bee26b58c07ec2872fd', '640', NOW(), NOW()),
('9e5bf225-8da5-46d6-8212-173b18fbaaa5', '1nilvk1MGUZ3sk5fOJzoQk', 'https://i.scdn.co/image/ab67616d00001e0234ec2bee26b58c07ec2872fd', '300', NOW(), NOW()),
('9e5bf225-8da5-46d6-8212-173b18fbaaa5', '1nilvk1MGUZ3sk5fOJzoQk', 'https://i.scdn.co/image/ab67616d0000485134ec2bee26b58c07ec2872fd', '64', NOW(), NOW()),
('95902c4c-fb5e-4fc1-a670-84168a95748c', '4437psfF6TPngVcOkFT90M', 'https://i.scdn.co/image/ab67616d0000b27363cb85fbcd629147ddfc42c7', '640', NOW(), NOW()),
('95902c4c-fb5e-4fc1-a670-84168a95748c', '4437psfF6TPngVcOkFT90M', 'https://i.scdn.co/image/ab67616d00001e0263cb85fbcd629147ddfc42c7', '300', NOW(), NOW()),
('95902c4c-fb5e-4fc1-a670-84168a95748c', '4437psfF6TPngVcOkFT90M', 'https://i.scdn.co/image/ab67616d0000485163cb85fbcd629147ddfc42c7', '64', NOW(), NOW()),
('32b60aa6-7281-45d7-8c39-30fb3b04d170', '5xduxfrnEQpYdH54ilWMAN', 'https://i.scdn.co/image/ab67616d0000b27387804726f6db818095a40a86', '640', NOW(), NOW()),
('32b60aa6-7281-45d7-8c39-30fb3b04d170', '5xduxfrnEQpYdH54ilWMAN', 'https://i.scdn.co/image/ab67616d00001e0287804726f6db818095a40a86', '300', NOW(), NOW()),
('32b60aa6-7281-45d7-8c39-30fb3b04d170', '5xduxfrnEQpYdH54ilWMAN', 'https://i.scdn.co/image/ab67616d0000485187804726f6db818095a40a86', '64', NOW(), NOW()),
('56ba35a1-e9be-4655-9273-76c78df1c8b9', '4mZ48oXk69FoxqqHW0GZi2', 'https://i.scdn.co/image/ab67616d0000b27308d4e5d5e3077e955394b955', '640', NOW(), NOW()),
('56ba35a1-e9be-4655-9273-76c78df1c8b9', '4mZ48oXk69FoxqqHW0GZi2', 'https://i.scdn.co/image/ab67616d00001e0208d4e5d5e3077e955394b955', '300', NOW(), NOW()),
('56ba35a1-e9be-4655-9273-76c78df1c8b9', '4mZ48oXk69FoxqqHW0GZi2', 'https://i.scdn.co/image/ab67616d0000485108d4e5d5e3077e955394b955', '64', NOW(), NOW()),
('7237828e-3375-4c1d-a6fa-20028dc643fa', '6z56vE1UyWOTiL7pCVDPVn', 'https://i.scdn.co/image/ab67616d0000b27376e7e06d1055c78e3a6c708d', '640', NOW(), NOW()),
('7237828e-3375-4c1d-a6fa-20028dc643fa', '6z56vE1UyWOTiL7pCVDPVn', 'https://i.scdn.co/image/ab67616d00001e0276e7e06d1055c78e3a6c708d', '300', NOW(), NOW()),
('7237828e-3375-4c1d-a6fa-20028dc643fa', '6z56vE1UyWOTiL7pCVDPVn', 'https://i.scdn.co/image/ab67616d0000485176e7e06d1055c78e3a6c708d', '64', NOW(), NOW()),
('14d0dbdd-4b24-49ba-a567-57d099fd92c7', '5pXCedetqRi8K5EOIPU2Lx', 'https://i.scdn.co/image/ab67616d0000b273249a43032d1fe3061f296e14', '640', NOW(), NOW()),
('14d0dbdd-4b24-49ba-a567-57d099fd92c7', '5pXCedetqRi8K5EOIPU2Lx', 'https://i.scdn.co/image/ab67616d00001e02249a43032d1fe3061f296e14', '300', NOW(), NOW()),
('14d0dbdd-4b24-49ba-a567-57d099fd92c7', '5pXCedetqRi8K5EOIPU2Lx', 'https://i.scdn.co/image/ab67616d00004851249a43032d1fe3061f296e14', '64', NOW(), NOW()),
('efdfb2dc-964f-4a9c-9c8d-414759388d4c', '12Vo5Y7nZtCqFuqKcSzrkX', 'https://i.scdn.co/image/ab67616d0000b273e1957cbdff8f43e9323ee083', '640', NOW(), NOW()),
('efdfb2dc-964f-4a9c-9c8d-414759388d4c', '12Vo5Y7nZtCqFuqKcSzrkX', 'https://i.scdn.co/image/ab67616d00001e02e1957cbdff8f43e9323ee083', '300', NOW(), NOW()),
('efdfb2dc-964f-4a9c-9c8d-414759388d4c', '12Vo5Y7nZtCqFuqKcSzrkX', 'https://i.scdn.co/image/ab67616d00004851e1957cbdff8f43e9323ee083', '64', NOW(), NOW()),
('beb34597-32ff-4e89-bf42-c3f5ddaddce8', '6Hy1C1Y0ySz28nVHyXjRXT', 'https://i.scdn.co/image/ab67616d0000b2733be60c920919fb8c83659dad', '640', NOW(), NOW()),
('beb34597-32ff-4e89-bf42-c3f5ddaddce8', '6Hy1C1Y0ySz28nVHyXjRXT', 'https://i.scdn.co/image/ab67616d00001e023be60c920919fb8c83659dad', '300', NOW(), NOW()),
('beb34597-32ff-4e89-bf42-c3f5ddaddce8', '6Hy1C1Y0ySz28nVHyXjRXT', 'https://i.scdn.co/image/ab67616d000048513be60c920919fb8c83659dad', '64', NOW(), NOW()),
('0040ea6a-b7ce-421b-bef7-59edb76e29da', '2A1M6x1k3bPepafQEcoFIN', 'https://i.scdn.co/image/ab67616d0000b273b2520ca139cfc7898e90d60e', '640', NOW(), NOW()),
('0040ea6a-b7ce-421b-bef7-59edb76e29da', '2A1M6x1k3bPepafQEcoFIN', 'https://i.scdn.co/image/ab67616d00001e02b2520ca139cfc7898e90d60e', '300', NOW(), NOW()),
('0040ea6a-b7ce-421b-bef7-59edb76e29da', '2A1M6x1k3bPepafQEcoFIN', 'https://i.scdn.co/image/ab67616d00004851b2520ca139cfc7898e90d60e', '64', NOW(), NOW()),
('8b2c4530-9a52-4ec1-b4b1-5f6f4c8bed92', '1Qvp5mb2Qqv1n4wKYuTII1', 'https://i.scdn.co/image/ab67616d0000b273a6394e8d532838f821a972bc', '640', NOW(), NOW()),
('8b2c4530-9a52-4ec1-b4b1-5f6f4c8bed92', '1Qvp5mb2Qqv1n4wKYuTII1', 'https://i.scdn.co/image/ab67616d00001e02a6394e8d532838f821a972bc', '300', NOW(), NOW()),
('8b2c4530-9a52-4ec1-b4b1-5f6f4c8bed92', '1Qvp5mb2Qqv1n4wKYuTII1', 'https://i.scdn.co/image/ab67616d00004851a6394e8d532838f821a972bc', '64', NOW(), NOW()),
('016bf6a6-f42f-4751-8ae4-6891dcabeaf7', '5FyfwZWgLtjqBTdMwJmyzo', 'https://i.scdn.co/image/ab67616d0000b273d2750b7b5b9bda7100c6d1a3', '640', NOW(), NOW()),
('016bf6a6-f42f-4751-8ae4-6891dcabeaf7', '5FyfwZWgLtjqBTdMwJmyzo', 'https://i.scdn.co/image/ab67616d00001e02d2750b7b5b9bda7100c6d1a3', '300', NOW(), NOW()),
('016bf6a6-f42f-4751-8ae4-6891dcabeaf7', '5FyfwZWgLtjqBTdMwJmyzo', 'https://i.scdn.co/image/ab67616d00004851d2750b7b5b9bda7100c6d1a3', '64', NOW(), NOW()),
('ce8be787-2e22-4902-b409-51063f3da251', '5niM01NdL00oiW7gHMwLgy', 'https://i.scdn.co/image/ab67616d0000b2738d22cd7a72989779f9a60f61', '640', NOW(), NOW()),
('ce8be787-2e22-4902-b409-51063f3da251', '5niM01NdL00oiW7gHMwLgy', 'https://i.scdn.co/image/ab67616d00001e028d22cd7a72989779f9a60f61', '300', NOW(), NOW()),
('ce8be787-2e22-4902-b409-51063f3da251', '5niM01NdL00oiW7gHMwLgy', 'https://i.scdn.co/image/ab67616d000048518d22cd7a72989779f9a60f61', '64', NOW(), NOW()),
('1187d9d4-2536-4699-984e-7db1f0c91934', '0shTN6G17DDzlIdVnaR9fX', 'https://i.scdn.co/image/ab67616d0000b273823cd79c00bb3635ef2fc680', '640', NOW(), NOW()),
('1187d9d4-2536-4699-984e-7db1f0c91934', '0shTN6G17DDzlIdVnaR9fX', 'https://i.scdn.co/image/ab67616d00001e02823cd79c00bb3635ef2fc680', '300', NOW(), NOW()),
('1187d9d4-2536-4699-984e-7db1f0c91934', '0shTN6G17DDzlIdVnaR9fX', 'https://i.scdn.co/image/ab67616d00004851823cd79c00bb3635ef2fc680', '64', NOW(), NOW()),
('6f80fd80-7d33-4492-bf25-4bf3216bebd0', '613ppEJVK1Y5VYabnvzGRN', 'https://i.scdn.co/image/ab67616d0000b2738faca292dc30e3e240b00119', '640', NOW(), NOW()),
('6f80fd80-7d33-4492-bf25-4bf3216bebd0', '613ppEJVK1Y5VYabnvzGRN', 'https://i.scdn.co/image/ab67616d00001e028faca292dc30e3e240b00119', '300', NOW(), NOW()),
('6f80fd80-7d33-4492-bf25-4bf3216bebd0', '613ppEJVK1Y5VYabnvzGRN', 'https://i.scdn.co/image/ab67616d000048518faca292dc30e3e240b00119', '64', NOW(), NOW()),
('642c308a-dd4c-4585-b29b-94070f109a6b', '6KM4FSh6nyjlZrQyNS1YQQ', 'https://i.scdn.co/image/ab67616d0000b273caa7ef3c1e269ce6b12f6b3e', '640', NOW(), NOW()),
('642c308a-dd4c-4585-b29b-94070f109a6b', '6KM4FSh6nyjlZrQyNS1YQQ', 'https://i.scdn.co/image/ab67616d00001e02caa7ef3c1e269ce6b12f6b3e', '300', NOW(), NOW()),
('642c308a-dd4c-4585-b29b-94070f109a6b', '6KM4FSh6nyjlZrQyNS1YQQ', 'https://i.scdn.co/image/ab67616d00004851caa7ef3c1e269ce6b12f6b3e', '64', NOW(), NOW()),
('3cd2ec66-422c-4499-9898-b5bff7de318c', '771oXUqtuQw5PrE4clx8vJ', 'https://i.scdn.co/image/ab67616d0000b2737237fe5c98454d61e231980c', '640', NOW(), NOW()),
('3cd2ec66-422c-4499-9898-b5bff7de318c', '771oXUqtuQw5PrE4clx8vJ', 'https://i.scdn.co/image/ab67616d00001e027237fe5c98454d61e231980c', '300', NOW(), NOW()),
('3cd2ec66-422c-4499-9898-b5bff7de318c', '771oXUqtuQw5PrE4clx8vJ', 'https://i.scdn.co/image/ab67616d000048517237fe5c98454d61e231980c', '64', NOW(), NOW()),
('c93bb769-9fbe-4ff9-8811-6d8648bceab2', '1rU91BsXe2BH84dKCOHUVv', 'https://i.scdn.co/image/ab67616d0000b2732f39f6e41c8d52ea339673ee', '640', NOW(), NOW()),
('c93bb769-9fbe-4ff9-8811-6d8648bceab2', '1rU91BsXe2BH84dKCOHUVv', 'https://i.scdn.co/image/ab67616d00001e022f39f6e41c8d52ea339673ee', '300', NOW(), NOW()),
('c93bb769-9fbe-4ff9-8811-6d8648bceab2', '1rU91BsXe2BH84dKCOHUVv', 'https://i.scdn.co/image/ab67616d000048512f39f6e41c8d52ea339673ee', '64', NOW(), NOW()),
('98f3c4d8-38c6-4dab-9f33-b95a1c4aca88', '4OrZjCIOwZToVCoIKlRfpQ', 'https://i.scdn.co/image/ab67616d0000b2739c8874e0a7e0b663602bb148', '640', NOW(), NOW()),
('98f3c4d8-38c6-4dab-9f33-b95a1c4aca88', '4OrZjCIOwZToVCoIKlRfpQ', 'https://i.scdn.co/image/ab67616d00001e029c8874e0a7e0b663602bb148', '300', NOW(), NOW()),
('98f3c4d8-38c6-4dab-9f33-b95a1c4aca88', '4OrZjCIOwZToVCoIKlRfpQ', 'https://i.scdn.co/image/ab67616d000048519c8874e0a7e0b663602bb148', '64', NOW(), NOW()),
('f57531aa-145b-4e25-b4bd-ad5de2836ba6', '7aHVJrs5irhNvKt12Z0d0P', 'https://i.scdn.co/image/ab67616d0000b2732922307c16bb852a0849bea0', '640', NOW(), NOW()),
('f57531aa-145b-4e25-b4bd-ad5de2836ba6', '7aHVJrs5irhNvKt12Z0d0P', 'https://i.scdn.co/image/ab67616d00001e022922307c16bb852a0849bea0', '300', NOW(), NOW()),
('f57531aa-145b-4e25-b4bd-ad5de2836ba6', '7aHVJrs5irhNvKt12Z0d0P', 'https://i.scdn.co/image/ab67616d000048512922307c16bb852a0849bea0', '64', NOW(), NOW()),
('93c7fd48-6db6-477a-ade4-cb0e37ae600a', '5AcOuDDbMmYocfQp1nIM4a', 'https://i.scdn.co/image/ab67616d0000b273710f5334ce7a356e2b370822', '640', NOW(), NOW()),
('93c7fd48-6db6-477a-ade4-cb0e37ae600a', '5AcOuDDbMmYocfQp1nIM4a', 'https://i.scdn.co/image/ab67616d00001e02710f5334ce7a356e2b370822', '300', NOW(), NOW()),
('93c7fd48-6db6-477a-ade4-cb0e37ae600a', '5AcOuDDbMmYocfQp1nIM4a', 'https://i.scdn.co/image/ab67616d00004851710f5334ce7a356e2b370822', '64', NOW(), NOW()),
('639153d1-ffbd-457c-8f55-4676cdf29381', '5cXoSfpsGOLvsnTSOuAeEi', 'https://i.scdn.co/image/ab67616d0000b27326259b2434afe2ee9808900a', '640', NOW(), NOW()),
('639153d1-ffbd-457c-8f55-4676cdf29381', '5cXoSfpsGOLvsnTSOuAeEi', 'https://i.scdn.co/image/ab67616d00001e0226259b2434afe2ee9808900a', '300', NOW(), NOW()),
('639153d1-ffbd-457c-8f55-4676cdf29381', '5cXoSfpsGOLvsnTSOuAeEi', 'https://i.scdn.co/image/ab67616d0000485126259b2434afe2ee9808900a', '64', NOW(), NOW()),
('f6e0f608-43c8-4284-b7e8-ae58639f5672', '18a3EC7DIcYqXfD7kQotdP', 'https://i.scdn.co/image/ab67616d0000b273d1725168c1e8501d1bf28299', '640', NOW(), NOW()),
('f6e0f608-43c8-4284-b7e8-ae58639f5672', '18a3EC7DIcYqXfD7kQotdP', 'https://i.scdn.co/image/ab67616d00001e02d1725168c1e8501d1bf28299', '300', NOW(), NOW()),
('f6e0f608-43c8-4284-b7e8-ae58639f5672', '18a3EC7DIcYqXfD7kQotdP', 'https://i.scdn.co/image/ab67616d00004851d1725168c1e8501d1bf28299', '64', NOW(), NOW()),
('7c55ff2b-1536-4e20-bd5b-cc19d4453246', '3t1hM5UCzR3TQbz0lwApHF', 'https://i.scdn.co/image/ab67616d0000b273b7826a757394f1632450d249', '640', NOW(), NOW()),
('7c55ff2b-1536-4e20-bd5b-cc19d4453246', '3t1hM5UCzR3TQbz0lwApHF', 'https://i.scdn.co/image/ab67616d00001e02b7826a757394f1632450d249', '300', NOW(), NOW()),
('7c55ff2b-1536-4e20-bd5b-cc19d4453246', '3t1hM5UCzR3TQbz0lwApHF', 'https://i.scdn.co/image/ab67616d00004851b7826a757394f1632450d249', '64', NOW(), NOW());



INSERT INTO "Song" ("id", "albumId", "title", "duration", "lyric", "filePathAudio", "privacy", "uploadUserId", "createdAt", "updatedAt") VALUES
('30bdc1d1-33bd-48b6-b060-b54b688da82f', 'f5eaaaa1-db89-4733-921d-fc7c0849fdf9', 'Intro', '59697', 'lyric', 'https://audiomelodies.nyc3.digitaloceanspaces.com/LOC/SOOBIN/BATNOLEN/Intro.m4a', FALSE, 'Null', NOW(), NOW()),
('7817ef30-2109-409a-8e4b-93cc02c2c61e', 'f5eaaaa1-db89-4733-921d-fc7c0849fdf9', 'DANCING IN THE DARK', '227458', 'lyric', 'https://audiomelodies.nyc3.digitaloceanspaces.com/LOC/SOOBIN/BATNOLEN/DANCINGINTHEDARK.m4a', FALSE, 'Null', NOW(), NOW()),
('7674c2e6-390c-4472-850d-362cfa6c3105', 'f5eaaaa1-db89-4733-921d-fc7c0849fdf9', 'Sunset In The City - Deluxe Version', '225600', 'lyric', 'https://audiomelodies.nyc3.digitaloceanspaces.com/LOC/SOOBIN/BATNOLEN/SunsetInTheCityDeluxeVersion.m4a', FALSE, 'Null', NOW(), NOW()),
('70cd725a-cf24-4188-9cbe-b0e35395aeca', 'f5eaaaa1-db89-4733-921d-fc7c0849fdf9', 'Sẽ Quên Em Nhanh Thôi', '175571', 'lyric', 'https://audiomelodies.nyc3.digitaloceanspaces.com/LOC/SOOBIN/BATNOLEN/SeQuenEmNhanhThoi.m4a', FALSE, 'Null', NOW(), NOW()),
('ffd889ca-70b4-49c7-889a-66280305d193', 'f5eaaaa1-db89-4733-921d-fc7c0849fdf9', 'giá như', '223200', 'lyric', 'https://audiomelodies.nyc3.digitaloceanspaces.com/LOC/SOOBIN/BATNOLEN/gianhu.m4a', FALSE, 'Null', NOW(), NOW()),
('a51eee0e-6512-4dc9-921a-72420711a998', 'f5eaaaa1-db89-4733-921d-fc7c0849fdf9', 'Ai Mà Biết Được (feat. tlinh)', '240000', 'lyric', 'https://audiomelodies.nyc3.digitaloceanspaces.com/LOC/SOOBIN/BATNOLEN/AiMaBietDuocfeattlinh.m4a', FALSE, 'Null', NOW(), NOW()),
('a4ce278f-48f5-4799-91bd-3c4b3ff7f48f', 'f5eaaaa1-db89-4733-921d-fc7c0849fdf9', 'Bật Nó Lên', '233732', 'lyric', 'https://audiomelodies.nyc3.digitaloceanspaces.com/LOC/SOOBIN/BATNOLEN/BatNoLen.m4a', FALSE, 'Null', NOW(), NOW()),
('b4f4ef91-3763-4074-a93d-53017ef74afa', 'f5eaaaa1-db89-4733-921d-fc7c0849fdf9', 'Heyyy', '197142', 'lyric', 'https://audiomelodies.nyc3.digitaloceanspaces.com/LOC/SOOBIN/BATNOLEN/Heyyy.m4a', FALSE, 'Null', NOW(), NOW()),
('b2970674-4b7d-464f-832c-2fe83eb1d011', 'f5eaaaa1-db89-4733-921d-fc7c0849fdf9', 'Luật Anh (feat. Andree Right Hand)', '199500', 'lyric', 'https://audiomelodies.nyc3.digitaloceanspaces.com/LOC/SOOBIN/BATNOLEN/LuatAnhfeatAndreeRightHand.m4a', FALSE, 'Null', NOW(), NOW()),
('f09bd8cf-7ca8-4bee-831f-d00f71f41eb7', 'f5eaaaa1-db89-4733-921d-fc7c0849fdf9', 'Lu Mờ (feat. Kris V)', '225230', 'lyric', 'https://audiomelodies.nyc3.digitaloceanspaces.com/LOC/SOOBIN/BATNOLEN/LuMofeatKrisV.m4a', FALSE, 'Null', NOW(), NOW()),
('59af4290-f49b-48b9-8a06-cb27765a9847', '932c1445-8329-4db3-96a8-ebf35e19b897', 'Ai Kho Vi Ai', '233964', 'lyric', 'https://audiomelodies.nyc3.digitaloceanspaces.com/LOC/SOOBIN/TheRemix2016/AiKhoViAi.m4a', FALSE, 'Null', NOW(), NOW()),
('7d505217-96da-46f7-a01a-3218ccffcbbc', '932c1445-8329-4db3-96a8-ebf35e19b897', 'Chi Toi', '217762', 'lyric', 'https://audiomelodies.nyc3.digitaloceanspaces.com/LOC/SOOBIN/TheRemix2016/ChiToi.m4a', FALSE, 'Null', NOW(), NOW()),
('640ccdc5-0849-47ba-8556-cbdfd67b626d', '932c1445-8329-4db3-96a8-ebf35e19b897', 'Chuyen Chang Co Don', '225600', 'lyric', 'https://audiomelodies.nyc3.digitaloceanspaces.com/LOC/SOOBIN/TheRemix2016/ChuyenChangCoDon.m4a', FALSE, 'Null', NOW(), NOW()),
('bd262eb9-e495-4aab-a210-f9b09a5cbd18', '932c1445-8329-4db3-96a8-ebf35e19b897', 'Day Dream', '258000', 'lyric', 'https://audiomelodies.nyc3.digitaloceanspaces.com/LOC/SOOBIN/TheRemix2016/DayDream.m4a', FALSE, 'Null', NOW(), NOW()),
('ce1d9abf-0935-42f1-aa04-59780da6a548', '932c1445-8329-4db3-96a8-ebf35e19b897', 'Sorry', '218181', 'lyric', 'https://audiomelodies.nyc3.digitaloceanspaces.com/LOC/SOOBIN/TheRemix2016/Sorry.m4a', FALSE, 'Null', NOW(), NOW()),
('de9c3c7c-4fba-4cfd-98e7-beeb1b8f0c91', '932c1445-8329-4db3-96a8-ebf35e19b897', 'Tim Lai Reu Phong', '248470', 'lyric', 'https://audiomelodies.nyc3.digitaloceanspaces.com/LOC/SOOBIN/TheRemix2016/TimLaiReuPhong.m4a', FALSE, 'Null', NOW(), NOW()),
('db6002c9-a046-496b-9d50-8ecc3e0a0a1e', '932c1445-8329-4db3-96a8-ebf35e19b897', 'Ve Khoi', '240000', 'lyric', 'https://audiomelodies.nyc3.digitaloceanspaces.com/LOC/SOOBIN/TheRemix2016/VeKhoi.m4a', FALSE, 'Null', NOW(), NOW()),
('3c77e178-3c12-4b80-aee5-a3f0a2b1508a', '932c1445-8329-4db3-96a8-ebf35e19b897', 'Vui Di Em', '241951', 'lyric', 'https://audiomelodies.nyc3.digitaloceanspaces.com/LOC/SOOBIN/TheRemix2016/VuiDiEm.m4a', FALSE, 'Null', NOW(), NOW()),
('4e2fe356-c550-422c-a6f3-72bfdc27cbb5', '932c1445-8329-4db3-96a8-ebf35e19b897', 'Vut Tan', '198857', 'lyric', 'https://audiomelodies.nyc3.digitaloceanspaces.com/LOC/SOOBIN/TheRemix2016/VutTan.m4a', FALSE, 'Null', NOW(), NOW()),
('319e0241-70eb-4b15-8b8a-c2866a6c4d4c', '9f4e872e-0bd1-4ae0-8778-d96b99ae607c', 'Tiến Tới Ước Mơ (feat. Rhymastic & SlimV)', '209655', 'lyric', 'https://audiomelodies.nyc3.digitaloceanspaces.com/LOC/SOOBIN/TienToiUocMofeatRhymasticSlimV/TienToiUocMofeatRhymasticSlimV.m4a', FALSE, 'Null', NOW(), NOW()),
('206ced61-ef56-4634-9a0f-c13da26e8ab0', 'b7f892c1-a9af-45ae-84e2-ffcdc2798f7f', 'It's A New Dawn (feat. CHARLES. & Kriss Ngo)', '219212', 'lyric', 'https://audiomelodies.nyc3.digitaloceanspaces.com/LOC/SOOBIN/ItsANewDawnfeatCHARLESKrissNgo/ItsANewDawnfeatCHARLESKrissNgo.m4a', FALSE, 'Null', NOW(), NOW()),
('37840e0f-5671-422e-8169-9be20202f0f9', 'fbff9a48-3740-433e-a900-d5d0aaef94ed', 'giá như', '223200', 'lyric', 'https://audiomelodies.nyc3.digitaloceanspaces.com/LOC/SOOBIN/gianhu/gianhu.m4a', FALSE, 'Null', NOW(), NOW()),
('65467c28-852e-4c83-bdb5-a8040e9a0439', '4385ec4f-fc96-48f0-9dd7-1846e43c0a19', 'Heyyy', '197142', 'lyric', 'https://audiomelodies.nyc3.digitaloceanspaces.com/LOC/SOOBIN/Heyyy/Heyyy.m4a', FALSE, 'Null', NOW(), NOW()),
('7034275f-1da9-4b90-ae6c-310172cf6971', '0b775f10-05ec-476e-b510-d7e58fbb5e82', 'Still', '245973', 'lyric', 'https://audiomelodies.nyc3.digitaloceanspaces.com/LOC/SOOBIN/still/Still.m4a', FALSE, 'Null', NOW(), NOW()),
('b96f0863-6413-4680-ab04-4209e1c06cd7', '0b775f10-05ec-476e-b510-d7e58fbb5e82', 'Still (inst.)', '244080', 'lyric', 'nan', FALSE, 'Null', NOW(), NOW()),
('63d00766-3ba1-44b3-9a42-1a44276a1109', 'f3f79318-8edf-4e83-9125-50e50e435be2', 'Sunset In The City', '224100', 'lyric', 'https://audiomelodies.nyc3.digitaloceanspaces.com/LOC/SOOBIN/SunsetInTheCity/SunsetInTheCity.m4a', FALSE, 'Null', NOW(), NOW()),
('3b7dd1e8-30ae-4f1f-ab6d-dd8e0fd38bd4', '9e3dff2f-1510-4107-811a-c569b25587ba', 'Tự Yours', '234905', 'lyric', 'https://audiomelodies.nyc3.digitaloceanspaces.com/LOC/SOOBIN/TuYours/TuYours.m4a', FALSE, 'Null', NOW(), NOW()),
('94039492-a16c-4222-9606-5eb97765bec6', '84597d32-0798-4be6-ab09-3b479b00913a', 'Vui Đi Em (TINLE Remix)', '252280', 'lyric', 'https://audiomelodies.nyc3.digitaloceanspaces.com/LOC/SOOBIN/VuiiEmTINLERemix/VuiDiEmTINLERemix.m4a', FALSE, 'Null', NOW(), NOW()),
('533dd19f-0f64-4c7f-8460-97f6bc8aadd0', '5ce35406-8b7b-4961-99f0-126b803d8fbf', 'Day Dream (TINLE Remix)', '206111', 'lyric', 'https://audiomelodies.nyc3.digitaloceanspaces.com/LOC/SOOBIN/DayDreamTINLERemix/DayDreamTINLERemix.m4a', FALSE, 'Null', NOW(), NOW()),
('d964bb1a-9ba8-46d6-8dd5-c13d0f4dbcb9', 'e86f2007-e2b0-49c7-8c77-b51f7b72523b', 'BLACKJACK (TINLE Remix)', '198947', 'lyric', 'https://audiomelodies.nyc3.digitaloceanspaces.com/LOC/SOOBIN/BLACKJACKTINLERemix/BLACKJACKTINLERemix.m4a', FALSE, 'Null', NOW(), NOW()),
('3030069c-b53a-48bb-803e-c38bfae16db0', 'a2de702e-9847-4ae5-bef8-57eb2500a73a', 'Tháng Năm - Kodeine & Chariot Radio Mix', '309373', 'lyric', 'https://audiomelodies.nyc3.digitaloceanspaces.com/LOC/SOOBIN/ThangNamRemixes/ThangNamKodeineChariotRadioMix.m4a', FALSE, 'Null', NOW(), NOW()),
('4a32178f-e32c-491f-ade0-c95f273c5a17', 'a2de702e-9847-4ae5-bef8-57eb2500a73a', 'Tháng Năm - Kodeine & Chariot Extended Mix', '367500', 'lyric', 'https://audiomelodies.nyc3.digitaloceanspaces.com/LOC/SOOBIN/ThangNamRemixes/ThangNamKodeineChariotExtendedMix.m4a', FALSE, 'Null', NOW(), NOW()),
('6583ddfc-2472-440e-b574-395071024bb9', 'a2de702e-9847-4ae5-bef8-57eb2500a73a', 'Tháng Năm - Duy B & Trix Radio Mix', '223125', 'lyric', 'https://audiomelodies.nyc3.digitaloceanspaces.com/LOC/SOOBIN/ThangNamRemixes/ThangNamDuyBTrixRadioMix.m4a', FALSE, 'Null', NOW(), NOW()),
('1973710d-148b-4a58-a8bb-7abf611c67f0', 'a2de702e-9847-4ae5-bef8-57eb2500a73a', 'Tháng Năm - Duy B & Trix Extended Mix', '285000', 'lyric', 'https://audiomelodies.nyc3.digitaloceanspaces.com/LOC/SOOBIN/ThangNamRemixes/ThangNamDuyBTrixExtendedMix.m4a', FALSE, 'Null', NOW(), NOW()),
('adcfea8c-8a3b-4290-a3f1-fd34e08b350f', 'e783b344-aa5b-4103-9a93-6c9297e3d96d', 'Hurricane - Naraka', '225326', 'lyric', 'https://audiomelodies.nyc3.digitaloceanspaces.com/LOC/SOOBIN/HurricaneNaraka/HurricaneNaraka.m4a', FALSE, 'Null', NOW(), NOW()),
('f8fba2bd-3adb-4f0f-9222-5962a8bb6621', 'b4d1e716-8720-426c-8fb5-4c2d7f80a9c5', 'Nhanh lên nhé! (feat. Touliver & SlimV)', '240185', 'lyric', 'nan', FALSE, 'Null', NOW(), NOW()),
('cef509d2-6b89-495b-8aa3-04ad1495f2b8', '9e5bf225-8da5-46d6-8212-173b18fbaaa5', 'Freaky Squad (feat. Touliver)', '196800', 'lyric', 'nan', FALSE, 'Null', NOW(), NOW()),
('b37f47da-443a-4418-af54-4acbb41eb8f5', '95902c4c-fb5e-4fc1-a670-84168a95748c', 'The Playah (feat. SlimV) - Special Performance', '449577', 'lyric', 'https://audiomelodies.nyc3.digitaloceanspaces.com/LOC/SOOBIN/ThePlayahfeatSlimVSpecialPerformance/ThePlayahfeatSlimVSpecialPerformance.m4a', FALSE, 'Null', NOW(), NOW()),
('03c9dd0c-bad9-43dd-85a2-de7ed84ca787', '32b60aa6-7281-45d7-8c39-30fb3b04d170', 'Trò Chơi', '196271', 'lyric', 'https://audiomelodies.nyc3.digitaloceanspaces.com/LOC/SOOBIN/ThePlayah/TroChoi.m4a', FALSE, 'Null', NOW(), NOW()),
('bcbd1d71-2a37-45f0-92f6-abf2796ffc64', '32b60aa6-7281-45d7-8c39-30fb3b04d170', 'BLACKJACK', '196742', 'lyric', 'https://audiomelodies.nyc3.digitaloceanspaces.com/LOC/SOOBIN/ThePlayah/BLACKJACK.m4a', FALSE, 'Null', NOW(), NOW()),
('1a799bc3-79c8-40d2-afc3-1957267517ba', '32b60aa6-7281-45d7-8c39-30fb3b04d170', 'Tháng Năm', '225358', 'lyric', 'https://audiomelodies.nyc3.digitaloceanspaces.com/LOC/SOOBIN/ThePlayah/ThangNam.m4a', FALSE, 'Null', NOW(), NOW()),
('ae61cccc-3194-4953-847d-0a819de00446', '56ba35a1-e9be-4655-9273-76c78df1c8b9', 'Vẫn Nhớ', '191586', 'lyric', 'https://audiomelodies.nyc3.digitaloceanspaces.com/LOC/SOOBIN/VanNho/VanNho.m4a', FALSE, 'Null', NOW(), NOW()),
('bc0c86bc-675d-4d39-8268-5214453fb39f', '7237828e-3375-4c1d-a6fa-20028dc643fa', 'pretty', '222029', 'lyric', 'https://audiomelodies.nyc3.digitaloceanspaces.com/LOC/SOOBIN/pretty/pretty.m4a', FALSE, 'Null', NOW(), NOW()),
('cbf57ac5-3ca4-4df0-9bc3-e115e7baa7b6', '7237828e-3375-4c1d-a6fa-20028dc643fa', 'pretty - Instrumental', '222029', 'lyric', 'nan', FALSE, 'Null', NOW(), NOW()),
('17b060cb-21a0-4e2d-8fc1-8b19ea602736', '14d0dbdd-4b24-49ba-a567-57d099fd92c7', 'I Like You', '4863', 'lyric', 'nan', FALSE, 'Null', NOW(), NOW()),
('23bbbead-8320-4708-9e76-63b631ce5713', '14d0dbdd-4b24-49ba-a567-57d099fd92c7', 'Từng Ngày Em Mơ Về Anh', '212923', 'lyric', 'nan', FALSE, 'Null', NOW(), NOW()),
('2db3f2ac-e4b8-49ae-a641-5af589596b45', 'efdfb2dc-964f-4a9c-9c8d-414759388d4c', 'Daydreams - The Remix 2016', '255060', 'lyric', 'https://audiomelodies.nyc3.digitaloceanspaces.com/LOC/SOOBIN/DaydreamsTheRemix2016/DaydreamsTheRemix2016.m4a', FALSE, 'Null', NOW(), NOW()),
('02801638-6cfd-42d8-aa91-099b88f432f0', 'beb34597-32ff-4e89-bf42-c3f5ddaddce8', 'Chưa Có Người Yêu', '204179', 'lyric', 'nan', FALSE, 'Null', NOW(), NOW()),
('ded1307c-b98f-4a08-b02d-70c23c2f4c0e', '0040ea6a-b7ce-421b-bef7-59edb76e29da', 'Say Goodbye', '246857', 'lyric', 'https://audiomelodies.nyc3.digitaloceanspaces.com/LOC/SOOBIN/SayGoodbye/SayGoodbye.m4a', FALSE, 'Null', NOW(), NOW()),
('40a84176-9085-48bf-b474-b84ab8a1c3de', '8b2c4530-9a52-4ec1-b4b1-5f6f4c8bed92', 'Và Thế Là Hết (Lalala Version 2)', '237505', 'lyric', 'https://audiomelodies.nyc3.digitaloceanspaces.com/LOC/SOOBIN/VaTheLaHetLalalaVersion2/VaTheLaHetLalalaVersion2.m4a', FALSE, 'Null', NOW(), NOW()),
('b9e1223d-2c19-49bb-b0b7-ef759d870444', '016bf6a6-f42f-4751-8ae4-6891dcabeaf7', 'Nếu Ngày Ấy', '292693', 'lyric', 'https://audiomelodies.nyc3.digitaloceanspaces.com/LOC/SOOBIN/NeuNgayAy/NeuNgayAy.m4a', FALSE, 'Null', NOW(), NOW()),
('35aa4edd-0c3a-4271-bc6c-2d82148dc023', 'ce8be787-2e22-4902-b409-51063f3da251', 'Đã Đến Lúc', '268480', 'lyric', 'https://audiomelodies.nyc3.digitaloceanspaces.com/LOC/SOOBIN/aenLuc/DaDenLuc.m4a', FALSE, 'Null', NOW(), NOW()),
('5c35b648-e769-4c74-8260-05b12a29cc51', '1187d9d4-2536-4699-984e-7db1f0c91934', 'Em Không Tồn Tại', '259854', 'lyric', 'https://audiomelodies.nyc3.digitaloceanspaces.com/LOC/SOOBIN/EmKhongTonTai/EmKhongTonTai.m4a', FALSE, 'Null', NOW(), NOW()),
('2e9d9a82-979c-4024-a96d-ae75b3ea4903', '6f80fd80-7d33-4492-bf25-4bf3216bebd0', 'Between us', '186699', 'lyric', 'nan', FALSE, 'Null', NOW(), NOW()),
('a4f825f4-bbf0-4495-ab79-cad08b6b3883', '6f80fd80-7d33-4492-bf25-4bf3216bebd0', 'Đẹp Nhất Là Em(Between us)', '186699', 'lyric', 'nan', FALSE, 'Null', NOW(), NOW()),
('a9ebb52d-8ab9-4bbc-9d12-1b804b616069', '642c308a-dd4c-4585-b29b-94070f109a6b', 'Ngày Mai Em Đi', '218400', 'lyric', 'nan', FALSE, 'Null', NOW(), NOW()),
('154eb984-6e11-4a75-8084-a2a1c13c60b0', '3cd2ec66-422c-4499-9898-b5bff7de318c', 'Vinh Quang Đang Chờ Ta', '253968', 'lyric', 'nan', FALSE, 'Null', NOW(), NOW()),
('1cf0e72f-0228-4ceb-8f5c-3361a1df6a1b', 'c93bb769-9fbe-4ff9-8811-6d8648bceab2', 'Một Ngày Rất Khác', '195940', 'lyric', 'https://audiomelodies.nyc3.digitaloceanspaces.com/LOC/SOOBIN/MotNgayRatKhac/MotNgayRatKhac.m4a', FALSE, 'Null', NOW(), NOW()),
('63d388fb-ce76-4b07-8ceb-f9b588b3039a', '98f3c4d8-38c6-4dab-9f33-b95a1c4aca88', 'Di Va Yeu', '201467', 'lyric', 'https://audiomelodies.nyc3.digitaloceanspaces.com/LOC/SOOBIN/DiVaYeu/DiVaYeu.m4a', FALSE, 'Null', NOW(), NOW()),
('a92cb9b4-bb63-4267-8246-6e2461f775fb', 'f57531aa-145b-4e25-b4bd-ad5de2836ba6', 'Anh Đã Quen Với Cô Đơn', '268178', 'lyric', 'https://audiomelodies.nyc3.digitaloceanspaces.com/LOC/SOOBIN/AnhaQuenVoiCoon/AnhDaQuenVoiCoDon.m4a', FALSE, 'Null', NOW(), NOW()),
('270a836f-15c0-495a-9b69-d2c76851980c', '93c7fd48-6db6-477a-ade4-cb0e37ae600a', 'Vai Lan Don Dua', '170666', 'lyric', 'nan', FALSE, 'Null', NOW(), NOW()),
('e1e68ca7-a9e5-4ed2-a64a-f3daebf32c74', '639153d1-ffbd-457c-8f55-4676cdf29381', 'Đi Để Trở Về', '202084', 'lyric', 'https://audiomelodies.nyc3.digitaloceanspaces.com/LOC/SOOBIN/ieTroVe/DiDeTroVe.m4a', FALSE, 'Null', NOW(), NOW()),
('035d0a8f-7337-40fe-9ffb-493c59429390', 'f6e0f608-43c8-4284-b7e8-ae58639f5672', 'Lalala', '255245', 'lyric', 'https://audiomelodies.nyc3.digitaloceanspaces.com/LOC/SOOBIN/Lalala/Lalala.m4a', FALSE, 'Null', NOW(), NOW()),
('c78e712c-e97c-4333-88ce-64546430d6c7', '7c55ff2b-1536-4e20-bd5b-cc19d4453246', 'Vụt Tan', '196661', 'lyric', 'https://audiomelodies.nyc3.digitaloceanspaces.com/LOC/SOOBIN/VutTan/VutTan.m4a', FALSE, 'Null', NOW(), NOW());



INSERT INTO "ArtistSong" ("songId", "artistId", "main", "createdAt", "updatedAt") VALUES
('30bdc1d1-33bd-48b6-b060-b54b688da82f',  '3a40a13d-2d8d-4579-bd1d-1999ca739671', , TRUE, NOW(), NOW()),
('7817ef30-2109-409a-8e4b-93cc02c2c61e',  '3a40a13d-2d8d-4579-bd1d-1999ca739671', , TRUE, NOW(), NOW()),
('7674c2e6-390c-4472-850d-362cfa6c3105',  '3a40a13d-2d8d-4579-bd1d-1999ca739671', , TRUE, NOW(), NOW()),
('70cd725a-cf24-4188-9cbe-b0e35395aeca',  '3a40a13d-2d8d-4579-bd1d-1999ca739671', , TRUE, NOW(), NOW()),
('ffd889ca-70b4-49c7-889a-66280305d193',  '3a40a13d-2d8d-4579-bd1d-1999ca739671', , TRUE, NOW(), NOW()),
('a51eee0e-6512-4dc9-921a-72420711a998', '3a40a13d-2d8d-4579-bd1d-1999ca739671', TRUE, NOW(), NOW()),
('a51eee0e-6512-4dc9-921a-72420711a998', 'f6dd56b7-63cf-4291-805a-8273d0ae6f92', FALSE, NOW(), NOW()),
('a4ce278f-48f5-4799-91bd-3c4b3ff7f48f',  '3a40a13d-2d8d-4579-bd1d-1999ca739671', , TRUE, NOW(), NOW()),
('b4f4ef91-3763-4074-a93d-53017ef74afa',  '3a40a13d-2d8d-4579-bd1d-1999ca739671', , TRUE, NOW(), NOW()),
('b2970674-4b7d-464f-832c-2fe83eb1d011', '3a40a13d-2d8d-4579-bd1d-1999ca739671', TRUE, NOW(), NOW()),
('b2970674-4b7d-464f-832c-2fe83eb1d011', 'Unknown', FALSE, NOW(), NOW()),
('f09bd8cf-7ca8-4bee-831f-d00f71f41eb7', '3a40a13d-2d8d-4579-bd1d-1999ca739671', TRUE, NOW(), NOW()),
('f09bd8cf-7ca8-4bee-831f-d00f71f41eb7', 'Unknown', FALSE, NOW(), NOW()),
('59af4290-f49b-48b9-8a06-cb27765a9847',  '3a40a13d-2d8d-4579-bd1d-1999ca739671', , TRUE, NOW(), NOW()),
('7d505217-96da-46f7-a01a-3218ccffcbbc',  '3a40a13d-2d8d-4579-bd1d-1999ca739671', , TRUE, NOW(), NOW()),
('640ccdc5-0849-47ba-8556-cbdfd67b626d',  '3a40a13d-2d8d-4579-bd1d-1999ca739671', , TRUE, NOW(), NOW()),
('bd262eb9-e495-4aab-a210-f9b09a5cbd18',  '3a40a13d-2d8d-4579-bd1d-1999ca739671', , TRUE, NOW(), NOW()),
('ce1d9abf-0935-42f1-aa04-59780da6a548',  '3a40a13d-2d8d-4579-bd1d-1999ca739671', , TRUE, NOW(), NOW()),
('de9c3c7c-4fba-4cfd-98e7-beeb1b8f0c91',  '3a40a13d-2d8d-4579-bd1d-1999ca739671', , TRUE, NOW(), NOW()),
('db6002c9-a046-496b-9d50-8ecc3e0a0a1e',  '3a40a13d-2d8d-4579-bd1d-1999ca739671', , TRUE, NOW(), NOW()),
('3c77e178-3c12-4b80-aee5-a3f0a2b1508a',  '3a40a13d-2d8d-4579-bd1d-1999ca739671', , TRUE, NOW(), NOW()),
('4e2fe356-c550-422c-a6f3-72bfdc27cbb5',  '3a40a13d-2d8d-4579-bd1d-1999ca739671', , TRUE, NOW(), NOW()),
('319e0241-70eb-4b15-8b8a-c2866a6c4d4c', '3a40a13d-2d8d-4579-bd1d-1999ca739671', TRUE, NOW(), NOW()),
('319e0241-70eb-4b15-8b8a-c2866a6c4d4c', '663a36c2-a72f-45ec-a0a8-b9648c346a4d', FALSE, NOW(), NOW()),
('319e0241-70eb-4b15-8b8a-c2866a6c4d4c', '9d1308e5-03db-4c5b-9a76-18907c98ebfc', FALSE, NOW(), NOW()),
('206ced61-ef56-4634-9a0f-c13da26e8ab0', '3a40a13d-2d8d-4579-bd1d-1999ca739671', TRUE, NOW(), NOW()),
('206ced61-ef56-4634-9a0f-c13da26e8ab0', 'Unknown', FALSE, NOW(), NOW()),
('206ced61-ef56-4634-9a0f-c13da26e8ab0', 'Unknown', FALSE, NOW(), NOW()),
('37840e0f-5671-422e-8169-9be20202f0f9',  '3a40a13d-2d8d-4579-bd1d-1999ca739671', , TRUE, NOW(), NOW()),
('65467c28-852e-4c83-bdb5-a8040e9a0439',  '3a40a13d-2d8d-4579-bd1d-1999ca739671', , TRUE, NOW(), NOW()),
('7034275f-1da9-4b90-ae6c-310172cf6971',  '3a40a13d-2d8d-4579-bd1d-1999ca739671', , TRUE, NOW(), NOW()),
('b96f0863-6413-4680-ab04-4209e1c06cd7',  '3a40a13d-2d8d-4579-bd1d-1999ca739671', , TRUE, NOW(), NOW()),
('63d00766-3ba1-44b3-9a42-1a44276a1109',  '3a40a13d-2d8d-4579-bd1d-1999ca739671', , TRUE, NOW(), NOW()),
('3b7dd1e8-30ae-4f1f-ab6d-dd8e0fd38bd4',  '3a40a13d-2d8d-4579-bd1d-1999ca739671', , TRUE, NOW(), NOW()),
('94039492-a16c-4222-9606-5eb97765bec6', '3a40a13d-2d8d-4579-bd1d-1999ca739671', TRUE, NOW(), NOW()),
('94039492-a16c-4222-9606-5eb97765bec6', 'Unknown', FALSE, NOW(), NOW()),
('533dd19f-0f64-4c7f-8460-97f6bc8aadd0', '3a40a13d-2d8d-4579-bd1d-1999ca739671', TRUE, NOW(), NOW()),
('533dd19f-0f64-4c7f-8460-97f6bc8aadd0', 'Unknown', FALSE, NOW(), NOW()),
('d964bb1a-9ba8-46d6-8dd5-c13d0f4dbcb9', '3a40a13d-2d8d-4579-bd1d-1999ca739671', TRUE, NOW(), NOW()),
('d964bb1a-9ba8-46d6-8dd5-c13d0f4dbcb9', 'Unknown', FALSE, NOW(), NOW()),
('d964bb1a-9ba8-46d6-8dd5-c13d0f4dbcb9', 'Unknown', FALSE, NOW(), NOW()),
('3030069c-b53a-48bb-803e-c38bfae16db0', '3a40a13d-2d8d-4579-bd1d-1999ca739671', TRUE, NOW(), NOW()),
('3030069c-b53a-48bb-803e-c38bfae16db0', 'Unknown', FALSE, NOW(), NOW()),
('3030069c-b53a-48bb-803e-c38bfae16db0', 'Unknown', FALSE, NOW(), NOW()),
('4a32178f-e32c-491f-ade0-c95f273c5a17', '3a40a13d-2d8d-4579-bd1d-1999ca739671', TRUE, NOW(), NOW()),
('4a32178f-e32c-491f-ade0-c95f273c5a17', 'Unknown', FALSE, NOW(), NOW()),
('4a32178f-e32c-491f-ade0-c95f273c5a17', 'Unknown', FALSE, NOW(), NOW()),
('6583ddfc-2472-440e-b574-395071024bb9', '3a40a13d-2d8d-4579-bd1d-1999ca739671', TRUE, NOW(), NOW()),
('6583ddfc-2472-440e-b574-395071024bb9', 'Unknown', FALSE, NOW(), NOW()),
('6583ddfc-2472-440e-b574-395071024bb9', 'Unknown', FALSE, NOW(), NOW()),
('1973710d-148b-4a58-a8bb-7abf611c67f0', '3a40a13d-2d8d-4579-bd1d-1999ca739671', TRUE, NOW(), NOW()),
('1973710d-148b-4a58-a8bb-7abf611c67f0', 'Unknown', FALSE, NOW(), NOW()),
('1973710d-148b-4a58-a8bb-7abf611c67f0', 'Unknown', FALSE, NOW(), NOW()),
('adcfea8c-8a3b-4290-a3f1-fd34e08b350f',  '3a40a13d-2d8d-4579-bd1d-1999ca739671', , TRUE, NOW(), NOW()),
('f8fba2bd-3adb-4f0f-9222-5962a8bb6621', '663a36c2-a72f-45ec-a0a8-b9648c346a4d', TRUE, NOW(), NOW()),
('f8fba2bd-3adb-4f0f-9222-5962a8bb6621', 'Unknown', FALSE, NOW(), NOW()),
('f8fba2bd-3adb-4f0f-9222-5962a8bb6621', '3a40a13d-2d8d-4579-bd1d-1999ca739671', FALSE, NOW(), NOW()),
('f8fba2bd-3adb-4f0f-9222-5962a8bb6621', 'Unknown', FALSE, NOW(), NOW()),
('f8fba2bd-3adb-4f0f-9222-5962a8bb6621', '9d1308e5-03db-4c5b-9a76-18907c98ebfc', FALSE, NOW(), NOW()),
('cef509d2-6b89-495b-8aa3-04ad1495f2b8', '663a36c2-a72f-45ec-a0a8-b9648c346a4d', TRUE, NOW(), NOW()),
('cef509d2-6b89-495b-8aa3-04ad1495f2b8', 'Unknown', FALSE, NOW(), NOW()),
('cef509d2-6b89-495b-8aa3-04ad1495f2b8', '3a40a13d-2d8d-4579-bd1d-1999ca739671', FALSE, NOW(), NOW()),
('cef509d2-6b89-495b-8aa3-04ad1495f2b8', 'Unknown', FALSE, NOW(), NOW()),
('b37f47da-443a-4418-af54-4acbb41eb8f5', '3a40a13d-2d8d-4579-bd1d-1999ca739671', TRUE, NOW(), NOW()),
('b37f47da-443a-4418-af54-4acbb41eb8f5', '9d1308e5-03db-4c5b-9a76-18907c98ebfc', FALSE, NOW(), NOW()),
('03c9dd0c-bad9-43dd-85a2-de7ed84ca787',  '3a40a13d-2d8d-4579-bd1d-1999ca739671', , TRUE, NOW(), NOW()),
('bcbd1d71-2a37-45f0-92f6-abf2796ffc64', '3a40a13d-2d8d-4579-bd1d-1999ca739671', TRUE, NOW(), NOW()),
('bcbd1d71-2a37-45f0-92f6-abf2796ffc64', 'Unknown', FALSE, NOW(), NOW()),
('1a799bc3-79c8-40d2-afc3-1957267517ba',  '3a40a13d-2d8d-4579-bd1d-1999ca739671', , TRUE, NOW(), NOW()),
('ae61cccc-3194-4953-847d-0a819de00446',  '3a40a13d-2d8d-4579-bd1d-1999ca739671', , TRUE, NOW(), NOW()),
('bc0c86bc-675d-4d39-8268-5214453fb39f',  '3a40a13d-2d8d-4579-bd1d-1999ca739671', , TRUE, NOW(), NOW()),
('cbf57ac5-3ca4-4df0-9bc3-e115e7baa7b6',  '3a40a13d-2d8d-4579-bd1d-1999ca739671', , TRUE, NOW(), NOW()),
('17b060cb-21a0-4e2d-8fc1-8b19ea602736',  '58ec133c-30b2-4212-919b-9d73429c7692', , TRUE, NOW(), NOW()),
('23bbbead-8320-4708-9e76-63b631ce5713', '58ec133c-30b2-4212-919b-9d73429c7692', TRUE, NOW(), NOW()),
('23bbbead-8320-4708-9e76-63b631ce5713', '3a40a13d-2d8d-4579-bd1d-1999ca739671', FALSE, NOW(), NOW()),
('2db3f2ac-e4b8-49ae-a641-5af589596b45', '3a40a13d-2d8d-4579-bd1d-1999ca739671', TRUE, NOW(), NOW()),
('2db3f2ac-e4b8-49ae-a641-5af589596b45', 'Unknown', FALSE, NOW(), NOW()),
('2db3f2ac-e4b8-49ae-a641-5af589596b45', '663a36c2-a72f-45ec-a0a8-b9648c346a4d', FALSE, NOW(), NOW()),
('02801638-6cfd-42d8-aa91-099b88f432f0', '9d1cec96-cc52-418c-95ff-92d731c12ae2', TRUE, NOW(), NOW()),
('02801638-6cfd-42d8-aa91-099b88f432f0', '3a40a13d-2d8d-4579-bd1d-1999ca739671', FALSE, NOW(), NOW()),
('ded1307c-b98f-4a08-b02d-70c23c2f4c0e',  '3a40a13d-2d8d-4579-bd1d-1999ca739671', , TRUE, NOW(), NOW()),
('40a84176-9085-48bf-b474-b84ab8a1c3de',  '3a40a13d-2d8d-4579-bd1d-1999ca739671', , TRUE, NOW(), NOW()),
('b9e1223d-2c19-49bb-b0b7-ef759d870444',  '3a40a13d-2d8d-4579-bd1d-1999ca739671', , TRUE, NOW(), NOW()),
('35aa4edd-0c3a-4271-bc6c-2d82148dc023',  '3a40a13d-2d8d-4579-bd1d-1999ca739671', , TRUE, NOW(), NOW()),
('5c35b648-e769-4c74-8260-05b12a29cc51',  '3a40a13d-2d8d-4579-bd1d-1999ca739671', , TRUE, NOW(), NOW()),
('2e9d9a82-979c-4024-a96d-ae75b3ea4903', 'Unknown', TRUE, NOW(), NOW()),
('2e9d9a82-979c-4024-a96d-ae75b3ea4903', '3a40a13d-2d8d-4579-bd1d-1999ca739671', FALSE, NOW(), NOW()),
('a4f825f4-bbf0-4495-ab79-cad08b6b3883', 'Unknown', TRUE, NOW(), NOW()),
('a4f825f4-bbf0-4495-ab79-cad08b6b3883', '3a40a13d-2d8d-4579-bd1d-1999ca739671', FALSE, NOW(), NOW()),
('a9ebb52d-8ab9-4bbc-9d12-1b804b616069', '4748278e-21d5-4d02-96d4-abf1cd366c68', TRUE, NOW(), NOW()),
('a9ebb52d-8ab9-4bbc-9d12-1b804b616069', '3a40a13d-2d8d-4579-bd1d-1999ca739671', FALSE, NOW(), NOW()),
('a9ebb52d-8ab9-4bbc-9d12-1b804b616069', 'Unknown', FALSE, NOW(), NOW()),
('154eb984-6e11-4a75-8084-a2a1c13c60b0', '63c1e02b-15bf-4548-90f3-08d3bec776ed', TRUE, NOW(), NOW()),
('154eb984-6e11-4a75-8084-a2a1c13c60b0', '3a40a13d-2d8d-4579-bd1d-1999ca739671', FALSE, NOW(), NOW()),
('154eb984-6e11-4a75-8084-a2a1c13c60b0', '663a36c2-a72f-45ec-a0a8-b9648c346a4d', FALSE, NOW(), NOW()),
('1cf0e72f-0228-4ceb-8f5c-3361a1df6a1b', '3a40a13d-2d8d-4579-bd1d-1999ca739671', TRUE, NOW(), NOW()),
('1cf0e72f-0228-4ceb-8f5c-3361a1df6a1b', '44e50ba7-857a-41d1-8930-0e70a16bee2a', FALSE, NOW(), NOW()),
('63d388fb-ce76-4b07-8ceb-f9b588b3039a',  '3a40a13d-2d8d-4579-bd1d-1999ca739671', , TRUE, NOW(), NOW()),
('a92cb9b4-bb63-4267-8246-6e2461f775fb',  '3a40a13d-2d8d-4579-bd1d-1999ca739671', , TRUE, NOW(), NOW()),
('270a836f-15c0-495a-9b69-d2c76851980c',  '3a40a13d-2d8d-4579-bd1d-1999ca739671', , TRUE, NOW(), NOW()),
('e1e68ca7-a9e5-4ed2-a64a-f3daebf32c74',  '3a40a13d-2d8d-4579-bd1d-1999ca739671', , TRUE, NOW(), NOW()),
('035d0a8f-7337-40fe-9ffb-493c59429390',  '3a40a13d-2d8d-4579-bd1d-1999ca739671', , TRUE, NOW(), NOW()),
('c78e712c-e97c-4333-88ce-64546430d6c7', '3a40a13d-2d8d-4579-bd1d-1999ca739671', TRUE, NOW(), NOW()),
('c78e712c-e97c-4333-88ce-64546430d6c7', 'Unknown', FALSE, NOW(), NOW());







--------------------PhanManhQuynh



INSERT INTO "Album" ("albumId",  "title", "releaseDate", "albumType", "createdAt", "updatedAt") VALUES
('ce93ab9c-24e0-4050-80ba-de0ca54dffae', 'Giao Lộ Thời Gian', '2022-11-01', 'album', NOW(), NOW()),
('22085dbb-27f7-4477-b45d-233f14c8ed84', 'Những Ngày Đầu', '2017-01-01', 'album', NOW(), NOW()),
('97b39cff-706d-4f3a-a859-c1f38a9a323d', 'Anh Ghét Làm Bạn Em', '2013-09-15', 'album', NOW(), NOW()),
('9d2097c4-e901-4b3e-87c6-1e51bdbb1d72', 'Có Một Chuyện Tình (Theme Song From “Ngày Xưa Có Một Chuyện Tình")', '2024-10-10', 'single', NOW(), NOW()),
('ec410fa4-0b74-4d4b-8cf3-f04f0350be81', 'Đưa Anh Về', '2024-07-27', 'single', NOW(), NOW()),
('7da6e053-0fee-41d7-9ab3-d1bfa048f5c4', 'Sau Lời Từ Khước (Theme Song From "MAI")', '2024-02-14', 'single', NOW(), NOW()),
('92c84e7f-469e-445e-9580-391ca1c15033', 'Bôn Ba (Nước Ngoài)', '2024-01-18', 'single', NOW(), NOW()),
('c7482cb3-10c6-4efb-aa28-7abb17db139b', 'Biết Ơn Bởi Đang Ở Lại', '2024-01-07', 'single', NOW(), NOW()),
('16208260-e7ef-4323-b364-61a9e918b11c', 'Đèn Trời', '2023-12-13', 'single', NOW(), NOW()),
('c2846ecc-e7f6-4594-a76b-25f63b2f7ad2', 'Vườn Nhà', '2023-06-21', 'single', NOW(), NOW()),
('edad268e-5dd2-48e5-b430-3ad4b2a52a76', 'Chuyến Xe', '2023-04-26', 'single', NOW(), NOW()),
('bf598bb9-247e-4046-a185-8bb39cadb914', 'Khi Người Mình Yêu Khóc 2 (Vinz x Hải Nam Remix)', '2023-03-08', 'single', NOW(), NOW()),
('232603c4-b936-4d99-8a87-9dbc190ba751', 'Khi Người Mình Yêu Khóc (Vinz Remix)', '2023-03-08', 'single', NOW(), NOW()),
('60e1e42b-fbe0-412b-aa5e-b066332797dd', 'Đợi Chờ Đừng Cáu', '2023-01-16', 'single', NOW(), NOW()),
('cf41ed8e-cdfa-4333-9219-e1d12eceb873', 'Đa Đoan', '2022-09-28', 'single', NOW(), NOW()),
('db606a7d-20b2-4711-a070-6ad63778bf25', 'Tình Nhớ', '2022-06-08', 'single', NOW(), NOW()),
('492b145e-b7a2-40b2-b2a3-032a61f22dc9', 'Nơi Dành Cho Các Thiên Thần', '2022-06-01', 'single', NOW(), NOW()),
('84fbdb28-429d-4598-a92e-5ba91f1bd86d', 'Yêu Thương Tiếp Nối', '2022-01-28', 'single', NOW(), NOW()),
('6e27f41c-662a-49cc-a057-878e57e24ea4', 'Về', '2021-12-31', 'single', NOW(), NOW()),
('94c35ec9-9e81-43f5-a7c4-b22863a6e283', 'Gặp Gỡ, Yêu Đương Và Được Bên Em', '2021-08-08', 'single', NOW(), NOW()),
('4ddfa1f8-8715-4ff3-818a-3153df919509', 'Nơi Ấy Con Tìm Về (Live At Tết Tân Thời)', '2021-02-22', 'single', NOW(), NOW()),
('6dff035f-5fb0-4143-9408-69962c37ee5a', 'Có Chàng Trai Viết Lên Cây (DJ Version)', '2020-07-22', 'single', NOW(), NOW()),
('17634489-2439-41e3-97ca-1f1f24b982d5', 'Đàn Ông Không Nói (feat. Karik)', '2020-01-01', 'single', NOW(), NOW()),
('38338f9d-2c33-4cc0-a9f9-887327f8dd9d', 'Đi Để Trở Về Mashup', '2020-01-01', 'single', NOW(), NOW()),
('b8e93676-ca41-4f95-a1a4-e58d821a33aa', 'Tết Về Sớm Nhé', '2020-01-01', 'single', NOW(), NOW()),
('a21e2503-d932-4bad-8eff-98cf6a817ae5', 'Trong Ánh Mặt Trời (feat. Oanh Tiny)', '2020-01-01', 'single', NOW(), NOW()),
('0c4ad911-2b74-400c-bccf-0b213a620f17', 'Tri Kỷ', '2020-01-01', 'single', NOW(), NOW()),
('1e8e8102-9192-4e2f-94f5-e1a2dfef09b7', 'Sao Cha Không (From "Bố Già" Original Motion Picture Soundtrack)', '2020-01-01', 'single', NOW(), NOW()),
('b5c1c4d7-6c7a-4a41-bb4d-2020fd58c2ef', 'Nắng Mùa Hạ', '2020-01-01', 'single', NOW(), NOW()),
('e9e7250a-e33b-478b-bdc5-2259ee3653db', 'Nước Ngoài', '2020-01-01', 'single', NOW(), NOW()),
('bead94ca-e482-4faf-a64d-b5bb6910e66c', 'Người Khác', '2020-01-01', 'single', NOW(), NOW()),
('f7394247-3536-411c-b109-ad00a635f06e', 'NHẠT', '2020-01-01', 'single', NOW(), NOW()),
('6d4e1626-9d90-4657-aa9c-158e3cc4ae3a', 'Mất Hy Vọng', '2020-01-01', 'single', NOW(), NOW()),
('9eb2e4d1-320f-4428-bbb7-04f9a4c37355', 'Miền Gian Khổ', '2020-01-01', 'single', NOW(), NOW()),
('733afeac-5f02-499d-9168-ff3a06c4d2a2', 'Hồi Ức', '2020-01-01', 'single', NOW(), NOW()),
('11a53b96-b0ba-4806-a85c-d20b96ad1663', 'Huyền Thoại', '2020-01-01', 'single', NOW(), NOW()),
('b09c9a4c-67d6-421b-be16-4ff506fb65bc', 'Có Một Nơi Như Thế', '2020-01-01', 'single', NOW(), NOW()),
('cf729283-3081-4339-88a4-2e98482318e0', 'Cuộc Gọi (feat. Aazuki)', '2020-01-01', 'single', NOW(), NOW()),
('60c81271-376f-4cb3-81ec-187c62131dfc', 'Con Tim Tan Vỡ', '2020-01-01', 'single', NOW(), NOW()),
('94760816-444c-4e04-aaef-41a8ffd06865', 'Chưa Có Người Yêu', '2020-01-01', 'single', NOW(), NOW()),
('ebcdc844-ef69-45c0-b669-a7d82a875167', 'Người Yêu Cũ', '2012-02-22', 'ep', NOW(), NOW()),
('831582d7-f459-45b1-9d99-5e386d6098f6', 'Những Ngày Không Bên Nhau', '2011-01-01', 'single', NOW(), NOW());



INSERT INTO "AlbumImage" ("albumId", "image", "size", "createdAt", "updatedAt") VALUES
('ce93ab9c-24e0-4050-80ba-de0ca54dffae', '3zyFm1DO0vpIJ2DXrL0Xef', 'https://i.scdn.co/image/ab67616d0000b2732a95693382ad7b2d324412fe', '640', NOW(), NOW()),
('ce93ab9c-24e0-4050-80ba-de0ca54dffae', '3zyFm1DO0vpIJ2DXrL0Xef', 'https://i.scdn.co/image/ab67616d00001e022a95693382ad7b2d324412fe', '300', NOW(), NOW()),
('ce93ab9c-24e0-4050-80ba-de0ca54dffae', '3zyFm1DO0vpIJ2DXrL0Xef', 'https://i.scdn.co/image/ab67616d000048512a95693382ad7b2d324412fe', '64', NOW(), NOW()),
('22085dbb-27f7-4477-b45d-233f14c8ed84', '1etR3MLPfLsGvrTGKpRpYl', 'https://i.scdn.co/image/ab67616d0000b273a7be05a866f6f32078c69909', '640', NOW(), NOW()),
('22085dbb-27f7-4477-b45d-233f14c8ed84', '1etR3MLPfLsGvrTGKpRpYl', 'https://i.scdn.co/image/ab67616d00001e02a7be05a866f6f32078c69909', '300', NOW(), NOW()),
('22085dbb-27f7-4477-b45d-233f14c8ed84', '1etR3MLPfLsGvrTGKpRpYl', 'https://i.scdn.co/image/ab67616d00004851a7be05a866f6f32078c69909', '64', NOW(), NOW()),
('97b39cff-706d-4f3a-a859-c1f38a9a323d', '6VolTYHN9P3gZS1ugOkI1K', 'https://i.scdn.co/image/ab67616d0000b273d8230115476ed18d7e288557', '640', NOW(), NOW()),
('97b39cff-706d-4f3a-a859-c1f38a9a323d', '6VolTYHN9P3gZS1ugOkI1K', 'https://i.scdn.co/image/ab67616d00001e02d8230115476ed18d7e288557', '300', NOW(), NOW()),
('97b39cff-706d-4f3a-a859-c1f38a9a323d', '6VolTYHN9P3gZS1ugOkI1K', 'https://i.scdn.co/image/ab67616d00004851d8230115476ed18d7e288557', '64', NOW(), NOW()),
('9d2097c4-e901-4b3e-87c6-1e51bdbb1d72', '7xq3VEh1cqV5YXRFJXV8Ju', 'https://i.scdn.co/image/ab67616d0000b27310acd1fa93a9013fa0658c1a', '640', NOW(), NOW()),
('9d2097c4-e901-4b3e-87c6-1e51bdbb1d72', '7xq3VEh1cqV5YXRFJXV8Ju', 'https://i.scdn.co/image/ab67616d00001e0210acd1fa93a9013fa0658c1a', '300', NOW(), NOW()),
('9d2097c4-e901-4b3e-87c6-1e51bdbb1d72', '7xq3VEh1cqV5YXRFJXV8Ju', 'https://i.scdn.co/image/ab67616d0000485110acd1fa93a9013fa0658c1a', '64', NOW(), NOW()),
('ec410fa4-0b74-4d4b-8cf3-f04f0350be81', '6uFUj55T3O4RGmiHmnAlQ8', 'https://i.scdn.co/image/ab67616d0000b27306044518d8b5f36231956a25', '640', NOW(), NOW()),
('ec410fa4-0b74-4d4b-8cf3-f04f0350be81', '6uFUj55T3O4RGmiHmnAlQ8', 'https://i.scdn.co/image/ab67616d00001e0206044518d8b5f36231956a25', '300', NOW(), NOW()),
('ec410fa4-0b74-4d4b-8cf3-f04f0350be81', '6uFUj55T3O4RGmiHmnAlQ8', 'https://i.scdn.co/image/ab67616d0000485106044518d8b5f36231956a25', '64', NOW(), NOW()),
('7da6e053-0fee-41d7-9ab3-d1bfa048f5c4', '6HtXpKEimQ3bOZmIAnhvVe', 'https://i.scdn.co/image/ab67616d0000b27387470a8014c00932cd36d841', '640', NOW(), NOW()),
('7da6e053-0fee-41d7-9ab3-d1bfa048f5c4', '6HtXpKEimQ3bOZmIAnhvVe', 'https://i.scdn.co/image/ab67616d00001e0287470a8014c00932cd36d841', '300', NOW(), NOW()),
('7da6e053-0fee-41d7-9ab3-d1bfa048f5c4', '6HtXpKEimQ3bOZmIAnhvVe', 'https://i.scdn.co/image/ab67616d0000485187470a8014c00932cd36d841', '64', NOW(), NOW()),
('92c84e7f-469e-445e-9580-391ca1c15033', '2ptUqqKzTlBOVQP5wKRqhQ', 'https://i.scdn.co/image/ab67616d0000b27300fc66b671c380b0d944ebab', '640', NOW(), NOW()),
('92c84e7f-469e-445e-9580-391ca1c15033', '2ptUqqKzTlBOVQP5wKRqhQ', 'https://i.scdn.co/image/ab67616d00001e0200fc66b671c380b0d944ebab', '300', NOW(), NOW()),
('92c84e7f-469e-445e-9580-391ca1c15033', '2ptUqqKzTlBOVQP5wKRqhQ', 'https://i.scdn.co/image/ab67616d0000485100fc66b671c380b0d944ebab', '64', NOW(), NOW()),
('c7482cb3-10c6-4efb-aa28-7abb17db139b', '2IvoFdhtBmfPsKHzQn6bLO', 'https://i.scdn.co/image/ab67616d0000b2736ba3e0e4ac3c8b06d9b35269', '640', NOW(), NOW()),
('c7482cb3-10c6-4efb-aa28-7abb17db139b', '2IvoFdhtBmfPsKHzQn6bLO', 'https://i.scdn.co/image/ab67616d00001e026ba3e0e4ac3c8b06d9b35269', '300', NOW(), NOW()),
('c7482cb3-10c6-4efb-aa28-7abb17db139b', '2IvoFdhtBmfPsKHzQn6bLO', 'https://i.scdn.co/image/ab67616d000048516ba3e0e4ac3c8b06d9b35269', '64', NOW(), NOW()),
('16208260-e7ef-4323-b364-61a9e918b11c', '02oNSIAMjL2BRUMDOlQOqI', 'https://i.scdn.co/image/ab67616d0000b273ab6b44587eb9a90185e2c9b6', '640', NOW(), NOW()),
('16208260-e7ef-4323-b364-61a9e918b11c', '02oNSIAMjL2BRUMDOlQOqI', 'https://i.scdn.co/image/ab67616d00001e02ab6b44587eb9a90185e2c9b6', '300', NOW(), NOW()),
('16208260-e7ef-4323-b364-61a9e918b11c', '02oNSIAMjL2BRUMDOlQOqI', 'https://i.scdn.co/image/ab67616d00004851ab6b44587eb9a90185e2c9b6', '64', NOW(), NOW()),
('c2846ecc-e7f6-4594-a76b-25f63b2f7ad2', '0FAnqqHuSkpUfx2NEFduw9', 'https://i.scdn.co/image/ab67616d0000b2730ea8c83a244b0c8273fd604a', '640', NOW(), NOW()),
('c2846ecc-e7f6-4594-a76b-25f63b2f7ad2', '0FAnqqHuSkpUfx2NEFduw9', 'https://i.scdn.co/image/ab67616d00001e020ea8c83a244b0c8273fd604a', '300', NOW(), NOW()),
('c2846ecc-e7f6-4594-a76b-25f63b2f7ad2', '0FAnqqHuSkpUfx2NEFduw9', 'https://i.scdn.co/image/ab67616d000048510ea8c83a244b0c8273fd604a', '64', NOW(), NOW()),
('edad268e-5dd2-48e5-b430-3ad4b2a52a76', '3N0HApio1Q6mG86wff6fdZ', 'https://i.scdn.co/image/ab67616d0000b27311faaf94c01153e816040407', '640', NOW(), NOW()),
('edad268e-5dd2-48e5-b430-3ad4b2a52a76', '3N0HApio1Q6mG86wff6fdZ', 'https://i.scdn.co/image/ab67616d00001e0211faaf94c01153e816040407', '300', NOW(), NOW()),
('edad268e-5dd2-48e5-b430-3ad4b2a52a76', '3N0HApio1Q6mG86wff6fdZ', 'https://i.scdn.co/image/ab67616d0000485111faaf94c01153e816040407', '64', NOW(), NOW()),
('bf598bb9-247e-4046-a185-8bb39cadb914', '1b5V2kkHMVP4XMBAe9FJei', 'https://i.scdn.co/image/ab67616d0000b273481d65c3d484d441d0d3ebee', '640', NOW(), NOW()),
('bf598bb9-247e-4046-a185-8bb39cadb914', '1b5V2kkHMVP4XMBAe9FJei', 'https://i.scdn.co/image/ab67616d00001e02481d65c3d484d441d0d3ebee', '300', NOW(), NOW()),
('bf598bb9-247e-4046-a185-8bb39cadb914', '1b5V2kkHMVP4XMBAe9FJei', 'https://i.scdn.co/image/ab67616d00004851481d65c3d484d441d0d3ebee', '64', NOW(), NOW()),
('232603c4-b936-4d99-8a87-9dbc190ba751', '5HTzWXLy0dgYsRvtInrDd2', 'https://i.scdn.co/image/ab67616d0000b273ebe0185f2c3ffa60b1a5e8e3', '640', NOW(), NOW()),
('232603c4-b936-4d99-8a87-9dbc190ba751', '5HTzWXLy0dgYsRvtInrDd2', 'https://i.scdn.co/image/ab67616d00001e02ebe0185f2c3ffa60b1a5e8e3', '300', NOW(), NOW()),
('232603c4-b936-4d99-8a87-9dbc190ba751', '5HTzWXLy0dgYsRvtInrDd2', 'https://i.scdn.co/image/ab67616d00004851ebe0185f2c3ffa60b1a5e8e3', '64', NOW(), NOW()),
('60e1e42b-fbe0-412b-aa5e-b066332797dd', '3M8sxzgEUlpfBYF3efTtU5', 'https://i.scdn.co/image/ab67616d0000b2730f7b76d57dcd8b0c357a810d', '640', NOW(), NOW()),
('60e1e42b-fbe0-412b-aa5e-b066332797dd', '3M8sxzgEUlpfBYF3efTtU5', 'https://i.scdn.co/image/ab67616d00001e020f7b76d57dcd8b0c357a810d', '300', NOW(), NOW()),
('60e1e42b-fbe0-412b-aa5e-b066332797dd', '3M8sxzgEUlpfBYF3efTtU5', 'https://i.scdn.co/image/ab67616d000048510f7b76d57dcd8b0c357a810d', '64', NOW(), NOW()),
('cf41ed8e-cdfa-4333-9219-e1d12eceb873', '1E5PmFaH9g95gPQ5VhUyQ6', 'https://i.scdn.co/image/ab67616d0000b27323dfbd008067e2a2f2ed2f4f', '640', NOW(), NOW()),
('cf41ed8e-cdfa-4333-9219-e1d12eceb873', '1E5PmFaH9g95gPQ5VhUyQ6', 'https://i.scdn.co/image/ab67616d00001e0223dfbd008067e2a2f2ed2f4f', '300', NOW(), NOW()),
('cf41ed8e-cdfa-4333-9219-e1d12eceb873', '1E5PmFaH9g95gPQ5VhUyQ6', 'https://i.scdn.co/image/ab67616d0000485123dfbd008067e2a2f2ed2f4f', '64', NOW(), NOW()),
('db606a7d-20b2-4711-a070-6ad63778bf25', '5RMPouJva20cT3pek6DOYl', 'https://i.scdn.co/image/ab67616d0000b273cdc22dfdc87734c577e14554', '640', NOW(), NOW()),
('db606a7d-20b2-4711-a070-6ad63778bf25', '5RMPouJva20cT3pek6DOYl', 'https://i.scdn.co/image/ab67616d00001e02cdc22dfdc87734c577e14554', '300', NOW(), NOW()),
('db606a7d-20b2-4711-a070-6ad63778bf25', '5RMPouJva20cT3pek6DOYl', 'https://i.scdn.co/image/ab67616d00004851cdc22dfdc87734c577e14554', '64', NOW(), NOW()),
('492b145e-b7a2-40b2-b2a3-032a61f22dc9', '1G65rpgrdyshgdphP0yfnH', 'https://i.scdn.co/image/ab67616d0000b2734fc98d32ec9daac28342cbae', '640', NOW(), NOW()),
('492b145e-b7a2-40b2-b2a3-032a61f22dc9', '1G65rpgrdyshgdphP0yfnH', 'https://i.scdn.co/image/ab67616d00001e024fc98d32ec9daac28342cbae', '300', NOW(), NOW()),
('492b145e-b7a2-40b2-b2a3-032a61f22dc9', '1G65rpgrdyshgdphP0yfnH', 'https://i.scdn.co/image/ab67616d000048514fc98d32ec9daac28342cbae', '64', NOW(), NOW()),
('84fbdb28-429d-4598-a92e-5ba91f1bd86d', '3vy5JBbcLgPHjKTqPgfXnH', 'https://i.scdn.co/image/ab67616d0000b27392ed7bda3af773ce4d469e7f', '640', NOW(), NOW()),
('84fbdb28-429d-4598-a92e-5ba91f1bd86d', '3vy5JBbcLgPHjKTqPgfXnH', 'https://i.scdn.co/image/ab67616d00001e0292ed7bda3af773ce4d469e7f', '300', NOW(), NOW()),
('84fbdb28-429d-4598-a92e-5ba91f1bd86d', '3vy5JBbcLgPHjKTqPgfXnH', 'https://i.scdn.co/image/ab67616d0000485192ed7bda3af773ce4d469e7f', '64', NOW(), NOW()),
('6e27f41c-662a-49cc-a057-878e57e24ea4', '2vFfnhNuhMN0MHB3KQhSgk', 'https://i.scdn.co/image/ab67616d0000b273aaef8214c1dcab55dc29c8b9', '640', NOW(), NOW()),
('6e27f41c-662a-49cc-a057-878e57e24ea4', '2vFfnhNuhMN0MHB3KQhSgk', 'https://i.scdn.co/image/ab67616d00001e02aaef8214c1dcab55dc29c8b9', '300', NOW(), NOW()),
('6e27f41c-662a-49cc-a057-878e57e24ea4', '2vFfnhNuhMN0MHB3KQhSgk', 'https://i.scdn.co/image/ab67616d00004851aaef8214c1dcab55dc29c8b9', '64', NOW(), NOW()),
('94c35ec9-9e81-43f5-a7c4-b22863a6e283', '1J4bW6pgXcXoCAHSHUqoi2', 'https://i.scdn.co/image/ab67616d0000b27368fcdbae09c2912ee6c14b25', '640', NOW(), NOW()),
('94c35ec9-9e81-43f5-a7c4-b22863a6e283', '1J4bW6pgXcXoCAHSHUqoi2', 'https://i.scdn.co/image/ab67616d00001e0268fcdbae09c2912ee6c14b25', '300', NOW(), NOW()),
('94c35ec9-9e81-43f5-a7c4-b22863a6e283', '1J4bW6pgXcXoCAHSHUqoi2', 'https://i.scdn.co/image/ab67616d0000485168fcdbae09c2912ee6c14b25', '64', NOW(), NOW()),
('4ddfa1f8-8715-4ff3-818a-3153df919509', '5cbe5h9ki4ymV5QfL5jAmV', 'https://i.scdn.co/image/ab67616d0000b273af81550a4a481961e5bdbbdf', '640', NOW(), NOW()),
('4ddfa1f8-8715-4ff3-818a-3153df919509', '5cbe5h9ki4ymV5QfL5jAmV', 'https://i.scdn.co/image/ab67616d00001e02af81550a4a481961e5bdbbdf', '300', NOW(), NOW()),
('4ddfa1f8-8715-4ff3-818a-3153df919509', '5cbe5h9ki4ymV5QfL5jAmV', 'https://i.scdn.co/image/ab67616d00004851af81550a4a481961e5bdbbdf', '64', NOW(), NOW()),
('6dff035f-5fb0-4143-9408-69962c37ee5a', '3WDP9ULE8BegS48gFYHeBa', 'https://i.scdn.co/image/ab67616d0000b273ca2b536928b3e8e97fd6a2c8', '640', NOW(), NOW()),
('6dff035f-5fb0-4143-9408-69962c37ee5a', '3WDP9ULE8BegS48gFYHeBa', 'https://i.scdn.co/image/ab67616d00001e02ca2b536928b3e8e97fd6a2c8', '300', NOW(), NOW()),
('6dff035f-5fb0-4143-9408-69962c37ee5a', '3WDP9ULE8BegS48gFYHeBa', 'https://i.scdn.co/image/ab67616d00004851ca2b536928b3e8e97fd6a2c8', '64', NOW(), NOW()),
('17634489-2439-41e3-97ca-1f1f24b982d5', '5TIN2ZAwWk4I1rKUTpPRb3', 'https://i.scdn.co/image/ab67616d0000b273ad47d5a194a0daf865069a3a', '640', NOW(), NOW()),
('17634489-2439-41e3-97ca-1f1f24b982d5', '5TIN2ZAwWk4I1rKUTpPRb3', 'https://i.scdn.co/image/ab67616d00001e02ad47d5a194a0daf865069a3a', '300', NOW(), NOW()),
('17634489-2439-41e3-97ca-1f1f24b982d5', '5TIN2ZAwWk4I1rKUTpPRb3', 'https://i.scdn.co/image/ab67616d00004851ad47d5a194a0daf865069a3a', '64', NOW(), NOW()),
('38338f9d-2c33-4cc0-a9f9-887327f8dd9d', '6oOcRH8e3rLnmkb5m0f8RP', 'https://i.scdn.co/image/ab67616d0000b2730f55598f2f0717d71dd9b92a', '640', NOW(), NOW()),
('38338f9d-2c33-4cc0-a9f9-887327f8dd9d', '6oOcRH8e3rLnmkb5m0f8RP', 'https://i.scdn.co/image/ab67616d00001e020f55598f2f0717d71dd9b92a', '300', NOW(), NOW()),
('38338f9d-2c33-4cc0-a9f9-887327f8dd9d', '6oOcRH8e3rLnmkb5m0f8RP', 'https://i.scdn.co/image/ab67616d000048510f55598f2f0717d71dd9b92a', '64', NOW(), NOW()),
('b8e93676-ca41-4f95-a1a4-e58d821a33aa', '7DV6IlRgMYVLkNXjHyUZ9b', 'https://i.scdn.co/image/ab67616d0000b2735089cb85942d90ed3d72e369', '640', NOW(), NOW()),
('b8e93676-ca41-4f95-a1a4-e58d821a33aa', '7DV6IlRgMYVLkNXjHyUZ9b', 'https://i.scdn.co/image/ab67616d00001e025089cb85942d90ed3d72e369', '300', NOW(), NOW()),
('b8e93676-ca41-4f95-a1a4-e58d821a33aa', '7DV6IlRgMYVLkNXjHyUZ9b', 'https://i.scdn.co/image/ab67616d000048515089cb85942d90ed3d72e369', '64', NOW(), NOW()),
('a21e2503-d932-4bad-8eff-98cf6a817ae5', '79mSwnKFSayyaS2DHOBSlE', 'https://i.scdn.co/image/ab67616d0000b2732f486d50fd66973b49592eff', '640', NOW(), NOW()),
('a21e2503-d932-4bad-8eff-98cf6a817ae5', '79mSwnKFSayyaS2DHOBSlE', 'https://i.scdn.co/image/ab67616d00001e022f486d50fd66973b49592eff', '300', NOW(), NOW()),
('a21e2503-d932-4bad-8eff-98cf6a817ae5', '79mSwnKFSayyaS2DHOBSlE', 'https://i.scdn.co/image/ab67616d000048512f486d50fd66973b49592eff', '64', NOW(), NOW()),
('0c4ad911-2b74-400c-bccf-0b213a620f17', '0fPAHIzA9ozsNE0y1nsRVj', 'https://i.scdn.co/image/ab67616d0000b273243fe2eae64619e309348288', '640', NOW(), NOW()),
('0c4ad911-2b74-400c-bccf-0b213a620f17', '0fPAHIzA9ozsNE0y1nsRVj', 'https://i.scdn.co/image/ab67616d00001e02243fe2eae64619e309348288', '300', NOW(), NOW()),
('0c4ad911-2b74-400c-bccf-0b213a620f17', '0fPAHIzA9ozsNE0y1nsRVj', 'https://i.scdn.co/image/ab67616d00004851243fe2eae64619e309348288', '64', NOW(), NOW()),
('1e8e8102-9192-4e2f-94f5-e1a2dfef09b7', '4BBlOCKNfgAJ80eKwjBhzw', 'https://i.scdn.co/image/ab67616d0000b27389ae1b999f1824ada617c31f', '640', NOW(), NOW()),
('1e8e8102-9192-4e2f-94f5-e1a2dfef09b7', '4BBlOCKNfgAJ80eKwjBhzw', 'https://i.scdn.co/image/ab67616d00001e0289ae1b999f1824ada617c31f', '300', NOW(), NOW()),
('1e8e8102-9192-4e2f-94f5-e1a2dfef09b7', '4BBlOCKNfgAJ80eKwjBhzw', 'https://i.scdn.co/image/ab67616d0000485189ae1b999f1824ada617c31f', '64', NOW(), NOW()),
('b5c1c4d7-6c7a-4a41-bb4d-2020fd58c2ef', '6GTBTquBM0hvHHJ0DUaK8u', 'https://i.scdn.co/image/ab67616d0000b2737eae3f458be2ad5cb1943227', '640', NOW(), NOW()),
('b5c1c4d7-6c7a-4a41-bb4d-2020fd58c2ef', '6GTBTquBM0hvHHJ0DUaK8u', 'https://i.scdn.co/image/ab67616d00001e027eae3f458be2ad5cb1943227', '300', NOW(), NOW()),
('b5c1c4d7-6c7a-4a41-bb4d-2020fd58c2ef', '6GTBTquBM0hvHHJ0DUaK8u', 'https://i.scdn.co/image/ab67616d000048517eae3f458be2ad5cb1943227', '64', NOW(), NOW()),
('e9e7250a-e33b-478b-bdc5-2259ee3653db', '3JqCWdxdKpVguZ1aphkMuU', 'https://i.scdn.co/image/ab67616d0000b273b8fbeaee57278d17cef7f784', '640', NOW(), NOW()),
('e9e7250a-e33b-478b-bdc5-2259ee3653db', '3JqCWdxdKpVguZ1aphkMuU', 'https://i.scdn.co/image/ab67616d00001e02b8fbeaee57278d17cef7f784', '300', NOW(), NOW()),
('e9e7250a-e33b-478b-bdc5-2259ee3653db', '3JqCWdxdKpVguZ1aphkMuU', 'https://i.scdn.co/image/ab67616d00004851b8fbeaee57278d17cef7f784', '64', NOW(), NOW()),
('bead94ca-e482-4faf-a64d-b5bb6910e66c', '3KvdnK273GpBQePqWgxP2N', 'https://i.scdn.co/image/ab67616d0000b273146d60fca611f1a6c43051bf', '640', NOW(), NOW()),
('bead94ca-e482-4faf-a64d-b5bb6910e66c', '3KvdnK273GpBQePqWgxP2N', 'https://i.scdn.co/image/ab67616d00001e02146d60fca611f1a6c43051bf', '300', NOW(), NOW()),
('bead94ca-e482-4faf-a64d-b5bb6910e66c', '3KvdnK273GpBQePqWgxP2N', 'https://i.scdn.co/image/ab67616d00004851146d60fca611f1a6c43051bf', '64', NOW(), NOW()),
('f7394247-3536-411c-b109-ad00a635f06e', '6y16u6Jld3yicO52YWMUKw', 'https://i.scdn.co/image/ab67616d0000b2733bb3658de8dc878f0f58cda2', '640', NOW(), NOW()),
('f7394247-3536-411c-b109-ad00a635f06e', '6y16u6Jld3yicO52YWMUKw', 'https://i.scdn.co/image/ab67616d00001e023bb3658de8dc878f0f58cda2', '300', NOW(), NOW()),
('f7394247-3536-411c-b109-ad00a635f06e', '6y16u6Jld3yicO52YWMUKw', 'https://i.scdn.co/image/ab67616d000048513bb3658de8dc878f0f58cda2', '64', NOW(), NOW()),
('6d4e1626-9d90-4657-aa9c-158e3cc4ae3a', '6x5Ck0yTgJ0QxvJNrP957M', 'https://i.scdn.co/image/ab67616d0000b2730fffe977a46f7898a23793a9', '640', NOW(), NOW()),
('6d4e1626-9d90-4657-aa9c-158e3cc4ae3a', '6x5Ck0yTgJ0QxvJNrP957M', 'https://i.scdn.co/image/ab67616d00001e020fffe977a46f7898a23793a9', '300', NOW(), NOW()),
('6d4e1626-9d90-4657-aa9c-158e3cc4ae3a', '6x5Ck0yTgJ0QxvJNrP957M', 'https://i.scdn.co/image/ab67616d000048510fffe977a46f7898a23793a9', '64', NOW(), NOW()),
('9eb2e4d1-320f-4428-bbb7-04f9a4c37355', '4WEzaR79DkjCPj27G42L6d', 'https://i.scdn.co/image/ab67616d0000b273f59703cfff2f667c513d7e8e', '640', NOW(), NOW()),
('9eb2e4d1-320f-4428-bbb7-04f9a4c37355', '4WEzaR79DkjCPj27G42L6d', 'https://i.scdn.co/image/ab67616d00001e02f59703cfff2f667c513d7e8e', '300', NOW(), NOW()),
('9eb2e4d1-320f-4428-bbb7-04f9a4c37355', '4WEzaR79DkjCPj27G42L6d', 'https://i.scdn.co/image/ab67616d00004851f59703cfff2f667c513d7e8e', '64', NOW(), NOW()),
('733afeac-5f02-499d-9168-ff3a06c4d2a2', '19w7mdR35ILq8i1aaHxyH3', 'https://i.scdn.co/image/ab67616d0000b27322d4875041fa198b406b4280', '640', NOW(), NOW()),
('733afeac-5f02-499d-9168-ff3a06c4d2a2', '19w7mdR35ILq8i1aaHxyH3', 'https://i.scdn.co/image/ab67616d00001e0222d4875041fa198b406b4280', '300', NOW(), NOW()),
('733afeac-5f02-499d-9168-ff3a06c4d2a2', '19w7mdR35ILq8i1aaHxyH3', 'https://i.scdn.co/image/ab67616d0000485122d4875041fa198b406b4280', '64', NOW(), NOW()),
('11a53b96-b0ba-4806-a85c-d20b96ad1663', '6mkW9JXO3018OtRPM7AeFq', 'https://i.scdn.co/image/ab67616d0000b2730127c102faa67407949a2951', '640', NOW(), NOW()),
('11a53b96-b0ba-4806-a85c-d20b96ad1663', '6mkW9JXO3018OtRPM7AeFq', 'https://i.scdn.co/image/ab67616d00001e020127c102faa67407949a2951', '300', NOW(), NOW()),
('11a53b96-b0ba-4806-a85c-d20b96ad1663', '6mkW9JXO3018OtRPM7AeFq', 'https://i.scdn.co/image/ab67616d000048510127c102faa67407949a2951', '64', NOW(), NOW()),
('b09c9a4c-67d6-421b-be16-4ff506fb65bc', '6IclYodcCJxwIWau8eyKt7', 'https://i.scdn.co/image/ab67616d0000b273b0821348ee31c3d2e6e04f32', '640', NOW(), NOW()),
('b09c9a4c-67d6-421b-be16-4ff506fb65bc', '6IclYodcCJxwIWau8eyKt7', 'https://i.scdn.co/image/ab67616d00001e02b0821348ee31c3d2e6e04f32', '300', NOW(), NOW()),
('b09c9a4c-67d6-421b-be16-4ff506fb65bc', '6IclYodcCJxwIWau8eyKt7', 'https://i.scdn.co/image/ab67616d00004851b0821348ee31c3d2e6e04f32', '64', NOW(), NOW()),
('cf729283-3081-4339-88a4-2e98482318e0', '6MEj7BfcNGrpPBI7SzVYpY', 'https://i.scdn.co/image/ab67616d0000b27388b42153da74e05415750548', '640', NOW(), NOW()),
('cf729283-3081-4339-88a4-2e98482318e0', '6MEj7BfcNGrpPBI7SzVYpY', 'https://i.scdn.co/image/ab67616d00001e0288b42153da74e05415750548', '300', NOW(), NOW()),
('cf729283-3081-4339-88a4-2e98482318e0', '6MEj7BfcNGrpPBI7SzVYpY', 'https://i.scdn.co/image/ab67616d0000485188b42153da74e05415750548', '64', NOW(), NOW()),
('60c81271-376f-4cb3-81ec-187c62131dfc', '2PnEVMZRRohQjrOtnCQKjh', 'https://i.scdn.co/image/ab67616d0000b273f4a31083ae7b32f4027b5236', '640', NOW(), NOW()),
('60c81271-376f-4cb3-81ec-187c62131dfc', '2PnEVMZRRohQjrOtnCQKjh', 'https://i.scdn.co/image/ab67616d00001e02f4a31083ae7b32f4027b5236', '300', NOW(), NOW()),
('60c81271-376f-4cb3-81ec-187c62131dfc', '2PnEVMZRRohQjrOtnCQKjh', 'https://i.scdn.co/image/ab67616d00004851f4a31083ae7b32f4027b5236', '64', NOW(), NOW()),
('94760816-444c-4e04-aaef-41a8ffd06865', '6Hy1C1Y0ySz28nVHyXjRXT', 'https://i.scdn.co/image/ab67616d0000b2733be60c920919fb8c83659dad', '640', NOW(), NOW()),
('94760816-444c-4e04-aaef-41a8ffd06865', '6Hy1C1Y0ySz28nVHyXjRXT', 'https://i.scdn.co/image/ab67616d00001e023be60c920919fb8c83659dad', '300', NOW(), NOW()),
('94760816-444c-4e04-aaef-41a8ffd06865', '6Hy1C1Y0ySz28nVHyXjRXT', 'https://i.scdn.co/image/ab67616d000048513be60c920919fb8c83659dad', '64', NOW(), NOW()),
('ebcdc844-ef69-45c0-b669-a7d82a875167', '4BUZv7OI1vIN7gQTeNdGHg', 'https://i.scdn.co/image/ab67616d0000b273f2b14d711602ee0b2057ed7d', '640', NOW(), NOW()),
('ebcdc844-ef69-45c0-b669-a7d82a875167', '4BUZv7OI1vIN7gQTeNdGHg', 'https://i.scdn.co/image/ab67616d00001e02f2b14d711602ee0b2057ed7d', '300', NOW(), NOW()),
('ebcdc844-ef69-45c0-b669-a7d82a875167', '4BUZv7OI1vIN7gQTeNdGHg', 'https://i.scdn.co/image/ab67616d00004851f2b14d711602ee0b2057ed7d', '64', NOW(), NOW()),
('831582d7-f459-45b1-9d99-5e386d6098f6', '5CjIhZHZOl4bnYMAO1sXYv', 'https://i.scdn.co/image/ab67616d0000b27320c737a81f465eaf4f9d800c', '640', NOW(), NOW()),
('831582d7-f459-45b1-9d99-5e386d6098f6', '5CjIhZHZOl4bnYMAO1sXYv', 'https://i.scdn.co/image/ab67616d00001e0220c737a81f465eaf4f9d800c', '300', NOW(), NOW()),
('831582d7-f459-45b1-9d99-5e386d6098f6', '5CjIhZHZOl4bnYMAO1sXYv', 'https://i.scdn.co/image/ab67616d0000485120c737a81f465eaf4f9d800c', '64', NOW(), NOW());



INSERT INTO "Song" ("id", "albumId", "title", "duration", "lyric", "filePathAudio", "privacy", "uploadUserId", "createdAt", "updatedAt") VALUES
('76b5eac3-f032-4b49-9992-f24a4bd5c852', 'ce93ab9c-24e0-4050-80ba-de0ca54dffae', 'Ai Cũng Có Ngày Xưa / Chị Tôi (Mashup)', '319129', 'lyric', 'nan', FALSE, 'Null', NOW(), NOW()),
('f20f48ce-d360-4f5e-ac21-7a95da6250ef', 'ce93ab9c-24e0-4050-80ba-de0ca54dffae', 'Chuyện Của Mặt Trời / Chuyện Của Chúng Ta (Mashup)', '327980', 'lyric', 'nan', FALSE, 'Null', NOW(), NOW()),
('5ef2d62c-ecb7-4e5e-9657-66fe1c51a0ec', 'ce93ab9c-24e0-4050-80ba-de0ca54dffae', 'Có Chàng Trai Viết Lên Cây / Chuyện Tình Thảo Nguyên (Mashup)', '377166', 'lyric', 'nan', FALSE, 'Null', NOW(), NOW()),
('3bf5c236-3e45-4c68-80ec-94228545b4a5', 'ce93ab9c-24e0-4050-80ba-de0ca54dffae', 'Cô Gái Và Cây Dương Cầm', '309189', 'lyric', 'nan', FALSE, 'Null', NOW(), NOW()),
('bb68ef82-5115-4348-a6c3-397337cfd5b8', 'ce93ab9c-24e0-4050-80ba-de0ca54dffae', 'Có Một Nơi Như Thế', '291008', 'lyric', 'https://audiomelodies.nyc3.digitaloceanspaces.com/LOC/PhanManhQuynh/CoMotNoiNhuThe/CoMotNoiNhuThe.m4a', FALSE, 'Null', NOW(), NOW()),
('34a0c2b3-49ec-4235-b867-fef5bfa9a35e', 'ce93ab9c-24e0-4050-80ba-de0ca54dffae', 'Hà Lan / Từ Đó (Mashup)', '305688', 'lyric', 'nan', FALSE, 'Null', NOW(), NOW()),
('a4b2f1b2-0961-48ec-a573-cea7c64cd168', 'ce93ab9c-24e0-4050-80ba-de0ca54dffae', 'Không Tưởng', '281544', 'lyric', 'nan', FALSE, 'Null', NOW(), NOW()),
('77335291-10e2-41dc-9585-5f57934c4024', 'ce93ab9c-24e0-4050-80ba-de0ca54dffae', 'Người Buông Neo', '281306', 'lyric', 'nan', FALSE, 'Null', NOW(), NOW()),
('26266df8-3304-4e86-9a20-7434fb25c919', 'ce93ab9c-24e0-4050-80ba-de0ca54dffae', 'Hồi Ức / Sắc Màu (Mashup)', '419573', 'lyric', 'nan', FALSE, 'Null', NOW(), NOW()),
('d3630ce5-47e7-4e30-9f4b-bba7bd7ede7c', 'ce93ab9c-24e0-4050-80ba-de0ca54dffae', 'Tri Kỷ', '250503', 'lyric', 'https://audiomelodies.nyc3.digitaloceanspaces.com/LOC/PhanManhQuynh/TriKy/TriKy.m4a', FALSE, 'Null', NOW(), NOW()),
('ccad8d69-b74c-428f-afc1-32281b706815', '22085dbb-27f7-4477-b45d-233f14c8ed84', 'Góc Khuất Sau Hạnh Phúc', '207999', 'lyric', 'https://audiomelodies.nyc3.digitaloceanspaces.com/LOC/PhanManhQuynh/NguoiYeuCu/GocKhuatSauHanhPhuc.m4a', FALSE, 'Null', NOW(), NOW()),
('adca0c20-c3ec-4ce4-b2ed-1dae9088dc17', '22085dbb-27f7-4477-b45d-233f14c8ed84', 'Anh Ghét Làm Bạn Em', '227914', 'lyric', 'https://audiomelodies.nyc3.digitaloceanspaces.com/LOC/PhanManhQuynh/AnhGhetLamBanEm/AnhGhetLamBanEm.m4a', FALSE, 'Null', NOW(), NOW()),
('715509cb-db34-41d3-9818-5c50fb9aaaaa', '22085dbb-27f7-4477-b45d-233f14c8ed84', 'Thật May Cho Anh', '221999', 'lyric', 'https://audiomelodies.nyc3.digitaloceanspaces.com/LOC/PhanManhQuynh/NhungNgayau/ThatMayChoAnh.m4a', FALSE, 'Null', NOW(), NOW()),
('771b9e6b-91d1-4155-bda7-c94a9d6441cc', '22085dbb-27f7-4477-b45d-233f14c8ed84', 'Nước Ngoài', '210399', 'lyric', 'https://audiomelodies.nyc3.digitaloceanspaces.com/LOC/PhanManhQuynh/NhungNgayau/NuocNgoai.m4a', FALSE, 'Null', NOW(), NOW()),
('3ba407c6-9a7e-4e47-ac7f-8397e8b356d3', '22085dbb-27f7-4477-b45d-233f14c8ed84', 'Nắng Mùa Hạ', '238799', 'lyric', 'https://audiomelodies.nyc3.digitaloceanspaces.com/LOC/PhanManhQuynh/NangMuaHa/NangMuaHa.m4a', FALSE, 'Null', NOW(), NOW()),
('d43c3d17-c326-49ef-9e80-71537e99aa50', '22085dbb-27f7-4477-b45d-233f14c8ed84', 'Bước Qua Thế Giới', '225799', 'lyric', 'https://audiomelodies.nyc3.digitaloceanspaces.com/LOC/PhanManhQuynh/NhungNgayau/BuocQuaTheGioi.m4a', FALSE, 'Null', NOW(), NOW()),
('5f633b96-e992-4b7f-8c76-61e0f4ae1a74', '22085dbb-27f7-4477-b45d-233f14c8ed84', 'Khi Phải Quên Đi', '321399', 'lyric', 'https://audiomelodies.nyc3.digitaloceanspaces.com/LOC/PhanManhQuynh/NhungNgayau/KhiPhaiQuenDi.m4a', FALSE, 'Null', NOW(), NOW()),
('afb51755-9bbd-4e8b-9e41-cbf1a3b115cf', '22085dbb-27f7-4477-b45d-233f14c8ed84', 'Mất Hy Vọng', '228799', 'lyric', 'https://audiomelodies.nyc3.digitaloceanspaces.com/LOC/PhanManhQuynh/MatHyVong/MatHyVong.m4a', FALSE, 'Null', NOW(), NOW()),
('408a3686-d878-4eed-9cb3-8711039bbdca', '22085dbb-27f7-4477-b45d-233f14c8ed84', 'Khi Người Mình Yêu Khóc', '222491', 'lyric', 'https://audiomelodies.nyc3.digitaloceanspaces.com/LOC/PhanManhQuynh/NhungNgayau/KhiNguoiMinhYeuKhoc.m4a', FALSE, 'Null', NOW(), NOW()),
('9dee4d90-bba4-4855-a1f7-a6e086755201', '22085dbb-27f7-4477-b45d-233f14c8ed84', 'Người Khác', '228000', 'lyric', 'https://audiomelodies.nyc3.digitaloceanspaces.com/LOC/PhanManhQuynh/NguoiKhac/NguoiKhac.m4a', FALSE, 'Null', NOW(), NOW()),
('7766885b-2c8a-4f4b-a703-08dd7ed4c020', '22085dbb-27f7-4477-b45d-233f14c8ed84', 'Tôi Muốn Quên Em', '227000', 'lyric', 'https://audiomelodies.nyc3.digitaloceanspaces.com/LOC/PhanManhQuynh/NhungNgayau/ToiMuonQuenEm.m4a', FALSE, 'Null', NOW(), NOW()),
('a98870a7-8e9d-48a4-92f5-ba967de28ff9', '22085dbb-27f7-4477-b45d-233f14c8ed84', 'Yêu Nhau Nửa Ngày', '229599', 'lyric', 'https://audiomelodies.nyc3.digitaloceanspaces.com/LOC/PhanManhQuynh/NhungNgayau/YeuNhauNuaNgay.m4a', FALSE, 'Null', NOW(), NOW()),
('5490362a-5d74-4c3d-b7ae-2ac8f83803dd', '22085dbb-27f7-4477-b45d-233f14c8ed84', 'Người Yêu Cũ (lofi)', '222127', 'lyric', 'https://audiomelodies.nyc3.digitaloceanspaces.com/LOC/PhanManhQuynh/NhungNgayau/NguoiYeuCulofi.m4a', FALSE, 'Null', NOW(), NOW()),
('d52eb263-cf4b-4751-a727-8b4408cfd581', '97b39cff-706d-4f3a-a859-c1f38a9a323d', 'Anh Ghét Làm Bạn Em', '249208', 'lyric', 'https://audiomelodies.nyc3.digitaloceanspaces.com/LOC/PhanManhQuynh/NhungNgayau/AnhGhetLamBanEm.m4a', FALSE, 'Null', NOW(), NOW()),
('e5c35500-c99c-42ae-9bb4-d39232901717', '97b39cff-706d-4f3a-a859-c1f38a9a323d', 'Anh Ghét Làm Bạn Em (Beat)', '247066', 'lyric', 'https://audiomelodies.nyc3.digitaloceanspaces.com/LOC/PhanManhQuynh/AnhGhetLamBanEm/AnhGhetLamBanEmBeat.m4a', FALSE, 'Null', NOW(), NOW()),
('cf77d434-2d6d-4ee0-a6e0-f1fe00584b2a', '97b39cff-706d-4f3a-a859-c1f38a9a323d', 'Bóng Tối Không Em (Beat)', '256940', 'lyric', 'https://audiomelodies.nyc3.digitaloceanspaces.com/LOC/PhanManhQuynh/AnhGhetLamBanEm/BongToiKhongEmBeat.m4a', FALSE, 'Null', NOW(), NOW()),
('a5ff99eb-c702-48cc-9f0d-c84684232217', '97b39cff-706d-4f3a-a859-c1f38a9a323d', 'Giấc Mơ Mang Em Đi', '301348', 'lyric', 'https://audiomelodies.nyc3.digitaloceanspaces.com/LOC/PhanManhQuynh/AnhGhetLamBanEm/GiacMoMangEmDi.m4a', FALSE, 'Null', NOW(), NOW()),
('91ba3333-751b-4aac-b214-20c835a6cbef', '97b39cff-706d-4f3a-a859-c1f38a9a323d', 'Lời Từ Trái Tim Anh', '241606', 'lyric', 'https://audiomelodies.nyc3.digitaloceanspaces.com/LOC/PhanManhQuynh/AnhGhetLamBanEm/LoiTuTraiTimAnh.m4a', FALSE, 'Null', NOW(), NOW()),
('586fd668-20f4-42d2-82f0-77571332b070', '97b39cff-706d-4f3a-a859-c1f38a9a323d', 'Lời Từ Trái Tim Anh (Beat)', '241606', 'lyric', 'https://audiomelodies.nyc3.digitaloceanspaces.com/LOC/PhanManhQuynh/AnhGhetLamBanEm/LoiTuTraiTimAnhBeat.m4a', FALSE, 'Null', NOW(), NOW()),
('4aa779cd-2f3a-400e-b4ce-7cf22cc6be8f', '97b39cff-706d-4f3a-a859-c1f38a9a323d', 'Người Yêu Cũ (Beat)', '235075', 'lyric', 'https://audiomelodies.nyc3.digitaloceanspaces.com/LOC/PhanManhQuynh/AnhGhetLamBanEm/NguoiYeuCuBeat.m4a', FALSE, 'Null', NOW(), NOW()),
('685ed397-bb73-4130-8651-eb6f376a4499', '97b39cff-706d-4f3a-a859-c1f38a9a323d', 'Nơi Ấy Con Tìm Về', '267389', 'lyric', 'https://audiomelodies.nyc3.digitaloceanspaces.com/LOC/PhanManhQuynh/AnhGhetLamBanEm/NoiAyConTimVe.m4a', FALSE, 'Null', NOW(), NOW()),
('a3833558-7b35-4793-a2d2-35f262da1ac0', '97b39cff-706d-4f3a-a859-c1f38a9a323d', 'Nơi Ấy Con Tìm Về (Beat)', '267676', 'lyric', 'https://audiomelodies.nyc3.digitaloceanspaces.com/LOC/PhanManhQuynh/AnhGhetLamBanEm/NoiAyConTimVeBeat.m4a', FALSE, 'Null', NOW(), NOW()),
('73a560a6-11b6-47b3-9beb-d35628afbf95', '97b39cff-706d-4f3a-a859-c1f38a9a323d', 'Xa Em Kỷ Niệm', '238915', 'lyric', 'https://audiomelodies.nyc3.digitaloceanspaces.com/LOC/PhanManhQuynh/AnhGhetLamBanEm/XaEmKyNiem.m4a', FALSE, 'Null', NOW(), NOW()),
('8ae4b685-28e5-4b39-9711-a468ce21fc58', '97b39cff-706d-4f3a-a859-c1f38a9a323d', 'Yêu Nhau Là Dĩ Vãng', '267728', 'lyric', 'https://audiomelodies.nyc3.digitaloceanspaces.com/LOC/PhanManhQuynh/AnhGhetLamBanEm/YeuNhauLaDiVang.m4a', FALSE, 'Null', NOW(), NOW()),
('e2bfdc14-553b-4080-9c6d-b38e78927b3b', '97b39cff-706d-4f3a-a859-c1f38a9a323d', 'Yêu Anh Nhé', '281208', 'lyric', 'https://audiomelodies.nyc3.digitaloceanspaces.com/LOC/PhanManhQuynh/AnhGhetLamBanEm/YeuAnhNhe.m4a', FALSE, 'Null', NOW(), NOW()),
('4e5b8df7-05b5-4339-bb82-dc4cc2167c94', '97b39cff-706d-4f3a-a859-c1f38a9a323d', 'Bóng Tối Không Em', '258220', 'lyric', 'https://audiomelodies.nyc3.digitaloceanspaces.com/LOC/PhanManhQuynh/AnhGhetLamBanEm/BongToiKhongEm.m4a', FALSE, 'Null', NOW(), NOW()),
('8ce0631c-2cc6-4016-bafa-286aac9fd125', '97b39cff-706d-4f3a-a859-c1f38a9a323d', 'Người Yêu Cũ', '232646', 'lyric', 'https://audiomelodies.nyc3.digitaloceanspaces.com/LOC/PhanManhQuynh/AnhGhetLamBanEm/NguoiYeuCu.m4a', FALSE, 'Null', NOW(), NOW()),
('75cea54e-6685-4e17-a3d0-375a8845f4f5', '9d2097c4-e901-4b3e-87c6-1e51bdbb1d72', 'Có Một Chuyện Tình (Theme Song From “Ngày Xưa Có Một Chuyện Tình")', '215000', 'lyric', 'nan', FALSE, 'Null', NOW(), NOW()),
('3a0c3ddc-89ea-4f17-a9f3-4050bbb4d8f3', 'ec410fa4-0b74-4d4b-8cf3-f04f0350be81', 'Đưa Anh Về', '241037', 'lyric', 'https://audiomelodies.nyc3.digitaloceanspaces.com/LOC/PhanManhQuynh/uaAnhVe/DuaAnhVe.m4a', FALSE, 'Null', NOW(), NOW()),
('1ac003f8-f315-4a01-8ff3-bf95c60643bb', '7da6e053-0fee-41d7-9ab3-d1bfa048f5c4', 'Sau Lời Từ Khước (Theme Song From "MAI")', '250122', 'lyric', 'https://audiomelodies.nyc3.digitaloceanspaces.com/LOC/PhanManhQuynh/SauLoiTuKhuocThemeSongFromMAI/SauLoiTuKhuocThemeSongFromMAI.m4a', FALSE, 'Null', NOW(), NOW()),
('c6329302-0ee0-4b9e-8961-34061637bdbb', '92c84e7f-469e-445e-9580-391ca1c15033', 'Bôn Ba (Nước Ngoài)', '206400', 'lyric', 'https://audiomelodies.nyc3.digitaloceanspaces.com/LOC/PhanManhQuynh/BonBaNuocNgoai/BonBaNuocNgoai.m4a', FALSE, 'Null', NOW(), NOW()),
('6c985c5e-fa6b-45de-8ada-55f5aed4e9f7', 'c7482cb3-10c6-4efb-aa28-7abb17db139b', 'Biết Ơn Bởi Đang Ở Lại', '270410', 'lyric', 'https://audiomelodies.nyc3.digitaloceanspaces.com/LOC/PhanManhQuynh/BietOnBoiangOLai/BietOnBoiDangOLai.m4a', FALSE, 'Null', NOW(), NOW()),
('95c82ba2-cda5-4bb2-9563-6a56d4e3a592', '16208260-e7ef-4323-b364-61a9e918b11c', 'Đèn Trời', '204863', 'lyric', 'https://audiomelodies.nyc3.digitaloceanspaces.com/LOC/PhanManhQuynh/enTroi/DenTroi.m4a', FALSE, 'Null', NOW(), NOW()),
('5b524aa0-adb5-415d-b381-d549b4a74c2c', 'c2846ecc-e7f6-4594-a76b-25f63b2f7ad2', 'Vườn Nhà', '208163', 'lyric', 'https://audiomelodies.nyc3.digitaloceanspaces.com/LOC/PhanManhQuynh/VuonNha/VuonNha.m4a', FALSE, 'Null', NOW(), NOW()),
('e066f03a-1c81-4b79-b84c-1be81d5d4cf1', 'edad268e-5dd2-48e5-b430-3ad4b2a52a76', 'Chuyến Xe', '255295', 'lyric', 'https://audiomelodies.nyc3.digitaloceanspaces.com/LOC/PhanManhQuynh/ChuyenXe/ChuyenXe.m4a', FALSE, 'Null', NOW(), NOW()),
('db1ef6ba-157f-455f-bf02-8e5190b04e37', 'bf598bb9-247e-4046-a185-8bb39cadb914', 'Khi Người Mình Yêu Khóc 2 - Vinz x Hải Nam Remix', '359633', 'lyric', 'nan', FALSE, 'Null', NOW(), NOW()),
('b89702e8-5afc-497f-8a40-c7ec2aa2fb74', '232603c4-b936-4d99-8a87-9dbc190ba751', 'Khi Người Mình Yêu Khóc - Vinz Remix', '172421', 'lyric', 'https://audiomelodies.nyc3.digitaloceanspaces.com/LOC/PhanManhQuynh/KhiNguoiMinhYeuKhocVinzRemix/KhiNguoiMinhYeuKhocVinzRemix.m4a', FALSE, 'Null', NOW(), NOW()),
('2953e428-dc16-4743-aebb-b8883df47f8a', '60e1e42b-fbe0-412b-aa5e-b066332797dd', 'Đợi Chờ Đừng Cáu', '168837', 'lyric', 'https://audiomelodies.nyc3.digitaloceanspaces.com/LOC/PhanManhQuynh/oiChoungCau/DoiChoDungCau.m4a', FALSE, 'Null', NOW(), NOW()),
('fbf29ab6-deb7-415e-bb84-3871a0fece34', 'cf41ed8e-cdfa-4333-9219-e1d12eceb873', 'Đa Đoan', '200730', 'lyric', 'https://audiomelodies.nyc3.digitaloceanspaces.com/LOC/PhanManhQuynh/aoan/DaDoan.m4a', FALSE, 'Null', NOW(), NOW()),
('8d00b330-3f76-49da-b58f-98df3cd49a09', 'db606a7d-20b2-4711-a070-6ad63778bf25', 'Tình Nhớ', '254523', 'lyric', 'https://audiomelodies.nyc3.digitaloceanspaces.com/LOC/PhanManhQuynh/TinhNho/TinhNho.m4a', FALSE, 'Null', NOW(), NOW()),
('0bec9a47-bccd-47e0-8a25-307979e3c2fe', '492b145e-b7a2-40b2-b2a3-032a61f22dc9', 'Nơi Dành Cho Các Thiên Thần', '292941', 'lyric', 'https://audiomelodies.nyc3.digitaloceanspaces.com/LOC/PhanManhQuynh/NoiDanhChoCacThienThan/NoiDanhChoCacThienThan.m4a', FALSE, 'Null', NOW(), NOW()),
('9f872b61-428c-43a9-8b57-cf8afb626353', '84fbdb28-429d-4598-a92e-5ba91f1bd86d', 'Yêu Thương Tiếp Nối', '204000', 'lyric', 'nan', FALSE, 'Null', NOW(), NOW()),
('750c3d9b-16e8-41b8-96a3-63a32511d53f', '6e27f41c-662a-49cc-a057-878e57e24ea4', 'Về', '239986', 'lyric', 'https://audiomelodies.nyc3.digitaloceanspaces.com/LOC/PhanManhQuynh/Ve/Ve.m4a', FALSE, 'Null', NOW(), NOW()),
('39e6c6d7-53f5-4e63-9562-64ef741ab093', '94c35ec9-9e81-43f5-a7c4-b22863a6e283', 'Gặp Gỡ, Yêu Đương Và Được Bên Em', '240461', 'lyric', 'https://audiomelodies.nyc3.digitaloceanspaces.com/LOC/PhanManhQuynh/GapGoYeuuongVauocBenEm/GapGoYeuDuongVaDuocBenEm.m4a', FALSE, 'Null', NOW(), NOW()),
('23f2d1ef-25c3-46cc-aab1-500e2eec343a', '4ddfa1f8-8715-4ff3-818a-3153df919509', 'Nơi Ấy Con Tìm Về - Live At Tết Tân Thời', '234280', 'lyric', 'https://audiomelodies.nyc3.digitaloceanspaces.com/LOC/PhanManhQuynh/NoiAyConTimVeLiveAtTetTanThoi/NoiAyConTimVeLiveAtTetTanThoi.m4a', FALSE, 'Null', NOW(), NOW()),
('5cb62b9f-0f02-48c9-9441-52420f331799', '6dff035f-5fb0-4143-9408-69962c37ee5a', 'Có Chàng Trai Viết Lên Cây - DJ Version', '212168', 'lyric', 'https://audiomelodies.nyc3.digitaloceanspaces.com/LOC/PhanManhQuynh/CoChangTraiVietLenCayDJVersion/CoChangTraiVietLenCayDJVersion.m4a', FALSE, 'Null', NOW(), NOW()),
('fc988730-138e-4042-b9f9-39fc67aa39d3', '17634489-2439-41e3-97ca-1f1f24b982d5', 'Đàn Ông Không Nói (feat. Karik)', '219981', 'lyric', 'https://audiomelodies.nyc3.digitaloceanspaces.com/LOC/PhanManhQuynh/anOngKhongNoifeatKarik/DanOngKhongNoifeatKarik.m4a', FALSE, 'Null', NOW(), NOW()),
('e6b7ed01-c901-4735-8d33-ec83dfc31220', '38338f9d-2c33-4cc0-a9f9-887327f8dd9d', 'Đi Để Trở Về Mashup', '223954', 'lyric', 'https://audiomelodies.nyc3.digitaloceanspaces.com/LOC/PhanManhQuynh/ieTroVeMashup/DiDeTroVeMashup.m4a', FALSE, 'Null', NOW(), NOW()),
('6af6802d-2d8a-4435-b3a2-8ac139683914', 'b8e93676-ca41-4f95-a1a4-e58d821a33aa', 'Tết Về Sớm Nhé', '187164', 'lyric', 'https://audiomelodies.nyc3.digitaloceanspaces.com/LOC/PhanManhQuynh/TetVeSomNhe/TetVeSomNhe.m4a', FALSE, 'Null', NOW(), NOW()),
('1bd901a7-c144-4647-9904-48fe059ad7a1', 'a21e2503-d932-4bad-8eff-98cf6a817ae5', 'Trong Ánh Mặt Trời (feat. Oanh Tiny)', '204225', 'lyric', 'https://audiomelodies.nyc3.digitaloceanspaces.com/LOC/PhanManhQuynh/TrongAnhMatTroifeatOanhTiny/TrongAnhMatTroifeatOanhTiny.m4a', FALSE, 'Null', NOW(), NOW()),
('a9336613-1f21-4c38-ba4c-b2c775981b81', '0c4ad911-2b74-400c-bccf-0b213a620f17', 'Tri Kỷ', '215808', 'lyric', 'nan', FALSE, 'Null', NOW(), NOW()),
('37b974bd-083d-49f4-91dd-a5c3a3660696', '1e8e8102-9192-4e2f-94f5-e1a2dfef09b7', 'Sao Cha Không (From "Bố Già" Original Motion Picture Soundtrack)', '279609', 'lyric', 'nan', FALSE, 'Null', NOW(), NOW()),
('046a82be-0481-419b-a75e-b38a166a0c3f', 'b5c1c4d7-6c7a-4a41-bb4d-2020fd58c2ef', 'Nắng Mùa Hạ', '240062', 'lyric', 'https://audiomelodies.nyc3.digitaloceanspaces.com/LOC/PhanManhQuynh/NhungNgayau/NangMuaHa.m4a', FALSE, 'Null', NOW(), NOW()),
('1cf9e4d1-7bae-4f00-89b5-098410a3ac18', 'e9e7250a-e33b-478b-bdc5-2259ee3653db', 'Nước Ngoài', '212666', 'lyric', 'https://audiomelodies.nyc3.digitaloceanspaces.com/LOC/PhanManhQuynh/NuocNgoai/NuocNgoai.m4a', FALSE, 'Null', NOW(), NOW()),
('88ccef78-1f4f-4bcf-8704-24ad40bd951a', 'bead94ca-e482-4faf-a64d-b5bb6910e66c', 'Người Khác', '228000', 'lyric', 'https://audiomelodies.nyc3.digitaloceanspaces.com/LOC/PhanManhQuynh/NhungNgayau/NguoiKhac.m4a', FALSE, 'Null', NOW(), NOW()),
('bfa90a85-e71b-40b6-9384-0f2bb9a9d730', 'f7394247-3536-411c-b109-ad00a635f06e', 'NHẠT', '208500', 'lyric', 'https://audiomelodies.nyc3.digitaloceanspaces.com/LOC/PhanManhQuynh/NHAT/NHAT.m4a', FALSE, 'Null', NOW(), NOW()),
('f5aaf78f-b867-4309-9d2f-ba1eb77823ab', '6d4e1626-9d90-4657-aa9c-158e3cc4ae3a', 'Mất Hy Vọng', '232000', 'lyric', 'https://audiomelodies.nyc3.digitaloceanspaces.com/LOC/PhanManhQuynh/NhungNgayau/MatHyVong.m4a', FALSE, 'Null', NOW(), NOW()),
('ddc56477-5f13-48db-acd0-c0cdfd2edf51', '9eb2e4d1-320f-4428-bbb7-04f9a4c37355', 'Miền Gian Khổ', '214687', 'lyric', 'https://audiomelodies.nyc3.digitaloceanspaces.com/LOC/PhanManhQuynh/MienGianKho/MienGianKho.m4a', FALSE, 'Null', NOW(), NOW()),
('f6dda430-ce53-4e52-bac6-dc84c1a9b5c3', '733afeac-5f02-499d-9168-ff3a06c4d2a2', 'Hồi Ức', '347207', 'lyric', 'https://audiomelodies.nyc3.digitaloceanspaces.com/LOC/PhanManhQuynh/HoiUc/HoiUc.m4a', FALSE, 'Null', NOW(), NOW()),
('c3305815-b354-47d6-b174-3daf002512e2', '11a53b96-b0ba-4806-a85c-d20b96ad1663', 'Huyền Thoại', '289000', 'lyric', 'https://audiomelodies.nyc3.digitaloceanspaces.com/LOC/PhanManhQuynh/HuyenThoai/HuyenThoai.m4a', FALSE, 'Null', NOW(), NOW()),
('4727c0ba-aec2-40ed-b55e-32603c05735b', 'b09c9a4c-67d6-421b-be16-4ff506fb65bc', 'Có Một Nơi Như Thế', '235000', 'lyric', 'nan', FALSE, 'Null', NOW(), NOW()),
('d312929e-d6ac-4cea-968f-e3ce2192546d', 'cf729283-3081-4339-88a4-2e98482318e0', 'Cuộc Gọi (feat. Aazuki)', '218266', 'lyric', 'https://audiomelodies.nyc3.digitaloceanspaces.com/LOC/PhanManhQuynh/CuocGoifeatAazuki/CuocGoifeatAazuki.m4a', FALSE, 'Null', NOW(), NOW()),
('06ce3b9a-7d72-4cfe-9643-f86c6d2ec933', '60c81271-376f-4cb3-81ec-187c62131dfc', 'Con Tim Tan Vỡ', '197774', 'lyric', 'https://audiomelodies.nyc3.digitaloceanspaces.com/LOC/PhanManhQuynh/ConTimTanVo/ConTimTanVo.m4a', FALSE, 'Null', NOW(), NOW()),
('18099f16-79a1-445b-9b93-dee542eaffb2', '94760816-444c-4e04-aaef-41a8ffd06865', 'Chưa Có Người Yêu', '204179', 'lyric', 'https://audiomelodies.nyc3.digitaloceanspaces.com/LOC/PhanManhQuynh/ChuaCoNguoiYeu/ChuaCoNguoiYeu.m4a', FALSE, 'Null', NOW(), NOW()),
('b4e14b0d-f664-4551-b440-561b1e179ee0', 'ebcdc844-ef69-45c0-b669-a7d82a875167', 'Bóng Tối Không Em', '258142', 'lyric', 'https://audiomelodies.nyc3.digitaloceanspaces.com/LOC/PhanManhQuynh/NguoiYeuCu/BongToiKhongEm.m4a', FALSE, 'Null', NOW(), NOW()),
('e18edcfa-2978-473a-b3ef-7bd62135d8d0', 'ebcdc844-ef69-45c0-b669-a7d82a875167', 'Góc Khuất Sau Hạnh Phúc', '211069', 'lyric', 'https://audiomelodies.nyc3.digitaloceanspaces.com/LOC/PhanManhQuynh/NhungNgayau/GocKhuatSauHanhPhuc.m4a', FALSE, 'Null', NOW(), NOW()),
('dedc4e72-859b-4905-b0d7-5b19ce96e539', 'ebcdc844-ef69-45c0-b669-a7d82a875167', 'Khi Lòng Ta Hiểu', '216633', 'lyric', 'https://audiomelodies.nyc3.digitaloceanspaces.com/LOC/PhanManhQuynh/NguoiYeuCu/KhiLongTaHieu.m4a', FALSE, 'Null', NOW(), NOW()),
('0b5b8ee4-7dc2-4206-b1a5-5a404f3b254c', 'ebcdc844-ef69-45c0-b669-a7d82a875167', 'Người Yêu Cũ', '232576', 'lyric', 'https://audiomelodies.nyc3.digitaloceanspaces.com/LOC/PhanManhQuynh/NguoiYeuCu/NguoiYeuCu.m4a', FALSE, 'Null', NOW(), NOW()),
('df01089a-8c9b-4c83-b878-ee1db4d6e3c0', 'ebcdc844-ef69-45c0-b669-a7d82a875167', 'Những Ngày Không Bên Nhau', '290951', 'lyric', 'https://audiomelodies.nyc3.digitaloceanspaces.com/LOC/PhanManhQuynh/NguoiYeuCu/NhungNgayKhongBenNhau.m4a', FALSE, 'Null', NOW(), NOW()),
('f92bfce6-5183-4d5b-a5fc-9d2bfff0d338', '831582d7-f459-45b1-9d99-5e386d6098f6', 'Những Ngày Không Bên Nhau', '291494', 'lyric', 'https://audiomelodies.nyc3.digitaloceanspaces.com/LOC/PhanManhQuynh/NhungNgayKhongBenNhau/NhungNgayKhongBenNhau.m4a', FALSE, 'Null', NOW(), NOW());



INSERT INTO "ArtistSong" ("songId", "artistId", "main", "createdAt", "updatedAt") VALUES
('76b5eac3-f032-4b49-9992-f24a4bd5c852',  '9d1cec96-cc52-418c-95ff-92d731c12ae2', , TRUE, NOW(), NOW()),
('f20f48ce-d360-4f5e-ac21-7a95da6250ef',  'Unknown', , TRUE, NOW(), NOW()),
('5ef2d62c-ecb7-4e5e-9657-66fe1c51a0ec', 'Unknown', TRUE, NOW(), NOW()),
('5ef2d62c-ecb7-4e5e-9657-66fe1c51a0ec', '9d1cec96-cc52-418c-95ff-92d731c12ae2', FALSE, NOW(), NOW()),
('3bf5c236-3e45-4c68-80ec-94228545b4a5',  'Unknown', , TRUE, NOW(), NOW()),
('bb68ef82-5115-4348-a6c3-397337cfd5b8',  '9d1cec96-cc52-418c-95ff-92d731c12ae2', , TRUE, NOW(), NOW()),
('34a0c2b3-49ec-4235-b867-fef5bfa9a35e',  '9d1cec96-cc52-418c-95ff-92d731c12ae2', , TRUE, NOW(), NOW()),
('a4b2f1b2-0961-48ec-a573-cea7c64cd168',  '9d1cec96-cc52-418c-95ff-92d731c12ae2', , TRUE, NOW(), NOW()),
('77335291-10e2-41dc-9585-5f57934c4024',  'Unknown', , TRUE, NOW(), NOW()),
('26266df8-3304-4e86-9a20-7434fb25c919', 'Unknown', TRUE, NOW(), NOW()),
('26266df8-3304-4e86-9a20-7434fb25c919', '9d1cec96-cc52-418c-95ff-92d731c12ae2', FALSE, NOW(), NOW()),
('d3630ce5-47e7-4e30-9f4b-bba7bd7ede7c',  'Unknown', , TRUE, NOW(), NOW()),
('ccad8d69-b74c-428f-afc1-32281b706815',  '9d1cec96-cc52-418c-95ff-92d731c12ae2', , TRUE, NOW(), NOW()),
('adca0c20-c3ec-4ce4-b2ed-1dae9088dc17',  '9d1cec96-cc52-418c-95ff-92d731c12ae2', , TRUE, NOW(), NOW()),
('715509cb-db34-41d3-9818-5c50fb9aaaaa',  '9d1cec96-cc52-418c-95ff-92d731c12ae2', , TRUE, NOW(), NOW()),
('771b9e6b-91d1-4155-bda7-c94a9d6441cc',  '9d1cec96-cc52-418c-95ff-92d731c12ae2', , TRUE, NOW(), NOW()),
('3ba407c6-9a7e-4e47-ac7f-8397e8b356d3',  '9d1cec96-cc52-418c-95ff-92d731c12ae2', , TRUE, NOW(), NOW()),
('d43c3d17-c326-49ef-9e80-71537e99aa50',  '9d1cec96-cc52-418c-95ff-92d731c12ae2', , TRUE, NOW(), NOW()),
('5f633b96-e992-4b7f-8c76-61e0f4ae1a74',  '9d1cec96-cc52-418c-95ff-92d731c12ae2', , TRUE, NOW(), NOW()),
('afb51755-9bbd-4e8b-9e41-cbf1a3b115cf',  '9d1cec96-cc52-418c-95ff-92d731c12ae2', , TRUE, NOW(), NOW()),
('408a3686-d878-4eed-9cb3-8711039bbdca',  '9d1cec96-cc52-418c-95ff-92d731c12ae2', , TRUE, NOW(), NOW()),
('9dee4d90-bba4-4855-a1f7-a6e086755201',  '9d1cec96-cc52-418c-95ff-92d731c12ae2', , TRUE, NOW(), NOW()),
('7766885b-2c8a-4f4b-a703-08dd7ed4c020',  '9d1cec96-cc52-418c-95ff-92d731c12ae2', , TRUE, NOW(), NOW()),
('a98870a7-8e9d-48a4-92f5-ba967de28ff9',  '9d1cec96-cc52-418c-95ff-92d731c12ae2', , TRUE, NOW(), NOW()),
('5490362a-5d74-4c3d-b7ae-2ac8f83803dd',  '9d1cec96-cc52-418c-95ff-92d731c12ae2', , TRUE, NOW(), NOW()),
('d52eb263-cf4b-4751-a727-8b4408cfd581',  '9d1cec96-cc52-418c-95ff-92d731c12ae2', , TRUE, NOW(), NOW()),
('e5c35500-c99c-42ae-9bb4-d39232901717',  '9d1cec96-cc52-418c-95ff-92d731c12ae2', , TRUE, NOW(), NOW()),
('cf77d434-2d6d-4ee0-a6e0-f1fe00584b2a',  '9d1cec96-cc52-418c-95ff-92d731c12ae2', , TRUE, NOW(), NOW()),
('a5ff99eb-c702-48cc-9f0d-c84684232217',  '9d1cec96-cc52-418c-95ff-92d731c12ae2', , TRUE, NOW(), NOW()),
('91ba3333-751b-4aac-b214-20c835a6cbef',  '9d1cec96-cc52-418c-95ff-92d731c12ae2', , TRUE, NOW(), NOW()),
('586fd668-20f4-42d2-82f0-77571332b070',  '9d1cec96-cc52-418c-95ff-92d731c12ae2', , TRUE, NOW(), NOW()),
('4aa779cd-2f3a-400e-b4ce-7cf22cc6be8f',  '9d1cec96-cc52-418c-95ff-92d731c12ae2', , TRUE, NOW(), NOW()),
('685ed397-bb73-4130-8651-eb6f376a4499',  '9d1cec96-cc52-418c-95ff-92d731c12ae2', , TRUE, NOW(), NOW()),
('a3833558-7b35-4793-a2d2-35f262da1ac0',  '9d1cec96-cc52-418c-95ff-92d731c12ae2', , TRUE, NOW(), NOW()),
('73a560a6-11b6-47b3-9beb-d35628afbf95',  '9d1cec96-cc52-418c-95ff-92d731c12ae2', , TRUE, NOW(), NOW()),
('8ae4b685-28e5-4b39-9711-a468ce21fc58',  '9d1cec96-cc52-418c-95ff-92d731c12ae2', , TRUE, NOW(), NOW()),
('e2bfdc14-553b-4080-9c6d-b38e78927b3b',  '9d1cec96-cc52-418c-95ff-92d731c12ae2', , TRUE, NOW(), NOW()),
('4e5b8df7-05b5-4339-bb82-dc4cc2167c94',  '9d1cec96-cc52-418c-95ff-92d731c12ae2', , TRUE, NOW(), NOW()),
('8ce0631c-2cc6-4016-bafa-286aac9fd125',  '9d1cec96-cc52-418c-95ff-92d731c12ae2', , TRUE, NOW(), NOW()),
('75cea54e-6685-4e17-a3d0-375a8845f4f5',  '9d1cec96-cc52-418c-95ff-92d731c12ae2', , TRUE, NOW(), NOW()),
('3a0c3ddc-89ea-4f17-a9f3-4050bbb4d8f3',  '9d1cec96-cc52-418c-95ff-92d731c12ae2', , TRUE, NOW(), NOW()),
('1ac003f8-f315-4a01-8ff3-bf95c60643bb',  '9d1cec96-cc52-418c-95ff-92d731c12ae2', , TRUE, NOW(), NOW()),
('c6329302-0ee0-4b9e-8961-34061637bdbb', '9d1cec96-cc52-418c-95ff-92d731c12ae2', TRUE, NOW(), NOW()),
('c6329302-0ee0-4b9e-8961-34061637bdbb', 'Unknown', FALSE, NOW(), NOW()),
('c6329302-0ee0-4b9e-8961-34061637bdbb', 'Unknown', FALSE, NOW(), NOW()),
('6c985c5e-fa6b-45de-8ada-55f5aed4e9f7',  '9d1cec96-cc52-418c-95ff-92d731c12ae2', , TRUE, NOW(), NOW()),
('95c82ba2-cda5-4bb2-9563-6a56d4e3a592',  '9d1cec96-cc52-418c-95ff-92d731c12ae2', , TRUE, NOW(), NOW()),
('5b524aa0-adb5-415d-b381-d549b4a74c2c',  '9d1cec96-cc52-418c-95ff-92d731c12ae2', , TRUE, NOW(), NOW()),
('e066f03a-1c81-4b79-b84c-1be81d5d4cf1', '9d1cec96-cc52-418c-95ff-92d731c12ae2', TRUE, NOW(), NOW()),
('e066f03a-1c81-4b79-b84c-1be81d5d4cf1', 'Unknown', FALSE, NOW(), NOW()),
('db1ef6ba-157f-455f-bf02-8e5190b04e37', 'afc5dd49-9a2d-4f40-a34a-2aefba888767', TRUE, NOW(), NOW()),
('db1ef6ba-157f-455f-bf02-8e5190b04e37', '9d1cec96-cc52-418c-95ff-92d731c12ae2', FALSE, NOW(), NOW()),
('b89702e8-5afc-497f-8a40-c7ec2aa2fb74', '9d1cec96-cc52-418c-95ff-92d731c12ae2', TRUE, NOW(), NOW()),
('b89702e8-5afc-497f-8a40-c7ec2aa2fb74', 'afc5dd49-9a2d-4f40-a34a-2aefba888767', FALSE, NOW(), NOW()),
('2953e428-dc16-4743-aebb-b8883df47f8a', '9d1cec96-cc52-418c-95ff-92d731c12ae2', TRUE, NOW(), NOW()),
('2953e428-dc16-4743-aebb-b8883df47f8a', '596b18cb-cef2-4d4d-a7a3-cba35b5d47a3', FALSE, NOW(), NOW()),
('fbf29ab6-deb7-415e-bb84-3871a0fece34',  '9d1cec96-cc52-418c-95ff-92d731c12ae2', , TRUE, NOW(), NOW()),
('8d00b330-3f76-49da-b58f-98df3cd49a09',  '9d1cec96-cc52-418c-95ff-92d731c12ae2', , TRUE, NOW(), NOW()),
('0bec9a47-bccd-47e0-8a25-307979e3c2fe',  '9d1cec96-cc52-418c-95ff-92d731c12ae2', , TRUE, NOW(), NOW()),
('9f872b61-428c-43a9-8b57-cf8afb626353', 'Unknown', TRUE, NOW(), NOW()),
('9f872b61-428c-43a9-8b57-cf8afb626353', '9d1cec96-cc52-418c-95ff-92d731c12ae2', FALSE, NOW(), NOW()),
('750c3d9b-16e8-41b8-96a3-63a32511d53f',  '9d1cec96-cc52-418c-95ff-92d731c12ae2', , TRUE, NOW(), NOW()),
('39e6c6d7-53f5-4e63-9562-64ef741ab093',  '9d1cec96-cc52-418c-95ff-92d731c12ae2', , TRUE, NOW(), NOW()),
('23f2d1ef-25c3-46cc-aab1-500e2eec343a',  '9d1cec96-cc52-418c-95ff-92d731c12ae2', , TRUE, NOW(), NOW()),
('5cb62b9f-0f02-48c9-9441-52420f331799',  '9d1cec96-cc52-418c-95ff-92d731c12ae2', , TRUE, NOW(), NOW()),
('fc988730-138e-4042-b9f9-39fc67aa39d3', '9d1cec96-cc52-418c-95ff-92d731c12ae2', TRUE, NOW(), NOW()),
('fc988730-138e-4042-b9f9-39fc67aa39d3', 'Unknown', FALSE, NOW(), NOW()),
('e6b7ed01-c901-4735-8d33-ec83dfc31220',  '9d1cec96-cc52-418c-95ff-92d731c12ae2', , TRUE, NOW(), NOW()),
('6af6802d-2d8a-4435-b3a2-8ac139683914',  '9d1cec96-cc52-418c-95ff-92d731c12ae2', , TRUE, NOW(), NOW()),
('1bd901a7-c144-4647-9904-48fe059ad7a1', '9d1cec96-cc52-418c-95ff-92d731c12ae2', TRUE, NOW(), NOW()),
('1bd901a7-c144-4647-9904-48fe059ad7a1', 'Unknown', FALSE, NOW(), NOW()),
('a9336613-1f21-4c38-ba4c-b2c775981b81',  '9d1cec96-cc52-418c-95ff-92d731c12ae2', , TRUE, NOW(), NOW()),
('37b974bd-083d-49f4-91dd-a5c3a3660696',  '9d1cec96-cc52-418c-95ff-92d731c12ae2', , TRUE, NOW(), NOW()),
('046a82be-0481-419b-a75e-b38a166a0c3f',  '9d1cec96-cc52-418c-95ff-92d731c12ae2', , TRUE, NOW(), NOW()),
('1cf9e4d1-7bae-4f00-89b5-098410a3ac18',  '9d1cec96-cc52-418c-95ff-92d731c12ae2', , TRUE, NOW(), NOW()),
('88ccef78-1f4f-4bcf-8704-24ad40bd951a',  '9d1cec96-cc52-418c-95ff-92d731c12ae2', , TRUE, NOW(), NOW()),
('bfa90a85-e71b-40b6-9384-0f2bb9a9d730',  '9d1cec96-cc52-418c-95ff-92d731c12ae2', , TRUE, NOW(), NOW()),
('f5aaf78f-b867-4309-9d2f-ba1eb77823ab',  '9d1cec96-cc52-418c-95ff-92d731c12ae2', , TRUE, NOW(), NOW()),
('ddc56477-5f13-48db-acd0-c0cdfd2edf51',  '9d1cec96-cc52-418c-95ff-92d731c12ae2', , TRUE, NOW(), NOW()),
('f6dda430-ce53-4e52-bac6-dc84c1a9b5c3',  '9d1cec96-cc52-418c-95ff-92d731c12ae2', , TRUE, NOW(), NOW()),
('c3305815-b354-47d6-b174-3daf002512e2',  '9d1cec96-cc52-418c-95ff-92d731c12ae2', , TRUE, NOW(), NOW()),
('4727c0ba-aec2-40ed-b55e-32603c05735b', '9d1cec96-cc52-418c-95ff-92d731c12ae2', TRUE, NOW(), NOW()),
('4727c0ba-aec2-40ed-b55e-32603c05735b', 'Unknown', FALSE, NOW(), NOW()),
('d312929e-d6ac-4cea-968f-e3ce2192546d', '9d1cec96-cc52-418c-95ff-92d731c12ae2', TRUE, NOW(), NOW()),
('d312929e-d6ac-4cea-968f-e3ce2192546d', 'Unknown', FALSE, NOW(), NOW()),
('06ce3b9a-7d72-4cfe-9643-f86c6d2ec933',  '9d1cec96-cc52-418c-95ff-92d731c12ae2', , TRUE, NOW(), NOW()),
('18099f16-79a1-445b-9b93-dee542eaffb2', '9d1cec96-cc52-418c-95ff-92d731c12ae2', TRUE, NOW(), NOW()),
('18099f16-79a1-445b-9b93-dee542eaffb2', '3a40a13d-2d8d-4579-bd1d-1999ca739671', FALSE, NOW(), NOW()),
('b4e14b0d-f664-4551-b440-561b1e179ee0',  '9d1cec96-cc52-418c-95ff-92d731c12ae2', , TRUE, NOW(), NOW()),
('e18edcfa-2978-473a-b3ef-7bd62135d8d0',  '9d1cec96-cc52-418c-95ff-92d731c12ae2', , TRUE, NOW(), NOW()),
('dedc4e72-859b-4905-b0d7-5b19ce96e539',  '9d1cec96-cc52-418c-95ff-92d731c12ae2', , TRUE, NOW(), NOW()),
('0b5b8ee4-7dc2-4206-b1a5-5a404f3b254c',  '9d1cec96-cc52-418c-95ff-92d731c12ae2', , TRUE, NOW(), NOW()),
('df01089a-8c9b-4c83-b878-ee1db4d6e3c0',  '9d1cec96-cc52-418c-95ff-92d731c12ae2', , TRUE, NOW(), NOW()),
('f92bfce6-5183-4d5b-a5fc-9d2bfff0d338',  '9d1cec96-cc52-418c-95ff-92d731c12ae2', , TRUE, NOW(), NOW());







--------------------NooPhuocThinh



INSERT INTO "Album" ("albumId",  "title", "releaseDate", "albumType", "createdAt", "updatedAt") VALUES
('db8b4968-ba0e-4d19-bad1-6c1e389f4c89', 'Đêm nhạc Love Songs', '2018-01-01', 'album', NOW(), NOW()),
('c9cb249b-d2ff-4e0b-80c8-80e596a4b2ad', 'Hành Trình Trở Thành Quán Quân Hòa Âm Ánh Sáng Của Team Noo Phước Thịnh', '2016-04-06', 'album', NOW(), NOW()),
('65db6c4b-0575-4e0f-b046-7b07c168ee46', 'Em', '2012-11-24', 'album', NOW(), NOW()),
('7fe2e4be-f61e-4996-9280-cd2e4d3154e7', 'Lạc Bước Trong Đêm', '2011-11-21', 'album', NOW(), NOW()),
('06feb65b-17de-459c-ad21-071d0fbad1b2', 'Ba Chấm', '2010-03-09', 'album', NOW(), NOW()),
('96353cdc-011c-46f6-8686-b3cebe0b144d', 'Tự Nguyện - Live', '2024-08-18', 'single', NOW(), NOW()),
('52e569f2-8cc9-409a-aa70-7e8647098e70', 'ĐÙA ANH ĐAU ĐẤY MASHUP - Live', '2024-08-16', 'single', NOW(), NOW()),
('1b9aa3fa-2f13-4d1a-baa1-ae96b9d47cc6', 'Đùa Anh Đau Đấy', '2024-07-16', 'single', NOW(), NOW()),
('b5181420-b873-479e-8747-448a01bebcf3', 'Ai Chung Tình Bằng Cô Đơn - Trung Ngon Remix', '2023-08-28', 'single', NOW(), NOW()),
('30f6b851-6ab2-4fa7-8f75-54f0117bccb4', 'B52', '2023-06-15', 'single', NOW(), NOW()),
('bbf74607-7f47-491f-96fb-84e417f8861f', 'Ai Chung Tình Bằng Cô Đơn', '2023-05-23', 'single', NOW(), NOW()),
('0434d984-0c8c-4398-bf2f-a07d24db2ae0', 'Noo's Chill Night 3 - Bức Thư Tình Đầu Tiên (Live Version)', '2022-07-20', 'single', NOW(), NOW()),
('8209f48d-268d-4695-9a4a-526079d33c62', 'Noo's Chill Night 3 - Mất Cả Thế Giới (Live Version)', '2022-07-11', 'single', NOW(), NOW()),
('80d97b23-fcd1-44e7-ad6c-7855cf01b054', 'Những Ngày Xuân Rực Rỡ', '2022-07-05', 'single', NOW(), NOW()),
('0c39f7bc-d088-4b3b-95ba-cf135f647541', 'Cause I Love You', '2022-07-05', 'single', NOW(), NOW()),
('fc2eb370-1003-4403-b26a-a85dfeea7df4', 'Noo's Chill Night Ep3 - Chạm Khẽ Tim Anh Một Chút Thôi (Live Version)', '2022-05-14', 'single', NOW(), NOW()),
('ea227c4c-bc83-4642-b00c-671c4eeb5c81', 'Noo's Chill Night ep 3 - Dòng Thời Gian (Live Version)', '2022-05-02', 'single', NOW(), NOW()),
('67fef156-a272-4533-8663-77b2504cb2cf', 'Yêu Một Người Sao Buồn Đến Thế', '2020-10-27', 'single', NOW(), NOW()),
('909bd7ee-e1de-4024-ae11-83a87e359f60', 'Em Đã Thương Người Ta Hơn Anh (Beat)', '2020-09-09', 'single', NOW(), NOW()),
('cd679e41-e892-4a2c-b49f-a2dc66e68782', 'Em Đã Thương Người Ta Hơn Anh', '2020-09-09', 'single', NOW(), NOW()),
('3b170ac0-0835-4d96-ae1e-d06070a1844d', 'Thank You - Những Chiến Binh Thầm Lặng', '2020-04-13', 'ep', NOW(), NOW()),
('d4c01ebe-7700-4f81-8b2a-635a32f89f4d', 'I'm Still Loving You', '2019-11-13', 'single', NOW(), NOW()),
('5d5190c2-12fa-4ebe-85af-c7215cddea78', 'Ba Chấm', '2019-05-30', 'ep', NOW(), NOW()),
('587d9a2f-afc1-4b9c-b35b-67baa8c3c03d', 'Phút Giây Gần Kề', '2019-02-13', 'single', NOW(), NOW()),
('fcd74ce6-8978-4c34-bc1a-6546c658f955', 'Gọi Tên Mùa Xuân', '2019-01-21', 'single', NOW(), NOW()),
('2058bc4a-b4c6-4471-a686-a4b01fcf5cb0', 'Dấu Yêu Một Thời', '2019-01-20', 'single', NOW(), NOW()),
('21ed230a-74e5-4fb2-bdc5-44f04d6e1ec4', 'Thương Em Là Điều Anh Không Thể Ngờ', '2018-12-18', 'single', NOW(), NOW()),
('70a5a8dc-bb66-462a-8736-14cdc6614066', 'Những Kẻ Mộng Mơ', '2018-10-19', 'single', NOW(), NOW()),
('ecc8a8c5-b869-4b36-b4c3-08e97db2a80e', 'Tình Như Chocopie', '2018-05-28', 'single', NOW(), NOW()),
('05bf15e1-44db-4482-909c-815f927835fb', 'Mình Anh (feat. Nguyễn Hoàng Duy)', '2017-12-04', 'single', NOW(), NOW()),
('70cf5021-6620-422f-b2e4-7c98adb119d0', 'Lost', '2017-12-04', 'ep', NOW(), NOW()),
('a52e8fde-2218-4579-83df-b7cf6f1bf7ec', 'Yes I Love You', '2017-07-28', 'single', NOW(), NOW()),
('c5cafb3b-8f5a-47e7-9502-25b6684e5e24', 'Dream Team (feat. Anh Đạt, Hiền Mai, Anh Phong, Han Sara, Lương Minh Trí & Thanh Nga)', '2017-06-20', 'single', NOW(), NOW()),
('51445255-23af-4932-9517-e879ba684a99', 'Thương Mấy Cũng Là Người Dưng', '2017-03-28', 'ep', NOW(), NOW()),
('bb41d83b-2f57-4100-a417-45eb356f26c9', 'Lặng Thầm (SlimV Mix)', '2017-03-22', 'ep', NOW(), NOW()),
('1622838d-1bd2-46c8-bb21-a4fd6d060eb4', 'Lạc Bước Trong Đêm', '2017-03-21', 'single', NOW(), NOW()),
('116fde15-1dd4-4192-a338-f9f65f4e6411', 'Hạnh Phúc Xuân Ngời', '2017-01-19', 'single', NOW(), NOW()),
('d614b909-3038-4b5e-a3f2-daf2b20ad94c', 'Mình Thích Thì Mình Yêu Thôi (feat.Hồ Ngọc Hà )', '2017-01-18', 'single', NOW(), NOW()),
('37fc16b2-88d7-4109-88e7-34a12a6eac96', 'I Don't Believe in You (feat. Basick)', '2017-01-10', 'single', NOW(), NOW()),
('1a7b7008-20e8-4727-b156-92890fe44549', 'Dòng thời gian (Live)', '2017', 'single', NOW(), NOW()),
('1f15cb68-5e9b-49ab-8090-dcd3db676e4f', 'Những Ngày Xuân Rực Rỡ', '2016-12-29', 'single', NOW(), NOW()),
('a37f1868-6401-49c1-bc98-6040af9218ed', 'Như Phút Ban Đầu', '2016-09-19', 'single', NOW(), NOW()),
('dca84e70-d17b-4603-bbb0-ba55dc068be8', 'Cause I Love You', '2016-03-23', 'ep', NOW(), NOW()),
('bbd16e0d-daa2-46bb-b934-3e3dd56f62fe', 'Really Love You', '2016-03-02', 'single', NOW(), NOW()),
('45a5ad10-9685-46b7-a96f-61a929962d0d', 'Như Vậy Mãi Thôi', '2016-02-06', 'ep', NOW(), NOW()),
('3d63ab12-3350-41c9-ac35-190e0bb6b7ff', 'Đừng Nhìn Lại', '2015-07-10', 'ep', NOW(), NOW()),
('1e669378-1b2e-42ac-856e-8a9f4117ad4f', 'Đổi Thay', '2015-07-10', 'ep', NOW(), NOW()),
('839b16a2-012e-44a8-bfed-77c5a24c7d1c', 'Tìm Em Trong Ký Ức', '2015-07-10', 'ep', NOW(), NOW()),
('81783e35-87a1-491c-b98e-d74ed4fb481e', 'Em Đi Tìm Anh', '2015-05-17', 'single', NOW(), NOW()),
('40648786-7dc4-4df8-93de-1ff68411c144', 'Ước Mơ Tôi', '2015-03-21', 'ep', NOW(), NOW()),
('69fa3cfa-6ee3-4c74-9f03-8188d13afd6d', 'Em', '2015-01-10', 'ep', NOW(), NOW()),
('56d68057-c9d5-4ed3-ac73-f74922bd369a', 'Merino Icecream Land', '2014-11-13', 'single', NOW(), NOW()),
('e2756c57-f0c2-4315-954e-492b4a044c61', 'Mãi Mãi Bên Nhau', '2014-10-21', 'ep', NOW(), NOW()),
('8fffbbf5-b717-470e-b146-e511b8e8e8a1', 'Đừng Nhìn Lại', '2014-08-31', 'ep', NOW(), NOW()),
('cd6b8ccb-4473-4118-997a-82da858438ac', 'Gạt Đi Nước Mắt', '2014-08-27', 'ep', NOW(), NOW()),
('112b6bba-4bb1-42a0-a813-253515955457', 'Mashup Mãi mãi bên nhau / Như phút ban đầu (Live)', '2014', 'single', NOW(), NOW()),
('309a9756-72d7-4b05-b686-3fd8170397f3', 'Em Sẽ Hạnh Phúc', '2013-09-11', 'ep', NOW(), NOW()),
('dafdfcf5-4ef7-4725-94c9-3f87741e7c9e', 'Tìm Em Trong Ký Ức', '2013-06-30', 'ep', NOW(), NOW()),
('37e16418-077c-4b99-a302-83cda9182a29', 'Chờ Ngày Mưa Tan', '2013-01-20', 'ep', NOW(), NOW()),
('9e55de7f-00f9-4ddc-9752-5a5981c6f108', 'Chờ Ngày Mưa Tan', '2012-11-24', 'ep', NOW(), NOW()),
('3dcccd79-6d79-4b26-b043-af273772b67c', 'Xin Lỗi Em', '2012-07-13', 'single', NOW(), NOW()),
('497bc93f-e90f-45cc-9275-f5b1d3c57306', 'Nỗi Nhớ Đầy Vơi', '2011-04-29', 'ep', NOW(), NOW()),
('7028b7a3-e0b0-4bbf-9943-7bc6a0e3b6e6', 'Đổi Thay', '2010', 'ep', NOW(), NOW()),
('2aa68a56-1f9b-4a93-bc64-1098515296c3', 'cơn mưa băng giá (Live)', '2006', 'single', NOW(), NOW()),
('78410954-6b71-4505-a0e7-c9072690d7b7', 'Tôi Là Một Ngôi Sao (original)', '0000', 'ep', NOW(), NOW()),
('e2e4607f-371d-4429-bda8-1e71dc64b896', 'Dream Team (original)', '0000', 'single', NOW(), NOW());



INSERT INTO "AlbumImage" ("albumId", "image", "size", "createdAt", "updatedAt") VALUES
('db8b4968-ba0e-4d19-bad1-6c1e389f4c89', '1NvWT1cvDzPC50jolKSda2', 'https://i.scdn.co/image/ab67616d0000b273cdd7caad8dc8c6afa51c4e81', '640', NOW(), NOW()),
('db8b4968-ba0e-4d19-bad1-6c1e389f4c89', '1NvWT1cvDzPC50jolKSda2', 'https://i.scdn.co/image/ab67616d00001e02cdd7caad8dc8c6afa51c4e81', '300', NOW(), NOW()),
('db8b4968-ba0e-4d19-bad1-6c1e389f4c89', '1NvWT1cvDzPC50jolKSda2', 'https://i.scdn.co/image/ab67616d00004851cdd7caad8dc8c6afa51c4e81', '64', NOW(), NOW()),
('c9cb249b-d2ff-4e0b-80c8-80e596a4b2ad', '7iFT7pmjEJNR3LatDvdTVT', 'https://i.scdn.co/image/ab67616d0000b2738ea0619c5ba99589e4fbe05d', '640', NOW(), NOW()),
('c9cb249b-d2ff-4e0b-80c8-80e596a4b2ad', '7iFT7pmjEJNR3LatDvdTVT', 'https://i.scdn.co/image/ab67616d00001e028ea0619c5ba99589e4fbe05d', '300', NOW(), NOW()),
('c9cb249b-d2ff-4e0b-80c8-80e596a4b2ad', '7iFT7pmjEJNR3LatDvdTVT', 'https://i.scdn.co/image/ab67616d000048518ea0619c5ba99589e4fbe05d', '64', NOW(), NOW()),
('65db6c4b-0575-4e0f-b046-7b07c168ee46', '3T8ZPUf9TeOrmcWAxLFaIO', 'https://i.scdn.co/image/ab67616d0000b273519456488628ff3b3590bccb', '640', NOW(), NOW()),
('65db6c4b-0575-4e0f-b046-7b07c168ee46', '3T8ZPUf9TeOrmcWAxLFaIO', 'https://i.scdn.co/image/ab67616d00001e02519456488628ff3b3590bccb', '300', NOW(), NOW()),
('65db6c4b-0575-4e0f-b046-7b07c168ee46', '3T8ZPUf9TeOrmcWAxLFaIO', 'https://i.scdn.co/image/ab67616d00004851519456488628ff3b3590bccb', '64', NOW(), NOW()),
('7fe2e4be-f61e-4996-9280-cd2e4d3154e7', '4u3Cs1VGy13OBOBXc0Z0gV', 'https://i.scdn.co/image/ab67616d0000b273ea0b19f0edfe13e9c8db225e', '640', NOW(), NOW()),
('7fe2e4be-f61e-4996-9280-cd2e4d3154e7', '4u3Cs1VGy13OBOBXc0Z0gV', 'https://i.scdn.co/image/ab67616d00001e02ea0b19f0edfe13e9c8db225e', '300', NOW(), NOW()),
('7fe2e4be-f61e-4996-9280-cd2e4d3154e7', '4u3Cs1VGy13OBOBXc0Z0gV', 'https://i.scdn.co/image/ab67616d00004851ea0b19f0edfe13e9c8db225e', '64', NOW(), NOW()),
('06feb65b-17de-459c-ad21-071d0fbad1b2', '5jl5zw8S82VhuoxwNTlOtJ', 'https://i.scdn.co/image/ab67616d0000b273f32b80e585f8d100303adeb7', '640', NOW(), NOW()),
('06feb65b-17de-459c-ad21-071d0fbad1b2', '5jl5zw8S82VhuoxwNTlOtJ', 'https://i.scdn.co/image/ab67616d00001e02f32b80e585f8d100303adeb7', '300', NOW(), NOW()),
('06feb65b-17de-459c-ad21-071d0fbad1b2', '5jl5zw8S82VhuoxwNTlOtJ', 'https://i.scdn.co/image/ab67616d00004851f32b80e585f8d100303adeb7', '64', NOW(), NOW()),
('96353cdc-011c-46f6-8686-b3cebe0b144d', '4Nz2KAof1A7R5VEpJYId4V', 'https://i.scdn.co/image/ab67616d0000b27357493c2448466319bf7963cf', '640', NOW(), NOW()),
('96353cdc-011c-46f6-8686-b3cebe0b144d', '4Nz2KAof1A7R5VEpJYId4V', 'https://i.scdn.co/image/ab67616d00001e0257493c2448466319bf7963cf', '300', NOW(), NOW()),
('96353cdc-011c-46f6-8686-b3cebe0b144d', '4Nz2KAof1A7R5VEpJYId4V', 'https://i.scdn.co/image/ab67616d0000485157493c2448466319bf7963cf', '64', NOW(), NOW()),
('52e569f2-8cc9-409a-aa70-7e8647098e70', '2LPXUXWOPv5BNUvjuuFReT', 'https://i.scdn.co/image/ab67616d0000b27327bce6d7c44f4589381917b8', '640', NOW(), NOW()),
('52e569f2-8cc9-409a-aa70-7e8647098e70', '2LPXUXWOPv5BNUvjuuFReT', 'https://i.scdn.co/image/ab67616d00001e0227bce6d7c44f4589381917b8', '300', NOW(), NOW()),
('52e569f2-8cc9-409a-aa70-7e8647098e70', '2LPXUXWOPv5BNUvjuuFReT', 'https://i.scdn.co/image/ab67616d0000485127bce6d7c44f4589381917b8', '64', NOW(), NOW()),
('1b9aa3fa-2f13-4d1a-baa1-ae96b9d47cc6', '2AhqPdfQA7XEGinoG2k0jO', 'https://i.scdn.co/image/ab67616d0000b2738ec7e0a96953a18469fc675a', '640', NOW(), NOW()),
('1b9aa3fa-2f13-4d1a-baa1-ae96b9d47cc6', '2AhqPdfQA7XEGinoG2k0jO', 'https://i.scdn.co/image/ab67616d00001e028ec7e0a96953a18469fc675a', '300', NOW(), NOW()),
('1b9aa3fa-2f13-4d1a-baa1-ae96b9d47cc6', '2AhqPdfQA7XEGinoG2k0jO', 'https://i.scdn.co/image/ab67616d000048518ec7e0a96953a18469fc675a', '64', NOW(), NOW()),
('b5181420-b873-479e-8747-448a01bebcf3', '5FTaXcC3EXo46x1RjCiphc', 'https://i.scdn.co/image/ab67616d0000b2732ce10a105ddd4509197bd7d7', '640', NOW(), NOW()),
('b5181420-b873-479e-8747-448a01bebcf3', '5FTaXcC3EXo46x1RjCiphc', 'https://i.scdn.co/image/ab67616d00001e022ce10a105ddd4509197bd7d7', '300', NOW(), NOW()),
('b5181420-b873-479e-8747-448a01bebcf3', '5FTaXcC3EXo46x1RjCiphc', 'https://i.scdn.co/image/ab67616d000048512ce10a105ddd4509197bd7d7', '64', NOW(), NOW()),
('30f6b851-6ab2-4fa7-8f75-54f0117bccb4', '1zSLLgCa6p3EZjnXYEwW2t', 'https://i.scdn.co/image/ab67616d0000b273066a01e64ac08700caec0377', '640', NOW(), NOW()),
('30f6b851-6ab2-4fa7-8f75-54f0117bccb4', '1zSLLgCa6p3EZjnXYEwW2t', 'https://i.scdn.co/image/ab67616d00001e02066a01e64ac08700caec0377', '300', NOW(), NOW()),
('30f6b851-6ab2-4fa7-8f75-54f0117bccb4', '1zSLLgCa6p3EZjnXYEwW2t', 'https://i.scdn.co/image/ab67616d00004851066a01e64ac08700caec0377', '64', NOW(), NOW()),
('bbf74607-7f47-491f-96fb-84e417f8861f', '32k7ieCZfEiZn9SLyjbGc8', 'https://i.scdn.co/image/ab67616d0000b2732054be11208ba3cb9cebf625', '640', NOW(), NOW()),
('bbf74607-7f47-491f-96fb-84e417f8861f', '32k7ieCZfEiZn9SLyjbGc8', 'https://i.scdn.co/image/ab67616d00001e022054be11208ba3cb9cebf625', '300', NOW(), NOW()),
('bbf74607-7f47-491f-96fb-84e417f8861f', '32k7ieCZfEiZn9SLyjbGc8', 'https://i.scdn.co/image/ab67616d000048512054be11208ba3cb9cebf625', '64', NOW(), NOW()),
('0434d984-0c8c-4398-bf2f-a07d24db2ae0', '2yylgA8tQrDG8lmjpQQ6ON', 'https://i.scdn.co/image/ab67616d0000b273ed643180191f80e067c0e98b', '640', NOW(), NOW()),
('0434d984-0c8c-4398-bf2f-a07d24db2ae0', '2yylgA8tQrDG8lmjpQQ6ON', 'https://i.scdn.co/image/ab67616d00001e02ed643180191f80e067c0e98b', '300', NOW(), NOW()),
('0434d984-0c8c-4398-bf2f-a07d24db2ae0', '2yylgA8tQrDG8lmjpQQ6ON', 'https://i.scdn.co/image/ab67616d00004851ed643180191f80e067c0e98b', '64', NOW(), NOW()),
('8209f48d-268d-4695-9a4a-526079d33c62', '0E6ugdg4hfhp2ojv4QSGpk', 'https://i.scdn.co/image/ab67616d0000b27343746147562a3710b97d0e7b', '640', NOW(), NOW()),
('8209f48d-268d-4695-9a4a-526079d33c62', '0E6ugdg4hfhp2ojv4QSGpk', 'https://i.scdn.co/image/ab67616d00001e0243746147562a3710b97d0e7b', '300', NOW(), NOW()),
('8209f48d-268d-4695-9a4a-526079d33c62', '0E6ugdg4hfhp2ojv4QSGpk', 'https://i.scdn.co/image/ab67616d0000485143746147562a3710b97d0e7b', '64', NOW(), NOW()),
('80d97b23-fcd1-44e7-ad6c-7855cf01b054', '43uzHZESNflTGutleG6iQS', 'https://i.scdn.co/image/ab67616d0000b27348a9b05040e4b156ef2cbc04', '640', NOW(), NOW()),
('80d97b23-fcd1-44e7-ad6c-7855cf01b054', '43uzHZESNflTGutleG6iQS', 'https://i.scdn.co/image/ab67616d00001e0248a9b05040e4b156ef2cbc04', '300', NOW(), NOW()),
('80d97b23-fcd1-44e7-ad6c-7855cf01b054', '43uzHZESNflTGutleG6iQS', 'https://i.scdn.co/image/ab67616d0000485148a9b05040e4b156ef2cbc04', '64', NOW(), NOW()),
('0c39f7bc-d088-4b3b-95ba-cf135f647541', '3C8qAuPZsI6wGKikUbGDr0', 'https://i.scdn.co/image/ab67616d0000b2734b035ec85a23c59b1e4b997e', '640', NOW(), NOW()),
('0c39f7bc-d088-4b3b-95ba-cf135f647541', '3C8qAuPZsI6wGKikUbGDr0', 'https://i.scdn.co/image/ab67616d00001e024b035ec85a23c59b1e4b997e', '300', NOW(), NOW()),
('0c39f7bc-d088-4b3b-95ba-cf135f647541', '3C8qAuPZsI6wGKikUbGDr0', 'https://i.scdn.co/image/ab67616d000048514b035ec85a23c59b1e4b997e', '64', NOW(), NOW()),
('fc2eb370-1003-4403-b26a-a85dfeea7df4', '6RK19YumoTeOSB4oOFURXr', 'https://i.scdn.co/image/ab67616d0000b27355ac3206384dbb0cb7bffd2a', '640', NOW(), NOW()),
('fc2eb370-1003-4403-b26a-a85dfeea7df4', '6RK19YumoTeOSB4oOFURXr', 'https://i.scdn.co/image/ab67616d00001e0255ac3206384dbb0cb7bffd2a', '300', NOW(), NOW()),
('fc2eb370-1003-4403-b26a-a85dfeea7df4', '6RK19YumoTeOSB4oOFURXr', 'https://i.scdn.co/image/ab67616d0000485155ac3206384dbb0cb7bffd2a', '64', NOW(), NOW()),
('ea227c4c-bc83-4642-b00c-671c4eeb5c81', '0vFr3gOScocWkYpEFUwkUi', 'https://i.scdn.co/image/ab67616d0000b273841c137f6eaf6f3f7d39a606', '640', NOW(), NOW()),
('ea227c4c-bc83-4642-b00c-671c4eeb5c81', '0vFr3gOScocWkYpEFUwkUi', 'https://i.scdn.co/image/ab67616d00001e02841c137f6eaf6f3f7d39a606', '300', NOW(), NOW()),
('ea227c4c-bc83-4642-b00c-671c4eeb5c81', '0vFr3gOScocWkYpEFUwkUi', 'https://i.scdn.co/image/ab67616d00004851841c137f6eaf6f3f7d39a606', '64', NOW(), NOW()),
('67fef156-a272-4533-8663-77b2504cb2cf', '0WnRQfUhXt6eQ1y6elEhSL', 'https://i.scdn.co/image/ab67616d0000b273ba41d3addc297d765bd337eb', '640', NOW(), NOW()),
('67fef156-a272-4533-8663-77b2504cb2cf', '0WnRQfUhXt6eQ1y6elEhSL', 'https://i.scdn.co/image/ab67616d00001e02ba41d3addc297d765bd337eb', '300', NOW(), NOW()),
('67fef156-a272-4533-8663-77b2504cb2cf', '0WnRQfUhXt6eQ1y6elEhSL', 'https://i.scdn.co/image/ab67616d00004851ba41d3addc297d765bd337eb', '64', NOW(), NOW()),
('909bd7ee-e1de-4024-ae11-83a87e359f60', '4HLunjfLONnANDcXuFkB5e', 'https://i.scdn.co/image/ab67616d0000b273818cbb55fedd72dbd1a3daf5', '640', NOW(), NOW()),
('909bd7ee-e1de-4024-ae11-83a87e359f60', '4HLunjfLONnANDcXuFkB5e', 'https://i.scdn.co/image/ab67616d00001e02818cbb55fedd72dbd1a3daf5', '300', NOW(), NOW()),
('909bd7ee-e1de-4024-ae11-83a87e359f60', '4HLunjfLONnANDcXuFkB5e', 'https://i.scdn.co/image/ab67616d00004851818cbb55fedd72dbd1a3daf5', '64', NOW(), NOW()),
('cd679e41-e892-4a2c-b49f-a2dc66e68782', '0uDIUOZeIyQuyEvTx5YG7Z', 'https://i.scdn.co/image/ab67616d0000b2739c9bfa3c3ffdbe7b8cf35c1f', '640', NOW(), NOW()),
('cd679e41-e892-4a2c-b49f-a2dc66e68782', '0uDIUOZeIyQuyEvTx5YG7Z', 'https://i.scdn.co/image/ab67616d00001e029c9bfa3c3ffdbe7b8cf35c1f', '300', NOW(), NOW()),
('cd679e41-e892-4a2c-b49f-a2dc66e68782', '0uDIUOZeIyQuyEvTx5YG7Z', 'https://i.scdn.co/image/ab67616d000048519c9bfa3c3ffdbe7b8cf35c1f', '64', NOW(), NOW()),
('3b170ac0-0835-4d96-ae1e-d06070a1844d', '6cyc0Kz21VvLoEDFZm2xkR', 'https://i.scdn.co/image/ab67616d0000b27305d668f65cc17df65bf9b6d4', '640', NOW(), NOW()),
('3b170ac0-0835-4d96-ae1e-d06070a1844d', '6cyc0Kz21VvLoEDFZm2xkR', 'https://i.scdn.co/image/ab67616d00001e0205d668f65cc17df65bf9b6d4', '300', NOW(), NOW()),
('3b170ac0-0835-4d96-ae1e-d06070a1844d', '6cyc0Kz21VvLoEDFZm2xkR', 'https://i.scdn.co/image/ab67616d0000485105d668f65cc17df65bf9b6d4', '64', NOW(), NOW()),
('d4c01ebe-7700-4f81-8b2a-635a32f89f4d', '6wZxv5CPGht9CrdHgcJrqW', 'https://i.scdn.co/image/ab67616d0000b273075f382f849f8a7f84a5bff9', '640', NOW(), NOW()),
('d4c01ebe-7700-4f81-8b2a-635a32f89f4d', '6wZxv5CPGht9CrdHgcJrqW', 'https://i.scdn.co/image/ab67616d00001e02075f382f849f8a7f84a5bff9', '300', NOW(), NOW()),
('d4c01ebe-7700-4f81-8b2a-635a32f89f4d', '6wZxv5CPGht9CrdHgcJrqW', 'https://i.scdn.co/image/ab67616d00004851075f382f849f8a7f84a5bff9', '64', NOW(), NOW()),
('5d5190c2-12fa-4ebe-85af-c7215cddea78', '5kte4ZVjac9jtxbLE4rj8K', 'https://i.scdn.co/image/ab67616d0000b2735ab7c5698ee563831026dcfa', '640', NOW(), NOW()),
('5d5190c2-12fa-4ebe-85af-c7215cddea78', '5kte4ZVjac9jtxbLE4rj8K', 'https://i.scdn.co/image/ab67616d00001e025ab7c5698ee563831026dcfa', '300', NOW(), NOW()),
('5d5190c2-12fa-4ebe-85af-c7215cddea78', '5kte4ZVjac9jtxbLE4rj8K', 'https://i.scdn.co/image/ab67616d000048515ab7c5698ee563831026dcfa', '64', NOW(), NOW()),
('587d9a2f-afc1-4b9c-b35b-67baa8c3c03d', '40m6Hfc5NUHaHEp4AmPrg1', 'https://i.scdn.co/image/ab67616d0000b27343c3bb2f67484ef872f0cd23', '640', NOW(), NOW()),
('587d9a2f-afc1-4b9c-b35b-67baa8c3c03d', '40m6Hfc5NUHaHEp4AmPrg1', 'https://i.scdn.co/image/ab67616d00001e0243c3bb2f67484ef872f0cd23', '300', NOW(), NOW()),
('587d9a2f-afc1-4b9c-b35b-67baa8c3c03d', '40m6Hfc5NUHaHEp4AmPrg1', 'https://i.scdn.co/image/ab67616d0000485143c3bb2f67484ef872f0cd23', '64', NOW(), NOW()),
('fcd74ce6-8978-4c34-bc1a-6546c658f955', '0NnemcLXpDHrjGp0eVIcka', 'https://i.scdn.co/image/ab67616d0000b2731f023fc106426cdbdb4d2b01', '640', NOW(), NOW()),
('fcd74ce6-8978-4c34-bc1a-6546c658f955', '0NnemcLXpDHrjGp0eVIcka', 'https://i.scdn.co/image/ab67616d00001e021f023fc106426cdbdb4d2b01', '300', NOW(), NOW()),
('fcd74ce6-8978-4c34-bc1a-6546c658f955', '0NnemcLXpDHrjGp0eVIcka', 'https://i.scdn.co/image/ab67616d000048511f023fc106426cdbdb4d2b01', '64', NOW(), NOW()),
('2058bc4a-b4c6-4471-a686-a4b01fcf5cb0', '4TbIK6Kh0Hq6UyIZqd1Zl4', 'https://i.scdn.co/image/ab67616d0000b2738a5ce08082b3cdcccc704c01', '640', NOW(), NOW()),
('2058bc4a-b4c6-4471-a686-a4b01fcf5cb0', '4TbIK6Kh0Hq6UyIZqd1Zl4', 'https://i.scdn.co/image/ab67616d00001e028a5ce08082b3cdcccc704c01', '300', NOW(), NOW()),
('2058bc4a-b4c6-4471-a686-a4b01fcf5cb0', '4TbIK6Kh0Hq6UyIZqd1Zl4', 'https://i.scdn.co/image/ab67616d000048518a5ce08082b3cdcccc704c01', '64', NOW(), NOW()),
('21ed230a-74e5-4fb2-bdc5-44f04d6e1ec4', '6E6cozCOXHgica0Xg0NmoH', 'https://i.scdn.co/image/ab67616d0000b273d695275db90bb8729ede2cef', '640', NOW(), NOW()),
('21ed230a-74e5-4fb2-bdc5-44f04d6e1ec4', '6E6cozCOXHgica0Xg0NmoH', 'https://i.scdn.co/image/ab67616d00001e02d695275db90bb8729ede2cef', '300', NOW(), NOW()),
('21ed230a-74e5-4fb2-bdc5-44f04d6e1ec4', '6E6cozCOXHgica0Xg0NmoH', 'https://i.scdn.co/image/ab67616d00004851d695275db90bb8729ede2cef', '64', NOW(), NOW()),
('70a5a8dc-bb66-462a-8736-14cdc6614066', '2IFL4hMrwB3VmgxcyJRRgx', 'https://i.scdn.co/image/ab67616d0000b273a6bb4f86eb948cdad0de09b8', '640', NOW(), NOW()),
('70a5a8dc-bb66-462a-8736-14cdc6614066', '2IFL4hMrwB3VmgxcyJRRgx', 'https://i.scdn.co/image/ab67616d00001e02a6bb4f86eb948cdad0de09b8', '300', NOW(), NOW()),
('70a5a8dc-bb66-462a-8736-14cdc6614066', '2IFL4hMrwB3VmgxcyJRRgx', 'https://i.scdn.co/image/ab67616d00004851a6bb4f86eb948cdad0de09b8', '64', NOW(), NOW()),
('ecc8a8c5-b869-4b36-b4c3-08e97db2a80e', '4MqDP628kSeAnyCbNLcPhp', 'https://i.scdn.co/image/ab67616d0000b2739dbea4e3b121e4e6c70817c0', '640', NOW(), NOW()),
('ecc8a8c5-b869-4b36-b4c3-08e97db2a80e', '4MqDP628kSeAnyCbNLcPhp', 'https://i.scdn.co/image/ab67616d00001e029dbea4e3b121e4e6c70817c0', '300', NOW(), NOW()),
('ecc8a8c5-b869-4b36-b4c3-08e97db2a80e', '4MqDP628kSeAnyCbNLcPhp', 'https://i.scdn.co/image/ab67616d000048519dbea4e3b121e4e6c70817c0', '64', NOW(), NOW()),
('05bf15e1-44db-4482-909c-815f927835fb', '6gEysrB92v9zwVGECUm6CR', 'https://i.scdn.co/image/ab67616d0000b2730d6dacb5ccd1b6b4987b422f', '640', NOW(), NOW()),
('05bf15e1-44db-4482-909c-815f927835fb', '6gEysrB92v9zwVGECUm6CR', 'https://i.scdn.co/image/ab67616d00001e020d6dacb5ccd1b6b4987b422f', '300', NOW(), NOW()),
('05bf15e1-44db-4482-909c-815f927835fb', '6gEysrB92v9zwVGECUm6CR', 'https://i.scdn.co/image/ab67616d000048510d6dacb5ccd1b6b4987b422f', '64', NOW(), NOW()),
('70cf5021-6620-422f-b2e4-7c98adb119d0', '1Yzfw9VVEn9BoPfPZ63ez8', 'https://i.scdn.co/image/ab67616d0000b273db7fc5765e4b8d6abde608c9', '640', NOW(), NOW()),
('70cf5021-6620-422f-b2e4-7c98adb119d0', '1Yzfw9VVEn9BoPfPZ63ez8', 'https://i.scdn.co/image/ab67616d00001e02db7fc5765e4b8d6abde608c9', '300', NOW(), NOW()),
('70cf5021-6620-422f-b2e4-7c98adb119d0', '1Yzfw9VVEn9BoPfPZ63ez8', 'https://i.scdn.co/image/ab67616d00004851db7fc5765e4b8d6abde608c9', '64', NOW(), NOW()),
('a52e8fde-2218-4579-83df-b7cf6f1bf7ec', '6Bf52VxjMlkbSvJUi7WS6K', 'https://i.scdn.co/image/ab67616d0000b273c583d076d07f9fe4680f50c2', '640', NOW(), NOW()),
('a52e8fde-2218-4579-83df-b7cf6f1bf7ec', '6Bf52VxjMlkbSvJUi7WS6K', 'https://i.scdn.co/image/ab67616d00001e02c583d076d07f9fe4680f50c2', '300', NOW(), NOW()),
('a52e8fde-2218-4579-83df-b7cf6f1bf7ec', '6Bf52VxjMlkbSvJUi7WS6K', 'https://i.scdn.co/image/ab67616d00004851c583d076d07f9fe4680f50c2', '64', NOW(), NOW()),
('c5cafb3b-8f5a-47e7-9502-25b6684e5e24', '6JZd5USp6N9iXBESRquC4i', 'https://i.scdn.co/image/ab67616d0000b27328dd181020f2596bbd8889e2', '640', NOW(), NOW()),
('c5cafb3b-8f5a-47e7-9502-25b6684e5e24', '6JZd5USp6N9iXBESRquC4i', 'https://i.scdn.co/image/ab67616d00001e0228dd181020f2596bbd8889e2', '300', NOW(), NOW()),
('c5cafb3b-8f5a-47e7-9502-25b6684e5e24', '6JZd5USp6N9iXBESRquC4i', 'https://i.scdn.co/image/ab67616d0000485128dd181020f2596bbd8889e2', '64', NOW(), NOW()),
('51445255-23af-4932-9517-e879ba684a99', '4s4mNFfXevQ3FHiKOyJ9RV', 'https://i.scdn.co/image/ab67616d0000b273d8581e4de28c4e1a9b1b0a6a', '640', NOW(), NOW()),
('51445255-23af-4932-9517-e879ba684a99', '4s4mNFfXevQ3FHiKOyJ9RV', 'https://i.scdn.co/image/ab67616d00001e02d8581e4de28c4e1a9b1b0a6a', '300', NOW(), NOW()),
('51445255-23af-4932-9517-e879ba684a99', '4s4mNFfXevQ3FHiKOyJ9RV', 'https://i.scdn.co/image/ab67616d00004851d8581e4de28c4e1a9b1b0a6a', '64', NOW(), NOW()),
('bb41d83b-2f57-4100-a417-45eb356f26c9', '5aIvkDCEZBI6xOOcFIFxmx', 'https://i.scdn.co/image/ab67616d0000b273625a3fcc85a348a4831f345a', '640', NOW(), NOW()),
('bb41d83b-2f57-4100-a417-45eb356f26c9', '5aIvkDCEZBI6xOOcFIFxmx', 'https://i.scdn.co/image/ab67616d00001e02625a3fcc85a348a4831f345a', '300', NOW(), NOW()),
('bb41d83b-2f57-4100-a417-45eb356f26c9', '5aIvkDCEZBI6xOOcFIFxmx', 'https://i.scdn.co/image/ab67616d00004851625a3fcc85a348a4831f345a', '64', NOW(), NOW()),
('1622838d-1bd2-46c8-bb21-a4fd6d060eb4', '3H0VW0JtOUxf1ycshiodm7', 'https://i.scdn.co/image/ab67616d0000b273f899d808931dc90aa665c59e', '640', NOW(), NOW()),
('1622838d-1bd2-46c8-bb21-a4fd6d060eb4', '3H0VW0JtOUxf1ycshiodm7', 'https://i.scdn.co/image/ab67616d00001e02f899d808931dc90aa665c59e', '300', NOW(), NOW()),
('1622838d-1bd2-46c8-bb21-a4fd6d060eb4', '3H0VW0JtOUxf1ycshiodm7', 'https://i.scdn.co/image/ab67616d00004851f899d808931dc90aa665c59e', '64', NOW(), NOW()),
('116fde15-1dd4-4192-a338-f9f65f4e6411', '0IepIa89MUjamb63yJ17kI', 'https://i.scdn.co/image/ab67616d0000b27339135cdd017bd6ba974064d1', '640', NOW(), NOW()),
('116fde15-1dd4-4192-a338-f9f65f4e6411', '0IepIa89MUjamb63yJ17kI', 'https://i.scdn.co/image/ab67616d00001e0239135cdd017bd6ba974064d1', '300', NOW(), NOW()),
('116fde15-1dd4-4192-a338-f9f65f4e6411', '0IepIa89MUjamb63yJ17kI', 'https://i.scdn.co/image/ab67616d0000485139135cdd017bd6ba974064d1', '64', NOW(), NOW()),
('d614b909-3038-4b5e-a3f2-daf2b20ad94c', '3BjW3BADvMeBXApPqfx3en', 'https://i.scdn.co/image/ab67616d0000b273d1b164533f953f42fd6db561', '640', NOW(), NOW()),
('d614b909-3038-4b5e-a3f2-daf2b20ad94c', '3BjW3BADvMeBXApPqfx3en', 'https://i.scdn.co/image/ab67616d00001e02d1b164533f953f42fd6db561', '300', NOW(), NOW()),
('d614b909-3038-4b5e-a3f2-daf2b20ad94c', '3BjW3BADvMeBXApPqfx3en', 'https://i.scdn.co/image/ab67616d00004851d1b164533f953f42fd6db561', '64', NOW(), NOW()),
('37fc16b2-88d7-4109-88e7-34a12a6eac96', '3EdgzLQdxbsaOPGJqpbuV3', 'https://i.scdn.co/image/ab67616d0000b273979dad9120568fdc044ce499', '640', NOW(), NOW()),
('37fc16b2-88d7-4109-88e7-34a12a6eac96', '3EdgzLQdxbsaOPGJqpbuV3', 'https://i.scdn.co/image/ab67616d00001e02979dad9120568fdc044ce499', '300', NOW(), NOW()),
('37fc16b2-88d7-4109-88e7-34a12a6eac96', '3EdgzLQdxbsaOPGJqpbuV3', 'https://i.scdn.co/image/ab67616d00004851979dad9120568fdc044ce499', '64', NOW(), NOW()),
('1a7b7008-20e8-4727-b156-92890fe44549', '2vG8a77YT798xlUi1VOhZ3', 'https://i.scdn.co/image/ab67616d0000b27313fe175754c7f08045c9ca33', '640', NOW(), NOW()),
('1a7b7008-20e8-4727-b156-92890fe44549', '2vG8a77YT798xlUi1VOhZ3', 'https://i.scdn.co/image/ab67616d00001e0213fe175754c7f08045c9ca33', '300', NOW(), NOW()),
('1a7b7008-20e8-4727-b156-92890fe44549', '2vG8a77YT798xlUi1VOhZ3', 'https://i.scdn.co/image/ab67616d0000485113fe175754c7f08045c9ca33', '64', NOW(), NOW()),
('1f15cb68-5e9b-49ab-8090-dcd3db676e4f', '3iCsAbUEnJ2jPsynyACx5H', 'https://i.scdn.co/image/ab67616d0000b27358c592ba8950aa509a838fa6', '640', NOW(), NOW()),
('1f15cb68-5e9b-49ab-8090-dcd3db676e4f', '3iCsAbUEnJ2jPsynyACx5H', 'https://i.scdn.co/image/ab67616d00001e0258c592ba8950aa509a838fa6', '300', NOW(), NOW()),
('1f15cb68-5e9b-49ab-8090-dcd3db676e4f', '3iCsAbUEnJ2jPsynyACx5H', 'https://i.scdn.co/image/ab67616d0000485158c592ba8950aa509a838fa6', '64', NOW(), NOW()),
('a37f1868-6401-49c1-bc98-6040af9218ed', '1qdp6T4Ob5haDLVPHm1Dd8', 'https://i.scdn.co/image/ab67616d0000b273488c49f8c776ab106853f58e', '640', NOW(), NOW()),
('a37f1868-6401-49c1-bc98-6040af9218ed', '1qdp6T4Ob5haDLVPHm1Dd8', 'https://i.scdn.co/image/ab67616d00001e02488c49f8c776ab106853f58e', '300', NOW(), NOW()),
('a37f1868-6401-49c1-bc98-6040af9218ed', '1qdp6T4Ob5haDLVPHm1Dd8', 'https://i.scdn.co/image/ab67616d00004851488c49f8c776ab106853f58e', '64', NOW(), NOW()),
('dca84e70-d17b-4603-bbb0-ba55dc068be8', '41sCKMnuyJ1e7IzgG93cVt', 'https://i.scdn.co/image/ab67616d0000b273100e0fb26ce43fd0e879911c', '640', NOW(), NOW()),
('dca84e70-d17b-4603-bbb0-ba55dc068be8', '41sCKMnuyJ1e7IzgG93cVt', 'https://i.scdn.co/image/ab67616d00001e02100e0fb26ce43fd0e879911c', '300', NOW(), NOW()),
('dca84e70-d17b-4603-bbb0-ba55dc068be8', '41sCKMnuyJ1e7IzgG93cVt', 'https://i.scdn.co/image/ab67616d00004851100e0fb26ce43fd0e879911c', '64', NOW(), NOW()),
('bbd16e0d-daa2-46bb-b934-3e3dd56f62fe', '4keXUdfAh4tP5AzUg8FANj', 'https://i.scdn.co/image/ab67616d0000b273022e02ff3a56b7d9af7f8d79', '640', NOW(), NOW()),
('bbd16e0d-daa2-46bb-b934-3e3dd56f62fe', '4keXUdfAh4tP5AzUg8FANj', 'https://i.scdn.co/image/ab67616d00001e02022e02ff3a56b7d9af7f8d79', '300', NOW(), NOW()),
('bbd16e0d-daa2-46bb-b934-3e3dd56f62fe', '4keXUdfAh4tP5AzUg8FANj', 'https://i.scdn.co/image/ab67616d00004851022e02ff3a56b7d9af7f8d79', '64', NOW(), NOW()),
('45a5ad10-9685-46b7-a96f-61a929962d0d', '4DbTcun6ZpZN7uXJRmd9Tz', 'https://i.scdn.co/image/ab67616d0000b273a4fe787c7715c91b3da66c21', '640', NOW(), NOW()),
('45a5ad10-9685-46b7-a96f-61a929962d0d', '4DbTcun6ZpZN7uXJRmd9Tz', 'https://i.scdn.co/image/ab67616d00001e02a4fe787c7715c91b3da66c21', '300', NOW(), NOW()),
('45a5ad10-9685-46b7-a96f-61a929962d0d', '4DbTcun6ZpZN7uXJRmd9Tz', 'https://i.scdn.co/image/ab67616d00004851a4fe787c7715c91b3da66c21', '64', NOW(), NOW()),
('3d63ab12-3350-41c9-ac35-190e0bb6b7ff', '09lCWKmeDqMupz4Q7SX06X', 'https://i.scdn.co/image/ab67616d0000b2731c7336df97e3521cf06ded04', '640', NOW(), NOW()),
('3d63ab12-3350-41c9-ac35-190e0bb6b7ff', '09lCWKmeDqMupz4Q7SX06X', 'https://i.scdn.co/image/ab67616d00001e021c7336df97e3521cf06ded04', '300', NOW(), NOW()),
('3d63ab12-3350-41c9-ac35-190e0bb6b7ff', '09lCWKmeDqMupz4Q7SX06X', 'https://i.scdn.co/image/ab67616d000048511c7336df97e3521cf06ded04', '64', NOW(), NOW()),
('1e669378-1b2e-42ac-856e-8a9f4117ad4f', '3UsQHPAEe7RNSuxsSDXUVR', 'https://i.scdn.co/image/ab67616d0000b273be3a4ca848c7f860a63de06b', '640', NOW(), NOW()),
('1e669378-1b2e-42ac-856e-8a9f4117ad4f', '3UsQHPAEe7RNSuxsSDXUVR', 'https://i.scdn.co/image/ab67616d00001e02be3a4ca848c7f860a63de06b', '300', NOW(), NOW()),
('1e669378-1b2e-42ac-856e-8a9f4117ad4f', '3UsQHPAEe7RNSuxsSDXUVR', 'https://i.scdn.co/image/ab67616d00004851be3a4ca848c7f860a63de06b', '64', NOW(), NOW()),
('839b16a2-012e-44a8-bfed-77c5a24c7d1c', '39qoXAg9WpzLqLuwPaD3lQ', 'https://i.scdn.co/image/ab67616d0000b2734ab5dfa56ce3887584d44831', '640', NOW(), NOW()),
('839b16a2-012e-44a8-bfed-77c5a24c7d1c', '39qoXAg9WpzLqLuwPaD3lQ', 'https://i.scdn.co/image/ab67616d00001e024ab5dfa56ce3887584d44831', '300', NOW(), NOW()),
('839b16a2-012e-44a8-bfed-77c5a24c7d1c', '39qoXAg9WpzLqLuwPaD3lQ', 'https://i.scdn.co/image/ab67616d000048514ab5dfa56ce3887584d44831', '64', NOW(), NOW()),
('81783e35-87a1-491c-b98e-d74ed4fb481e', '7rON9pk1quM9NFqo3RraBr', 'https://i.scdn.co/image/ab67616d0000b2735e75d3c6e6361b6104cd8b4d', '640', NOW(), NOW()),
('81783e35-87a1-491c-b98e-d74ed4fb481e', '7rON9pk1quM9NFqo3RraBr', 'https://i.scdn.co/image/ab67616d00001e025e75d3c6e6361b6104cd8b4d', '300', NOW(), NOW()),
('81783e35-87a1-491c-b98e-d74ed4fb481e', '7rON9pk1quM9NFqo3RraBr', 'https://i.scdn.co/image/ab67616d000048515e75d3c6e6361b6104cd8b4d', '64', NOW(), NOW()),
('40648786-7dc4-4df8-93de-1ff68411c144', '3ph1mKcc1Odpk6P2E6LZVA', 'https://i.scdn.co/image/ab67616d0000b2731aab77bd012a593da03bb74b', '640', NOW(), NOW()),
('40648786-7dc4-4df8-93de-1ff68411c144', '3ph1mKcc1Odpk6P2E6LZVA', 'https://i.scdn.co/image/ab67616d00001e021aab77bd012a593da03bb74b', '300', NOW(), NOW()),
('40648786-7dc4-4df8-93de-1ff68411c144', '3ph1mKcc1Odpk6P2E6LZVA', 'https://i.scdn.co/image/ab67616d000048511aab77bd012a593da03bb74b', '64', NOW(), NOW()),
('69fa3cfa-6ee3-4c74-9f03-8188d13afd6d', '6FJh4Rp984rsK7GPofSH4F', 'https://i.scdn.co/image/ab67616d0000b27350e9887cb08c5e92667c603b', 'Unknown', NOW(), NOW()),
('56d68057-c9d5-4ed3-ac73-f74922bd369a', '30Nyo4lqTYhqoZsfbkIYmF', 'https://i.scdn.co/image/ab67616d0000b273459d8bfefb3c4ddc0b77f54b', 'Unknown', NOW(), NOW()),
('e2756c57-f0c2-4315-954e-492b4a044c61', '0v2o4uUGB3ElQ243YqWRCV', 'https://i.scdn.co/image/ab67616d0000b27311d007bb1ce7a90032b9e6e0', 'Unknown', NOW(), NOW()),
('8fffbbf5-b717-470e-b146-e511b8e8e8a1', '2tufTeCbdBAPPhtzgIpNhl', 'https://i.scdn.co/image/ab67616d0000b273ae2294e105792f17116eb588', 'Unknown', NOW(), NOW()),
('cd6b8ccb-4473-4118-997a-82da858438ac', '0H22DtSin7UH1etDWUmHXk', 'https://i.scdn.co/image/ab67616d0000b27327b11732582fc33ff5893021', 'Unknown', NOW(), NOW()),
('112b6bba-4bb1-42a0-a813-253515955457', '3m5I4A6aRb46tItk08bykt', 'https://i.scdn.co/image/ab67616d0000b27309e29b5b89874271375ed6d7', 'Unknown', NOW(), NOW()),
('309a9756-72d7-4b05-b686-3fd8170397f3', '1saxIIm3rUDxw3OmSVKeyn', 'https://i.scdn.co/image/ab67616d0000b27342c4b8f3104caa57bd2de76f', 'Unknown', NOW(), NOW()),
('dafdfcf5-4ef7-4725-94c9-3f87741e7c9e', '2qEhzkQnMMZknAfUSev46a', 'https://i.scdn.co/image/ab67616d0000b273a2a178bc95723cde246dd103', 'Unknown', NOW(), NOW()),
('37e16418-077c-4b99-a302-83cda9182a29', '0OvUUqxaFa0ExfjkjjR54m', 'https://i.scdn.co/image/ab67616d0000b2735e9a1eff34c63209a831cf41', 'Unknown', NOW(), NOW()),
('9e55de7f-00f9-4ddc-9752-5a5981c6f108', '2OMKgXqzCN2K6y5xaPgqAw', 'https://i.scdn.co/image/ab67616d0000b2739bc3a217e453f55731b9814d', 'Unknown', NOW(), NOW()),
('3dcccd79-6d79-4b26-b043-af273772b67c', '0dcikRLtLBSH1PzQ63oz7f', 'https://i.scdn.co/image/ab67616d0000b273758f6841a4a2d86a4f16e40a', 'Unknown', NOW(), NOW()),
('497bc93f-e90f-45cc-9275-f5b1d3c57306', '4ZAsFEf5sSS6e4OQZF4Wsn', 'https://i.scdn.co/image/ab67616d0000b273b54da29c9574a01cbc1e279f', 'Unknown', NOW(), NOW()),
('7028b7a3-e0b0-4bbf-9943-7bc6a0e3b6e6', '0tVrp9PXRfQh8TlR4R31Od', 'https://i.scdn.co/image/ab67616d0000b27360cc7a4d870aa490db7c1e6a', 'Unknown', NOW(), NOW()),
('2aa68a56-1f9b-4a93-bc64-1098515296c3', '29W5VTA7R3IKIQcZnCuAWq', 'https://i.scdn.co/image/ab67616d0000b273a3af48be414b30ad742a1534', 'Unknown', NOW(), NOW()),
('78410954-6b71-4505-a0e7-c9072690d7b7', '2dJZJUMbb2qEzgK8hUnPgv', 'https://i.scdn.co/image/ab67616d0000b2730e80c464fbec55d2c2bdd3d9', 'Unknown', NOW(), NOW()),
('e2e4607f-371d-4429-bda8-1e71dc64b896', '1mpAJLSPGLFfFqGY1gwrAT', 'https://i.scdn.co/image/ab67616d0000b2737068feb012ae2d35400e149c', 'Unknown', NOW(), NOW());



INSERT INTO "Song" ("id", "albumId", "title", "duration", "lyric", "filePathAudio", "privacy", "uploadUserId", "createdAt", "updatedAt") VALUES
('228f5f30-9b3b-44cd-92e3-a9bd72709ded', 'db8b4968-ba0e-4d19-bad1-6c1e389f4c89', 'Ngày mai em đi', '189242', 'lyric', 'nan', FALSE, 'Null', NOW(), NOW()),
('0f118deb-af7c-4680-9d50-aff35093e528', 'db8b4968-ba0e-4d19-bad1-6c1e389f4c89', 'Lặng thầm một tình yêu', '288020', 'lyric', 'nan', FALSE, 'Null', NOW(), NOW()),
('edbdb27c-5167-45c1-b302-64280a3480bb', 'db8b4968-ba0e-4d19-bad1-6c1e389f4c89', 'Tìm lại giấc mơ', '246015', 'lyric', 'nan', FALSE, 'Null', NOW(), NOW()),
('4fc79c7d-756d-45ef-90a0-e0957e5a2670', 'db8b4968-ba0e-4d19-bad1-6c1e389f4c89', 'Em ơi Hà Nội phố', '271975', 'lyric', 'nan', FALSE, 'Null', NOW(), NOW()),
('c845ed7c-05e2-4f9a-bb7d-b7e23f0020a2', 'db8b4968-ba0e-4d19-bad1-6c1e389f4c89', 'Để nhớ một thời ta đã yêu', '319018', 'lyric', 'nan', FALSE, 'Null', NOW(), NOW()),
('be436003-ca16-46f2-b6e5-e0e8c1d2839e', 'db8b4968-ba0e-4d19-bad1-6c1e389f4c89', 'Như đã dấu yêu', '233407', 'lyric', 'nan', FALSE, 'Null', NOW(), NOW()),
('3999b773-305b-43b2-a127-cf743bb88299', 'db8b4968-ba0e-4d19-bad1-6c1e389f4c89', 'Anh còn nợ em', '343214', 'lyric', 'nan', FALSE, 'Null', NOW(), NOW()),
('f66b68b5-ed1c-45fb-b9c6-53613d6018ff', 'db8b4968-ba0e-4d19-bad1-6c1e389f4c89', 'Đừng đi', '278778', 'lyric', 'nan', FALSE, 'Null', NOW(), NOW()),
('5a4d89dc-e564-4717-8ad4-c64e9defca7e', 'db8b4968-ba0e-4d19-bad1-6c1e389f4c89', 'Niềm đau chôn dấu', '358260', 'lyric', 'nan', FALSE, 'Null', NOW(), NOW()),
('70be4a03-59a1-46cb-9027-87c6cdb41036', 'db8b4968-ba0e-4d19-bad1-6c1e389f4c89', 'Những lời mê hoặc', '331906', 'lyric', 'nan', FALSE, 'Null', NOW(), NOW()),
('bc53ed8b-b3d9-4488-b34f-8ae68946aec9', 'db8b4968-ba0e-4d19-bad1-6c1e389f4c89', 'Khi mình yêu', '174846', 'lyric', 'nan', FALSE, 'Null', NOW(), NOW()),
('0eb0defb-6003-40ff-bdca-e3b2f3bed5ce', 'db8b4968-ba0e-4d19-bad1-6c1e389f4c89', 'Gửi người yêu cũ', '283585', 'lyric', 'nan', FALSE, 'Null', NOW(), NOW()),
('e377a09b-e321-4d67-9480-79bb38bda7ae', 'db8b4968-ba0e-4d19-bad1-6c1e389f4c89', 'LK Đành như thế thôi', '545367', 'lyric', 'nan', FALSE, 'Null', NOW(), NOW()),
('6a21c01c-2266-43c3-8fda-58793ffc1557', 'db8b4968-ba0e-4d19-bad1-6c1e389f4c89', 'LK: Giấc mơ chỉ là giấc mơ - Đêm nghe tiếng mưa - Yêu thương mong manh', '604554', 'lyric', 'nan', FALSE, 'Null', NOW(), NOW()),
('d8dd2b72-e27a-4b69-9efd-6fe85194689d', 'db8b4968-ba0e-4d19-bad1-6c1e389f4c89', 'LK: Một lần cuối thôi - Hãy nói với em - Sao ta lặng im', '374979', 'lyric', 'nan', FALSE, 'Null', NOW(), NOW()),
('845699b4-b8f7-44d5-9b32-9102059dd03b', 'db8b4968-ba0e-4d19-bad1-6c1e389f4c89', 'Tội lỗi', '284421', 'lyric', 'nan', FALSE, 'Null', NOW(), NOW()),
('eef81658-4755-4c7b-90d2-614eb5b986eb', 'db8b4968-ba0e-4d19-bad1-6c1e389f4c89', 'LK: Xa em - Nỗi nhớ đầy vơi - Tình về nơi đâu', '522634', 'lyric', 'nan', FALSE, 'Null', NOW(), NOW()),
('fc25d6b8-7211-4bb9-8f20-be3add58c82f', 'db8b4968-ba0e-4d19-bad1-6c1e389f4c89', 'Bang Bang', '283051', 'lyric', 'nan', FALSE, 'Null', NOW(), NOW()),
('0991df38-557f-4143-a88d-20de715ffab4', 'db8b4968-ba0e-4d19-bad1-6c1e389f4c89', 'LK: What is love - Em đi tìm anh - Em không cần anh', '345745', 'lyric', 'nan', FALSE, 'Null', NOW(), NOW()),
('02ee14d3-1f0e-49f2-afa6-86d2d25c6fd9', 'c9cb249b-d2ff-4e0b-80c8-80e596a4b2ad', '100% Yêu Em - Remixed at Hòa Âm Ánh Sáng 2016', '279980', 'lyric', 'https://audiomelodies.nyc3.digitaloceanspaces.com/LOC/NooPhuocThinh/HanhTrinhTroThanhQuanQuanHoaAmAnhSangCuaTeamNooPhuocThinh/100YeuEmRemixedatHoaAmAnhSang2016.m4a', FALSE, 'Null', NOW(), NOW()),
('7a11b05c-7a05-4c52-a31a-bf3f1b50b524', 'c9cb249b-d2ff-4e0b-80c8-80e596a4b2ad', 'Chôn Giấu Giấc Mơ - Remixed at Hòa Âm Ánh Sáng 2016', '195540', 'lyric', 'https://audiomelodies.nyc3.digitaloceanspaces.com/LOC/NooPhuocThinh/HanhTrinhTroThanhQuanQuanHoaAmAnhSangCuaTeamNooPhuocThinh/ChonGiauGiacMoRemixedatHoaAmAnhSang2016.m4a', FALSE, 'Null', NOW(), NOW()),
('6ba3a62a-972f-4a67-8618-732fd3acc7e1', 'c9cb249b-d2ff-4e0b-80c8-80e596a4b2ad', 'Chợt Thấy Em Khóc - Remixed at Hòa Âm Ánh Sáng 2016', '251376', 'lyric', 'https://audiomelodies.nyc3.digitaloceanspaces.com/LOC/NooPhuocThinh/HanhTrinhTroThanhQuanQuanHoaAmAnhSangCuaTeamNooPhuocThinh/ChotThayEmKhocRemixedatHoaAmAnhSang2016.m4a', FALSE, 'Null', NOW(), NOW()),
('ea059e08-9ff9-407e-ae32-ec0d3d3bde1d', 'c9cb249b-d2ff-4e0b-80c8-80e596a4b2ad', 'Dù Cho Ta Già (Never Let You Down) - Remixed at Hòa Âm Ánh Sáng 2016', '300161', 'lyric', 'https://audiomelodies.nyc3.digitaloceanspaces.com/LOC/NooPhuocThinh/HanhTrinhTroThanhQuanQuanHoaAmAnhSangCuaTeamNooPhuocThinh/DuChoTaGiaNeverLetYouDownRemixedatHoaAmAnhSang2016.m4a', FALSE, 'Null', NOW(), NOW()),
('84c16469-c8fd-4eaf-93eb-ad4a47e70173', 'c9cb249b-d2ff-4e0b-80c8-80e596a4b2ad', 'Gạt Đi Nước Mắt - Remixed at Hòa Âm Ánh Sáng 2016', '270456', 'lyric', 'https://audiomelodies.nyc3.digitaloceanspaces.com/LOC/NooPhuocThinh/HanhTrinhTroThanhQuanQuanHoaAmAnhSangCuaTeamNooPhuocThinh/GatDiNuocMatRemixedatHoaAmAnhSang2016.m4a', FALSE, 'Null', NOW(), NOW()),
('4041bc55-9954-4a52-93b4-9a101deaffb3', 'c9cb249b-d2ff-4e0b-80c8-80e596a4b2ad', 'Giấc Mơ Đánh Mất - Remixed at Hòa Âm Ánh Sáng 2016', '308650', 'lyric', 'https://audiomelodies.nyc3.digitaloceanspaces.com/LOC/NooPhuocThinh/HanhTrinhTroThanhQuanQuanHoaAmAnhSangCuaTeamNooPhuocThinh/GiacMoDanhMatRemixedatHoaAmAnhSang2016.m4a', FALSE, 'Null', NOW(), NOW()),
('5bfa52c9-519b-4979-873e-9b48ab763364', 'c9cb249b-d2ff-4e0b-80c8-80e596a4b2ad', 'Giấc Mơ - Remixed at Hòa Âm Ánh Sáng 2016', '211539', 'lyric', 'https://audiomelodies.nyc3.digitaloceanspaces.com/LOC/NooPhuocThinh/HanhTrinhTroThanhQuanQuanHoaAmAnhSangCuaTeamNooPhuocThinh/GiacMoRemixedatHoaAmAnhSang2016.m4a', FALSE, 'Null', NOW(), NOW()),
('eef36c42-7da4-42df-b4f4-c2d298b557a6', 'c9cb249b-d2ff-4e0b-80c8-80e596a4b2ad', 'Nếu - Remixed at Hòa Âm Ánh Sáng 2016', '239151', 'lyric', 'https://audiomelodies.nyc3.digitaloceanspaces.com/LOC/NooPhuocThinh/HanhTrinhTroThanhQuanQuanHoaAmAnhSangCuaTeamNooPhuocThinh/NeuRemixedatHoaAmAnhSang2016.m4a', FALSE, 'Null', NOW(), NOW()),
('012f40e8-956f-491a-8128-9068d4ae63b5', 'c9cb249b-d2ff-4e0b-80c8-80e596a4b2ad', 'Ngôi Nhà Hạnh Phúc - Remixed at Hòa Âm Ánh Sáng 2016', '199967', 'lyric', 'https://audiomelodies.nyc3.digitaloceanspaces.com/LOC/NooPhuocThinh/HanhTrinhTroThanhQuanQuanHoaAmAnhSangCuaTeamNooPhuocThinh/NgoiNhaHanhPhucRemixedatHoaAmAnhSang2016.m4a', FALSE, 'Null', NOW(), NOW()),
('6440fb02-286f-4be8-ac74-6fc1968685d3', 'c9cb249b-d2ff-4e0b-80c8-80e596a4b2ad', 'Như Một Thói Quen - Remixed at Hòa Âm Ánh Sáng 2016', '228623', 'lyric', 'https://audiomelodies.nyc3.digitaloceanspaces.com/LOC/NooPhuocThinh/HanhTrinhTroThanhQuanQuanHoaAmAnhSangCuaTeamNooPhuocThinh/NhuMotThoiQuenRemixedatHoaAmAnhSang2016.m4a', FALSE, 'Null', NOW(), NOW()),
('71abf03f-6083-4618-b82a-ff37de8724d6', 'c9cb249b-d2ff-4e0b-80c8-80e596a4b2ad', 'Phôi Phai - Remixed at Hòa Âm Ánh Sáng 2016', '348917', 'lyric', 'https://audiomelodies.nyc3.digitaloceanspaces.com/LOC/NooPhuocThinh/HanhTrinhTroThanhQuanQuanHoaAmAnhSangCuaTeamNooPhuocThinh/PhoiPhaiRemixedatHoaAmAnhSang2016.m4a', FALSE, 'Null', NOW(), NOW()),
('ab843385-9aac-497c-8f18-4ceea579deea', 'c9cb249b-d2ff-4e0b-80c8-80e596a4b2ad', 'Qua Cầu Rằng Rí (Instrumental) - Remixed at Hòa Âm Ánh Sáng 2016', '281454', 'lyric', 'https://audiomelodies.nyc3.digitaloceanspaces.com/LOC/NooPhuocThinh/HanhTrinhTroThanhQuanQuanHoaAmAnhSangCuaTeamNooPhuocThinh/QuaCauRangRiInstrumentalRemixedatHoaAmAnhSang2016.m4a', FALSE, 'Null', NOW(), NOW()),
('4a7e1037-ad2d-4127-844e-22ac7c9f0b4c', 'c9cb249b-d2ff-4e0b-80c8-80e596a4b2ad', 'Qua Cầu Rằng Rí - Remixed at Hòa Âm Ánh Sáng 2016', '281483', 'lyric', 'https://audiomelodies.nyc3.digitaloceanspaces.com/LOC/NooPhuocThinh/HanhTrinhTroThanhQuanQuanHoaAmAnhSangCuaTeamNooPhuocThinh/QuaCauRangRiRemixedatHoaAmAnhSang2016.m4a', FALSE, 'Null', NOW(), NOW()),
('681a2913-74b0-4aa8-a109-24286657e5ca', 'c9cb249b-d2ff-4e0b-80c8-80e596a4b2ad', 'Quên - Remixed at Hòa Âm Ánh Sáng 2016', '217913', 'lyric', 'https://audiomelodies.nyc3.digitaloceanspaces.com/LOC/NooPhuocThinh/HanhTrinhTroThanhQuanQuanHoaAmAnhSangCuaTeamNooPhuocThinh/QuenRemixedatHoaAmAnhSang2016.m4a', FALSE, 'Null', NOW(), NOW()),
('31eb01ae-29c8-44b3-93d5-6ff9fb724635', 'c9cb249b-d2ff-4e0b-80c8-80e596a4b2ad', 'Tình Ca (Epic) - Remixed at Hòa Âm Ánh Sáng 2016', '273411', 'lyric', 'https://audiomelodies.nyc3.digitaloceanspaces.com/LOC/NooPhuocThinh/HanhTrinhTroThanhQuanQuanHoaAmAnhSangCuaTeamNooPhuocThinh/TinhCaEpicRemixedatHoaAmAnhSang2016.m4a', FALSE, 'Null', NOW(), NOW()),
('dd20e17e-4734-42e1-abc6-f4c070e058e2', 'c9cb249b-d2ff-4e0b-80c8-80e596a4b2ad', 'Tình Ca (Epic Instrumental) - Remixed at Hòa Âm Ánh Sáng 2016', '274869', 'lyric', 'https://audiomelodies.nyc3.digitaloceanspaces.com/LOC/NooPhuocThinh/HanhTrinhTroThanhQuanQuanHoaAmAnhSangCuaTeamNooPhuocThinh/TinhCaEpicInstrumentalRemixedatHoaAmAnhSang2016.m4a', FALSE, 'Null', NOW(), NOW()),
('f5e2bbba-c8d9-449f-8abd-f2765a5de80b', 'c9cb249b-d2ff-4e0b-80c8-80e596a4b2ad', 'Xa Em - Remixed at Hòa Âm Ánh Sáng 2016', '251533', 'lyric', 'https://audiomelodies.nyc3.digitaloceanspaces.com/LOC/NooPhuocThinh/HanhTrinhTroThanhQuanQuanHoaAmAnhSangCuaTeamNooPhuocThinh/XaEmRemixedatHoaAmAnhSang2016.m4a', FALSE, 'Null', NOW(), NOW()),
('fc4313a1-1152-44b3-be54-9ca65f6c783a', 'c9cb249b-d2ff-4e0b-80c8-80e596a4b2ad', 'Xa Em (Instrumental) - Remixed at Hòa Âm Ánh Sáng 2016', '344973', 'lyric', 'https://audiomelodies.nyc3.digitaloceanspaces.com/LOC/NooPhuocThinh/HanhTrinhTroThanhQuanQuanHoaAmAnhSangCuaTeamNooPhuocThinh/XaEmInstrumentalRemixedatHoaAmAnhSang2016.m4a', FALSE, 'Null', NOW(), NOW()),
('9af108ec-d772-4efd-bb2d-3e8ec3277907', 'c9cb249b-d2ff-4e0b-80c8-80e596a4b2ad', 'Yêu Là Đau - Remixed at Hòa Âm Ánh Sáng 2016', '230739', 'lyric', 'https://audiomelodies.nyc3.digitaloceanspaces.com/LOC/NooPhuocThinh/HanhTrinhTroThanhQuanQuanHoaAmAnhSangCuaTeamNooPhuocThinh/YeuLaDauRemixedatHoaAmAnhSang2016.m4a', FALSE, 'Null', NOW(), NOW()),
('30bb6b92-0b42-4de1-bd09-9819d2774917', '65db6c4b-0575-4e0f-b046-7b07c168ee46', 'Tìm Em', '251453', 'lyric', 'https://audiomelodies.nyc3.digitaloceanspaces.com/LOC/NooPhuocThinh/Em/TimEm.m4a', FALSE, 'Null', NOW(), NOW()),
('942fefae-307f-4ca2-8e50-f0c6120c7036', '65db6c4b-0575-4e0f-b046-7b07c168ee46', 'Chợt Thấy Em Khóc', '312813', 'lyric', 'https://audiomelodies.nyc3.digitaloceanspaces.com/LOC/NooPhuocThinh/Em/ChotThayEmKhoc.m4a', FALSE, 'Null', NOW(), NOW()),
('b2c7f918-befd-486e-bf70-ddb16b8aff9f', '65db6c4b-0575-4e0f-b046-7b07c168ee46', 'Níu Kéo', '245413', 'lyric', 'https://audiomelodies.nyc3.digitaloceanspaces.com/LOC/NooPhuocThinh/Em/NiuKeo.m4a', FALSE, 'Null', NOW(), NOW()),
('98d16ae6-d8cf-4442-ba0f-aff6b17f4d56', '65db6c4b-0575-4e0f-b046-7b07c168ee46', 'Xa Em', '349373', 'lyric', 'https://audiomelodies.nyc3.digitaloceanspaces.com/LOC/NooPhuocThinh/Em/XaEm.m4a', FALSE, 'Null', NOW(), NOW()),
('b2d4b12d-8f0c-49e8-b45b-b703b14b29ce', '65db6c4b-0575-4e0f-b046-7b07c168ee46', 'Ký Ức Xa Xôi', '269146', 'lyric', 'https://audiomelodies.nyc3.digitaloceanspaces.com/LOC/NooPhuocThinh/BaCham/KyUcXaXoi.m4a', FALSE, 'Null', NOW(), NOW()),
('f376a83a-b536-4389-9091-dbac3b9a6688', '65db6c4b-0575-4e0f-b046-7b07c168ee46', 'Vì Quá Yêu Em', '269666', 'lyric', 'https://audiomelodies.nyc3.digitaloceanspaces.com/LOC/NooPhuocThinh/Em/ViQuaYeuEm.m4a', FALSE, 'Null', NOW(), NOW()),
('3b38f253-736d-4ec0-b3f1-6748596e40ec', '65db6c4b-0575-4e0f-b046-7b07c168ee46', 'Xin Lỗi Em', '303506', 'lyric', 'https://audiomelodies.nyc3.digitaloceanspaces.com/LOC/NooPhuocThinh/Em/XinLoiEm.m4a', FALSE, 'Null', NOW(), NOW()),
('b41ca00d-68bd-46bb-8869-9e01eaf0b176', '65db6c4b-0575-4e0f-b046-7b07c168ee46', 'Ước Mơ Tôi - From “Thiên Trà” Original Soundtrack', '178600', 'lyric', 'https://audiomelodies.nyc3.digitaloceanspaces.com/LOC/NooPhuocThinh/Em/UocMoToiFromThienTraOriginalSoundtrack.m4a', FALSE, 'Null', NOW(), NOW()),
('55199801-a9bf-42e6-a65a-f752fd2a73e7', '7fe2e4be-f61e-4996-9280-cd2e4d3154e7', 'Lạc Bước Trong Đêm', '249453', 'lyric', 'https://audiomelodies.nyc3.digitaloceanspaces.com/LOC/NooPhuocThinh/LacBuocTrongem/LacBuocTrongDem.m4a', FALSE, 'Null', NOW(), NOW()),
('e6fac9ea-57f6-4a6c-a879-3d7350269b7b', '7fe2e4be-f61e-4996-9280-cd2e4d3154e7', 'Ghen', '228333', 'lyric', 'https://audiomelodies.nyc3.digitaloceanspaces.com/LOC/NooPhuocThinh/LacBuocTrongem/Ghen.m4a', FALSE, 'Null', NOW(), NOW()),
('56245a67-42d7-458d-a4d9-7dfc2e3f2d1f', '7fe2e4be-f61e-4996-9280-cd2e4d3154e7', 'Đừng Bận Tâm Anh', '240933', 'lyric', 'https://audiomelodies.nyc3.digitaloceanspaces.com/LOC/NooPhuocThinh/LacBuocTrongem/DungBanTamAnh.m4a', FALSE, 'Null', NOW(), NOW()),
('d060651b-36ba-4591-9d1b-0c674f5ca08c', '7fe2e4be-f61e-4996-9280-cd2e4d3154e7', 'Phôi Phai', '249600', 'lyric', 'https://audiomelodies.nyc3.digitaloceanspaces.com/LOC/NooPhuocThinh/LacBuocTrongem/PhoiPhai.m4a', FALSE, 'Null', NOW(), NOW()),
('6e457269-7c1a-4d04-85c7-70c042383a39', '7fe2e4be-f61e-4996-9280-cd2e4d3154e7', 'Đã Bao Lần Anh Khóc', '224966', 'lyric', 'https://audiomelodies.nyc3.digitaloceanspaces.com/LOC/NooPhuocThinh/LacBuocTrongem/DaBaoLanAnhKhoc.m4a', FALSE, 'Null', NOW(), NOW()),
('cd792562-4fd6-4854-8cdf-cf743cead84d', '7fe2e4be-f61e-4996-9280-cd2e4d3154e7', 'Chỉ Mình Anh Đau', '250066', 'lyric', 'https://audiomelodies.nyc3.digitaloceanspaces.com/LOC/NooPhuocThinh/LacBuocTrongem/ChiMinhAnhDau.m4a', FALSE, 'Null', NOW(), NOW()),
('d1634e41-4933-48b3-bddb-311b8b5a8ab4', '7fe2e4be-f61e-4996-9280-cd2e4d3154e7', 'Trở Về', '270093', 'lyric', 'https://audiomelodies.nyc3.digitaloceanspaces.com/LOC/NooPhuocThinh/LacBuocTrongem/TroVe.m4a', FALSE, 'Null', NOW(), NOW()),
('ec10df6e-89dc-4de1-9c03-10b97a136c2d', '7fe2e4be-f61e-4996-9280-cd2e4d3154e7', 'Tiếc Nuối', '296186', 'lyric', 'https://audiomelodies.nyc3.digitaloceanspaces.com/LOC/NooPhuocThinh/LacBuocTrongem/TiecNuoi.m4a', FALSE, 'Null', NOW(), NOW()),
('68267e86-3a39-49e5-acab-e2ff4e42b580', '7fe2e4be-f61e-4996-9280-cd2e4d3154e7', 'Còn Mãi Trong Anh', '256359', 'lyric', 'https://audiomelodies.nyc3.digitaloceanspaces.com/LOC/NooPhuocThinh/LacBuocTrongem/ConMaiTrongAnh.m4a', FALSE, 'Null', NOW(), NOW()),
('2b07f7b7-196e-4677-aa59-a1d04a80bed0', '06feb65b-17de-459c-ad21-071d0fbad1b2', 'Lặng Thầm', '200013', 'lyric', 'https://audiomelodies.nyc3.digitaloceanspaces.com/LOC/NooPhuocThinh/BaCham/LangTham.m4a', FALSE, 'Null', NOW(), NOW()),
('3edf9e32-b16a-420e-b474-7f5d064a85e5', '06feb65b-17de-459c-ad21-071d0fbad1b2', 'Quay Về Đi', '233680', 'lyric', 'https://audiomelodies.nyc3.digitaloceanspaces.com/LOC/NooPhuocThinh/BaCham/QuayVeDi.m4a', FALSE, 'Null', NOW(), NOW()),
('bc396c78-fd27-4561-9b71-7c2968c09988', '06feb65b-17de-459c-ad21-071d0fbad1b2', 'Biệt Ly', '259552', 'lyric', 'https://audiomelodies.nyc3.digitaloceanspaces.com/LOC/NooPhuocThinh/BaCham/BietLy.m4a', FALSE, 'Null', NOW(), NOW()),
('48695031-541c-43d5-8c80-898bce19473a', '06feb65b-17de-459c-ad21-071d0fbad1b2', 'Đến Suốt Kiếp Vẫn Chờ', '227946', 'lyric', 'https://audiomelodies.nyc3.digitaloceanspaces.com/LOC/NooPhuocThinh/BaCham/DenSuotKiepVanCho.m4a', FALSE, 'Null', NOW(), NOW()),
('d3a91ee5-cc55-4ea7-a1ce-d5b55647b968', '06feb65b-17de-459c-ad21-071d0fbad1b2', 'Nếu', '205733', 'lyric', 'https://audiomelodies.nyc3.digitaloceanspaces.com/LOC/NooPhuocThinh/BaCham/Neu.m4a', FALSE, 'Null', NOW(), NOW()),
('0eef3c11-b5de-4f71-ac99-cc589a8becd1', '06feb65b-17de-459c-ad21-071d0fbad1b2', 'Ký Ức (feat. Thu Thủy)', '205253', 'lyric', 'https://audiomelodies.nyc3.digitaloceanspaces.com/LOC/NooPhuocThinh/BaCham/KyUcfeatThuThuy.m4a', FALSE, 'Null', NOW(), NOW()),
('8cd65ccb-64a1-471f-b0a8-db0a8e25c998', '06feb65b-17de-459c-ad21-071d0fbad1b2', 'Yêu Là Đau', '250200', 'lyric', 'https://audiomelodies.nyc3.digitaloceanspaces.com/LOC/NooPhuocThinh/BaCham/YeuLaDau.m4a', FALSE, 'Null', NOW(), NOW()),
('1a6aad31-5717-4917-8ab9-a95e9ff4d5a6', '06feb65b-17de-459c-ad21-071d0fbad1b2', 'Quên', '265160', 'lyric', 'https://audiomelodies.nyc3.digitaloceanspaces.com/LOC/NooPhuocThinh/BaCham/Quen.m4a', FALSE, 'Null', NOW(), NOW()),
('fea87b40-7891-49ca-af98-eaba4be261fc', '06feb65b-17de-459c-ad21-071d0fbad1b2', 'Như Một Thói Quen', '248520', 'lyric', 'https://audiomelodies.nyc3.digitaloceanspaces.com/LOC/NooPhuocThinh/BaCham/NhuMotThoiQuen.m4a', FALSE, 'Null', NOW(), NOW()),
('35f712e4-bfb4-4627-96db-8e88ab126939', '06feb65b-17de-459c-ad21-071d0fbad1b2', 'Giấc Mơ Thiên Đường', '212173', 'lyric', 'https://audiomelodies.nyc3.digitaloceanspaces.com/LOC/NooPhuocThinh/BaCham/GiacMoThienDuong.m4a', FALSE, 'Null', NOW(), NOW()),
('272c4a54-50dc-42ef-ab79-9c770953e165', '96353cdc-011c-46f6-8686-b3cebe0b144d', 'Tự Nguyện - Live', '410087', 'lyric', 'https://audiomelodies.nyc3.digitaloceanspaces.com/LOC/NooPhuocThinh/TuNguyenLive/TuNguyenLive.m4a', FALSE, 'Null', NOW(), NOW()),
('96d76a9e-797b-4526-8c23-31a0f5b18014', '52e569f2-8cc9-409a-aa70-7e8647098e70', 'ĐÙA ANH ĐAU ĐẤY MASHUP - Live', '264097', 'lyric', 'https://audiomelodies.nyc3.digitaloceanspaces.com/LOC/NooPhuocThinh/UAANHAUAYMASHUPLive/DUAANHDAUDAYMASHUPLive.m4a', FALSE, 'Null', NOW(), NOW()),
('cf52a16e-bf20-46d5-9461-25a4d0b9f931', '1b9aa3fa-2f13-4d1a-baa1-ae96b9d47cc6', 'Đùa Anh Đau Đấy', '246121', 'lyric', 'https://audiomelodies.nyc3.digitaloceanspaces.com/LOC/NooPhuocThinh/uaAnhauay/DuaAnhDauDay.m4a', FALSE, 'Null', NOW(), NOW()),
('c187a4c4-d124-400a-88d1-0bef04df1422', 'b5181420-b873-479e-8747-448a01bebcf3', 'Ai Chung Tình Bằng Cô Đơn - Trung Ngon Remix', '214285', 'lyric', 'nan', FALSE, 'Null', NOW(), NOW()),
('7bc52696-2555-43e1-8a36-28b14d1d298d', '30f6b851-6ab2-4fa7-8f75-54f0117bccb4', 'B52', '216000', 'lyric', 'nan', FALSE, 'Null', NOW(), NOW()),
('5cf208cb-0b5d-4b5a-a2c0-c46d051a8f2d', 'bbf74607-7f47-491f-96fb-84e417f8861f', 'Ai Chung Tình Bằng Cô Đơn', '241575', 'lyric', 'nan', FALSE, 'Null', NOW(), NOW()),
('b0e0c1be-b047-4edf-aa94-4d7db76bcd46', '0434d984-0c8c-4398-bf2f-a07d24db2ae0', 'Noo's Chill Night 3 - Bức Thư Tình Đầu Tiên - Live Version', '346111', 'lyric', 'https://audiomelodies.nyc3.digitaloceanspaces.com/LOC/NooPhuocThinh/NoosChillNight3BucThuTinhauTienLiveVersion/NoosChillNight3BucThuTinhDauTienLiveVersion.m4a', FALSE, 'Null', NOW(), NOW()),
('3c404040-f3b5-414b-992e-c933eeaf0010', '8209f48d-268d-4695-9a4a-526079d33c62', 'Noo's Chill Night 3 - Mất Cả Thế Giới - Live Version', '267618', 'lyric', 'https://audiomelodies.nyc3.digitaloceanspaces.com/LOC/NooPhuocThinh/NoosChillNight3MatCaTheGioiLiveVersion/NoosChillNight3MatCaTheGioiLiveVersion.m4a', FALSE, 'Null', NOW(), NOW()),
('09735a1b-d6d7-4b7d-9bde-b7402024e197', '80d97b23-fcd1-44e7-ad6c-7855cf01b054', 'Những Ngày Xuân Rực Rỡ', '222052', 'lyric', 'https://audiomelodies.nyc3.digitaloceanspaces.com/LOC/NooPhuocThinh/NhungNgayXuanRucRo/NhungNgayXuanRucRo.m4a', FALSE, 'Null', NOW(), NOW()),
('568b59ee-8e63-43ba-8b90-1fbaa379bf03', '0c39f7bc-d088-4b3b-95ba-cf135f647541', 'Cause I Love You', '269537', 'lyric', 'https://audiomelodies.nyc3.digitaloceanspaces.com/LOC/NooPhuocThinh/CauseILoveYou/CauseILoveYou.m4a', FALSE, 'Null', NOW(), NOW()),
('57074c39-fa77-4a6c-9318-9677170dfb8c', 'fc2eb370-1003-4403-b26a-a85dfeea7df4', 'Noo's Chill Night Ep3 - Chạm Khẽ Tim Anh Một Chút Thôi - Live Version', '363178', 'lyric', 'https://audiomelodies.nyc3.digitaloceanspaces.com/LOC/NooPhuocThinh/NoosChillNightEp3ChamKheTimAnhMotChutThoiLiveVersion/NoosChillNightEp3ChamKheTimAnhMotChutThoiLiveVersion.m4a', FALSE, 'Null', NOW(), NOW()),
('895ada9b-5bc8-4ceb-83fd-3c089892cfef', 'ea227c4c-bc83-4642-b00c-671c4eeb5c81', 'Noo's Chill Night ep 3 - Dòng Thời Gian - Live Version', '292713', 'lyric', 'nan', FALSE, 'Null', NOW(), NOW()),
('a68a4b5c-6267-4a1e-a97e-390b55a16d55', '67fef156-a272-4533-8663-77b2504cb2cf', 'Yêu Một Người Sao Buồn Đến Thế', '299028', 'lyric', 'https://audiomelodies.nyc3.digitaloceanspaces.com/LOC/NooPhuocThinh/YeuMotNguoiSaoBuonenThe/YeuMotNguoiSaoBuonDenThe.m4a', FALSE, 'Null', NOW(), NOW()),
('06ce9cc8-a07f-40f2-beb9-5d4afcc163cf', '909bd7ee-e1de-4024-ae11-83a87e359f60', 'Em Đã Thương Người Ta Hơn Anh (Beat)', '297118', 'lyric', 'https://audiomelodies.nyc3.digitaloceanspaces.com/LOC/NooPhuocThinh/EmaThuongNguoiTaHonAnhBeat/EmDaThuongNguoiTaHonAnhBeat.m4a', FALSE, 'Null', NOW(), NOW()),
('3e5a7207-6080-40a2-ba18-29c2ccc1595a', 'cd679e41-e892-4a2c-b49f-a2dc66e68782', 'Em Đã Thương Người Ta Hơn Anh', '291781', 'lyric', 'https://audiomelodies.nyc3.digitaloceanspaces.com/LOC/NooPhuocThinh/EmaThuongNguoiTaHonAnh/EmDaThuongNguoiTaHonAnh.m4a', FALSE, 'Null', NOW(), NOW()),
('c1c6f3e4-5d7d-42da-82f2-a276f7b9e723', '3b170ac0-0835-4d96-ae1e-d06070a1844d', 'Thank You - Những Chiến Binh Thầm Lặng', '200100', 'lyric', 'nan', FALSE, 'Null', NOW(), NOW()),
('67854119-742b-42b8-aa4b-5f3e545023d7', '3b170ac0-0835-4d96-ae1e-d06070a1844d', 'Thank You - Những Chiến Binh Thầm Lặng - Instrumental', '205466', 'lyric', 'nan', FALSE, 'Null', NOW(), NOW()),
('be2dd20d-4027-458b-bad5-101998754a09', 'd4c01ebe-7700-4f81-8b2a-635a32f89f4d', 'I'm Still Loving You', '200000', 'lyric', 'https://audiomelodies.nyc3.digitaloceanspaces.com/LOC/NooPhuocThinh/ImStillLovingYou/ImStillLovingYou.m4a', FALSE, 'Null', NOW(), NOW()),
('4ab796ad-449d-4f7a-8bb0-088aa80670aa', '5d5190c2-12fa-4ebe-85af-c7215cddea78', 'Đến Suốt Kiếp Vẫn Chờ', '227946', 'lyric', 'nan', FALSE, 'Null', NOW(), NOW()),
('cfba58b9-5b34-449b-b8e0-a145d54afbe8', '5d5190c2-12fa-4ebe-85af-c7215cddea78', 'Giấc Mơ Thiên Đường', '212173', 'lyric', 'nan', FALSE, 'Null', NOW(), NOW()),
('cd695d64-ae8c-4a55-96b1-beab2bf1944f', '5d5190c2-12fa-4ebe-85af-c7215cddea78', 'Ký Ức Mùa Đông', '221701', 'lyric', 'https://audiomelodies.nyc3.digitaloceanspaces.com/LOC/NooPhuocThinh/BaCham/KyUcMuaDong.m4a', FALSE, 'Null', NOW(), NOW()),
('98268c19-d5d0-4c80-8f58-0acfe325bfeb', '5d5190c2-12fa-4ebe-85af-c7215cddea78', 'Ký Ức Xa Xôi', '269146', 'lyric', 'https://audiomelodies.nyc3.digitaloceanspaces.com/LOC/NooPhuocThinh/Em/KyUcXaXoi.m4a', FALSE, 'Null', NOW(), NOW()),
('722d9887-920e-4748-827c-4a3d3402c4df', '5d5190c2-12fa-4ebe-85af-c7215cddea78', 'Nếu - Duet Version', '248595', 'lyric', 'nan', FALSE, 'Null', NOW(), NOW()),
('c6602711-e8d9-4890-b939-6cf3d77768b1', '587d9a2f-afc1-4b9c-b35b-67baa8c3c03d', 'Phút Giây Gần Kề', '172996', 'lyric', 'https://audiomelodies.nyc3.digitaloceanspaces.com/LOC/NooPhuocThinh/PhutGiayGanKe/PhutGiayGanKe.m4a', FALSE, 'Null', NOW(), NOW()),
('a94b4489-ffcf-48a3-9791-c4bc3430b647', 'fcd74ce6-8978-4c34-bc1a-6546c658f955', 'Gọi Tên Mùa Xuân', '217967', 'lyric', 'https://audiomelodies.nyc3.digitaloceanspaces.com/LOC/NooPhuocThinh/GoiTenMuaXuan/GoiTenMuaXuan.m4a', FALSE, 'Null', NOW(), NOW()),
('5c227826-a4f4-4595-8f65-1b073117f71e', '2058bc4a-b4c6-4471-a686-a4b01fcf5cb0', 'Dấu Yêu Một Thời', '267540', 'lyric', 'https://audiomelodies.nyc3.digitaloceanspaces.com/LOC/NooPhuocThinh/DauYeuMotThoi/DauYeuMotThoi.m4a', FALSE, 'Null', NOW(), NOW()),
('55fb4187-1ca6-44f2-97db-743c8d59ce27', '21ed230a-74e5-4fb2-bdc5-44f04d6e1ec4', 'Thương Em Là Điều Anh Không Thể Ngờ', '308458', 'lyric', 'https://audiomelodies.nyc3.digitaloceanspaces.com/LOC/NooPhuocThinh/ThuongEmLaieuAnhKhongTheNgo/ThuongEmLaDieuAnhKhongTheNgo.m4a', FALSE, 'Null', NOW(), NOW()),
('dc4bfbc9-21a4-41a7-b4af-ad47aa4aebed', '70a5a8dc-bb66-462a-8736-14cdc6614066', 'Những Kẻ Mộng Mơ', '253775', 'lyric', 'https://audiomelodies.nyc3.digitaloceanspaces.com/LOC/NooPhuocThinh/NhungKeMongMo/NhungKeMongMo.m4a', FALSE, 'Null', NOW(), NOW()),
('fe602675-c0b1-4a4e-9261-fbf9e5c5db74', 'ecc8a8c5-b869-4b36-b4c3-08e97db2a80e', 'Tình Như Chocopie', '165398', 'lyric', 'https://audiomelodies.nyc3.digitaloceanspaces.com/LOC/NooPhuocThinh/TinhNhuChocopie/TinhNhuChocopie.m4a', FALSE, 'Null', NOW(), NOW()),
('0681277d-351a-418b-a406-d1447fa563e6', '05bf15e1-44db-4482-909c-815f927835fb', 'Mình Anh (feat. Nguyễn Hoàng Duy)', '232947', 'lyric', 'https://audiomelodies.nyc3.digitaloceanspaces.com/LOC/NooPhuocThinh/MinhAnhfeatNguyenHoangDuy/MinhAnhfeatNguyenHoangDuy.m4a', FALSE, 'Null', NOW(), NOW()),
('5caa6e40-b086-467e-b953-f828aa53f743', '70cf5021-6620-422f-b2e4-7c98adb119d0', 'Lost', '264556', 'lyric', 'nan', FALSE, 'Null', NOW(), NOW()),
('8323bdec-256c-4e2a-a8c5-081625a9f887', '70cf5021-6620-422f-b2e4-7c98adb119d0', 'Lost (Beat) - Instrumental', '264456', 'lyric', 'https://audiomelodies.nyc3.digitaloceanspaces.com/LOC/NooPhuocThinh/Lost/LostBeatInstrumental.m4a', FALSE, 'Null', NOW(), NOW()),
('a2582d0f-6177-496e-94c5-206f39d94f41', 'a52e8fde-2218-4579-83df-b7cf6f1bf7ec', 'Yes I Love You', '232500', 'lyric', 'https://audiomelodies.nyc3.digitaloceanspaces.com/LOC/NooPhuocThinh/YesILoveYou/YesILoveYou.m4a', FALSE, 'Null', NOW(), NOW()),
('aa9d8ffe-db8c-4b8e-a14e-11ce525ae631', 'c5cafb3b-8f5a-47e7-9502-25b6684e5e24', 'Dream Team (feat. Anh Đạt, Hiền Mai, Anh Phong, Han Sara, Lương Minh Trí & Thanh Nga)', '227190', 'lyric', 'nan', FALSE, 'Null', NOW(), NOW()),
('3b34fbf7-8a11-46e2-bcf6-28648787819c', '51445255-23af-4932-9517-e879ba684a99', 'Thương Mấy Cũng Là Người Dưng', '242815', 'lyric', 'https://audiomelodies.nyc3.digitaloceanspaces.com/LOC/NooPhuocThinh/ThuongMayCungLaNguoiDung/ThuongMayCungLaNguoiDung.m4a', FALSE, 'Null', NOW(), NOW()),
('6e41236a-3ab2-44e1-96e7-62a7ae09886d', '51445255-23af-4932-9517-e879ba684a99', 'Thương Mấy Cũng Là Người Dưng - Instrumental', '246176', 'lyric', 'https://audiomelodies.nyc3.digitaloceanspaces.com/LOC/NooPhuocThinh/ThuongMayCungLaNguoiDung/ThuongMayCungLaNguoiDungInstrumental.m4a', FALSE, 'Null', NOW(), NOW()),
('cb49e382-8e38-4033-b728-17a3a8ad4744', 'bb41d83b-2f57-4100-a417-45eb356f26c9', 'Lặng Thầm - Remix', '150935', 'lyric', 'https://audiomelodies.nyc3.digitaloceanspaces.com/LOC/NooPhuocThinh/LangThamSlimVMix/LangThamRemix.m4a', FALSE, 'Null', NOW(), NOW()),
('750f1956-06ee-4a7e-9809-c258f20448d3', 'bb41d83b-2f57-4100-a417-45eb356f26c9', 'Lặng Thầm - DJ SlimV Remix', '245042', 'lyric', 'https://audiomelodies.nyc3.digitaloceanspaces.com/LOC/NooPhuocThinh/LangThamSlimVMix/LangThamDJSlimVRemix.m4a', FALSE, 'Null', NOW(), NOW()),
('e74812a1-0378-4bc5-a5af-486213bc5107', 'bb41d83b-2f57-4100-a417-45eb356f26c9', 'Lặng Thầm - DJ SlimV Remix Instrumental', '201540', 'lyric', 'https://audiomelodies.nyc3.digitaloceanspaces.com/LOC/NooPhuocThinh/LangThamSlimVMix/LangThamDJSlimVRemixInstrumental.m4a', FALSE, 'Null', NOW(), NOW()),
('0c529775-1d92-43db-a4b9-4855df381cdd', '1622838d-1bd2-46c8-bb21-a4fd6d060eb4', 'Lạc Bước Trong Đêm', '249453', 'lyric', 'nan', FALSE, 'Null', NOW(), NOW()),
('4bf1e96f-143c-4e63-8c6b-d2fce0eef907', '116fde15-1dd4-4192-a338-f9f65f4e6411', 'Hạnh Phúc Xuân Ngời', '234540', 'lyric', 'https://audiomelodies.nyc3.digitaloceanspaces.com/LOC/NooPhuocThinh/HanhPhucXuanNgoi/HanhPhucXuanNgoi.m4a', FALSE, 'Null', NOW(), NOW()),
('b66b8586-81da-466f-bb0c-4c48e69c3a18', 'd614b909-3038-4b5e-a3f2-daf2b20ad94c', 'Mình Thích Thì Mình Yêu Thôi (feat.Hồ Ngọc Hà )', '229774', 'lyric', 'https://audiomelodies.nyc3.digitaloceanspaces.com/LOC/NooPhuocThinh/MinhThichThiMinhYeuThoifeatHoNgocHa/MinhThichThiMinhYeuThoifeatHoNgocHa.m4a', FALSE, 'Null', NOW(), NOW()),
('20dc5b70-5213-44b6-adac-43e88300cbf0', '37fc16b2-88d7-4109-88e7-34a12a6eac96', 'I Don't Believe in You (feat. Basick)', '210627', 'lyric', 'https://audiomelodies.nyc3.digitaloceanspaces.com/LOC/NooPhuocThinh/IDontBelieveinYoufeatBasick/IDontBelieveinYoufeatBasick.m4a', FALSE, 'Null', NOW(), NOW()),
('e9b1622f-0e8b-4d80-8d30-574cf7339320', '1a7b7008-20e8-4727-b156-92890fe44549', 'Dòng thời gian - Live', '293035', 'lyric', 'https://audiomelodies.nyc3.digitaloceanspaces.com/LOC/NooPhuocThinh/DongthoigianLive/DongthoigianLive.m4a', FALSE, 'Null', NOW(), NOW()),
('3c430ee8-1669-4f16-abb1-b8593de9f7c4', '1f15cb68-5e9b-49ab-8090-dcd3db676e4f', 'Những Ngày Xuân Rực Rỡ', '223448', 'lyric', 'nan', FALSE, 'Null', NOW(), NOW()),
('0f5345a8-ddcd-4064-9413-52d7c0511d32', 'a37f1868-6401-49c1-bc98-6040af9218ed', 'Như Phút Ban Đầu', '256000', 'lyric', 'https://audiomelodies.nyc3.digitaloceanspaces.com/LOC/NooPhuocThinh/NhuPhutBanau/NhuPhutBanDau.m4a', FALSE, 'Null', NOW(), NOW()),
('64ac66d1-4eaf-4bcb-9d80-1be23b033db4', 'dca84e70-d17b-4603-bbb0-ba55dc068be8', 'Cause I Love You', '285333', 'lyric', 'nan', FALSE, 'Null', NOW(), NOW()),
('3e6690b0-d605-41fa-9d63-20f76bf1b456', 'dca84e70-d17b-4603-bbb0-ba55dc068be8', 'Cause I Love You - Instrumental', '283188', 'lyric', 'https://audiomelodies.nyc3.digitaloceanspaces.com/LOC/NooPhuocThinh/CauseILoveYou/CauseILoveYouInstrumental.m4a', FALSE, 'Null', NOW(), NOW()),
('e6930ea0-8a4e-4c7f-a65c-5b4c694c0297', 'bbd16e0d-daa2-46bb-b934-3e3dd56f62fe', 'Really Love You', '229000', 'lyric', 'https://audiomelodies.nyc3.digitaloceanspaces.com/LOC/NooPhuocThinh/ReallyLoveYou/ReallyLoveYou.m4a', FALSE, 'Null', NOW(), NOW()),
('59be1740-4887-4656-8abd-97b9371dd220', '45a5ad10-9685-46b7-a96f-61a929962d0d', 'Như Vậy Mãi Thôi', '274692', 'lyric', 'https://audiomelodies.nyc3.digitaloceanspaces.com/LOC/NooPhuocThinh/NhuVayMaiThoi/NhuVayMaiThoi.m4a', FALSE, 'Null', NOW(), NOW()),
('9022005f-95a2-4e47-a632-0e0f57e7b0a6', '45a5ad10-9685-46b7-a96f-61a929962d0d', 'Như Vậy Mãi Thôi - Instrumental', '283284', 'lyric', 'https://audiomelodies.nyc3.digitaloceanspaces.com/LOC/NooPhuocThinh/NhuVayMaiThoi/NhuVayMaiThoiInstrumental.m4a', FALSE, 'Null', NOW(), NOW()),
('11bff7b1-0044-419f-bf73-8b7091858df7', '3d63ab12-3350-41c9-ac35-190e0bb6b7ff', 'Đừng Nhìn Lại', '236329', 'lyric', 'https://audiomelodies.nyc3.digitaloceanspaces.com/LOC/NooPhuocThinh/ungNhinLai/DungNhinLai.m4a', FALSE, 'Null', NOW(), NOW()),
('6e34440a-c6cd-4492-b27b-1a11a88e1e48', '3d63ab12-3350-41c9-ac35-190e0bb6b7ff', 'Em Sẽ Hạnh Phúc', '245446', 'lyric', 'https://audiomelodies.nyc3.digitaloceanspaces.com/LOC/NooPhuocThinh/EmSeHanhPhuc/EmSeHanhPhuc.m4a', FALSE, 'Null', NOW(), NOW()),
('98a933e1-8415-4d9f-a231-b474f6be7d16', '1e669378-1b2e-42ac-856e-8a9f4117ad4f', 'Đổi Thay', '227787', 'lyric', 'https://audiomelodies.nyc3.digitaloceanspaces.com/LOC/NooPhuocThinh/oiThay/DoiThay.m4a', FALSE, 'Null', NOW(), NOW()),
('640fa293-339e-4745-a039-59ef6f92ea32', '1e669378-1b2e-42ac-856e-8a9f4117ad4f', 'Hạnh Phúc Thoáng Qua', '214778', 'lyric', 'https://audiomelodies.nyc3.digitaloceanspaces.com/LOC/NooPhuocThinh/oiThay/HanhPhucThoangQua.m4a', FALSE, 'Null', NOW(), NOW()),
('087cfb29-1506-47e4-808b-001905accb41', '1e669378-1b2e-42ac-856e-8a9f4117ad4f', 'Too Late', '235911', 'lyric', 'https://audiomelodies.nyc3.digitaloceanspaces.com/LOC/NooPhuocThinh/oiThay/TooLate.m4a', FALSE, 'Null', NOW(), NOW()),
('af28b002-48ca-4ff5-8763-9d567b223780', '1e669378-1b2e-42ac-856e-8a9f4117ad4f', 'Yêu Làm Chi', '231862', 'lyric', 'https://audiomelodies.nyc3.digitaloceanspaces.com/LOC/NooPhuocThinh/oiThay/YeuLamChi.m4a', FALSE, 'Null', NOW(), NOW()),
('e5b1db52-58e5-42d7-a810-d936b6287a92', '839b16a2-012e-44a8-bfed-77c5a24c7d1c', 'Tìm Em Trong Ký Ức', '248189', 'lyric', 'https://audiomelodies.nyc3.digitaloceanspaces.com/LOC/NooPhuocThinh/TimEmTrongKyUc/TimEmTrongKyUc.m4a', FALSE, 'Null', NOW(), NOW()),
('55a9dbab-2c83-42d8-b870-e0db97e2a13b', '839b16a2-012e-44a8-bfed-77c5a24c7d1c', 'Tìm Em Trong Ký Ức (Acoustic Version)', '221126', 'lyric', 'https://audiomelodies.nyc3.digitaloceanspaces.com/LOC/NooPhuocThinh/TimEmTrongKyUc/TimEmTrongKyUcAcousticVersion.m4a', FALSE, 'Null', NOW(), NOW()),
('b89164ce-845f-4f97-ba86-a90c5a21af1e', '81783e35-87a1-491c-b98e-d74ed4fb481e', 'Em Đi Tìm Anh', '273367', 'lyric', 'nan', FALSE, 'Null', NOW(), NOW()),
('bb651e8f-1a22-4e6e-bd61-d2326a31b5bf', '40648786-7dc4-4df8-93de-1ff68411c144', 'Ước Mơ Tôi - From “Thiên Trà” Original Soundtrack', '178600', 'lyric', 'https://audiomelodies.nyc3.digitaloceanspaces.com/LOC/NooPhuocThinh/UocMoToi/UocMoToiFromThienTraOriginalSoundtrack.m4a', FALSE, 'Null', NOW(), NOW()),
('ee3f86c7-2714-425b-9c97-74843a09248a', '40648786-7dc4-4df8-93de-1ff68411c144', 'Ước Mơ Tôi - Instrumental', '180520', 'lyric', 'https://audiomelodies.nyc3.digitaloceanspaces.com/LOC/NooPhuocThinh/UocMoToi/UocMoToiInstrumental.m4a', FALSE, 'Null', NOW(), NOW()),
('d9ebd594-e3c6-4797-897a-cb472c8178c3', '69fa3cfa-6ee3-4c74-9f03-8188d13afd6d', 'Xa Em', '349373', 'lyric', 'nan', FALSE, 'Null', NOW(), NOW()),
('cbb76b54-0b5d-4954-92d2-5d05205d07d5', '69fa3cfa-6ee3-4c74-9f03-8188d13afd6d', 'Xin Lỗi Em', '303506', 'lyric', 'https://audiomelodies.nyc3.digitaloceanspaces.com/LOC/NooPhuocThinh/XinLoiEm/XinLoiEm.m4a', FALSE, 'Null', NOW(), NOW()),
('eaa1263f-22ec-47f8-8fee-218fe8f72e9d', '56d68057-c9d5-4ed3-ac73-f74922bd369a', 'Merino Icecream Land', '183849', 'lyric', 'https://audiomelodies.nyc3.digitaloceanspaces.com/LOC/NooPhuocThinh/MerinoIcecreamLand/MerinoIcecreamLand.m4a', FALSE, 'Null', NOW(), NOW()),
('9d1a7115-144d-421e-ae2a-e08b87696dd0', 'e2756c57-f0c2-4315-954e-492b4a044c61', 'Mãi Mãi Bên Nhau', '268437', 'lyric', 'https://audiomelodies.nyc3.digitaloceanspaces.com/LOC/NooPhuocThinh/MaiMaiBenNhau/MaiMaiBenNhau.m4a', FALSE, 'Null', NOW(), NOW()),
('d2790fd5-e6ab-4a82-9b64-fda41c8b3e3a', 'e2756c57-f0c2-4315-954e-492b4a044c61', 'Mãi Mãi Bên Nhau - Remix', '323592', 'lyric', 'https://audiomelodies.nyc3.digitaloceanspaces.com/LOC/NooPhuocThinh/MaiMaiBenNhau/MaiMaiBenNhauRemix.m4a', FALSE, 'Null', NOW(), NOW()),
('2cb93df3-00b7-45cf-8b67-2d504167c069', 'e2756c57-f0c2-4315-954e-492b4a044c61', 'Mãi Mãi Bên Nhau - Instrumental', '268526', 'lyric', 'https://audiomelodies.nyc3.digitaloceanspaces.com/LOC/NooPhuocThinh/MaiMaiBenNhau/MaiMaiBenNhauInstrumental.m4a', FALSE, 'Null', NOW(), NOW()),
('311710a0-3805-4623-ad51-5145e58d8916', '8fffbbf5-b717-470e-b146-e511b8e8e8a1', 'Đừng Nhìn Lại - Just Wanna Say Goodbye', '236343', 'lyric', 'https://audiomelodies.nyc3.digitaloceanspaces.com/LOC/NooPhuocThinh/ungNhinLai/DungNhinLaiJustWannaSayGoodbye.m4a', FALSE, 'Null', NOW(), NOW()),
('b4b4c575-1731-49ea-b972-6c355c523172', '8fffbbf5-b717-470e-b146-e511b8e8e8a1', 'Mashup Đừng Nhìn Lại - Chôn Giấu Giấc Mơ', '458410', 'lyric', 'https://audiomelodies.nyc3.digitaloceanspaces.com/LOC/NooPhuocThinh/ungNhinLai/MashupDungNhinLaiChonGiauGiacMo.m4a', FALSE, 'Null', NOW(), NOW()),
('9f975253-ebf9-4960-8212-c2e42cb538df', '8fffbbf5-b717-470e-b146-e511b8e8e8a1', 'Đừng Nhìn Lại (Just Wanna Say Goodbye) - Remix', '235716', 'lyric', 'https://audiomelodies.nyc3.digitaloceanspaces.com/LOC/NooPhuocThinh/ungNhinLai/DungNhinLaiJustWannaSayGoodbyeRemix.m4a', FALSE, 'Null', NOW(), NOW()),
('67c1884b-bd6e-4975-b0c2-c5f537173bdb', 'cd6b8ccb-4473-4118-997a-82da858438ac', 'Gạt Đi Nước Mắt (feat. Tonny Việt)', '258861', 'lyric', 'https://audiomelodies.nyc3.digitaloceanspaces.com/LOC/NooPhuocThinh/GatiNuocMat/GatDiNuocMatfeatTonnyViet.m4a', FALSE, 'Null', NOW(), NOW()),
('52df1ad4-8b12-45b2-b0f0-dad3ebb22102', 'cd6b8ccb-4473-4118-997a-82da858438ac', 'Gạt Đi Nước Mắt - Ballad Version', '246949', 'lyric', 'https://audiomelodies.nyc3.digitaloceanspaces.com/LOC/NooPhuocThinh/GatiNuocMat/GatDiNuocMatBalladVersion.m4a', FALSE, 'Null', NOW(), NOW()),
('8e3390bd-5870-4090-a4d7-243e454ad8bf', 'cd6b8ccb-4473-4118-997a-82da858438ac', 'Gạt Đi Nước Mắt - Ballad Instrumental', '241124', 'lyric', 'https://audiomelodies.nyc3.digitaloceanspaces.com/LOC/NooPhuocThinh/GatiNuocMat/GatDiNuocMatBalladInstrumental.m4a', FALSE, 'Null', NOW(), NOW()),
('3ac94af8-72be-4cec-8444-556b84651911', 'cd6b8ccb-4473-4118-997a-82da858438ac', 'Gạt Đi Nước Mắt - Dance Instrumental', '259644', 'lyric', 'https://audiomelodies.nyc3.digitaloceanspaces.com/LOC/NooPhuocThinh/GatiNuocMat/GatDiNuocMatDanceInstrumental.m4a', FALSE, 'Null', NOW(), NOW()),
('2ae1f281-fb9a-4b16-96fc-d6306088dc93', '112b6bba-4bb1-42a0-a813-253515955457', 'Mashup Mãi mãi bên nhau / Như phút ban đầu - Live', '384197', 'lyric', 'https://audiomelodies.nyc3.digitaloceanspaces.com/LOC/NooPhuocThinh/MashupMaimaibennhauNhuphutbanauLive/MashupMaimaibennhauNhuphutbandauLive.m4a', FALSE, 'Null', NOW(), NOW()),
('b700f16c-b65f-4e6f-a908-35443f8fcd1e', '309a9756-72d7-4b05-b686-3fd8170397f3', 'Em Sẽ Hạnh Phúc', '245434', 'lyric', 'https://audiomelodies.nyc3.digitaloceanspaces.com/LOC/NooPhuocThinh/ungNhinLai/EmSeHanhPhuc.m4a', FALSE, 'Null', NOW(), NOW()),
('f1f57a22-ca64-4aa5-bb4b-31e78347e4c7', '309a9756-72d7-4b05-b686-3fd8170397f3', 'Em Sẽ Hạnh Phúc - Remix', '224458', 'lyric', 'https://audiomelodies.nyc3.digitaloceanspaces.com/LOC/NooPhuocThinh/EmSeHanhPhuc/EmSeHanhPhucRemix.m4a', FALSE, 'Null', NOW(), NOW()),
('c6da4121-7e03-4370-9fd0-cb400e49c769', '309a9756-72d7-4b05-b686-3fd8170397f3', 'Em Sẽ Hạnh Phúc - Instrumental', '245539', 'lyric', 'https://audiomelodies.nyc3.digitaloceanspaces.com/LOC/NooPhuocThinh/EmSeHanhPhuc/EmSeHanhPhucInstrumental.m4a', FALSE, 'Null', NOW(), NOW()),
('29f57603-acac-4ec4-aecb-3a9aa26d5939', 'dafdfcf5-4ef7-4725-94c9-3f87741e7c9e', 'Tìm Em', '251453', 'lyric', 'https://audiomelodies.nyc3.digitaloceanspaces.com/LOC/NooPhuocThinh/TimEmTrongKyUc/TimEm.m4a', FALSE, 'Null', NOW(), NOW()),
('ceda2d38-e395-4029-91f3-996fbf82a4b8', 'dafdfcf5-4ef7-4725-94c9-3f87741e7c9e', 'Tìm Em Trong Ký Ức', '248424', 'lyric', 'nan', FALSE, 'Null', NOW(), NOW()),
('ddaed295-5817-4039-ba7d-7d0c64065d77', 'dafdfcf5-4ef7-4725-94c9-3f87741e7c9e', 'Tìm Em Trong Ký Ức - Acoustic Version', '221152', 'lyric', 'nan', FALSE, 'Null', NOW(), NOW()),
('f89eba95-bf8e-4ddb-b98a-68cb2e69a583', 'dafdfcf5-4ef7-4725-94c9-3f87741e7c9e', 'Tìm Em Trong Ký Ức - Instrumental', '289280', 'lyric', 'https://audiomelodies.nyc3.digitaloceanspaces.com/LOC/NooPhuocThinh/TimEmTrongKyUc/TimEmTrongKyUcInstrumental.m4a', FALSE, 'Null', NOW(), NOW()),
('378cbd2a-0657-4288-a378-14cade68667e', '37e16418-077c-4b99-a302-83cda9182a29', 'Chờ Ngày Mưa Tan (feat. Tonny Việt)', '212388', 'lyric', 'https://audiomelodies.nyc3.digitaloceanspaces.com/LOC/NooPhuocThinh/ChoNgayMuaTan/ChoNgayMuaTanfeatTonnyViet.m4a', FALSE, 'Null', NOW(), NOW()),
('169644ae-2490-466c-adca-a51a25c7b9fe', '37e16418-077c-4b99-a302-83cda9182a29', 'Chờ Ngày Mưa Tan (feat. Tonny Việt) - DJ Duy Remix', '351596', 'lyric', 'https://audiomelodies.nyc3.digitaloceanspaces.com/LOC/NooPhuocThinh/ChoNgayMuaTan/ChoNgayMuaTanfeatTonnyVietDJDuyRemix.m4a', FALSE, 'Null', NOW(), NOW()),
('76ca1af4-b971-4be0-9ee6-4ccf53812bb8', '37e16418-077c-4b99-a302-83cda9182a29', 'Chờ Ngày Mưa Tan (feat. Tonny Việt) - Instrumental', '212494', 'lyric', 'https://audiomelodies.nyc3.digitaloceanspaces.com/LOC/NooPhuocThinh/ChoNgayMuaTan/ChoNgayMuaTanfeatTonnyVietInstrumental.m4a', FALSE, 'Null', NOW(), NOW()),
('3417566b-05dc-4507-a0b6-decdcfb7a6d4', '9e55de7f-00f9-4ddc-9752-5a5981c6f108', 'Anh Sẽ Quên', '243748', 'lyric', 'https://audiomelodies.nyc3.digitaloceanspaces.com/LOC/NooPhuocThinh/ChoNgayMuaTan/AnhSeQuen.m4a', FALSE, 'Null', NOW(), NOW()),
('ca70d5f2-02fc-46f1-82b6-aadefd9d3be0', '9e55de7f-00f9-4ddc-9752-5a5981c6f108', 'Chờ Ngày Mưa Tan', '212351', 'lyric', 'https://audiomelodies.nyc3.digitaloceanspaces.com/LOC/NooPhuocThinh/ChoNgayMuaTan/ChoNgayMuaTan.m4a', FALSE, 'Null', NOW(), NOW()),
('7cdd2d4a-83c2-4d0b-8eb6-c08cfc1ca6fd', '9e55de7f-00f9-4ddc-9752-5a5981c6f108', 'Vắng Em', '239908', 'lyric', 'https://audiomelodies.nyc3.digitaloceanspaces.com/LOC/NooPhuocThinh/ChoNgayMuaTan/VangEm.m4a', FALSE, 'Null', NOW(), NOW()),
('198615e4-6590-4c1d-bbb0-8cf96c619a61', '3dcccd79-6d79-4b26-b043-af273772b67c', 'Xin Lỗi Em', '303621', 'lyric', 'nan', FALSE, 'Null', NOW(), NOW()),
('580842f6-8f77-4cb1-a1ad-2f9bebdfe262', '497bc93f-e90f-45cc-9275-f5b1d3c57306', 'Nỗi Nhớ Đầy Vơi', '262978', 'lyric', 'nan', FALSE, 'Null', NOW(), NOW()),
('65500e9b-9195-416f-94e4-83bbbfb216d2', '497bc93f-e90f-45cc-9275-f5b1d3c57306', 'Nỗi Nhớ Đầy Vơi - Ballad Version', '252613', 'lyric', 'nan', FALSE, 'Null', NOW(), NOW()),
('f0876d59-fb5a-46e5-9ca9-d56a4d382754', '497bc93f-e90f-45cc-9275-f5b1d3c57306', 'Nỗi Nhớ Đầy Vơi - Dance Version', '203520', 'lyric', 'nan', FALSE, 'Null', NOW(), NOW()),
('78325c96-e73f-4e17-aeae-24966d606462', '497bc93f-e90f-45cc-9275-f5b1d3c57306', 'Chỉ Là Giấc Mơ', '253626', 'lyric', 'nan', FALSE, 'Null', NOW(), NOW()),
('36009b57-7474-465f-8113-4e32d5bf56ef', '497bc93f-e90f-45cc-9275-f5b1d3c57306', 'Chỉ Là - R&B Version', '203960', 'lyric', 'nan', FALSE, 'Null', NOW(), NOW()),
('81dec366-0689-4da1-824c-ae10f3e5c968', '7028b7a3-e0b0-4bbf-9943-7bc6a0e3b6e6', 'Đổi Thay', '227760', 'lyric', 'nan', FALSE, 'Null', NOW(), NOW()),
('b25255c4-e0dd-4ed0-9e55-376c99ee02f7', '7028b7a3-e0b0-4bbf-9943-7bc6a0e3b6e6', 'Đổi Thay - Remix', '215040', 'lyric', 'https://audiomelodies.nyc3.digitaloceanspaces.com/LOC/NooPhuocThinh/oiThay/DoiThayRemix.m4a', FALSE, 'Null', NOW(), NOW()),
('fb3f53da-5988-4c7d-9dfa-81a716293cc5', '7028b7a3-e0b0-4bbf-9943-7bc6a0e3b6e6', 'Đổi Thay - Instrumental', '228022', 'lyric', 'https://audiomelodies.nyc3.digitaloceanspaces.com/LOC/NooPhuocThinh/oiThay/DoiThayInstrumental.m4a', FALSE, 'Null', NOW(), NOW()),
('a5416036-5cc9-4f6a-b4cf-c0cca028a5be', '2aa68a56-1f9b-4a93-bc64-1098515296c3', 'cơn mưa băng giá - Live', '280427', 'lyric', 'https://audiomelodies.nyc3.digitaloceanspaces.com/LOC/NooPhuocThinh/conmuabanggiaLive/conmuabanggiaLive.m4a', FALSE, 'Null', NOW(), NOW()),
('034182dd-0668-40a5-84d9-396993278fc2', '78410954-6b71-4505-a0e7-c9072690d7b7', 'Tôi Là Một Ngôi Sao', '297130', 'lyric', 'https://audiomelodies.nyc3.digitaloceanspaces.com/LOC/NooPhuocThinh/ToiLaMotNgoiSaooriginal/ToiLaMotNgoiSao.m4a', FALSE, 'Null', NOW(), NOW()),
('67912fbd-6b53-42c8-afdf-31b7dde9843f', '78410954-6b71-4505-a0e7-c9072690d7b7', 'Tôi Là Một Ngôi Sao Beat', '276303', 'lyric', 'https://audiomelodies.nyc3.digitaloceanspaces.com/LOC/NooPhuocThinh/ToiLaMotNgoiSaooriginal/ToiLaMotNgoiSaoBeat.m4a', FALSE, 'Null', NOW(), NOW()),
('eb6954f4-b5a6-4b2e-aa14-55c32bc7d2ed', 'e2e4607f-371d-4429-bda8-1e71dc64b896', 'Dream Team', '227190', 'lyric', 'nan', FALSE, 'Null', NOW(), NOW());



INSERT INTO "ArtistSong" ("songId", "artistId", "main", "createdAt", "updatedAt") VALUES
('228f5f30-9b3b-44cd-92e3-a9bd72709ded',  'Unknown', , TRUE, NOW(), NOW()),
('0f118deb-af7c-4680-9d50-aff35093e528',  'Unknown', , TRUE, NOW(), NOW()),
('edbdb27c-5167-45c1-b302-64280a3480bb',  'Unknown', , TRUE, NOW(), NOW()),
('4fc79c7d-756d-45ef-90a0-e0957e5a2670',  'Unknown', , TRUE, NOW(), NOW()),
('c845ed7c-05e2-4f9a-bb7d-b7e23f0020a2', 'Unknown', TRUE, NOW(), NOW()),
('c845ed7c-05e2-4f9a-bb7d-b7e23f0020a2', 'Unknown', FALSE, NOW(), NOW()),
('be436003-ca16-46f2-b6e5-e0e8c1d2839e',  'Unknown', , TRUE, NOW(), NOW()),
('3999b773-305b-43b2-a127-cf743bb88299',  'Unknown', , TRUE, NOW(), NOW()),
('f66b68b5-ed1c-45fb-b9c6-53613d6018ff',  'Unknown', , TRUE, NOW(), NOW()),
('5a4d89dc-e564-4717-8ad4-c64e9defca7e', 'Unknown', TRUE, NOW(), NOW()),
('5a4d89dc-e564-4717-8ad4-c64e9defca7e', 'Unknown', FALSE, NOW(), NOW()),
('70be4a03-59a1-46cb-9027-87c6cdb41036',  'Unknown', , TRUE, NOW(), NOW()),
('bc53ed8b-b3d9-4488-b34f-8ae68946aec9',  'Unknown', , TRUE, NOW(), NOW()),
('0eb0defb-6003-40ff-bdca-e3b2f3bed5ce',  'Unknown', , TRUE, NOW(), NOW()),
('e377a09b-e321-4d67-9480-79bb38bda7ae',  'Unknown', , TRUE, NOW(), NOW()),
('6a21c01c-2266-43c3-8fda-58793ffc1557',  'Unknown', , TRUE, NOW(), NOW()),
('d8dd2b72-e27a-4b69-9efd-6fe85194689d',  'Unknown', , TRUE, NOW(), NOW()),
('845699b4-b8f7-44d5-9b32-9102059dd03b',  'Unknown', , TRUE, NOW(), NOW()),
('eef81658-4755-4c7b-90d2-614eb5b986eb', 'Unknown', TRUE, NOW(), NOW()),
('eef81658-4755-4c7b-90d2-614eb5b986eb', '7204e578-c70f-4244-a1e5-cdba6fe2ae90', FALSE, NOW(), NOW()),
('fc25d6b8-7211-4bb9-8f20-be3add58c82f',  'Unknown', , TRUE, NOW(), NOW()),
('0991df38-557f-4143-a88d-20de715ffab4',  'Unknown', , TRUE, NOW(), NOW()),
('02ee14d3-1f0e-49f2-afa6-86d2d25c6fd9',  '7204e578-c70f-4244-a1e5-cdba6fe2ae90', , TRUE, NOW(), NOW()),
('7a11b05c-7a05-4c52-a31a-bf3f1b50b524',  '7204e578-c70f-4244-a1e5-cdba6fe2ae90', , TRUE, NOW(), NOW()),
('6ba3a62a-972f-4a67-8618-732fd3acc7e1',  '7204e578-c70f-4244-a1e5-cdba6fe2ae90', , TRUE, NOW(), NOW()),
('ea059e08-9ff9-407e-ae32-ec0d3d3bde1d', '7204e578-c70f-4244-a1e5-cdba6fe2ae90', TRUE, NOW(), NOW()),
('ea059e08-9ff9-407e-ae32-ec0d3d3bde1d', '9d1308e5-03db-4c5b-9a76-18907c98ebfc', FALSE, NOW(), NOW()),
('84c16469-c8fd-4eaf-93eb-ad4a47e70173',  '7204e578-c70f-4244-a1e5-cdba6fe2ae90', , TRUE, NOW(), NOW()),
('4041bc55-9954-4a52-93b4-9a101deaffb3',  '7204e578-c70f-4244-a1e5-cdba6fe2ae90', , TRUE, NOW(), NOW()),
('5bfa52c9-519b-4979-873e-9b48ab763364',  '7204e578-c70f-4244-a1e5-cdba6fe2ae90', , TRUE, NOW(), NOW()),
('eef36c42-7da4-42df-b4f4-c2d298b557a6',  '7204e578-c70f-4244-a1e5-cdba6fe2ae90', , TRUE, NOW(), NOW()),
('012f40e8-956f-491a-8128-9068d4ae63b5',  '7204e578-c70f-4244-a1e5-cdba6fe2ae90', , TRUE, NOW(), NOW()),
('6440fb02-286f-4be8-ac74-6fc1968685d3',  '7204e578-c70f-4244-a1e5-cdba6fe2ae90', , TRUE, NOW(), NOW()),
('71abf03f-6083-4618-b82a-ff37de8724d6',  '7204e578-c70f-4244-a1e5-cdba6fe2ae90', , TRUE, NOW(), NOW()),
('ab843385-9aac-497c-8f18-4ceea579deea',  '7204e578-c70f-4244-a1e5-cdba6fe2ae90', , TRUE, NOW(), NOW()),
('4a7e1037-ad2d-4127-844e-22ac7c9f0b4c', '7204e578-c70f-4244-a1e5-cdba6fe2ae90', TRUE, NOW(), NOW()),
('4a7e1037-ad2d-4127-844e-22ac7c9f0b4c', '9d1308e5-03db-4c5b-9a76-18907c98ebfc', FALSE, NOW(), NOW()),
('681a2913-74b0-4aa8-a109-24286657e5ca',  '7204e578-c70f-4244-a1e5-cdba6fe2ae90', , TRUE, NOW(), NOW()),
('31eb01ae-29c8-44b3-93d5-6ff9fb724635', '7204e578-c70f-4244-a1e5-cdba6fe2ae90', TRUE, NOW(), NOW()),
('31eb01ae-29c8-44b3-93d5-6ff9fb724635', '9d1308e5-03db-4c5b-9a76-18907c98ebfc', FALSE, NOW(), NOW()),
('dd20e17e-4734-42e1-abc6-f4c070e058e2', '7204e578-c70f-4244-a1e5-cdba6fe2ae90', TRUE, NOW(), NOW()),
('dd20e17e-4734-42e1-abc6-f4c070e058e2', '9d1308e5-03db-4c5b-9a76-18907c98ebfc', FALSE, NOW(), NOW()),
('f5e2bbba-c8d9-449f-8abd-f2765a5de80b',  '7204e578-c70f-4244-a1e5-cdba6fe2ae90', , TRUE, NOW(), NOW()),
('fc4313a1-1152-44b3-be54-9ca65f6c783a',  '7204e578-c70f-4244-a1e5-cdba6fe2ae90', , TRUE, NOW(), NOW()),
('9af108ec-d772-4efd-bb2d-3e8ec3277907',  '7204e578-c70f-4244-a1e5-cdba6fe2ae90', , TRUE, NOW(), NOW()),
('30bb6b92-0b42-4de1-bd09-9819d2774917',  '7204e578-c70f-4244-a1e5-cdba6fe2ae90', , TRUE, NOW(), NOW()),
('942fefae-307f-4ca2-8e50-f0c6120c7036',  '7204e578-c70f-4244-a1e5-cdba6fe2ae90', , TRUE, NOW(), NOW()),
('b2c7f918-befd-486e-bf70-ddb16b8aff9f',  '7204e578-c70f-4244-a1e5-cdba6fe2ae90', , TRUE, NOW(), NOW()),
('98d16ae6-d8cf-4442-ba0f-aff6b17f4d56',  '7204e578-c70f-4244-a1e5-cdba6fe2ae90', , TRUE, NOW(), NOW()),
('b2d4b12d-8f0c-49e8-b45b-b703b14b29ce',  '7204e578-c70f-4244-a1e5-cdba6fe2ae90', , TRUE, NOW(), NOW()),
('f376a83a-b536-4389-9091-dbac3b9a6688',  '7204e578-c70f-4244-a1e5-cdba6fe2ae90', , TRUE, NOW(), NOW()),
('3b38f253-736d-4ec0-b3f1-6748596e40ec',  '7204e578-c70f-4244-a1e5-cdba6fe2ae90', , TRUE, NOW(), NOW()),
('b41ca00d-68bd-46bb-8869-9e01eaf0b176',  '7204e578-c70f-4244-a1e5-cdba6fe2ae90', , TRUE, NOW(), NOW()),
('55199801-a9bf-42e6-a65a-f752fd2a73e7',  '7204e578-c70f-4244-a1e5-cdba6fe2ae90', , TRUE, NOW(), NOW()),
('e6fac9ea-57f6-4a6c-a879-3d7350269b7b',  '7204e578-c70f-4244-a1e5-cdba6fe2ae90', , TRUE, NOW(), NOW()),
('56245a67-42d7-458d-a4d9-7dfc2e3f2d1f',  '7204e578-c70f-4244-a1e5-cdba6fe2ae90', , TRUE, NOW(), NOW()),
('d060651b-36ba-4591-9d1b-0c674f5ca08c',  '7204e578-c70f-4244-a1e5-cdba6fe2ae90', , TRUE, NOW(), NOW()),
('6e457269-7c1a-4d04-85c7-70c042383a39',  '7204e578-c70f-4244-a1e5-cdba6fe2ae90', , TRUE, NOW(), NOW()),
('cd792562-4fd6-4854-8cdf-cf743cead84d',  '7204e578-c70f-4244-a1e5-cdba6fe2ae90', , TRUE, NOW(), NOW()),
('d1634e41-4933-48b3-bddb-311b8b5a8ab4',  '7204e578-c70f-4244-a1e5-cdba6fe2ae90', , TRUE, NOW(), NOW()),
('ec10df6e-89dc-4de1-9c03-10b97a136c2d',  '7204e578-c70f-4244-a1e5-cdba6fe2ae90', , TRUE, NOW(), NOW()),
('68267e86-3a39-49e5-acab-e2ff4e42b580',  '7204e578-c70f-4244-a1e5-cdba6fe2ae90', , TRUE, NOW(), NOW()),
('2b07f7b7-196e-4677-aa59-a1d04a80bed0',  '7204e578-c70f-4244-a1e5-cdba6fe2ae90', , TRUE, NOW(), NOW()),
('3edf9e32-b16a-420e-b474-7f5d064a85e5', '7204e578-c70f-4244-a1e5-cdba6fe2ae90', TRUE, NOW(), NOW()),
('3edf9e32-b16a-420e-b474-7f5d064a85e5', 'Unknown', FALSE, NOW(), NOW()),
('bc396c78-fd27-4561-9b71-7c2968c09988',  '7204e578-c70f-4244-a1e5-cdba6fe2ae90', , TRUE, NOW(), NOW()),
('48695031-541c-43d5-8c80-898bce19473a',  '7204e578-c70f-4244-a1e5-cdba6fe2ae90', , TRUE, NOW(), NOW()),
('d3a91ee5-cc55-4ea7-a1ce-d5b55647b968',  '7204e578-c70f-4244-a1e5-cdba6fe2ae90', , TRUE, NOW(), NOW()),
('0eef3c11-b5de-4f71-ac99-cc589a8becd1', '7204e578-c70f-4244-a1e5-cdba6fe2ae90', TRUE, NOW(), NOW()),
('0eef3c11-b5de-4f71-ac99-cc589a8becd1', 'Unknown', FALSE, NOW(), NOW()),
('8cd65ccb-64a1-471f-b0a8-db0a8e25c998',  '7204e578-c70f-4244-a1e5-cdba6fe2ae90', , TRUE, NOW(), NOW()),
('1a6aad31-5717-4917-8ab9-a95e9ff4d5a6',  '7204e578-c70f-4244-a1e5-cdba6fe2ae90', , TRUE, NOW(), NOW()),
('fea87b40-7891-49ca-af98-eaba4be261fc',  '7204e578-c70f-4244-a1e5-cdba6fe2ae90', , TRUE, NOW(), NOW()),
('35f712e4-bfb4-4627-96db-8e88ab126939',  '7204e578-c70f-4244-a1e5-cdba6fe2ae90', , TRUE, NOW(), NOW()),
('272c4a54-50dc-42ef-ab79-9c770953e165',  '7204e578-c70f-4244-a1e5-cdba6fe2ae90', , TRUE, NOW(), NOW()),
('96d76a9e-797b-4526-8c23-31a0f5b18014',  '7204e578-c70f-4244-a1e5-cdba6fe2ae90', , TRUE, NOW(), NOW()),
('cf52a16e-bf20-46d5-9461-25a4d0b9f931',  '7204e578-c70f-4244-a1e5-cdba6fe2ae90', , TRUE, NOW(), NOW()),
('c187a4c4-d124-400a-88d1-0bef04df1422', 'Unknown', TRUE, NOW(), NOW()),
('c187a4c4-d124-400a-88d1-0bef04df1422', '7204e578-c70f-4244-a1e5-cdba6fe2ae90', FALSE, NOW(), NOW()),
('c187a4c4-d124-400a-88d1-0bef04df1422', 'Unknown', FALSE, NOW(), NOW()),
('7bc52696-2555-43e1-8a36-28b14d1d298d', 'a9782e40-aacb-4f4b-8360-12643f4accd3', TRUE, NOW(), NOW()),
('7bc52696-2555-43e1-8a36-28b14d1d298d', '7204e578-c70f-4244-a1e5-cdba6fe2ae90', FALSE, NOW(), NOW()),
('5cf208cb-0b5d-4b5a-a2c0-c46d051a8f2d', 'Unknown', TRUE, NOW(), NOW()),
('5cf208cb-0b5d-4b5a-a2c0-c46d051a8f2d', '7204e578-c70f-4244-a1e5-cdba6fe2ae90', FALSE, NOW(), NOW()),
('b0e0c1be-b047-4edf-aa94-4d7db76bcd46',  '7204e578-c70f-4244-a1e5-cdba6fe2ae90', , TRUE, NOW(), NOW()),
('3c404040-f3b5-414b-992e-c933eeaf0010',  '7204e578-c70f-4244-a1e5-cdba6fe2ae90', , TRUE, NOW(), NOW()),
('09735a1b-d6d7-4b7d-9bde-b7402024e197',  '7204e578-c70f-4244-a1e5-cdba6fe2ae90', , TRUE, NOW(), NOW()),
('568b59ee-8e63-43ba-8b90-1fbaa379bf03',  '7204e578-c70f-4244-a1e5-cdba6fe2ae90', , TRUE, NOW(), NOW()),
('57074c39-fa77-4a6c-9318-9677170dfb8c',  '7204e578-c70f-4244-a1e5-cdba6fe2ae90', , TRUE, NOW(), NOW()),
('895ada9b-5bc8-4ceb-83fd-3c089892cfef',  '7204e578-c70f-4244-a1e5-cdba6fe2ae90', , TRUE, NOW(), NOW()),
('a68a4b5c-6267-4a1e-a97e-390b55a16d55',  '7204e578-c70f-4244-a1e5-cdba6fe2ae90', , TRUE, NOW(), NOW()),
('06ce9cc8-a07f-40f2-beb9-5d4afcc163cf',  '7204e578-c70f-4244-a1e5-cdba6fe2ae90', , TRUE, NOW(), NOW()),
('3e5a7207-6080-40a2-ba18-29c2ccc1595a',  '7204e578-c70f-4244-a1e5-cdba6fe2ae90', , TRUE, NOW(), NOW()),
('c1c6f3e4-5d7d-42da-82f2-a276f7b9e723', 'Unknown', TRUE, NOW(), NOW()),
('c1c6f3e4-5d7d-42da-82f2-a276f7b9e723', 'Unknown', FALSE, NOW(), NOW()),
('c1c6f3e4-5d7d-42da-82f2-a276f7b9e723', '7204e578-c70f-4244-a1e5-cdba6fe2ae90', FALSE, NOW(), NOW()),
('c1c6f3e4-5d7d-42da-82f2-a276f7b9e723', '6b04245f-4330-407b-a0ca-462776b6b125', FALSE, NOW(), NOW()),
('c1c6f3e4-5d7d-42da-82f2-a276f7b9e723', 'Unknown', FALSE, NOW(), NOW()),
('c1c6f3e4-5d7d-42da-82f2-a276f7b9e723', 'Unknown', FALSE, NOW(), NOW()),
('67854119-742b-42b8-aa4b-5f3e545023d7', 'Unknown', TRUE, NOW(), NOW()),
('67854119-742b-42b8-aa4b-5f3e545023d7', 'Unknown', FALSE, NOW(), NOW()),
('67854119-742b-42b8-aa4b-5f3e545023d7', '7204e578-c70f-4244-a1e5-cdba6fe2ae90', FALSE, NOW(), NOW()),
('67854119-742b-42b8-aa4b-5f3e545023d7', '6b04245f-4330-407b-a0ca-462776b6b125', FALSE, NOW(), NOW()),
('67854119-742b-42b8-aa4b-5f3e545023d7', 'Unknown', FALSE, NOW(), NOW()),
('67854119-742b-42b8-aa4b-5f3e545023d7', 'Unknown', FALSE, NOW(), NOW()),
('be2dd20d-4027-458b-bad5-101998754a09',  '7204e578-c70f-4244-a1e5-cdba6fe2ae90', , TRUE, NOW(), NOW()),
('4ab796ad-449d-4f7a-8bb0-088aa80670aa',  '7204e578-c70f-4244-a1e5-cdba6fe2ae90', , TRUE, NOW(), NOW()),
('cfba58b9-5b34-449b-b8e0-a145d54afbe8',  '7204e578-c70f-4244-a1e5-cdba6fe2ae90', , TRUE, NOW(), NOW()),
('cd695d64-ae8c-4a55-96b1-beab2bf1944f',  '7204e578-c70f-4244-a1e5-cdba6fe2ae90', , TRUE, NOW(), NOW()),
('98268c19-d5d0-4c80-8f58-0acfe325bfeb',  '7204e578-c70f-4244-a1e5-cdba6fe2ae90', , TRUE, NOW(), NOW()),
('722d9887-920e-4748-827c-4a3d3402c4df', 'Unknown', TRUE, NOW(), NOW()),
('722d9887-920e-4748-827c-4a3d3402c4df', '7204e578-c70f-4244-a1e5-cdba6fe2ae90', FALSE, NOW(), NOW()),
('c6602711-e8d9-4890-b939-6cf3d77768b1',  '7204e578-c70f-4244-a1e5-cdba6fe2ae90', , TRUE, NOW(), NOW()),
('a94b4489-ffcf-48a3-9791-c4bc3430b647',  '7204e578-c70f-4244-a1e5-cdba6fe2ae90', , TRUE, NOW(), NOW()),
('5c227826-a4f4-4595-8f65-1b073117f71e',  '7204e578-c70f-4244-a1e5-cdba6fe2ae90', , TRUE, NOW(), NOW()),
('55fb4187-1ca6-44f2-97db-743c8d59ce27',  '7204e578-c70f-4244-a1e5-cdba6fe2ae90', , TRUE, NOW(), NOW()),
('dc4bfbc9-21a4-41a7-b4af-ad47aa4aebed',  '7204e578-c70f-4244-a1e5-cdba6fe2ae90', , TRUE, NOW(), NOW()),
('fe602675-c0b1-4a4e-9261-fbf9e5c5db74',  '7204e578-c70f-4244-a1e5-cdba6fe2ae90', , TRUE, NOW(), NOW()),
('0681277d-351a-418b-a406-d1447fa563e6', '7204e578-c70f-4244-a1e5-cdba6fe2ae90', TRUE, NOW(), NOW()),
('0681277d-351a-418b-a406-d1447fa563e6', 'Unknown', FALSE, NOW(), NOW()),
('5caa6e40-b086-467e-b953-f828aa53f743', '7204e578-c70f-4244-a1e5-cdba6fe2ae90', TRUE, NOW(), NOW()),
('5caa6e40-b086-467e-b953-f828aa53f743', '9d1308e5-03db-4c5b-9a76-18907c98ebfc', FALSE, NOW(), NOW()),
('8323bdec-256c-4e2a-a8c5-081625a9f887', '7204e578-c70f-4244-a1e5-cdba6fe2ae90', TRUE, NOW(), NOW()),
('8323bdec-256c-4e2a-a8c5-081625a9f887', '9d1308e5-03db-4c5b-9a76-18907c98ebfc', FALSE, NOW(), NOW()),
('a2582d0f-6177-496e-94c5-206f39d94f41',  '7204e578-c70f-4244-a1e5-cdba6fe2ae90', , TRUE, NOW(), NOW()),
('aa9d8ffe-db8c-4b8e-a14e-11ce525ae631', '7204e578-c70f-4244-a1e5-cdba6fe2ae90', TRUE, NOW(), NOW()),
('aa9d8ffe-db8c-4b8e-a14e-11ce525ae631', 'Unknown', FALSE, NOW(), NOW()),
('aa9d8ffe-db8c-4b8e-a14e-11ce525ae631', 'Unknown', FALSE, NOW(), NOW()),
('aa9d8ffe-db8c-4b8e-a14e-11ce525ae631', 'Unknown', FALSE, NOW(), NOW()),
('aa9d8ffe-db8c-4b8e-a14e-11ce525ae631', 'Unknown', FALSE, NOW(), NOW()),
('aa9d8ffe-db8c-4b8e-a14e-11ce525ae631', 'Unknown', FALSE, NOW(), NOW()),
('aa9d8ffe-db8c-4b8e-a14e-11ce525ae631', 'Unknown', FALSE, NOW(), NOW()),
('3b34fbf7-8a11-46e2-bcf6-28648787819c',  '7204e578-c70f-4244-a1e5-cdba6fe2ae90', , TRUE, NOW(), NOW()),
('6e41236a-3ab2-44e1-96e7-62a7ae09886d',  '7204e578-c70f-4244-a1e5-cdba6fe2ae90', , TRUE, NOW(), NOW()),
('cb49e382-8e38-4033-b728-17a3a8ad4744', '7204e578-c70f-4244-a1e5-cdba6fe2ae90', TRUE, NOW(), NOW()),
('cb49e382-8e38-4033-b728-17a3a8ad4744', '9d1308e5-03db-4c5b-9a76-18907c98ebfc', FALSE, NOW(), NOW()),
('750f1956-06ee-4a7e-9809-c258f20448d3', '7204e578-c70f-4244-a1e5-cdba6fe2ae90', TRUE, NOW(), NOW()),
('750f1956-06ee-4a7e-9809-c258f20448d3', '9d1308e5-03db-4c5b-9a76-18907c98ebfc', FALSE, NOW(), NOW()),
('e74812a1-0378-4bc5-a5af-486213bc5107', '7204e578-c70f-4244-a1e5-cdba6fe2ae90', TRUE, NOW(), NOW()),
('e74812a1-0378-4bc5-a5af-486213bc5107', '9d1308e5-03db-4c5b-9a76-18907c98ebfc', FALSE, NOW(), NOW()),
('0c529775-1d92-43db-a4b9-4855df381cdd',  '7204e578-c70f-4244-a1e5-cdba6fe2ae90', , TRUE, NOW(), NOW()),
('4bf1e96f-143c-4e63-8c6b-d2fce0eef907',  '7204e578-c70f-4244-a1e5-cdba6fe2ae90', , TRUE, NOW(), NOW()),
('b66b8586-81da-466f-bb0c-4c48e69c3a18', '7204e578-c70f-4244-a1e5-cdba6fe2ae90', TRUE, NOW(), NOW()),
('b66b8586-81da-466f-bb0c-4c48e69c3a18', 'Unknown', FALSE, NOW(), NOW()),
('20dc5b70-5213-44b6-adac-43e88300cbf0', '7204e578-c70f-4244-a1e5-cdba6fe2ae90', TRUE, NOW(), NOW()),
('20dc5b70-5213-44b6-adac-43e88300cbf0', 'Unknown', FALSE, NOW(), NOW()),
('e9b1622f-0e8b-4d80-8d30-574cf7339320',  '7204e578-c70f-4244-a1e5-cdba6fe2ae90', , TRUE, NOW(), NOW()),
('3c430ee8-1669-4f16-abb1-b8593de9f7c4',  '7204e578-c70f-4244-a1e5-cdba6fe2ae90', , TRUE, NOW(), NOW()),
('0f5345a8-ddcd-4064-9413-52d7c0511d32',  '7204e578-c70f-4244-a1e5-cdba6fe2ae90', , TRUE, NOW(), NOW()),
('64ac66d1-4eaf-4bcb-9d80-1be23b033db4',  '7204e578-c70f-4244-a1e5-cdba6fe2ae90', , TRUE, NOW(), NOW()),
('3e6690b0-d605-41fa-9d63-20f76bf1b456',  '7204e578-c70f-4244-a1e5-cdba6fe2ae90', , TRUE, NOW(), NOW()),
('e6930ea0-8a4e-4c7f-a65c-5b4c694c0297',  '7204e578-c70f-4244-a1e5-cdba6fe2ae90', , TRUE, NOW(), NOW()),
('59be1740-4887-4656-8abd-97b9371dd220',  '7204e578-c70f-4244-a1e5-cdba6fe2ae90', , TRUE, NOW(), NOW()),
('9022005f-95a2-4e47-a632-0e0f57e7b0a6',  '7204e578-c70f-4244-a1e5-cdba6fe2ae90', , TRUE, NOW(), NOW()),
('11bff7b1-0044-419f-bf73-8b7091858df7',  '7204e578-c70f-4244-a1e5-cdba6fe2ae90', , TRUE, NOW(), NOW()),
('6e34440a-c6cd-4492-b27b-1a11a88e1e48',  '7204e578-c70f-4244-a1e5-cdba6fe2ae90', , TRUE, NOW(), NOW()),
('98a933e1-8415-4d9f-a231-b474f6be7d16',  '7204e578-c70f-4244-a1e5-cdba6fe2ae90', , TRUE, NOW(), NOW()),
('640fa293-339e-4745-a039-59ef6f92ea32',  '7204e578-c70f-4244-a1e5-cdba6fe2ae90', , TRUE, NOW(), NOW()),
('087cfb29-1506-47e4-808b-001905accb41',  '7204e578-c70f-4244-a1e5-cdba6fe2ae90', , TRUE, NOW(), NOW()),
('af28b002-48ca-4ff5-8763-9d567b223780', '7204e578-c70f-4244-a1e5-cdba6fe2ae90', TRUE, NOW(), NOW()),
('af28b002-48ca-4ff5-8763-9d567b223780', 'Unknown', FALSE, NOW(), NOW()),
('e5b1db52-58e5-42d7-a810-d936b6287a92',  '7204e578-c70f-4244-a1e5-cdba6fe2ae90', , TRUE, NOW(), NOW()),
('55a9dbab-2c83-42d8-b870-e0db97e2a13b',  '7204e578-c70f-4244-a1e5-cdba6fe2ae90', , TRUE, NOW(), NOW()),
('b89164ce-845f-4f97-ba86-a90c5a21af1e', 'Unknown', TRUE, NOW(), NOW()),
('b89164ce-845f-4f97-ba86-a90c5a21af1e', '7204e578-c70f-4244-a1e5-cdba6fe2ae90', FALSE, NOW(), NOW()),
('bb651e8f-1a22-4e6e-bd61-d2326a31b5bf',  '7204e578-c70f-4244-a1e5-cdba6fe2ae90', , TRUE, NOW(), NOW()),
('ee3f86c7-2714-425b-9c97-74843a09248a',  '7204e578-c70f-4244-a1e5-cdba6fe2ae90', , TRUE, NOW(), NOW());







--------------------HoangTon



INSERT INTO "Album" ("albumId",  "title", "releaseDate", "albumType", "createdAt", "updatedAt") VALUES
('c985d572-5922-4019-920c-5fb2885e08bc', 'Chế Độ Silent (Remix Version)', '2024-08-27', 'single', NOW(), NOW()),
('0c648e2c-19ff-4749-9758-9ad09f86a892', 'Chế Độ Silent', '2024-08-20', 'single', NOW(), NOW()),
('c4d389b6-ddfb-4b82-b535-79139eb9e03e', 'Trào Dâng', '2024-03-14', 'single', NOW(), NOW()),
('a42246ae-bbe7-429c-8f25-cde7bb54511a', 'Say', '2024-03-07', 'single', NOW(), NOW()),
('dd7e82b7-f65e-4bbd-97d9-889057572644', 'Chỉ Có Em (2024 Version)', '2024-02-07', 'single', NOW(), NOW()),
('ea4cef38-f78f-4869-8664-88a2af37f85e', 'Tình Yêu Giấu Kín', '2023-11-23', 'single', NOW(), NOW()),
('9f66eff2-b6e7-43e1-8d4a-0d39a84cdab8', 'Can't Believe', '2023-11-04', 'single', NOW(), NOW()),
('0c1e1064-afb1-481a-9cf5-13d90b6f6b7b', 'Từng Lời Anh Chôn Dấu', '2023-10-26', 'single', NOW(), NOW()),
('c0a0e486-a7c9-49c3-9d2a-c45b2924b099', 'emconnho ... ???', '2023-08-29', 'ep', NOW(), NOW()),
('e6dc10b1-5b02-4428-8b0f-a16208c09d3d', 'Hè Sang', '2023-06-01', 'single', NOW(), NOW()),
('954a46a5-593a-432b-907c-9bd3809780ab', 'Vì Em Là Cả Thế Giới', '2023-03-31', 'single', NOW(), NOW()),
('9b885e6f-cd89-49f8-a2eb-6ce041a60d3d', 'Từ Bao Đêm Dài (AKTNTE)', '2022-09-08', 'single', NOW(), NOW()),
('0ab45c16-9bf4-4c91-830c-b4e8e1ba7c17', 'Tình Yêu Ngủ Quên (Darrys. Remix)', '2022-08-15', 'single', NOW(), NOW()),
('2f35099b-979d-44ec-ad63-a19b0e5eca89', 'Vệ Tinh', '2022-08-11', 'single', NOW(), NOW()),
('3ae408b9-7b9d-44cd-bf95-25e5c7fff06a', 'CHIM SAU', '2022-08-06', 'ep', NOW(), NOW()),
('9cc6ebc6-e284-4262-9d91-474b5bbdec20', 'Tình Yêu Ngủ Quên (R&B Remix)', '2022-06-15', 'single', NOW(), NOW()),
('adff735c-d9a7-4589-9a2a-092349426560', 'Không Cần Phải Nói Nhiều', '2022-05-10', 'single', NOW(), NOW()),
('1fadfd72-59d2-4d8a-9ccf-327e889c6f29', 'Quan Tâm Em Mỗi Ngày', '2022-04-20', 'single', NOW(), NOW()),
('bcb57b76-84fd-4869-aa63-f3f7881bc2ac', 'Dinner Time', '2021-11-23', 'ep', NOW(), NOW()),
('8c3e2c45-120a-469a-94d7-891fb7e2d5e1', 'Tình Yêu Ngủ Quên (HuyTran Remix)', '2021-11-17', 'single', NOW(), NOW()),
('27c7010b-2315-4608-946c-d3c96327f87f', 'Tình Yêu Ngủ Quên (Lofi)', '2021-11-14', 'single', NOW(), NOW()),
('e141cb34-0d55-470d-a403-e0cc1a7c1005', 'Tình Yêu Ngủ Quên', '2021-06-12', 'single', NOW(), NOW()),
('c7423642-468f-4dff-a2c3-b4673bb98473', 'Tình Yêu Ngủ Quên (Chill Version)', '2021-06-09', 'single', NOW(), NOW()),
('d4d6fc76-3e25-4768-a0ad-63510e282e84', 'Một Ngày Em Sẽ', '2021-06-01', 'single', NOW(), NOW()),
('4f7195e0-e7e1-4d8c-9671-9cae62147ba3', 'Em Không Quay Về', '2021-05-01', 'ep', NOW(), NOW()),
('60d1ecc6-1394-40dd-a251-73140f350873', 'Em Còn Nhớ Anh Không (Remastered)', '2021-04-26', 'single', NOW(), NOW()),
('447f0c23-48f3-4b97-915b-723382f0928f', 'Sex You Up', '2021-02-14', 'single', NOW(), NOW()),
('1040534c-194c-4d9c-a914-e945961227cd', 'Nước Hoa', '2021-01-21', 'single', NOW(), NOW()),
('b82be58c-9abd-4b84-8db8-5d4aeca42de7', 'Mắt Xanh', '2020-08-18', 'ep', NOW(), NOW()),
('d77a9787-dc69-47f4-93c3-9ee5c0828709', 'Xuân Nghỉ Ngơi', '2020-01-01', 'single', NOW(), NOW()),
('46a0bf31-7b62-457a-b61d-634ebd15d5d3', 'I Love You So Much', '2019-11-15', 'single', NOW(), NOW()),
('68baae43-e370-428d-9e8d-313e0fae1d2a', 'What's Your Name?', '2019-05-28', 'single', NOW(), NOW()),
('9f082004-5052-4325-9417-5183897f8a32', 'Yêu Em Rất Nhiều', '2017-09-22', 'single', NOW(), NOW()),
('19baa4ac-f98f-4246-b4f8-6c4191834289', 'Mình Yêu Nhau Bao Lâu', '2014-01-01', 'single', NOW(), NOW()),
('975721f0-a592-4554-9fe9-3948674de12e', 'Chút Nắng Chút Mưa', '2014-01-01', 'ep', NOW(), NOW());



INSERT INTO "AlbumImage" ("albumId", "image", "size", "createdAt", "updatedAt") VALUES
('c985d572-5922-4019-920c-5fb2885e08bc', '6sC4xU6lFhh4jdF6sg3Bjg', 'https://i.scdn.co/image/ab67616d0000b27370098d42c24960270166ce2c', '640', NOW(), NOW()),
('c985d572-5922-4019-920c-5fb2885e08bc', '6sC4xU6lFhh4jdF6sg3Bjg', 'https://i.scdn.co/image/ab67616d00001e0270098d42c24960270166ce2c', '300', NOW(), NOW()),
('c985d572-5922-4019-920c-5fb2885e08bc', '6sC4xU6lFhh4jdF6sg3Bjg', 'https://i.scdn.co/image/ab67616d0000485170098d42c24960270166ce2c', '64', NOW(), NOW()),
('0c648e2c-19ff-4749-9758-9ad09f86a892', '5oNa124VbhXcA6sYURsQge', 'https://i.scdn.co/image/ab67616d0000b273264793bf88bed7c9098a200e', '640', NOW(), NOW()),
('0c648e2c-19ff-4749-9758-9ad09f86a892', '5oNa124VbhXcA6sYURsQge', 'https://i.scdn.co/image/ab67616d00001e02264793bf88bed7c9098a200e', '300', NOW(), NOW()),
('0c648e2c-19ff-4749-9758-9ad09f86a892', '5oNa124VbhXcA6sYURsQge', 'https://i.scdn.co/image/ab67616d00004851264793bf88bed7c9098a200e', '64', NOW(), NOW()),
('c4d389b6-ddfb-4b82-b535-79139eb9e03e', '6cSM84fOc4oassWf7VwEUE', 'https://i.scdn.co/image/ab67616d0000b273f7acd633c99f69b36487f325', '640', NOW(), NOW()),
('c4d389b6-ddfb-4b82-b535-79139eb9e03e', '6cSM84fOc4oassWf7VwEUE', 'https://i.scdn.co/image/ab67616d00001e02f7acd633c99f69b36487f325', '300', NOW(), NOW()),
('c4d389b6-ddfb-4b82-b535-79139eb9e03e', '6cSM84fOc4oassWf7VwEUE', 'https://i.scdn.co/image/ab67616d00004851f7acd633c99f69b36487f325', '64', NOW(), NOW()),
('a42246ae-bbe7-429c-8f25-cde7bb54511a', '3upnYyRpdA67upuOBDwRrj', 'https://i.scdn.co/image/ab67616d0000b273cd8edcbfe2d7a92af129df9a', '640', NOW(), NOW()),
('a42246ae-bbe7-429c-8f25-cde7bb54511a', '3upnYyRpdA67upuOBDwRrj', 'https://i.scdn.co/image/ab67616d00001e02cd8edcbfe2d7a92af129df9a', '300', NOW(), NOW()),
('a42246ae-bbe7-429c-8f25-cde7bb54511a', '3upnYyRpdA67upuOBDwRrj', 'https://i.scdn.co/image/ab67616d00004851cd8edcbfe2d7a92af129df9a', '64', NOW(), NOW()),
('dd7e82b7-f65e-4bbd-97d9-889057572644', '17DuZpMqgrUq62dbt4BmCA', 'https://i.scdn.co/image/ab67616d0000b27308f667c461d28010a2105548', '640', NOW(), NOW()),
('dd7e82b7-f65e-4bbd-97d9-889057572644', '17DuZpMqgrUq62dbt4BmCA', 'https://i.scdn.co/image/ab67616d00001e0208f667c461d28010a2105548', '300', NOW(), NOW()),
('dd7e82b7-f65e-4bbd-97d9-889057572644', '17DuZpMqgrUq62dbt4BmCA', 'https://i.scdn.co/image/ab67616d0000485108f667c461d28010a2105548', '64', NOW(), NOW()),
('ea4cef38-f78f-4869-8664-88a2af37f85e', '1Oik9j3NqKun70mL5Hz15P', 'https://i.scdn.co/image/ab67616d0000b2730a70b691689eced1a927129c', '640', NOW(), NOW()),
('ea4cef38-f78f-4869-8664-88a2af37f85e', '1Oik9j3NqKun70mL5Hz15P', 'https://i.scdn.co/image/ab67616d00001e020a70b691689eced1a927129c', '300', NOW(), NOW()),
('ea4cef38-f78f-4869-8664-88a2af37f85e', '1Oik9j3NqKun70mL5Hz15P', 'https://i.scdn.co/image/ab67616d000048510a70b691689eced1a927129c', '64', NOW(), NOW()),
('9f66eff2-b6e7-43e1-8d4a-0d39a84cdab8', '1z8WjHlnlfyjTD79sdwwdY', 'https://i.scdn.co/image/ab67616d0000b27389e74c70d03d156be4f0b442', '640', NOW(), NOW()),
('9f66eff2-b6e7-43e1-8d4a-0d39a84cdab8', '1z8WjHlnlfyjTD79sdwwdY', 'https://i.scdn.co/image/ab67616d00001e0289e74c70d03d156be4f0b442', '300', NOW(), NOW()),
('9f66eff2-b6e7-43e1-8d4a-0d39a84cdab8', '1z8WjHlnlfyjTD79sdwwdY', 'https://i.scdn.co/image/ab67616d0000485189e74c70d03d156be4f0b442', '64', NOW(), NOW()),
('0c1e1064-afb1-481a-9cf5-13d90b6f6b7b', '1wwGWMiFv9hd0TqxRo2nDb', 'https://i.scdn.co/image/ab67616d0000b273ca893ae150e089418e45fd47', '640', NOW(), NOW()),
('0c1e1064-afb1-481a-9cf5-13d90b6f6b7b', '1wwGWMiFv9hd0TqxRo2nDb', 'https://i.scdn.co/image/ab67616d00001e02ca893ae150e089418e45fd47', '300', NOW(), NOW()),
('0c1e1064-afb1-481a-9cf5-13d90b6f6b7b', '1wwGWMiFv9hd0TqxRo2nDb', 'https://i.scdn.co/image/ab67616d00004851ca893ae150e089418e45fd47', '64', NOW(), NOW()),
('c0a0e486-a7c9-49c3-9d2a-c45b2924b099', '3bAlfn6aE7aWtJsv7OE5qv', 'https://i.scdn.co/image/ab67616d0000b2739c335f3220f6067b9dc2da63', '640', NOW(), NOW()),
('c0a0e486-a7c9-49c3-9d2a-c45b2924b099', '3bAlfn6aE7aWtJsv7OE5qv', 'https://i.scdn.co/image/ab67616d00001e029c335f3220f6067b9dc2da63', '300', NOW(), NOW()),
('c0a0e486-a7c9-49c3-9d2a-c45b2924b099', '3bAlfn6aE7aWtJsv7OE5qv', 'https://i.scdn.co/image/ab67616d000048519c335f3220f6067b9dc2da63', '64', NOW(), NOW()),
('e6dc10b1-5b02-4428-8b0f-a16208c09d3d', '53gEeNPEIlgRfvr04vGHet', 'https://i.scdn.co/image/ab67616d0000b273954bd13d0be555dfaac27d23', '640', NOW(), NOW()),
('e6dc10b1-5b02-4428-8b0f-a16208c09d3d', '53gEeNPEIlgRfvr04vGHet', 'https://i.scdn.co/image/ab67616d00001e02954bd13d0be555dfaac27d23', '300', NOW(), NOW()),
('e6dc10b1-5b02-4428-8b0f-a16208c09d3d', '53gEeNPEIlgRfvr04vGHet', 'https://i.scdn.co/image/ab67616d00004851954bd13d0be555dfaac27d23', '64', NOW(), NOW()),
('954a46a5-593a-432b-907c-9bd3809780ab', '3P7iT4N4FJgJh6sKMLFPG2', 'https://i.scdn.co/image/ab67616d0000b2731fc11ecdc369b70729f9271c', '640', NOW(), NOW()),
('954a46a5-593a-432b-907c-9bd3809780ab', '3P7iT4N4FJgJh6sKMLFPG2', 'https://i.scdn.co/image/ab67616d00001e021fc11ecdc369b70729f9271c', '300', NOW(), NOW()),
('954a46a5-593a-432b-907c-9bd3809780ab', '3P7iT4N4FJgJh6sKMLFPG2', 'https://i.scdn.co/image/ab67616d000048511fc11ecdc369b70729f9271c', '64', NOW(), NOW()),
('9b885e6f-cd89-49f8-a2eb-6ce041a60d3d', '0Rz17FhfxbakJaaIXJtw6v', 'https://i.scdn.co/image/ab67616d0000b273d805da99a5c18c6045e9f7a7', '640', NOW(), NOW()),
('9b885e6f-cd89-49f8-a2eb-6ce041a60d3d', '0Rz17FhfxbakJaaIXJtw6v', 'https://i.scdn.co/image/ab67616d00001e02d805da99a5c18c6045e9f7a7', '300', NOW(), NOW()),
('9b885e6f-cd89-49f8-a2eb-6ce041a60d3d', '0Rz17FhfxbakJaaIXJtw6v', 'https://i.scdn.co/image/ab67616d00004851d805da99a5c18c6045e9f7a7', '64', NOW(), NOW()),
('0ab45c16-9bf4-4c91-830c-b4e8e1ba7c17', '4DnqN2PEJmOp5CktDUA0SZ', 'https://i.scdn.co/image/ab67616d0000b2731f52bf5bdc18ca3b54ab36f4', '640', NOW(), NOW()),
('0ab45c16-9bf4-4c91-830c-b4e8e1ba7c17', '4DnqN2PEJmOp5CktDUA0SZ', 'https://i.scdn.co/image/ab67616d00001e021f52bf5bdc18ca3b54ab36f4', '300', NOW(), NOW()),
('0ab45c16-9bf4-4c91-830c-b4e8e1ba7c17', '4DnqN2PEJmOp5CktDUA0SZ', 'https://i.scdn.co/image/ab67616d000048511f52bf5bdc18ca3b54ab36f4', '64', NOW(), NOW()),
('2f35099b-979d-44ec-ad63-a19b0e5eca89', '2Xx5eayyCo1T4ML7yyLXFz', 'https://i.scdn.co/image/ab67616d0000b273418732879336a88fa4d4b148', '640', NOW(), NOW()),
('2f35099b-979d-44ec-ad63-a19b0e5eca89', '2Xx5eayyCo1T4ML7yyLXFz', 'https://i.scdn.co/image/ab67616d00001e02418732879336a88fa4d4b148', '300', NOW(), NOW()),
('2f35099b-979d-44ec-ad63-a19b0e5eca89', '2Xx5eayyCo1T4ML7yyLXFz', 'https://i.scdn.co/image/ab67616d00004851418732879336a88fa4d4b148', '64', NOW(), NOW()),
('3ae408b9-7b9d-44cd-bf95-25e5c7fff06a', '4kRy5t8a9d90fFIXqLyy9s', 'https://i.scdn.co/image/ab67616d0000b273fe425e63760ee61a66e898e0', '640', NOW(), NOW()),
('3ae408b9-7b9d-44cd-bf95-25e5c7fff06a', '4kRy5t8a9d90fFIXqLyy9s', 'https://i.scdn.co/image/ab67616d00001e02fe425e63760ee61a66e898e0', '300', NOW(), NOW()),
('3ae408b9-7b9d-44cd-bf95-25e5c7fff06a', '4kRy5t8a9d90fFIXqLyy9s', 'https://i.scdn.co/image/ab67616d00004851fe425e63760ee61a66e898e0', '64', NOW(), NOW()),
('9cc6ebc6-e284-4262-9d91-474b5bbdec20', '2yMhKl47qQIfuA1qYYJvfg', 'https://i.scdn.co/image/ab67616d0000b273d079285b209f304bc9b26132', '640', NOW(), NOW()),
('9cc6ebc6-e284-4262-9d91-474b5bbdec20', '2yMhKl47qQIfuA1qYYJvfg', 'https://i.scdn.co/image/ab67616d00001e02d079285b209f304bc9b26132', '300', NOW(), NOW()),
('9cc6ebc6-e284-4262-9d91-474b5bbdec20', '2yMhKl47qQIfuA1qYYJvfg', 'https://i.scdn.co/image/ab67616d00004851d079285b209f304bc9b26132', '64', NOW(), NOW()),
('adff735c-d9a7-4589-9a2a-092349426560', '0cGa9mtCxVQwgzPrOyoLES', 'https://i.scdn.co/image/ab67616d0000b2739436d49f19816c46d89efc96', '640', NOW(), NOW()),
('adff735c-d9a7-4589-9a2a-092349426560', '0cGa9mtCxVQwgzPrOyoLES', 'https://i.scdn.co/image/ab67616d00001e029436d49f19816c46d89efc96', '300', NOW(), NOW()),
('adff735c-d9a7-4589-9a2a-092349426560', '0cGa9mtCxVQwgzPrOyoLES', 'https://i.scdn.co/image/ab67616d000048519436d49f19816c46d89efc96', '64', NOW(), NOW()),
('1fadfd72-59d2-4d8a-9ccf-327e889c6f29', '5ZZiu7ZTYELvcI4IGX4z3h', 'https://i.scdn.co/image/ab67616d0000b273100f63cef2fc81c6d3de16e1', '640', NOW(), NOW()),
('1fadfd72-59d2-4d8a-9ccf-327e889c6f29', '5ZZiu7ZTYELvcI4IGX4z3h', 'https://i.scdn.co/image/ab67616d00001e02100f63cef2fc81c6d3de16e1', '300', NOW(), NOW()),
('1fadfd72-59d2-4d8a-9ccf-327e889c6f29', '5ZZiu7ZTYELvcI4IGX4z3h', 'https://i.scdn.co/image/ab67616d00004851100f63cef2fc81c6d3de16e1', '64', NOW(), NOW()),
('bcb57b76-84fd-4869-aa63-f3f7881bc2ac', '0c6FZ8NZf9a3pdxc9bpQfC', 'https://i.scdn.co/image/ab67616d0000b273ab11ff6c863e234caa964ada', '640', NOW(), NOW()),
('bcb57b76-84fd-4869-aa63-f3f7881bc2ac', '0c6FZ8NZf9a3pdxc9bpQfC', 'https://i.scdn.co/image/ab67616d00001e02ab11ff6c863e234caa964ada', '300', NOW(), NOW()),
('bcb57b76-84fd-4869-aa63-f3f7881bc2ac', '0c6FZ8NZf9a3pdxc9bpQfC', 'https://i.scdn.co/image/ab67616d00004851ab11ff6c863e234caa964ada', '64', NOW(), NOW()),
('8c3e2c45-120a-469a-94d7-891fb7e2d5e1', '345l2cc8n0pW5r4i1PBpze', 'https://i.scdn.co/image/ab67616d0000b273749fdfba69aaa3eb693ce3a0', '640', NOW(), NOW()),
('8c3e2c45-120a-469a-94d7-891fb7e2d5e1', '345l2cc8n0pW5r4i1PBpze', 'https://i.scdn.co/image/ab67616d00001e02749fdfba69aaa3eb693ce3a0', '300', NOW(), NOW()),
('8c3e2c45-120a-469a-94d7-891fb7e2d5e1', '345l2cc8n0pW5r4i1PBpze', 'https://i.scdn.co/image/ab67616d00004851749fdfba69aaa3eb693ce3a0', '64', NOW(), NOW()),
('27c7010b-2315-4608-946c-d3c96327f87f', '0lOYUh42A6Yzwk4aVcILkS', 'https://i.scdn.co/image/ab67616d0000b273d52eff90ca46592929880b6b', '640', NOW(), NOW()),
('27c7010b-2315-4608-946c-d3c96327f87f', '0lOYUh42A6Yzwk4aVcILkS', 'https://i.scdn.co/image/ab67616d00001e02d52eff90ca46592929880b6b', '300', NOW(), NOW()),
('27c7010b-2315-4608-946c-d3c96327f87f', '0lOYUh42A6Yzwk4aVcILkS', 'https://i.scdn.co/image/ab67616d00004851d52eff90ca46592929880b6b', '64', NOW(), NOW()),
('e141cb34-0d55-470d-a403-e0cc1a7c1005', '4zrlMRfQ6NxqK6JvpxeTwj', 'https://i.scdn.co/image/ab67616d0000b2739137c858c1ca7a07e80c0fb4', '640', NOW(), NOW()),
('e141cb34-0d55-470d-a403-e0cc1a7c1005', '4zrlMRfQ6NxqK6JvpxeTwj', 'https://i.scdn.co/image/ab67616d00001e029137c858c1ca7a07e80c0fb4', '300', NOW(), NOW()),
('e141cb34-0d55-470d-a403-e0cc1a7c1005', '4zrlMRfQ6NxqK6JvpxeTwj', 'https://i.scdn.co/image/ab67616d000048519137c858c1ca7a07e80c0fb4', '64', NOW(), NOW()),
('c7423642-468f-4dff-a2c3-b4673bb98473', '1gkH7fnbF73GZTxra5z3cp', 'https://i.scdn.co/image/ab67616d0000b27348a3db524ec6733cf3caab48', '640', NOW(), NOW()),
('c7423642-468f-4dff-a2c3-b4673bb98473', '1gkH7fnbF73GZTxra5z3cp', 'https://i.scdn.co/image/ab67616d00001e0248a3db524ec6733cf3caab48', '300', NOW(), NOW()),
('c7423642-468f-4dff-a2c3-b4673bb98473', '1gkH7fnbF73GZTxra5z3cp', 'https://i.scdn.co/image/ab67616d0000485148a3db524ec6733cf3caab48', '64', NOW(), NOW()),
('d4d6fc76-3e25-4768-a0ad-63510e282e84', '19cXZfX4zdmC5Q3V8fvEHY', 'https://i.scdn.co/image/ab67616d0000b2739448a7d1339bcc718515c12a', '640', NOW(), NOW()),
('d4d6fc76-3e25-4768-a0ad-63510e282e84', '19cXZfX4zdmC5Q3V8fvEHY', 'https://i.scdn.co/image/ab67616d00001e029448a7d1339bcc718515c12a', '300', NOW(), NOW()),
('d4d6fc76-3e25-4768-a0ad-63510e282e84', '19cXZfX4zdmC5Q3V8fvEHY', 'https://i.scdn.co/image/ab67616d000048519448a7d1339bcc718515c12a', '64', NOW(), NOW()),
('4f7195e0-e7e1-4d8c-9671-9cae62147ba3', '6DV7ReAe3gqKa9lSCZzFHb', 'https://i.scdn.co/image/ab67616d0000b273d7bcae56d1717bcb9ece20ec', '640', NOW(), NOW()),
('4f7195e0-e7e1-4d8c-9671-9cae62147ba3', '6DV7ReAe3gqKa9lSCZzFHb', 'https://i.scdn.co/image/ab67616d00001e02d7bcae56d1717bcb9ece20ec', '300', NOW(), NOW()),
('4f7195e0-e7e1-4d8c-9671-9cae62147ba3', '6DV7ReAe3gqKa9lSCZzFHb', 'https://i.scdn.co/image/ab67616d00004851d7bcae56d1717bcb9ece20ec', '64', NOW(), NOW()),
('60d1ecc6-1394-40dd-a251-73140f350873', '0XTxzgpmtvXu1B1vJ2dKJt', 'https://i.scdn.co/image/ab67616d0000b2730f51ab4082005cad23ea985f', '640', NOW(), NOW()),
('60d1ecc6-1394-40dd-a251-73140f350873', '0XTxzgpmtvXu1B1vJ2dKJt', 'https://i.scdn.co/image/ab67616d00001e020f51ab4082005cad23ea985f', '300', NOW(), NOW()),
('60d1ecc6-1394-40dd-a251-73140f350873', '0XTxzgpmtvXu1B1vJ2dKJt', 'https://i.scdn.co/image/ab67616d000048510f51ab4082005cad23ea985f', '64', NOW(), NOW()),
('447f0c23-48f3-4b97-915b-723382f0928f', '2eE4SBHLXLbVHQqTKJm87n', 'https://i.scdn.co/image/ab67616d0000b2736d436f9f14d8ab2fb135150b', '640', NOW(), NOW()),
('447f0c23-48f3-4b97-915b-723382f0928f', '2eE4SBHLXLbVHQqTKJm87n', 'https://i.scdn.co/image/ab67616d00001e026d436f9f14d8ab2fb135150b', '300', NOW(), NOW()),
('447f0c23-48f3-4b97-915b-723382f0928f', '2eE4SBHLXLbVHQqTKJm87n', 'https://i.scdn.co/image/ab67616d000048516d436f9f14d8ab2fb135150b', '64', NOW(), NOW()),
('1040534c-194c-4d9c-a914-e945961227cd', '723zzmJZ1tLu5ScvQSV574', 'https://i.scdn.co/image/ab67616d0000b27367d76ba6c53e7cfa69d399b8', '640', NOW(), NOW()),
('1040534c-194c-4d9c-a914-e945961227cd', '723zzmJZ1tLu5ScvQSV574', 'https://i.scdn.co/image/ab67616d00001e0267d76ba6c53e7cfa69d399b8', '300', NOW(), NOW()),
('1040534c-194c-4d9c-a914-e945961227cd', '723zzmJZ1tLu5ScvQSV574', 'https://i.scdn.co/image/ab67616d0000485167d76ba6c53e7cfa69d399b8', '64', NOW(), NOW()),
('b82be58c-9abd-4b84-8db8-5d4aeca42de7', '4pTbVburGydKTVQg74YNVc', 'https://i.scdn.co/image/ab67616d0000b2730c18378f82ddde419b4f9d92', '640', NOW(), NOW()),
('b82be58c-9abd-4b84-8db8-5d4aeca42de7', '4pTbVburGydKTVQg74YNVc', 'https://i.scdn.co/image/ab67616d00001e020c18378f82ddde419b4f9d92', '300', NOW(), NOW()),
('b82be58c-9abd-4b84-8db8-5d4aeca42de7', '4pTbVburGydKTVQg74YNVc', 'https://i.scdn.co/image/ab67616d000048510c18378f82ddde419b4f9d92', '64', NOW(), NOW()),
('d77a9787-dc69-47f4-93c3-9ee5c0828709', '2WKx6pgsfQesEyZzwkQxGv', 'https://i.scdn.co/image/ab67616d0000b2735cb6a5f9f304f0c309636bf0', '640', NOW(), NOW()),
('d77a9787-dc69-47f4-93c3-9ee5c0828709', '2WKx6pgsfQesEyZzwkQxGv', 'https://i.scdn.co/image/ab67616d00001e025cb6a5f9f304f0c309636bf0', '300', NOW(), NOW()),
('d77a9787-dc69-47f4-93c3-9ee5c0828709', '2WKx6pgsfQesEyZzwkQxGv', 'https://i.scdn.co/image/ab67616d000048515cb6a5f9f304f0c309636bf0', '64', NOW(), NOW()),
('46a0bf31-7b62-457a-b61d-634ebd15d5d3', '2QWhvRwrPKSBt8mXN2syJV', 'https://i.scdn.co/image/ab67616d0000b273e5fb6d20244389ec6229381b', '640', NOW(), NOW()),
('46a0bf31-7b62-457a-b61d-634ebd15d5d3', '2QWhvRwrPKSBt8mXN2syJV', 'https://i.scdn.co/image/ab67616d00001e02e5fb6d20244389ec6229381b', '300', NOW(), NOW()),
('46a0bf31-7b62-457a-b61d-634ebd15d5d3', '2QWhvRwrPKSBt8mXN2syJV', 'https://i.scdn.co/image/ab67616d00004851e5fb6d20244389ec6229381b', '64', NOW(), NOW()),
('68baae43-e370-428d-9e8d-313e0fae1d2a', '0LP0eLkerswnjdaGbi0iin', 'https://i.scdn.co/image/ab67616d0000b273ca7a697ed28a4dc757c1034e', '640', NOW(), NOW()),
('68baae43-e370-428d-9e8d-313e0fae1d2a', '0LP0eLkerswnjdaGbi0iin', 'https://i.scdn.co/image/ab67616d00001e02ca7a697ed28a4dc757c1034e', '300', NOW(), NOW()),
('68baae43-e370-428d-9e8d-313e0fae1d2a', '0LP0eLkerswnjdaGbi0iin', 'https://i.scdn.co/image/ab67616d00004851ca7a697ed28a4dc757c1034e', '64', NOW(), NOW()),
('9f082004-5052-4325-9417-5183897f8a32', '0fd6Xs2Eeas0O6QN5DCNQl', 'https://i.scdn.co/image/ab67616d0000b273c575032829572f76e8e776f2', '640', NOW(), NOW()),
('9f082004-5052-4325-9417-5183897f8a32', '0fd6Xs2Eeas0O6QN5DCNQl', 'https://i.scdn.co/image/ab67616d00001e02c575032829572f76e8e776f2', '300', NOW(), NOW()),
('9f082004-5052-4325-9417-5183897f8a32', '0fd6Xs2Eeas0O6QN5DCNQl', 'https://i.scdn.co/image/ab67616d00004851c575032829572f76e8e776f2', '64', NOW(), NOW()),
('19baa4ac-f98f-4246-b4f8-6c4191834289', '4mTAg3qFle2uXMdwsofLUs', 'https://i.scdn.co/image/ab67616d0000b273d4370c3be2f80dfde1e40004', '640', NOW(), NOW()),
('19baa4ac-f98f-4246-b4f8-6c4191834289', '4mTAg3qFle2uXMdwsofLUs', 'https://i.scdn.co/image/ab67616d00001e02d4370c3be2f80dfde1e40004', '300', NOW(), NOW()),
('19baa4ac-f98f-4246-b4f8-6c4191834289', '4mTAg3qFle2uXMdwsofLUs', 'https://i.scdn.co/image/ab67616d00004851d4370c3be2f80dfde1e40004', '64', NOW(), NOW()),
('975721f0-a592-4554-9fe9-3948674de12e', '72YZ07FwH8J55Z7l6hjPzj', 'https://i.scdn.co/image/ab67616d0000b273aa4f73fcc05dc058a55eab1f', '640', NOW(), NOW()),
('975721f0-a592-4554-9fe9-3948674de12e', '72YZ07FwH8J55Z7l6hjPzj', 'https://i.scdn.co/image/ab67616d00001e02aa4f73fcc05dc058a55eab1f', '300', NOW(), NOW()),
('975721f0-a592-4554-9fe9-3948674de12e', '72YZ07FwH8J55Z7l6hjPzj', 'https://i.scdn.co/image/ab67616d00004851aa4f73fcc05dc058a55eab1f', '64', NOW(), NOW());



INSERT INTO "Song" ("id", "albumId", "title", "duration", "lyric", "filePathAudio", "privacy", "uploadUserId", "createdAt", "updatedAt") VALUES
('28cdd5c2-a090-4fce-9d59-e528b8edf201', 'c985d572-5922-4019-920c-5fb2885e08bc', 'Chế Độ Silent (Remix Version)', '246042', 'lyric', 'nan', FALSE, 'Null', NOW(), NOW()),
('0f9dc29e-9c59-4f70-b231-5d584976cc31', '0c648e2c-19ff-4749-9758-9ad09f86a892', 'Chế Độ Silent', '178928', 'lyric', 'nan', FALSE, 'Null', NOW(), NOW()),
('14b298ba-91b9-43fb-9511-7480c14e68da', 'c4d389b6-ddfb-4b82-b535-79139eb9e03e', 'Trào Dâng', '180845', 'lyric', 'https://audiomelodies.nyc3.digitaloceanspaces.com/LOC/HoangTon/TraoDang/TraoDang.m4a', FALSE, 'Null', NOW(), NOW()),
('29b1844f-29bd-4c97-b9b4-73d06322af50', 'a42246ae-bbe7-429c-8f25-cde7bb54511a', 'Say', '205632', 'lyric', 'https://audiomelodies.nyc3.digitaloceanspaces.com/LOC/HoangTon/Say/Say.m4a', FALSE, 'Null', NOW(), NOW()),
('f13626ab-a79c-4984-b34b-c083687e96e4', 'dd7e82b7-f65e-4bbd-97d9-889057572644', 'Chỉ Có Em - 2024 Version', '195428', 'lyric', 'nan', FALSE, 'Null', NOW(), NOW()),
('01c42f79-0446-42c0-aadc-4c7c537f4216', 'ea4cef38-f78f-4869-8664-88a2af37f85e', 'Tình Yêu Giấu Kín', '246135', 'lyric', 'https://audiomelodies.nyc3.digitaloceanspaces.com/LOC/HoangTon/TinhYeuGiauKin/TinhYeuGiauKin.m4a', FALSE, 'Null', NOW(), NOW()),
('619e1082-f635-4dc4-8b64-8d60a0bf2f1c', '9f66eff2-b6e7-43e1-8d4a-0d39a84cdab8', 'Can't Believe', '225245', 'lyric', 'https://audiomelodies.nyc3.digitaloceanspaces.com/LOC/HoangTon/CantBelieve/CantBelieve.m4a', FALSE, 'Null', NOW(), NOW()),
('2f4bf0fe-56d5-47a4-872e-b7bd46bf480b', '0c1e1064-afb1-481a-9cf5-13d90b6f6b7b', 'Từng Lời Anh Chôn Dấu', '225004', 'lyric', 'nan', FALSE, 'Null', NOW(), NOW()),
('d09fdaa8-632b-4b8d-8f01-780d4f995bd2', 'c0a0e486-a7c9-49c3-9d2a-c45b2924b099', 'emconnho ... ???', '290349', 'lyric', 'https://audiomelodies.nyc3.digitaloceanspaces.com/LOC/HoangTon/emconnho/emconnho.m4a', FALSE, 'Null', NOW(), NOW()),
('fff18319-736d-49fb-99d8-2862a40b3f85', 'c0a0e486-a7c9-49c3-9d2a-c45b2924b099', 'khade', '244000', 'lyric', 'https://audiomelodies.nyc3.digitaloceanspaces.com/LOC/HoangTon/emconnho/khade.m4a', FALSE, 'Null', NOW(), NOW()),
('58d659e6-0d92-468d-bfc8-57edf6e696c2', 'e6dc10b1-5b02-4428-8b0f-a16208c09d3d', 'Hè Sang', '220408', 'lyric', 'nan', FALSE, 'Null', NOW(), NOW()),
('edd3ad2b-3020-46a9-80a6-8c1ecc96ab12', '954a46a5-593a-432b-907c-9bd3809780ab', 'Vì Em Là Cả Thế Giới', '348148', 'lyric', 'nan', FALSE, 'Null', NOW(), NOW()),
('f403ed43-5bfc-405e-9438-29889ffbe07a', '9b885e6f-cd89-49f8-a2eb-6ce041a60d3d', 'Từ Bao Đêm Dài (AKTNTE)', '185769', 'lyric', 'https://audiomelodies.nyc3.digitaloceanspaces.com/LOC/HoangTon/TuBaoemDaiAKTNTE/TuBaoDemDaiAKTNTE.m4a', FALSE, 'Null', NOW(), NOW()),
('28b81031-f760-4fc1-be2f-92e8f0257093', '0ab45c16-9bf4-4c91-830c-b4e8e1ba7c17', 'Tình Yêu Ngủ Quên - Darrys. Remix', '263195', 'lyric', 'https://audiomelodies.nyc3.digitaloceanspaces.com/LOC/HoangTon/TinhYeuNguQuenDarrysRemix/TinhYeuNguQuenDarrysRemix.m4a', FALSE, 'Null', NOW(), NOW()),
('d9de30ba-2181-4afe-aebf-84efa7766a3b', '2f35099b-979d-44ec-ad63-a19b0e5eca89', 'Vệ Tinh', '219428', 'lyric', 'nan', FALSE, 'Null', NOW(), NOW()),
('c8e24272-ff2e-4656-8e75-ea296f31ff91', '3ae408b9-7b9d-44cd-bf95-25e5c7fff06a', 'CHIM SAU', '206000', 'lyric', 'nan', FALSE, 'Null', NOW(), NOW()),
('ceb09c4c-c78e-4b25-af1f-8ebc9a60e27d', '3ae408b9-7b9d-44cd-bf95-25e5c7fff06a', 'CHIM SAU (Beat)', '204000', 'lyric', 'nan', FALSE, 'Null', NOW(), NOW()),
('e9987452-96b4-415a-b44e-bc1d2dac8af3', '9cc6ebc6-e284-4262-9d91-474b5bbdec20', 'Tình Yêu Ngủ Quên - R&B Remix', '174781', 'lyric', 'https://audiomelodies.nyc3.digitaloceanspaces.com/LOC/HoangTon/TinhYeuNguQuenRBRemix/TinhYeuNguQuenRBRemix.m4a', FALSE, 'Null', NOW(), NOW()),
('0cde0478-80bf-4e3d-907b-2951741d9394', 'adff735c-d9a7-4589-9a2a-092349426560', 'Không Cần Phải Nói Nhiều', '246271', 'lyric', 'nan', FALSE, 'Null', NOW(), NOW()),
('ae5d5fe3-8d0f-4ade-b971-aeadf48f0b51', '1fadfd72-59d2-4d8a-9ccf-327e889c6f29', 'Quan Tâm Em Mỗi Ngày', '247272', 'lyric', 'https://audiomelodies.nyc3.digitaloceanspaces.com/LOC/HoangTon/QuanTamEmMoiNgay/QuanTamEmMoiNgay.m4a', FALSE, 'Null', NOW(), NOW()),
('938966e3-714b-4ade-89ed-5f02ab99497a', 'bcb57b76-84fd-4869-aa63-f3f7881bc2ac', 'Dinner Time', '208831', 'lyric', 'nan', FALSE, 'Null', NOW(), NOW()),
('c1a8b0ea-c0e6-4d16-aafc-948ec3e8fa30', 'bcb57b76-84fd-4869-aa63-f3f7881bc2ac', 'Dinner Time - Beat', '215381', 'lyric', 'nan', FALSE, 'Null', NOW(), NOW()),
('44fdc15c-81e7-4b40-9ccd-5c1f52e936ed', '8c3e2c45-120a-469a-94d7-891fb7e2d5e1', 'Tình Yêu Ngủ Quên - HuyTran Remix', '165210', 'lyric', 'https://audiomelodies.nyc3.digitaloceanspaces.com/LOC/HoangTon/TinhYeuNguQuenHuyTranRemix/TinhYeuNguQuenHuyTranRemix.m4a', FALSE, 'Null', NOW(), NOW()),
('551de2a6-083d-4e4b-94d4-6c05ecf1bec3', '27c7010b-2315-4608-946c-d3c96327f87f', 'Tình Yêu Ngủ Quên - Lofi', '155893', 'lyric', 'https://audiomelodies.nyc3.digitaloceanspaces.com/LOC/HoangTon/TinhYeuNguQuenLofi/TinhYeuNguQuenLofi.m4a', FALSE, 'Null', NOW(), NOW()),
('76d26e5e-1c10-4750-9f80-9d820d02760d', 'e141cb34-0d55-470d-a403-e0cc1a7c1005', 'Tình Yêu Ngủ Quên', '177600', 'lyric', 'https://audiomelodies.nyc3.digitaloceanspaces.com/LOC/HoangTon/TinhYeuNguQuen/TinhYeuNguQuen.m4a', FALSE, 'Null', NOW(), NOW()),
('96363ed7-791b-409f-9fda-9d042bdbb80a', 'c7423642-468f-4dff-a2c3-b4673bb98473', 'Tình Yêu Ngủ Quên - Chill Version', '173999', 'lyric', 'https://audiomelodies.nyc3.digitaloceanspaces.com/LOC/HoangTon/TinhYeuNguQuenChillVersion/TinhYeuNguQuenChillVersion.m4a', FALSE, 'Null', NOW(), NOW()),
('f751f376-b334-4d98-8794-d3d2128688e8', 'd4d6fc76-3e25-4768-a0ad-63510e282e84', 'Một Ngày Em Sẽ', '256487', 'lyric', 'https://audiomelodies.nyc3.digitaloceanspaces.com/LOC/HoangTon/MotNgayEmSe/MotNgayEmSe.m4a', FALSE, 'Null', NOW(), NOW()),
('7ad8381d-eedf-4f8d-b040-0eee9e146d94', '4f7195e0-e7e1-4d8c-9671-9cae62147ba3', 'Em Không Quay Về', '276108', 'lyric', 'https://audiomelodies.nyc3.digitaloceanspaces.com/LOC/HoangTon/EmKhongQuayVe/EmKhongQuayVe.m4a', FALSE, 'Null', NOW(), NOW()),
('09a46b92-f3bb-4273-a75b-9ce3885e47e7', '4f7195e0-e7e1-4d8c-9671-9cae62147ba3', 'Em Không Quay Về - Part 2', '249196', 'lyric', 'https://audiomelodies.nyc3.digitaloceanspaces.com/LOC/HoangTon/EmKhongQuayVe/EmKhongQuayVePart2.m4a', FALSE, 'Null', NOW(), NOW()),
('fe634676-b8ee-41de-9352-bba94c0e4276', '60d1ecc6-1394-40dd-a251-73140f350873', 'Em Còn Nhớ Anh Không - Remastered', '251786', 'lyric', 'https://audiomelodies.nyc3.digitaloceanspaces.com/LOC/HoangTon/EmConNhoAnhKhongRemastered/EmConNhoAnhKhongRemastered.m4a', FALSE, 'Null', NOW(), NOW()),
('e01fd739-c7e4-4bc4-adf7-fb069635353b', '447f0c23-48f3-4b97-915b-723382f0928f', 'Sex You Up', '166921', 'lyric', 'https://audiomelodies.nyc3.digitaloceanspaces.com/LOC/HoangTon/SexYouUp/SexYouUp.m4a', FALSE, 'Null', NOW(), NOW()),
('7113033e-5f5d-411b-b462-eb725343f2eb', '1040534c-194c-4d9c-a914-e945961227cd', 'Nước Hoa', '235636', 'lyric', 'https://audiomelodies.nyc3.digitaloceanspaces.com/LOC/HoangTon/NuocHoa/NuocHoa.m4a', FALSE, 'Null', NOW(), NOW()),
('c10bf432-d7f9-4abe-9ca6-1147f8a849b4', 'b82be58c-9abd-4b84-8db8-5d4aeca42de7', 'Mắt Xanh', '214922', 'lyric', 'nan', FALSE, 'Null', NOW(), NOW()),
('be610479-ec3c-43aa-8111-2f8c2bb6208d', 'b82be58c-9abd-4b84-8db8-5d4aeca42de7', 'Mắt Xanh - Beat Version', '214922', 'lyric', 'nan', FALSE, 'Null', NOW(), NOW()),
('00decdd1-e384-43f6-a3e5-ab47a790eec3', 'd77a9787-dc69-47f4-93c3-9ee5c0828709', 'Xuân Nghỉ Ngơi', '196800', 'lyric', 'https://audiomelodies.nyc3.digitaloceanspaces.com/LOC/HoangTon/XuanNghiNgoi/XuanNghiNgoi.m4a', FALSE, 'Null', NOW(), NOW()),
('159a292c-c572-4330-9593-243daa7dd7cd', '46a0bf31-7b62-457a-b61d-634ebd15d5d3', 'I Love You So Much', '248917', 'lyric', 'https://audiomelodies.nyc3.digitaloceanspaces.com/LOC/HoangTon/ILoveYouSoMuch/ILoveYouSoMuch.m4a', FALSE, 'Null', NOW(), NOW()),
('cdc59b42-6e03-454a-be66-6ffc595a0be8', '68baae43-e370-428d-9e8d-313e0fae1d2a', 'What's Your Name?', '235200', 'lyric', 'https://audiomelodies.nyc3.digitaloceanspaces.com/LOC/HoangTon/WhatsYourName/WhatsYourName.m4a', FALSE, 'Null', NOW(), NOW()),
('eb5882e0-ce35-4f45-9be6-63cd9972b9d1', '9f082004-5052-4325-9417-5183897f8a32', 'Yêu Em Rất Nhiều', '269960', 'lyric', 'https://audiomelodies.nyc3.digitaloceanspaces.com/LOC/HoangTon/YeuEmRatNhieu/YeuEmRatNhieu.m4a', FALSE, 'Null', NOW(), NOW()),
('a8bce2fd-d114-4e43-bfb2-8addd57d2e57', '19baa4ac-f98f-4246-b4f8-6c4191834289', 'Mình Yêu Nhau Bao Lâu', '242804', 'lyric', 'nan', FALSE, 'Null', NOW(), NOW()),
('c14db82a-c053-4868-bde1-0a2453b4a637', '975721f0-a592-4554-9fe9-3948674de12e', 'Em Đến', '251426', 'lyric', 'https://audiomelodies.nyc3.digitaloceanspaces.com/LOC/HoangTon/ChutNangChutMua/EmDen.m4a', FALSE, 'Null', NOW(), NOW()),
('53811596-9eb2-493c-82d8-c2f0b3bc7bcf', '975721f0-a592-4554-9fe9-3948674de12e', 'Feel Your Love', '307120', 'lyric', 'https://audiomelodies.nyc3.digitaloceanspaces.com/LOC/HoangTon/ChutNangChutMua/FeelYourLove.m4a', FALSE, 'Null', NOW(), NOW()),
('c95fb8f4-e453-4139-ba52-6adea301055a', '975721f0-a592-4554-9fe9-3948674de12e', 'Chỉ Có Thể Là Tình Yêu', '240706', 'lyric', 'https://audiomelodies.nyc3.digitaloceanspaces.com/LOC/HoangTon/ChutNangChutMua/ChiCoTheLaTinhYeu.m4a', FALSE, 'Null', NOW(), NOW());



INSERT INTO "ArtistSong" ("songId", "artistId", "main", "createdAt", "updatedAt") VALUES
('28cdd5c2-a090-4fce-9d59-e528b8edf201', '45175b9c-5afa-4fb3-9779-f9b030e6ebae', TRUE, NOW(), NOW()),
('28cdd5c2-a090-4fce-9d59-e528b8edf201', '9fed1b2b-ab4a-4a0a-a2be-0bf78a8c6aca', FALSE, NOW(), NOW()),
('0f9dc29e-9c59-4f70-b231-5d584976cc31', '45175b9c-5afa-4fb3-9779-f9b030e6ebae', TRUE, NOW(), NOW()),
('0f9dc29e-9c59-4f70-b231-5d584976cc31', '9fed1b2b-ab4a-4a0a-a2be-0bf78a8c6aca', FALSE, NOW(), NOW()),
('14b298ba-91b9-43fb-9511-7480c14e68da', '9fed1b2b-ab4a-4a0a-a2be-0bf78a8c6aca', TRUE, NOW(), NOW()),
('14b298ba-91b9-43fb-9511-7480c14e68da', 'Unknown', FALSE, NOW(), NOW()),
('29b1844f-29bd-4c97-b9b4-73d06322af50', '9fed1b2b-ab4a-4a0a-a2be-0bf78a8c6aca', TRUE, NOW(), NOW()),
('29b1844f-29bd-4c97-b9b4-73d06322af50', 'Unknown', FALSE, NOW(), NOW()),
('f13626ab-a79c-4984-b34b-c083687e96e4', 'Unknown', TRUE, NOW(), NOW()),
('f13626ab-a79c-4984-b34b-c083687e96e4', '9fed1b2b-ab4a-4a0a-a2be-0bf78a8c6aca', FALSE, NOW(), NOW()),
('f13626ab-a79c-4984-b34b-c083687e96e4', 'Unknown', FALSE, NOW(), NOW()),
('01c42f79-0446-42c0-aadc-4c7c537f4216',  '9fed1b2b-ab4a-4a0a-a2be-0bf78a8c6aca', , TRUE, NOW(), NOW()),
('619e1082-f635-4dc4-8b64-8d60a0bf2f1c', '9fed1b2b-ab4a-4a0a-a2be-0bf78a8c6aca', TRUE, NOW(), NOW()),
('619e1082-f635-4dc4-8b64-8d60a0bf2f1c', 'Unknown', FALSE, NOW(), NOW()),
('619e1082-f635-4dc4-8b64-8d60a0bf2f1c', 'Unknown', FALSE, NOW(), NOW()),
('2f4bf0fe-56d5-47a4-872e-b7bd46bf480b', 'Unknown', TRUE, NOW(), NOW()),
('2f4bf0fe-56d5-47a4-872e-b7bd46bf480b', '9fed1b2b-ab4a-4a0a-a2be-0bf78a8c6aca', FALSE, NOW(), NOW()),
('2f4bf0fe-56d5-47a4-872e-b7bd46bf480b', 'Unknown', FALSE, NOW(), NOW()),
('d09fdaa8-632b-4b8d-8f01-780d4f995bd2',  '9fed1b2b-ab4a-4a0a-a2be-0bf78a8c6aca', , TRUE, NOW(), NOW()),
('fff18319-736d-49fb-99d8-2862a40b3f85', '9fed1b2b-ab4a-4a0a-a2be-0bf78a8c6aca', TRUE, NOW(), NOW()),
('fff18319-736d-49fb-99d8-2862a40b3f85', 'e74bb45e-f82c-4382-b994-0a86551e86d3', FALSE, NOW(), NOW()),
('58d659e6-0d92-468d-bfc8-57edf6e696c2', '142d557c-afa1-4bae-ab62-6366a1386a18', TRUE, NOW(), NOW()),
('58d659e6-0d92-468d-bfc8-57edf6e696c2', '9fed1b2b-ab4a-4a0a-a2be-0bf78a8c6aca', FALSE, NOW(), NOW()),
('58d659e6-0d92-468d-bfc8-57edf6e696c2', 'Unknown', FALSE, NOW(), NOW()),
('edd3ad2b-3020-46a9-80a6-8c1ecc96ab12', 'da57d15f-01cc-4541-acf8-0a4d828f75ac', TRUE, NOW(), NOW()),
('edd3ad2b-3020-46a9-80a6-8c1ecc96ab12', '9fed1b2b-ab4a-4a0a-a2be-0bf78a8c6aca', FALSE, NOW(), NOW()),
('edd3ad2b-3020-46a9-80a6-8c1ecc96ab12', 'Unknown', FALSE, NOW(), NOW()),
('f403ed43-5bfc-405e-9438-29889ffbe07a',  '9fed1b2b-ab4a-4a0a-a2be-0bf78a8c6aca', , TRUE, NOW(), NOW()),
('28b81031-f760-4fc1-be2f-92e8f0257093', '9fed1b2b-ab4a-4a0a-a2be-0bf78a8c6aca', TRUE, NOW(), NOW()),
('28b81031-f760-4fc1-be2f-92e8f0257093', 'Unknown', FALSE, NOW(), NOW()),
('28b81031-f760-4fc1-be2f-92e8f0257093', 'Unknown', FALSE, NOW(), NOW()),
('d9de30ba-2181-4afe-aebf-84efa7766a3b', 'c4ae273a-0732-4522-aa1d-cf8dfe89ec1e', TRUE, NOW(), NOW()),
('d9de30ba-2181-4afe-aebf-84efa7766a3b', '9fed1b2b-ab4a-4a0a-a2be-0bf78a8c6aca', FALSE, NOW(), NOW()),
('d9de30ba-2181-4afe-aebf-84efa7766a3b', 'Unknown', FALSE, NOW(), NOW()),
('c8e24272-ff2e-4656-8e75-ea296f31ff91', 'e74bb45e-f82c-4382-b994-0a86551e86d3', TRUE, NOW(), NOW()),
('c8e24272-ff2e-4656-8e75-ea296f31ff91', 'Unknown', FALSE, NOW(), NOW()),
('c8e24272-ff2e-4656-8e75-ea296f31ff91', '9fed1b2b-ab4a-4a0a-a2be-0bf78a8c6aca', FALSE, NOW(), NOW()),
('ceb09c4c-c78e-4b25-af1f-8ebc9a60e27d', 'e74bb45e-f82c-4382-b994-0a86551e86d3', TRUE, NOW(), NOW()),
('ceb09c4c-c78e-4b25-af1f-8ebc9a60e27d', '9fed1b2b-ab4a-4a0a-a2be-0bf78a8c6aca', FALSE, NOW(), NOW()),
('ceb09c4c-c78e-4b25-af1f-8ebc9a60e27d', 'Unknown', FALSE, NOW(), NOW()),
('e9987452-96b4-415a-b44e-bc1d2dac8af3', '9fed1b2b-ab4a-4a0a-a2be-0bf78a8c6aca', TRUE, NOW(), NOW()),
('e9987452-96b4-415a-b44e-bc1d2dac8af3', 'Unknown', FALSE, NOW(), NOW()),
('e9987452-96b4-415a-b44e-bc1d2dac8af3', 'Unknown', FALSE, NOW(), NOW()),
('0cde0478-80bf-4e3d-907b-2951741d9394', 'f6dd56b7-63cf-4291-805a-8273d0ae6f92', TRUE, NOW(), NOW()),
('0cde0478-80bf-4e3d-907b-2951741d9394', '9fed1b2b-ab4a-4a0a-a2be-0bf78a8c6aca', FALSE, NOW(), NOW()),
('ae5d5fe3-8d0f-4ade-b971-aeadf48f0b51',  '9fed1b2b-ab4a-4a0a-a2be-0bf78a8c6aca', , TRUE, NOW(), NOW()),
('938966e3-714b-4ade-89ed-5f02ab99497a', 'a1b9189d-9a67-4022-8705-a97713c11a56', TRUE, NOW(), NOW()),
('938966e3-714b-4ade-89ed-5f02ab99497a', 'Unknown', FALSE, NOW(), NOW()),
('938966e3-714b-4ade-89ed-5f02ab99497a', '9fed1b2b-ab4a-4a0a-a2be-0bf78a8c6aca', FALSE, NOW(), NOW()),
('c1a8b0ea-c0e6-4d16-aafc-948ec3e8fa30', 'a1b9189d-9a67-4022-8705-a97713c11a56', TRUE, NOW(), NOW()),
('c1a8b0ea-c0e6-4d16-aafc-948ec3e8fa30', '9fed1b2b-ab4a-4a0a-a2be-0bf78a8c6aca', FALSE, NOW(), NOW()),
('c1a8b0ea-c0e6-4d16-aafc-948ec3e8fa30', 'Unknown', FALSE, NOW(), NOW()),
('44fdc15c-81e7-4b40-9ccd-5c1f52e936ed', '9fed1b2b-ab4a-4a0a-a2be-0bf78a8c6aca', TRUE, NOW(), NOW()),
('44fdc15c-81e7-4b40-9ccd-5c1f52e936ed', 'Unknown', FALSE, NOW(), NOW()),
('551de2a6-083d-4e4b-94d4-6c05ecf1bec3', '9fed1b2b-ab4a-4a0a-a2be-0bf78a8c6aca', TRUE, NOW(), NOW()),
('551de2a6-083d-4e4b-94d4-6c05ecf1bec3', 'Unknown', FALSE, NOW(), NOW()),
('551de2a6-083d-4e4b-94d4-6c05ecf1bec3', 'Unknown', FALSE, NOW(), NOW()),
('76d26e5e-1c10-4750-9f80-9d820d02760d', '9fed1b2b-ab4a-4a0a-a2be-0bf78a8c6aca', TRUE, NOW(), NOW()),
('76d26e5e-1c10-4750-9f80-9d820d02760d', 'Unknown', FALSE, NOW(), NOW()),
('96363ed7-791b-409f-9fda-9d042bdbb80a', '9fed1b2b-ab4a-4a0a-a2be-0bf78a8c6aca', TRUE, NOW(), NOW()),
('96363ed7-791b-409f-9fda-9d042bdbb80a', 'Unknown', FALSE, NOW(), NOW()),
('f751f376-b334-4d98-8794-d3d2128688e8', '9fed1b2b-ab4a-4a0a-a2be-0bf78a8c6aca', TRUE, NOW(), NOW()),
('f751f376-b334-4d98-8794-d3d2128688e8', 'Unknown', FALSE, NOW(), NOW()),
('f751f376-b334-4d98-8794-d3d2128688e8', 'Unknown', FALSE, NOW(), NOW()),
('7ad8381d-eedf-4f8d-b040-0eee9e146d94', '9fed1b2b-ab4a-4a0a-a2be-0bf78a8c6aca', TRUE, NOW(), NOW()),
('7ad8381d-eedf-4f8d-b040-0eee9e146d94', 'Unknown', FALSE, NOW(), NOW()),
('09a46b92-f3bb-4273-a75b-9ce3885e47e7', '9fed1b2b-ab4a-4a0a-a2be-0bf78a8c6aca', TRUE, NOW(), NOW()),
('09a46b92-f3bb-4273-a75b-9ce3885e47e7', 'Unknown', FALSE, NOW(), NOW()),
('fe634676-b8ee-41de-9352-bba94c0e4276', '9fed1b2b-ab4a-4a0a-a2be-0bf78a8c6aca', TRUE, NOW(), NOW()),
('fe634676-b8ee-41de-9352-bba94c0e4276', 'Unknown', FALSE, NOW(), NOW()),
('e01fd739-c7e4-4bc4-adf7-fb069635353b',  '9fed1b2b-ab4a-4a0a-a2be-0bf78a8c6aca', , TRUE, NOW(), NOW()),
('7113033e-5f5d-411b-b462-eb725343f2eb',  '9fed1b2b-ab4a-4a0a-a2be-0bf78a8c6aca', , TRUE, NOW(), NOW()),
('c10bf432-d7f9-4abe-9ca6-1147f8a849b4', '32ae4536-7f46-466e-a77b-5c47b9dfb2dd', TRUE, NOW(), NOW()),
('c10bf432-d7f9-4abe-9ca6-1147f8a849b4', '9fed1b2b-ab4a-4a0a-a2be-0bf78a8c6aca', FALSE, NOW(), NOW()),
('be610479-ec3c-43aa-8111-2f8c2bb6208d', '32ae4536-7f46-466e-a77b-5c47b9dfb2dd', TRUE, NOW(), NOW()),
('be610479-ec3c-43aa-8111-2f8c2bb6208d', '9fed1b2b-ab4a-4a0a-a2be-0bf78a8c6aca', FALSE, NOW(), NOW()),
('00decdd1-e384-43f6-a3e5-ab47a790eec3',  '9fed1b2b-ab4a-4a0a-a2be-0bf78a8c6aca', , TRUE, NOW(), NOW()),
('159a292c-c572-4330-9593-243daa7dd7cd',  '9fed1b2b-ab4a-4a0a-a2be-0bf78a8c6aca', , TRUE, NOW(), NOW()),
('cdc59b42-6e03-454a-be66-6ffc595a0be8', '9fed1b2b-ab4a-4a0a-a2be-0bf78a8c6aca', TRUE, NOW(), NOW()),
('cdc59b42-6e03-454a-be66-6ffc595a0be8', 'Unknown', FALSE, NOW(), NOW()),
('cdc59b42-6e03-454a-be66-6ffc595a0be8', 'e74bb45e-f82c-4382-b994-0a86551e86d3', FALSE, NOW(), NOW()),
('eb5882e0-ce35-4f45-9be6-63cd9972b9d1',  '9fed1b2b-ab4a-4a0a-a2be-0bf78a8c6aca', , TRUE, NOW(), NOW()),
('a8bce2fd-d114-4e43-bfb2-8addd57d2e57', '6b04245f-4330-407b-a0ca-462776b6b125', TRUE, NOW(), NOW()),
('a8bce2fd-d114-4e43-bfb2-8addd57d2e57', '9fed1b2b-ab4a-4a0a-a2be-0bf78a8c6aca', FALSE, NOW(), NOW()),
('c14db82a-c053-4868-bde1-0a2453b4a637',  '9fed1b2b-ab4a-4a0a-a2be-0bf78a8c6aca', , TRUE, NOW(), NOW()),
('53811596-9eb2-493c-82d8-c2f0b3bc7bcf', '9fed1b2b-ab4a-4a0a-a2be-0bf78a8c6aca', TRUE, NOW(), NOW()),
('53811596-9eb2-493c-82d8-c2f0b3bc7bcf', 'Unknown', FALSE, NOW(), NOW()),
('c95fb8f4-e453-4139-ba52-6adea301055a',  '9fed1b2b-ab4a-4a0a-a2be-0bf78a8c6aca', , TRUE, NOW(), NOW());







--------------------HoangThuyLinh



INSERT INTO "Album" ("albumId",  "title", "releaseDate", "albumType", "createdAt", "updatedAt") VALUES
('a9ab104c-d5f1-4e99-8fba-3adfcb986137', 'LINK', '2022-08-11', 'album', NOW(), NOW()),
('6bbbc6d7-8720-41f7-9df2-fed76395e3fb', 'Hoàng', '2019-10-20', 'album', NOW(), NOW()),
('103690d3-c77f-46ed-9d18-4a042f3212cc', 'The Ballad Hit', '2017-03-21', 'album', NOW(), NOW()),
('b3b18c99-922e-4150-bc7b-bff7b032a9d8', 'Đừng Vội Vàng', '2011-05-17', 'album', NOW(), NOW()),
('f4581c0c-dff2-4dbd-b954-75a5a0775a88', 'Nhịp Đập Giấc Mơ', '2010-03-30', 'album', NOW(), NOW()),
('519eadb5-ab34-4e4d-984e-c002fe0d4fb6', 'Trái đất ôm Mặt trời', '2023-12-18', 'single', NOW(), NOW()),
('f0b5546c-7b93-4e7a-a143-2082f53f0d5b', 'Miền Đất Hứa', '2023-11-27', 'single', NOW(), NOW()),
('515e55f0-3a5c-4cbd-87d1-db2f17c78e9d', 'Hoàng Thùy Linh - Vietnamese concert liners', '2023-09-20', 'ep', NOW(), NOW()),
('e3a0df47-58da-48ef-bece-7997c82dabae', 'CHẤT ÊM. MY GAME', '2023-05-25', 'single', NOW(), NOW()),
('8ffd3ba1-2cec-461d-881f-e7cadb8a7044', 'Đợi Chờ Đừng Cáu', '2023-01-16', 'single', NOW(), NOW()),
('35a30acf-166c-44ba-962f-7e9d272b62af', 'Kiềng 3 Chân', '2022-10-04', 'single', NOW(), NOW()),
('61344a3f-ba6d-4622-9c51-e84ef5117f6b', 'Đánh Đố (feat. Thanh Lam & Tùng Dương)', '2022-06-01', 'single', NOW(), NOW()),
('30067f00-f6d8-4a99-b4dd-2c824999ae8a', 'Đánh Đố (Teaser)', '2022-05-27', 'single', NOW(), NOW()),
('2ab88c8a-ebe2-4964-bf08-13bd67e37f2f', 'See Tình (Speed Up Version)', '2022-05-05', 'single', NOW(), NOW()),
('1373340d-0ad3-4a88-acd0-3c714e99bdc5', 'See Tình (Cukak Remix)', '2022-05-05', 'single', NOW(), NOW()),
('8294ca1c-e5e7-4652-a0ee-fb517623b1e1', 'Việt Nam Hết Mình', '2022-05-03', 'single', NOW(), NOW()),
('041b5fc3-1668-49be-9a04-8051e30065c5', 'See Tình', '2022-02-20', 'single', NOW(), NOW()),
('2b82eaf8-0523-4652-affa-b0cfd354a114', 'Gieo Quẻ (Dance Performance)', '2022-01-13', 'single', NOW(), NOW()),
('0035035c-2ebe-4454-9234-5d922988f03a', 'Gieo Quẻ (feat. Đen)', '2022-01-01', 'single', NOW(), NOW()),
('1d8d0690-d03e-4b80-9097-ef99c2eb4763', 'LK Để Mị Nói Cho Mà Nghe, Duyên Âm (Live At Tết Tân Thời)', '2021-02-24', 'single', NOW(), NOW()),
('91308a3f-52ee-4453-b7cb-0b67843860f7', 'Kẻ Cắp Gặp Bà Già (Live At Tết Tân Thời)', '2021-02-24', 'single', NOW(), NOW()),
('cbb2844a-3f9e-4b84-8422-e2aaf4eefd3d', 'Kẻ Cắp Gặp Bà Già (Live At Tết Tân Thời)', '2021-02-21', 'single', NOW(), NOW()),
('8c398301-f719-467f-a644-3ff12031e7ae', 'Cánh Cửa Diệu Kỳ', '2021-01-20', 'single', NOW(), NOW()),
('b6a0859d-3d39-457f-8dfa-ecaf9daf3adf', 'Khi Tình Yêu Đủ Lớn (feat. Rtee)', '2020-12-10', 'single', NOW(), NOW()),
('5e9085f7-0de5-48f4-baf7-6ae779900d12', 'Việt Nam Tử Tế', '2020-05-05', 'ep', NOW(), NOW()),
('33604749-72f6-4c75-84a7-b74d27cbd34e', 'Làm Gì Phải Hốt', '2020-01-05', 'single', NOW(), NOW()),
('443cc746-778d-4ce5-a944-ed9a3cdfea04', 'Tứ Phủ', '2019-08-08', 'single', NOW(), NOW()),
('5d16711a-53cb-4009-9d1e-414101b05608', 'Để Mị Nói Cho Mà Nghe', '2019-06-23', 'single', NOW(), NOW()),
('4614f617-6356-40a3-80b6-adde0f73218a', 'Fall In Love', '2018-10-15', 'ep', NOW(), NOW()),
('9a37602d-6138-43bb-9e1f-ad63e0716989', 'Fall In Love', '2018-10-10', 'single', NOW(), NOW()),
('4c5fdfa1-40ca-43a5-97b7-9f41b62abd12', 'S.I.X', '2016-06-15', 'ep', NOW(), NOW()),
('67b5280e-9fbb-4a4c-8783-a12477afb2b6', 'Just You', '2015-01-05', 'ep', NOW(), NOW()),
('5e328b82-951d-4ea4-bdc9-8a59ab7b6e8c', 'Rơi (2014 Dance Version)', '2014-08-11', 'single', NOW(), NOW()),
('47089de8-4781-4f37-8be1-8814f5a67607', 'EP 2013', '2013-05-15', 'ep', NOW(), NOW()),
('6f559e92-5ff1-4a7d-aa91-81112a658c49', 'Mini Album 2012', '2012-06-11', 'ep', NOW(), NOW()),
('e407d5c4-fce8-4267-9d09-bd621f2503bb', 'Tiếng Đêm/Hãy Cứ Đón Lấy', '2012-01-01', 'ep', NOW(), NOW()),
('1a122160-da39-4188-992a-e9e595157521', 'Hờn Dỗi', '2012-01-01', 'single', NOW(), NOW());



INSERT INTO "AlbumImage" ("albumId", "image", "size", "createdAt", "updatedAt") VALUES
('a9ab104c-d5f1-4e99-8fba-3adfcb986137', '38DiN8raykLZKEr5T6v5hM', 'https://i.scdn.co/image/ab67616d0000b273be0ac2aa3ed0047463210db1', '640', NOW(), NOW()),
('a9ab104c-d5f1-4e99-8fba-3adfcb986137', '38DiN8raykLZKEr5T6v5hM', 'https://i.scdn.co/image/ab67616d00001e02be0ac2aa3ed0047463210db1', '300', NOW(), NOW()),
('a9ab104c-d5f1-4e99-8fba-3adfcb986137', '38DiN8raykLZKEr5T6v5hM', 'https://i.scdn.co/image/ab67616d00004851be0ac2aa3ed0047463210db1', '64', NOW(), NOW()),
('6bbbc6d7-8720-41f7-9df2-fed76395e3fb', '4gfu67H8oClhhE4XT5JL2u', 'https://i.scdn.co/image/ab67616d0000b27300a928ccf7c014c3f6a95d54', '640', NOW(), NOW()),
('6bbbc6d7-8720-41f7-9df2-fed76395e3fb', '4gfu67H8oClhhE4XT5JL2u', 'https://i.scdn.co/image/ab67616d00001e0200a928ccf7c014c3f6a95d54', '300', NOW(), NOW()),
('6bbbc6d7-8720-41f7-9df2-fed76395e3fb', '4gfu67H8oClhhE4XT5JL2u', 'https://i.scdn.co/image/ab67616d0000485100a928ccf7c014c3f6a95d54', '64', NOW(), NOW()),
('103690d3-c77f-46ed-9d18-4a042f3212cc', '3ksFCKwPVLzLyHKyyQ08V1', 'https://i.scdn.co/image/ab67616d0000b27345cdcbb5d6e2676c6582f3cc', '640', NOW(), NOW()),
('103690d3-c77f-46ed-9d18-4a042f3212cc', '3ksFCKwPVLzLyHKyyQ08V1', 'https://i.scdn.co/image/ab67616d00001e0245cdcbb5d6e2676c6582f3cc', '300', NOW(), NOW()),
('103690d3-c77f-46ed-9d18-4a042f3212cc', '3ksFCKwPVLzLyHKyyQ08V1', 'https://i.scdn.co/image/ab67616d0000485145cdcbb5d6e2676c6582f3cc', '64', NOW(), NOW()),
('b3b18c99-922e-4150-bc7b-bff7b032a9d8', '5IuCRMPy8OnFjGV5e0rG73', 'https://i.scdn.co/image/ab67616d0000b2737bf447655ddd96dd7b2fdc0c', '640', NOW(), NOW()),
('b3b18c99-922e-4150-bc7b-bff7b032a9d8', '5IuCRMPy8OnFjGV5e0rG73', 'https://i.scdn.co/image/ab67616d00001e027bf447655ddd96dd7b2fdc0c', '300', NOW(), NOW()),
('b3b18c99-922e-4150-bc7b-bff7b032a9d8', '5IuCRMPy8OnFjGV5e0rG73', 'https://i.scdn.co/image/ab67616d000048517bf447655ddd96dd7b2fdc0c', '64', NOW(), NOW()),
('f4581c0c-dff2-4dbd-b954-75a5a0775a88', '4AwwAvUgs4naYqROuhlO6E', 'https://i.scdn.co/image/ab67616d0000b273a349682d76bbf1550d9e7262', '640', NOW(), NOW()),
('f4581c0c-dff2-4dbd-b954-75a5a0775a88', '4AwwAvUgs4naYqROuhlO6E', 'https://i.scdn.co/image/ab67616d00001e02a349682d76bbf1550d9e7262', '300', NOW(), NOW()),
('f4581c0c-dff2-4dbd-b954-75a5a0775a88', '4AwwAvUgs4naYqROuhlO6E', 'https://i.scdn.co/image/ab67616d00004851a349682d76bbf1550d9e7262', '64', NOW(), NOW()),
('519eadb5-ab34-4e4d-984e-c002fe0d4fb6', '56L3SxM76dbmYCD1tOziHB', 'https://i.scdn.co/image/ab67616d0000b273d87bab55adfd573aa344c6c2', '640', NOW(), NOW()),
('519eadb5-ab34-4e4d-984e-c002fe0d4fb6', '56L3SxM76dbmYCD1tOziHB', 'https://i.scdn.co/image/ab67616d00001e02d87bab55adfd573aa344c6c2', '300', NOW(), NOW()),
('519eadb5-ab34-4e4d-984e-c002fe0d4fb6', '56L3SxM76dbmYCD1tOziHB', 'https://i.scdn.co/image/ab67616d00004851d87bab55adfd573aa344c6c2', '64', NOW(), NOW()),
('f0b5546c-7b93-4e7a-a143-2082f53f0d5b', '158jBhgDeXUrzDvSEA6hlL', 'https://i.scdn.co/image/ab67616d0000b2735955a6d0a2704553072888cd', '640', NOW(), NOW()),
('f0b5546c-7b93-4e7a-a143-2082f53f0d5b', '158jBhgDeXUrzDvSEA6hlL', 'https://i.scdn.co/image/ab67616d00001e025955a6d0a2704553072888cd', '300', NOW(), NOW()),
('f0b5546c-7b93-4e7a-a143-2082f53f0d5b', '158jBhgDeXUrzDvSEA6hlL', 'https://i.scdn.co/image/ab67616d000048515955a6d0a2704553072888cd', '64', NOW(), NOW()),
('515e55f0-3a5c-4cbd-87d1-db2f17c78e9d', '0rCAQNtvPXJav2EGEUbTte', 'https://i.scdn.co/image/ab67616d0000b273fa2b2c12d3d2289427821b5c', '640', NOW(), NOW()),
('515e55f0-3a5c-4cbd-87d1-db2f17c78e9d', '0rCAQNtvPXJav2EGEUbTte', 'https://i.scdn.co/image/ab67616d00001e02fa2b2c12d3d2289427821b5c', '300', NOW(), NOW()),
('515e55f0-3a5c-4cbd-87d1-db2f17c78e9d', '0rCAQNtvPXJav2EGEUbTte', 'https://i.scdn.co/image/ab67616d00004851fa2b2c12d3d2289427821b5c', '64', NOW(), NOW()),
('e3a0df47-58da-48ef-bece-7997c82dabae', '2oo5v13DoDXhlfKRS1fYMi', 'https://i.scdn.co/image/ab67616d0000b2732761a74e49379d3d57b3eb22', '640', NOW(), NOW()),
('e3a0df47-58da-48ef-bece-7997c82dabae', '2oo5v13DoDXhlfKRS1fYMi', 'https://i.scdn.co/image/ab67616d00001e022761a74e49379d3d57b3eb22', '300', NOW(), NOW()),
('e3a0df47-58da-48ef-bece-7997c82dabae', '2oo5v13DoDXhlfKRS1fYMi', 'https://i.scdn.co/image/ab67616d000048512761a74e49379d3d57b3eb22', '64', NOW(), NOW()),
('8ffd3ba1-2cec-461d-881f-e7cadb8a7044', '3M8sxzgEUlpfBYF3efTtU5', 'https://i.scdn.co/image/ab67616d0000b2730f7b76d57dcd8b0c357a810d', '640', NOW(), NOW()),
('8ffd3ba1-2cec-461d-881f-e7cadb8a7044', '3M8sxzgEUlpfBYF3efTtU5', 'https://i.scdn.co/image/ab67616d00001e020f7b76d57dcd8b0c357a810d', '300', NOW(), NOW()),
('8ffd3ba1-2cec-461d-881f-e7cadb8a7044', '3M8sxzgEUlpfBYF3efTtU5', 'https://i.scdn.co/image/ab67616d000048510f7b76d57dcd8b0c357a810d', '64', NOW(), NOW()),
('35a30acf-166c-44ba-962f-7e9d272b62af', '19WdGKO8JDdL3GmruPHkc1', 'https://i.scdn.co/image/ab67616d0000b2737f3ec7b900476a81367559f2', '640', NOW(), NOW()),
('35a30acf-166c-44ba-962f-7e9d272b62af', '19WdGKO8JDdL3GmruPHkc1', 'https://i.scdn.co/image/ab67616d00001e027f3ec7b900476a81367559f2', '300', NOW(), NOW()),
('35a30acf-166c-44ba-962f-7e9d272b62af', '19WdGKO8JDdL3GmruPHkc1', 'https://i.scdn.co/image/ab67616d000048517f3ec7b900476a81367559f2', '64', NOW(), NOW()),
('61344a3f-ba6d-4622-9c51-e84ef5117f6b', '3zi1RVCY8qSVwKBogN62AD', 'https://i.scdn.co/image/ab67616d0000b273058d6bfd717be84772cf1666', '640', NOW(), NOW()),
('61344a3f-ba6d-4622-9c51-e84ef5117f6b', '3zi1RVCY8qSVwKBogN62AD', 'https://i.scdn.co/image/ab67616d00001e02058d6bfd717be84772cf1666', '300', NOW(), NOW()),
('61344a3f-ba6d-4622-9c51-e84ef5117f6b', '3zi1RVCY8qSVwKBogN62AD', 'https://i.scdn.co/image/ab67616d00004851058d6bfd717be84772cf1666', '64', NOW(), NOW()),
('30067f00-f6d8-4a99-b4dd-2c824999ae8a', '1ygCFs8VKTz1YvmEboltKJ', 'https://i.scdn.co/image/ab67616d0000b273a40ab692b72e1b7550946992', '640', NOW(), NOW()),
('30067f00-f6d8-4a99-b4dd-2c824999ae8a', '1ygCFs8VKTz1YvmEboltKJ', 'https://i.scdn.co/image/ab67616d00001e02a40ab692b72e1b7550946992', '300', NOW(), NOW()),
('30067f00-f6d8-4a99-b4dd-2c824999ae8a', '1ygCFs8VKTz1YvmEboltKJ', 'https://i.scdn.co/image/ab67616d00004851a40ab692b72e1b7550946992', '64', NOW(), NOW()),
('2ab88c8a-ebe2-4964-bf08-13bd67e37f2f', '6T90ewkRtQX7obCexMK66C', 'https://i.scdn.co/image/ab67616d0000b273f5cacb11a1dd052308fc3d22', '640', NOW(), NOW()),
('2ab88c8a-ebe2-4964-bf08-13bd67e37f2f', '6T90ewkRtQX7obCexMK66C', 'https://i.scdn.co/image/ab67616d00001e02f5cacb11a1dd052308fc3d22', '300', NOW(), NOW()),
('2ab88c8a-ebe2-4964-bf08-13bd67e37f2f', '6T90ewkRtQX7obCexMK66C', 'https://i.scdn.co/image/ab67616d00004851f5cacb11a1dd052308fc3d22', '64', NOW(), NOW()),
('1373340d-0ad3-4a88-acd0-3c714e99bdc5', '3IvN0hSsaCpMIigGZ4yJ0z', 'https://i.scdn.co/image/ab67616d0000b2735222f0e7e1c915b0f9511135', '640', NOW(), NOW()),
('1373340d-0ad3-4a88-acd0-3c714e99bdc5', '3IvN0hSsaCpMIigGZ4yJ0z', 'https://i.scdn.co/image/ab67616d00001e025222f0e7e1c915b0f9511135', '300', NOW(), NOW()),
('1373340d-0ad3-4a88-acd0-3c714e99bdc5', '3IvN0hSsaCpMIigGZ4yJ0z', 'https://i.scdn.co/image/ab67616d000048515222f0e7e1c915b0f9511135', '64', NOW(), NOW()),
('8294ca1c-e5e7-4652-a0ee-fb517623b1e1', '2NqVWk0YiTDhX9YrDqkKHm', 'https://i.scdn.co/image/ab67616d0000b27332021048861e2c1cc08f372a', '640', NOW(), NOW()),
('8294ca1c-e5e7-4652-a0ee-fb517623b1e1', '2NqVWk0YiTDhX9YrDqkKHm', 'https://i.scdn.co/image/ab67616d00001e0232021048861e2c1cc08f372a', '300', NOW(), NOW()),
('8294ca1c-e5e7-4652-a0ee-fb517623b1e1', '2NqVWk0YiTDhX9YrDqkKHm', 'https://i.scdn.co/image/ab67616d0000485132021048861e2c1cc08f372a', '64', NOW(), NOW()),
('041b5fc3-1668-49be-9a04-8051e30065c5', '1AttOIOFrGkOPNSq5mB4pd', 'https://i.scdn.co/image/ab67616d0000b2738b302a279cfab9f1a28d2d35', '640', NOW(), NOW()),
('041b5fc3-1668-49be-9a04-8051e30065c5', '1AttOIOFrGkOPNSq5mB4pd', 'https://i.scdn.co/image/ab67616d00001e028b302a279cfab9f1a28d2d35', '300', NOW(), NOW()),
('041b5fc3-1668-49be-9a04-8051e30065c5', '1AttOIOFrGkOPNSq5mB4pd', 'https://i.scdn.co/image/ab67616d000048518b302a279cfab9f1a28d2d35', '64', NOW(), NOW()),
('2b82eaf8-0523-4652-affa-b0cfd354a114', '1onQ5kLaEHt0gzADgYsc9d', 'https://i.scdn.co/image/ab67616d0000b273f6840265816dece7ca297732', '640', NOW(), NOW()),
('2b82eaf8-0523-4652-affa-b0cfd354a114', '1onQ5kLaEHt0gzADgYsc9d', 'https://i.scdn.co/image/ab67616d00001e02f6840265816dece7ca297732', '300', NOW(), NOW()),
('2b82eaf8-0523-4652-affa-b0cfd354a114', '1onQ5kLaEHt0gzADgYsc9d', 'https://i.scdn.co/image/ab67616d00004851f6840265816dece7ca297732', '64', NOW(), NOW()),
('0035035c-2ebe-4454-9234-5d922988f03a', '1cvlu9FQk5dawfuyZErjuO', 'https://i.scdn.co/image/ab67616d0000b2737ea0d3614e0e4d0213451798', '640', NOW(), NOW()),
('0035035c-2ebe-4454-9234-5d922988f03a', '1cvlu9FQk5dawfuyZErjuO', 'https://i.scdn.co/image/ab67616d00001e027ea0d3614e0e4d0213451798', '300', NOW(), NOW()),
('0035035c-2ebe-4454-9234-5d922988f03a', '1cvlu9FQk5dawfuyZErjuO', 'https://i.scdn.co/image/ab67616d000048517ea0d3614e0e4d0213451798', '64', NOW(), NOW()),
('1d8d0690-d03e-4b80-9097-ef99c2eb4763', '6IxZGKd18jpyTUr174jN3h', 'https://i.scdn.co/image/ab67616d0000b2732d9e6cd31e43bd55ff9d6ee7', '640', NOW(), NOW()),
('1d8d0690-d03e-4b80-9097-ef99c2eb4763', '6IxZGKd18jpyTUr174jN3h', 'https://i.scdn.co/image/ab67616d00001e022d9e6cd31e43bd55ff9d6ee7', '300', NOW(), NOW()),
('1d8d0690-d03e-4b80-9097-ef99c2eb4763', '6IxZGKd18jpyTUr174jN3h', 'https://i.scdn.co/image/ab67616d000048512d9e6cd31e43bd55ff9d6ee7', '64', NOW(), NOW()),
('91308a3f-52ee-4453-b7cb-0b67843860f7', '5mf8gNynhNLJNI91jNQKtM', 'https://i.scdn.co/image/ab67616d0000b273ee39965699d77028f77a7a8f', '640', NOW(), NOW()),
('91308a3f-52ee-4453-b7cb-0b67843860f7', '5mf8gNynhNLJNI91jNQKtM', 'https://i.scdn.co/image/ab67616d00001e02ee39965699d77028f77a7a8f', '300', NOW(), NOW()),
('91308a3f-52ee-4453-b7cb-0b67843860f7', '5mf8gNynhNLJNI91jNQKtM', 'https://i.scdn.co/image/ab67616d00004851ee39965699d77028f77a7a8f', '64', NOW(), NOW()),
('cbb2844a-3f9e-4b84-8422-e2aaf4eefd3d', '0xk7tVvIiC46OFuI6nGi8H', 'https://i.scdn.co/image/ab67616d0000b273adc1ef809fab0ba5f7dfe542', '640', NOW(), NOW()),
('cbb2844a-3f9e-4b84-8422-e2aaf4eefd3d', '0xk7tVvIiC46OFuI6nGi8H', 'https://i.scdn.co/image/ab67616d00001e02adc1ef809fab0ba5f7dfe542', '300', NOW(), NOW()),
('cbb2844a-3f9e-4b84-8422-e2aaf4eefd3d', '0xk7tVvIiC46OFuI6nGi8H', 'https://i.scdn.co/image/ab67616d00004851adc1ef809fab0ba5f7dfe542', '64', NOW(), NOW()),
('8c398301-f719-467f-a644-3ff12031e7ae', '51jVcFBRmDtk0Jd0h8lylY', 'https://i.scdn.co/image/ab67616d0000b2739d64b4fbd2bd333b3002e38d', '640', NOW(), NOW()),
('8c398301-f719-467f-a644-3ff12031e7ae', '51jVcFBRmDtk0Jd0h8lylY', 'https://i.scdn.co/image/ab67616d00001e029d64b4fbd2bd333b3002e38d', '300', NOW(), NOW()),
('8c398301-f719-467f-a644-3ff12031e7ae', '51jVcFBRmDtk0Jd0h8lylY', 'https://i.scdn.co/image/ab67616d000048519d64b4fbd2bd333b3002e38d', '64', NOW(), NOW()),
('b6a0859d-3d39-457f-8dfa-ecaf9daf3adf', '7nxRN92kV9H0IQ0ORke95b', 'https://i.scdn.co/image/ab67616d0000b273b94c970b96964673650a3b72', '640', NOW(), NOW()),
('b6a0859d-3d39-457f-8dfa-ecaf9daf3adf', '7nxRN92kV9H0IQ0ORke95b', 'https://i.scdn.co/image/ab67616d00001e02b94c970b96964673650a3b72', '300', NOW(), NOW()),
('b6a0859d-3d39-457f-8dfa-ecaf9daf3adf', '7nxRN92kV9H0IQ0ORke95b', 'https://i.scdn.co/image/ab67616d00004851b94c970b96964673650a3b72', '64', NOW(), NOW()),
('5e9085f7-0de5-48f4-baf7-6ae779900d12', '4UoRjYlPMAdzlUCJQJQqxm', 'https://i.scdn.co/image/ab67616d0000b2730b5148449dfa725362d59f8f', '640', NOW(), NOW()),
('5e9085f7-0de5-48f4-baf7-6ae779900d12', '4UoRjYlPMAdzlUCJQJQqxm', 'https://i.scdn.co/image/ab67616d00001e020b5148449dfa725362d59f8f', '300', NOW(), NOW()),
('5e9085f7-0de5-48f4-baf7-6ae779900d12', '4UoRjYlPMAdzlUCJQJQqxm', 'https://i.scdn.co/image/ab67616d000048510b5148449dfa725362d59f8f', '64', NOW(), NOW()),
('33604749-72f6-4c75-84a7-b74d27cbd34e', '5vzwVtcZiriAkTRlNzEE49', 'https://i.scdn.co/image/ab67616d0000b273c4b372e4b3dc821ce9f3584d', '640', NOW(), NOW()),
('33604749-72f6-4c75-84a7-b74d27cbd34e', '5vzwVtcZiriAkTRlNzEE49', 'https://i.scdn.co/image/ab67616d00001e02c4b372e4b3dc821ce9f3584d', '300', NOW(), NOW()),
('33604749-72f6-4c75-84a7-b74d27cbd34e', '5vzwVtcZiriAkTRlNzEE49', 'https://i.scdn.co/image/ab67616d00004851c4b372e4b3dc821ce9f3584d', '64', NOW(), NOW()),
('443cc746-778d-4ce5-a944-ed9a3cdfea04', '7E4M4J6ee6SzPXWKT4OVtA', 'https://i.scdn.co/image/ab67616d0000b27391e3dea5b2df1352db8091aa', '640', NOW(), NOW()),
('443cc746-778d-4ce5-a944-ed9a3cdfea04', '7E4M4J6ee6SzPXWKT4OVtA', 'https://i.scdn.co/image/ab67616d00001e0291e3dea5b2df1352db8091aa', '300', NOW(), NOW()),
('443cc746-778d-4ce5-a944-ed9a3cdfea04', '7E4M4J6ee6SzPXWKT4OVtA', 'https://i.scdn.co/image/ab67616d0000485191e3dea5b2df1352db8091aa', '64', NOW(), NOW()),
('5d16711a-53cb-4009-9d1e-414101b05608', '0R7jVosBHVJF4BkJf8QOfM', 'https://i.scdn.co/image/ab67616d0000b2731749c3c9da81ecff9cc73b67', '640', NOW(), NOW()),
('5d16711a-53cb-4009-9d1e-414101b05608', '0R7jVosBHVJF4BkJf8QOfM', 'https://i.scdn.co/image/ab67616d00001e021749c3c9da81ecff9cc73b67', '300', NOW(), NOW()),
('5d16711a-53cb-4009-9d1e-414101b05608', '0R7jVosBHVJF4BkJf8QOfM', 'https://i.scdn.co/image/ab67616d000048511749c3c9da81ecff9cc73b67', '64', NOW(), NOW()),
('4614f617-6356-40a3-80b6-adde0f73218a', '5LlEHDYp693PXRtrTs4T9X', 'https://i.scdn.co/image/ab67616d0000b2735a8cb05f3f234224b118b9d8', '640', NOW(), NOW()),
('4614f617-6356-40a3-80b6-adde0f73218a', '5LlEHDYp693PXRtrTs4T9X', 'https://i.scdn.co/image/ab67616d00001e025a8cb05f3f234224b118b9d8', '300', NOW(), NOW()),
('4614f617-6356-40a3-80b6-adde0f73218a', '5LlEHDYp693PXRtrTs4T9X', 'https://i.scdn.co/image/ab67616d000048515a8cb05f3f234224b118b9d8', '64', NOW(), NOW()),
('9a37602d-6138-43bb-9e1f-ad63e0716989', '1anecVkjWpzSerQywRtmyD', 'https://i.scdn.co/image/ab67616d0000b273ab11002d0e1ca5ecab7df0a3', '640', NOW(), NOW()),
('9a37602d-6138-43bb-9e1f-ad63e0716989', '1anecVkjWpzSerQywRtmyD', 'https://i.scdn.co/image/ab67616d00001e02ab11002d0e1ca5ecab7df0a3', '300', NOW(), NOW()),
('9a37602d-6138-43bb-9e1f-ad63e0716989', '1anecVkjWpzSerQywRtmyD', 'https://i.scdn.co/image/ab67616d00004851ab11002d0e1ca5ecab7df0a3', '64', NOW(), NOW()),
('4c5fdfa1-40ca-43a5-97b7-9f41b62abd12', '3I2XY12LJVjEM9numwcQeM', 'https://i.scdn.co/image/ab67616d0000b27357702c039c0b97d3a203f0b2', '640', NOW(), NOW()),
('4c5fdfa1-40ca-43a5-97b7-9f41b62abd12', '3I2XY12LJVjEM9numwcQeM', 'https://i.scdn.co/image/ab67616d00001e0257702c039c0b97d3a203f0b2', '300', NOW(), NOW()),
('4c5fdfa1-40ca-43a5-97b7-9f41b62abd12', '3I2XY12LJVjEM9numwcQeM', 'https://i.scdn.co/image/ab67616d0000485157702c039c0b97d3a203f0b2', '64', NOW(), NOW()),
('67b5280e-9fbb-4a4c-8783-a12477afb2b6', '0G0kJsK2NbAzfo5qvXUeiO', 'https://i.scdn.co/image/ab67616d0000b2731d0f062474f7e23cd332c447', '640', NOW(), NOW()),
('67b5280e-9fbb-4a4c-8783-a12477afb2b6', '0G0kJsK2NbAzfo5qvXUeiO', 'https://i.scdn.co/image/ab67616d00001e021d0f062474f7e23cd332c447', '300', NOW(), NOW()),
('67b5280e-9fbb-4a4c-8783-a12477afb2b6', '0G0kJsK2NbAzfo5qvXUeiO', 'https://i.scdn.co/image/ab67616d000048511d0f062474f7e23cd332c447', '64', NOW(), NOW()),
('5e328b82-951d-4ea4-bdc9-8a59ab7b6e8c', '3gPCitY2mlpRTYgb2tbkQr', 'https://i.scdn.co/image/ab67616d0000b273ad5da3d58eaadda4b5f47204', '640', NOW(), NOW()),
('5e328b82-951d-4ea4-bdc9-8a59ab7b6e8c', '3gPCitY2mlpRTYgb2tbkQr', 'https://i.scdn.co/image/ab67616d00001e02ad5da3d58eaadda4b5f47204', '300', NOW(), NOW()),
('5e328b82-951d-4ea4-bdc9-8a59ab7b6e8c', '3gPCitY2mlpRTYgb2tbkQr', 'https://i.scdn.co/image/ab67616d00004851ad5da3d58eaadda4b5f47204', '64', NOW(), NOW()),
('47089de8-4781-4f37-8be1-8814f5a67607', '0q6mHGbVNLNZ9ZkP6haXki', 'https://i.scdn.co/image/ab67616d0000b273eab30a5888a74a62870678a8', '640', NOW(), NOW()),
('47089de8-4781-4f37-8be1-8814f5a67607', '0q6mHGbVNLNZ9ZkP6haXki', 'https://i.scdn.co/image/ab67616d00001e02eab30a5888a74a62870678a8', '300', NOW(), NOW()),
('47089de8-4781-4f37-8be1-8814f5a67607', '0q6mHGbVNLNZ9ZkP6haXki', 'https://i.scdn.co/image/ab67616d00004851eab30a5888a74a62870678a8', '64', NOW(), NOW()),
('6f559e92-5ff1-4a7d-aa91-81112a658c49', '2erQt5n63I1d3U2lTBkxJ6', 'https://i.scdn.co/image/ab67616d0000b2734a7b54bad11e2551235fa4c2', '640', NOW(), NOW()),
('6f559e92-5ff1-4a7d-aa91-81112a658c49', '2erQt5n63I1d3U2lTBkxJ6', 'https://i.scdn.co/image/ab67616d00001e024a7b54bad11e2551235fa4c2', '300', NOW(), NOW()),
('6f559e92-5ff1-4a7d-aa91-81112a658c49', '2erQt5n63I1d3U2lTBkxJ6', 'https://i.scdn.co/image/ab67616d000048514a7b54bad11e2551235fa4c2', '64', NOW(), NOW()),
('e407d5c4-fce8-4267-9d09-bd621f2503bb', '0mDeWiryBSBbkbbiIGqao1', 'https://i.scdn.co/image/ab67616d0000b273506f0dd571b151619af04930', '640', NOW(), NOW()),
('e407d5c4-fce8-4267-9d09-bd621f2503bb', '0mDeWiryBSBbkbbiIGqao1', 'https://i.scdn.co/image/ab67616d00001e02506f0dd571b151619af04930', '300', NOW(), NOW()),
('e407d5c4-fce8-4267-9d09-bd621f2503bb', '0mDeWiryBSBbkbbiIGqao1', 'https://i.scdn.co/image/ab67616d00004851506f0dd571b151619af04930', '64', NOW(), NOW()),
('1a122160-da39-4188-992a-e9e595157521', '5LogQOxTl5YnVr5hguEdTd', 'https://i.scdn.co/image/ab67616d0000b273dae6af78457a0b382f8104a5', '640', NOW(), NOW()),
('1a122160-da39-4188-992a-e9e595157521', '5LogQOxTl5YnVr5hguEdTd', 'https://i.scdn.co/image/ab67616d00001e02dae6af78457a0b382f8104a5', '300', NOW(), NOW()),
('1a122160-da39-4188-992a-e9e595157521', '5LogQOxTl5YnVr5hguEdTd', 'https://i.scdn.co/image/ab67616d00004851dae6af78457a0b382f8104a5', '64', NOW(), NOW());



INSERT INTO "Song" ("id", "albumId", "title", "duration", "lyric", "filePathAudio", "privacy", "uploadUserId", "createdAt", "updatedAt") VALUES
('fe338c74-9c7b-461e-ae95-2db048ffb169', 'a9ab104c-d5f1-4e99-8fba-3adfcb986137', 'Gieo Quẻ (feat. Đen)', '198947', 'lyric', 'https://audiomelodies.nyc3.digitaloceanspaces.com/LOC/HoangThuyLinh/LINK/GieoQuefeatDen.m4a', FALSE, 'Null', NOW(), NOW()),
('99f5ef7b-fb7b-4085-840e-419ef7560fb6', 'a9ab104c-d5f1-4e99-8fba-3adfcb986137', 'See Tình', '185002', 'lyric', 'https://audiomelodies.nyc3.digitaloceanspaces.com/LOC/HoangThuyLinh/LINK/SeeTinh.m4a', FALSE, 'Null', NOW(), NOW()),
('788bb7d4-513f-4c65-9e8a-620491776d0a', 'a9ab104c-d5f1-4e99-8fba-3adfcb986137', 'Lúc Thấy Lúc Không', '173000', 'lyric', 'https://audiomelodies.nyc3.digitaloceanspaces.com/LOC/HoangThuyLinh/LINK/LucThayLucKhong.m4a', FALSE, 'Null', NOW(), NOW()),
('5ae64e98-15cd-4c5d-a2b7-6621b184638d', 'a9ab104c-d5f1-4e99-8fba-3adfcb986137', 'Bắt Vía (feat. Wren Evans & Mew Amazing)', '204000', 'lyric', 'https://audiomelodies.nyc3.digitaloceanspaces.com/LOC/HoangThuyLinh/LINK/BatViafeatWrenEvansMewAmazing.m4a', FALSE, 'Null', NOW(), NOW()),
('0978c814-d098-4f00-9221-3bbbebc4caad', 'a9ab104c-d5f1-4e99-8fba-3adfcb986137', 'không một bài hát nào có thể diễn tả cảm xúc của em lúc này. (feat. Thanh Bui)', '240500', 'lyric', 'https://audiomelodies.nyc3.digitaloceanspaces.com/LOC/HoangThuyLinh/LINK/khongmotbaihatnaocothedientacamxuccuaemlucnayfeatThanhBui.m4a', FALSE, 'Null', NOW(), NOW()),
('e131d987-e2be-422d-b003-56a6462b0265', 'a9ab104c-d5f1-4e99-8fba-3adfcb986137', 'Bo Xì Bo', '172000', 'lyric', 'https://audiomelodies.nyc3.digitaloceanspaces.com/LOC/HoangThuyLinh/LINK/BoXiBo.m4a', FALSE, 'Null', NOW(), NOW()),
('ba78cf2b-a44f-41e7-a431-ac15309b8442', 'a9ab104c-d5f1-4e99-8fba-3adfcb986137', 'Trưởng Nữ Chạy Trốn', '195008', 'lyric', 'https://audiomelodies.nyc3.digitaloceanspaces.com/LOC/HoangThuyLinh/LINK/TruongNuChayTron.m4a', FALSE, 'Null', NOW(), NOW()),
('acb52e5e-1b4f-4737-a59e-c9da88419d16', 'a9ab104c-d5f1-4e99-8fba-3adfcb986137', 'Đánh Đố (feat. Thanh Lam & Tùng Dương)', '268235', 'lyric', 'https://audiomelodies.nyc3.digitaloceanspaces.com/LOC/HoangThuyLinh/LINK/DanhDofeatThanhLamTungDuong.m4a', FALSE, 'Null', NOW(), NOW()),
('3583a303-1786-4331-892d-6e47e85d7f17', 'a9ab104c-d5f1-4e99-8fba-3adfcb986137', 'Hạ Phỏm', '195750', 'lyric', 'https://audiomelodies.nyc3.digitaloceanspaces.com/LOC/HoangThuyLinh/LINK/HaPhom.m4a', FALSE, 'Null', NOW(), NOW()),
('b7df11b1-d90a-4da1-b280-0bbef1da3eba', '6bbbc6d7-8720-41f7-9df2-fed76395e3fb', 'Khởi Đầu', '34858', 'lyric', 'https://audiomelodies.nyc3.digitaloceanspaces.com/LOC/HoangThuyLinh/Hoang/KhoiDau.m4a', FALSE, 'Null', NOW(), NOW()),
('f8d611ff-1b27-46f1-89ba-6e118d48619c', '6bbbc6d7-8720-41f7-9df2-fed76395e3fb', 'Để Mị Nói Cho Mà Nghe', '193877', 'lyric', 'https://audiomelodies.nyc3.digitaloceanspaces.com/LOC/HoangThuyLinh/eMiNoiChoMaNghe/DeMiNoiChoMaNghe.m4a', FALSE, 'Null', NOW(), NOW()),
('3537bdd9-88c4-4bf1-88f1-bca812542043', '6bbbc6d7-8720-41f7-9df2-fed76395e3fb', 'Duyên Âm', '179541', 'lyric', 'https://audiomelodies.nyc3.digitaloceanspaces.com/LOC/HoangThuyLinh/Hoang/DuyenAm.m4a', FALSE, 'Null', NOW(), NOW()),
('39a02bb8-d0ed-4b13-a5f3-aabbcb343c97', '6bbbc6d7-8720-41f7-9df2-fed76395e3fb', 'Em Đây Chẳng Phải Thúy Kiều', '214499', 'lyric', 'https://audiomelodies.nyc3.digitaloceanspaces.com/LOC/HoangThuyLinh/Hoang/EmDayChangPhaiThuyKieu.m4a', FALSE, 'Null', NOW(), NOW()),
('e3be8308-a06e-45d9-ad56-9198134bf153', '6bbbc6d7-8720-41f7-9df2-fed76395e3fb', 'Lắm Mối Tối Ngồi Không', '194645', 'lyric', 'https://audiomelodies.nyc3.digitaloceanspaces.com/LOC/HoangThuyLinh/Hoang/LamMoiToiNgoiKhong.m4a', FALSE, 'Null', NOW(), NOW()),
('6731793a-f87b-4d80-aea4-8a4ead5a3995', '6bbbc6d7-8720-41f7-9df2-fed76395e3fb', 'Kẽo Cà Kẽo Kẹt', '195455', 'lyric', 'https://audiomelodies.nyc3.digitaloceanspaces.com/LOC/HoangThuyLinh/Hoang/KeoCaKeoKet.m4a', FALSE, 'Null', NOW(), NOW()),
('977f1633-2bcf-4083-931d-9a23c499b904', '6bbbc6d7-8720-41f7-9df2-fed76395e3fb', 'Tứ Phủ', '264566', 'lyric', 'https://audiomelodies.nyc3.digitaloceanspaces.com/LOC/HoangThuyLinh/Hoang/TuPhu.m4a', FALSE, 'Null', NOW(), NOW()),
('e82c1e79-4346-4fa1-8b63-ee80d82cfbfc', '6bbbc6d7-8720-41f7-9df2-fed76395e3fb', 'Kẻ Cắp Gặp Bà Già (feat. Binz)', '231504', 'lyric', 'https://audiomelodies.nyc3.digitaloceanspaces.com/LOC/HoangThuyLinh/Hoang/KeCapGapBaGiafeatBinz.m4a', FALSE, 'Null', NOW(), NOW()),
('110b4292-e530-4a66-a00a-04803cc9d6f6', '6bbbc6d7-8720-41f7-9df2-fed76395e3fb', 'Giải Kết', '75434', 'lyric', 'https://audiomelodies.nyc3.digitaloceanspaces.com/LOC/HoangThuyLinh/Hoang/GiaiKet.m4a', FALSE, 'Null', NOW(), NOW()),
('e952b8f3-f750-43e2-91b8-308ddb66d8c9', '103690d3-c77f-46ed-9d18-4a042f3212cc', 'Chuyện Tình Lá Gió', '306363', 'lyric', 'https://audiomelodies.nyc3.digitaloceanspaces.com/LOC/HoangThuyLinh/TheBalladHit/ChuyenTinhLaGio.m4a', FALSE, 'Null', NOW(), NOW()),
('c8e68712-63ab-4126-a055-92b823ba63d0', '103690d3-c77f-46ed-9d18-4a042f3212cc', 'Cho Nhau Lối Đi Riêng', '222773', 'lyric', 'https://audiomelodies.nyc3.digitaloceanspaces.com/LOC/HoangThuyLinh/NhipapGiacMo/ChoNhauLoiDiRieng.m4a', FALSE, 'Null', NOW(), NOW()),
('82afad7b-1246-47de-9b48-da7794a12083', '103690d3-c77f-46ed-9d18-4a042f3212cc', 'Yêu Anh', '241746', 'lyric', 'https://audiomelodies.nyc3.digitaloceanspaces.com/LOC/HoangThuyLinh/MiniAlbum2012/YeuAnh.m4a', FALSE, 'Null', NOW(), NOW()),
('2eeed27f-9ad8-4c4e-94e7-23ae6f27bc79', '103690d3-c77f-46ed-9d18-4a042f3212cc', 'Em Sẽ Là Giấc Mơ', '233386', 'lyric', 'https://audiomelodies.nyc3.digitaloceanspaces.com/LOC/HoangThuyLinh/TheBalladHit/EmSeLaGiacMo.m4a', FALSE, 'Null', NOW(), NOW()),
('0d52baab-b1a0-4144-87cc-82b90aa38b81', '103690d3-c77f-46ed-9d18-4a042f3212cc', 'Lại Lần Nữa', '285866', 'lyric', 'https://audiomelodies.nyc3.digitaloceanspaces.com/LOC/HoangThuyLinh/TheBalladHit/LaiLanNua.m4a', FALSE, 'Null', NOW(), NOW()),
('f7c141e7-bac4-4e05-9617-a79f54f92467', '103690d3-c77f-46ed-9d18-4a042f3212cc', 'Anh Có Nhớ Gì', '300160', 'lyric', 'https://audiomelodies.nyc3.digitaloceanspaces.com/LOC/HoangThuyLinh/NhipapGiacMo/AnhCoNhoGi.m4a', FALSE, 'Null', NOW(), NOW()),
('3a4ec6e4-33c4-49ca-86ad-310a45039763', '103690d3-c77f-46ed-9d18-4a042f3212cc', 'Cô Đơn Là Nỗi Đau', '260480', 'lyric', 'https://audiomelodies.nyc3.digitaloceanspaces.com/LOC/HoangThuyLinh/TheBalladHit/CoDonLaNoiDau.m4a', FALSE, 'Null', NOW(), NOW()),
('4b2529e1-6cf4-4c81-9265-2bc0937090a3', '103690d3-c77f-46ed-9d18-4a042f3212cc', 'Đôi Khi Em Muốn Khóc', '259127', 'lyric', 'https://audiomelodies.nyc3.digitaloceanspaces.com/LOC/HoangThuyLinh/TheBalladHit/DoiKhiEmMuonKhoc.m4a', FALSE, 'Null', NOW(), NOW()),
('a91fcdad-2424-4b31-9be4-78ea1b36f639', '103690d3-c77f-46ed-9d18-4a042f3212cc', 'Cảm Ơn Vì Yêu Em', '290026', 'lyric', 'https://audiomelodies.nyc3.digitaloceanspaces.com/LOC/HoangThuyLinh/NhipapGiacMo/CamOnViYeuEm.m4a', FALSE, 'Null', NOW(), NOW()),
('c2a1be88-2b9d-44d3-b210-b946561b5e6a', 'b3b18c99-922e-4150-bc7b-bff7b032a9d8', 'Ngày Không Anh', '214466', 'lyric', 'https://audiomelodies.nyc3.digitaloceanspaces.com/LOC/HoangThuyLinh/ungVoiVang/NgayKhongAnh.m4a', FALSE, 'Null', NOW(), NOW()),
('9a6f4637-590e-42b5-a63a-845b2c364746', 'b3b18c99-922e-4150-bc7b-bff7b032a9d8', 'Chạy Trốn', '173360', 'lyric', 'https://audiomelodies.nyc3.digitaloceanspaces.com/LOC/HoangThuyLinh/ungVoiVang/ChayTron.m4a', FALSE, 'Null', NOW(), NOW()),
('219c6729-cf9b-4d8e-a6a7-0f78ca83be44', 'b3b18c99-922e-4150-bc7b-bff7b032a9d8', 'Lại Lần Nữa', '285866', 'lyric', 'https://audiomelodies.nyc3.digitaloceanspaces.com/LOC/HoangThuyLinh/ungVoiVang/LaiLanNua.m4a', FALSE, 'Null', NOW(), NOW()),
('2bdfd771-3f55-46c4-8073-3feaf4c913c2', 'b3b18c99-922e-4150-bc7b-bff7b032a9d8', 'Đừng Vội Vàng', '257946', 'lyric', 'https://audiomelodies.nyc3.digitaloceanspaces.com/LOC/HoangThuyLinh/ungVoiVang/DungVoiVang.m4a', FALSE, 'Null', NOW(), NOW()),
('779344d2-6af8-48f9-a9dc-7a1bd0196137', 'b3b18c99-922e-4150-bc7b-bff7b032a9d8', 'Em Sẽ Là Giấc Mơ', '233386', 'lyric', 'https://audiomelodies.nyc3.digitaloceanspaces.com/LOC/HoangThuyLinh/ungVoiVang/EmSeLaGiacMo.m4a', FALSE, 'Null', NOW(), NOW()),
('ad4f0b37-8d75-45db-aa5d-e68cf5166f01', 'b3b18c99-922e-4150-bc7b-bff7b032a9d8', 'Sợi Dây', '233933', 'lyric', 'https://audiomelodies.nyc3.digitaloceanspaces.com/LOC/HoangThuyLinh/ungVoiVang/SoiDay.m4a', FALSE, 'Null', NOW(), NOW()),
('1c654a74-5e47-408f-bf02-062214187220', 'b3b18c99-922e-4150-bc7b-bff7b032a9d8', 'Trôi Theo Thời Gian', '225280', 'lyric', 'https://audiomelodies.nyc3.digitaloceanspaces.com/LOC/HoangThuyLinh/ungVoiVang/TroiTheoThoiGian.m4a', FALSE, 'Null', NOW(), NOW()),
('ada45ff1-d21c-4764-859c-ac40857d7624', 'b3b18c99-922e-4150-bc7b-bff7b032a9d8', 'Kỉ Niệm', '220813', 'lyric', 'https://audiomelodies.nyc3.digitaloceanspaces.com/LOC/HoangThuyLinh/ungVoiVang/KiNiem.m4a', FALSE, 'Null', NOW(), NOW()),
('1f193cbc-244b-433d-b216-b45b476feecf', 'b3b18c99-922e-4150-bc7b-bff7b032a9d8', 'Cô Đơn Là Nỗi Đau', '260480', 'lyric', 'https://audiomelodies.nyc3.digitaloceanspaces.com/LOC/HoangThuyLinh/ungVoiVang/CoDonLaNoiDau.m4a', FALSE, 'Null', NOW(), NOW()),
('33063035-4672-4b46-b8e9-593371f85146', 'b3b18c99-922e-4150-bc7b-bff7b032a9d8', 'Giấu', '241493', 'lyric', 'https://audiomelodies.nyc3.digitaloceanspaces.com/LOC/HoangThuyLinh/ungVoiVang/Giau.m4a', FALSE, 'Null', NOW(), NOW()),
('1be5eca6-67e9-4de8-9186-092a68d965a5', 'f4581c0c-dff2-4dbd-b954-75a5a0775a88', 'Nhịp Đập Giấc Mơ', '244760', 'lyric', 'https://audiomelodies.nyc3.digitaloceanspaces.com/LOC/HoangThuyLinh/NhipapGiacMo/NhipDapGiacMo.m4a', FALSE, 'Null', NOW(), NOW()),
('1fd4f55d-4e24-4923-a229-bd38dbb684cf', 'f4581c0c-dff2-4dbd-b954-75a5a0775a88', 'Cảm Ơn Vì Yêu Em', '290026', 'lyric', 'https://audiomelodies.nyc3.digitaloceanspaces.com/LOC/HoangThuyLinh/TheBalladHit/CamOnViYeuEm.m4a', FALSE, 'Null', NOW(), NOW()),
('24aaeacf-0cc3-4da2-9477-0f5a68c7bda7', 'f4581c0c-dff2-4dbd-b954-75a5a0775a88', 'Rung Động', '211013', 'lyric', 'https://audiomelodies.nyc3.digitaloceanspaces.com/LOC/HoangThuyLinh/NhipapGiacMo/RungDong.m4a', FALSE, 'Null', NOW(), NOW()),
('50a185c9-9757-4021-a35c-15211f301cfc', 'f4581c0c-dff2-4dbd-b954-75a5a0775a88', 'Nghe Này Chàng Trai', '206840', 'lyric', 'https://audiomelodies.nyc3.digitaloceanspaces.com/LOC/HoangThuyLinh/NhipapGiacMo/NgheNayChangTrai.m4a', FALSE, 'Null', NOW(), NOW()),
('e16dc178-aebb-4a77-ba2d-35e670a307c4', 'f4581c0c-dff2-4dbd-b954-75a5a0775a88', 'Anh Có Nhớ Gì', '300160', 'lyric', 'https://audiomelodies.nyc3.digitaloceanspaces.com/LOC/HoangThuyLinh/TheBalladHit/AnhCoNhoGi.m4a', FALSE, 'Null', NOW(), NOW()),
('8f1f951d-83d2-4536-a1ea-7c07a96b8fe9', 'f4581c0c-dff2-4dbd-b954-75a5a0775a88', 'Tìm Lại Tình Yêu', '226760', 'lyric', 'https://audiomelodies.nyc3.digitaloceanspaces.com/LOC/HoangThuyLinh/NhipapGiacMo/TimLaiTinhYeu.m4a', FALSE, 'Null', NOW(), NOW()),
('8cbcaa88-102b-45b4-a585-4f7788b30845', 'f4581c0c-dff2-4dbd-b954-75a5a0775a88', 'Khóc Lần Cuối', '192720', 'lyric', 'https://audiomelodies.nyc3.digitaloceanspaces.com/LOC/HoangThuyLinh/NhipapGiacMo/KhocLanCuoi.m4a', FALSE, 'Null', NOW(), NOW()),
('f4ecbba6-dd26-4d1e-99ed-b40221cd9522', 'f4581c0c-dff2-4dbd-b954-75a5a0775a88', 'Cho Nhau Lối Đi Riêng', '222773', 'lyric', 'https://audiomelodies.nyc3.digitaloceanspaces.com/LOC/HoangThuyLinh/TheBalladHit/ChoNhauLoiDiRieng.m4a', FALSE, 'Null', NOW(), NOW()),
('3e5c5bee-7dea-41ea-9512-f4852557dec8', 'f4581c0c-dff2-4dbd-b954-75a5a0775a88', 'Dưới Ánh Nến', '180800', 'lyric', 'https://audiomelodies.nyc3.digitaloceanspaces.com/LOC/HoangThuyLinh/NhipapGiacMo/DuoiAnhNen.m4a', FALSE, 'Null', NOW(), NOW()),
('806b7855-258e-4648-a6d6-a17fddbc18ed', 'f4581c0c-dff2-4dbd-b954-75a5a0775a88', 'Phía Sau Ánh Sáng', '179186', 'lyric', 'https://audiomelodies.nyc3.digitaloceanspaces.com/LOC/HoangThuyLinh/NhipapGiacMo/PhiaSauAnhSang.m4a', FALSE, 'Null', NOW(), NOW()),
('376c8747-279c-4c6c-880c-f4b7eb7468ca', 'f4581c0c-dff2-4dbd-b954-75a5a0775a88', 'Ngày Hạnh Phúc', '218053', 'lyric', 'https://audiomelodies.nyc3.digitaloceanspaces.com/LOC/HoangThuyLinh/NhipapGiacMo/NgayHanhPhuc.m4a', FALSE, 'Null', NOW(), NOW()),
('a25f3859-8ba3-45d2-8c00-ed0f8dbfc2aa', '519eadb5-ab34-4e4d-984e-c002fe0d4fb6', 'Trái đất ôm Mặt trời', '194703', 'lyric', 'nan', FALSE, 'Null', NOW(), NOW()),
('9f621211-6a84-4a00-8aa4-edb4ec15e0a6', 'f0b5546c-7b93-4e7a-a143-2082f53f0d5b', 'Miền Đất Hứa', '239519', 'lyric', 'https://audiomelodies.nyc3.digitaloceanspaces.com/LOC/HoangThuyLinh/MienatHua/MienDatHua.m4a', FALSE, 'Null', NOW(), NOW()),
('e08d9661-b37e-4a12-8c98-424a15ec2e6e', '515e55f0-3a5c-4cbd-87d1-db2f17c78e9d', 'Lời chào ấm áp đến với Vietnamese concert', '20539', 'lyric', 'nan', FALSE, 'Null', NOW(), NOW()),
('8a79b6be-dc70-4709-a351-3de47cfda4e0', '515e55f0-3a5c-4cbd-87d1-db2f17c78e9d', 'Các bạn đã thuộc hết các ca khúc trong album LINK chưa?', '26315', 'lyric', 'nan', FALSE, 'Null', NOW(), NOW()),
('8c186f0e-2cec-4fd5-8fe4-fc33d522aa55', '515e55f0-3a5c-4cbd-87d1-db2f17c78e9d', 'Đã 4 năm trôi qua kể từ ngày phát hành album Hoàng', '23787', 'lyric', 'nan', FALSE, 'Null', NOW(), NOW()),
('9e821f87-7c94-4310-8647-eea9f1de6634', '515e55f0-3a5c-4cbd-87d1-db2f17c78e9d', 'Bật mí các ca khúc trong Vietnamese concert', '27664', 'lyric', 'nan', FALSE, 'Null', NOW(), NOW()),
('c4545695-bdda-4a56-b4a7-0d8f8e6ce2cf', 'e3a0df47-58da-48ef-bece-7997c82dabae', 'CHẤT ÊM. MY GAME', '217619', 'lyric', 'nan', FALSE, 'Null', NOW(), NOW()),
('9ac95c2e-99cb-44e6-8254-abcfb373a49d', '8ffd3ba1-2cec-461d-881f-e7cadb8a7044', 'Đợi Chờ Đừng Cáu', '168837', 'lyric', 'nan', FALSE, 'Null', NOW(), NOW()),
('f18fbcf0-1def-413d-923f-0e9e256b38dd', '35a30acf-166c-44ba-962f-7e9d272b62af', 'Kiềng 3 Chân', '196363', 'lyric', 'nan', FALSE, 'Null', NOW(), NOW()),
('b95d4727-ba79-428a-ac51-c639522abcc4', '61344a3f-ba6d-4622-9c51-e84ef5117f6b', 'Đánh Đố (feat. Thanh Lam & Tùng Dương)', '268235', 'lyric', 'nan', FALSE, 'Null', NOW(), NOW()),
('30c6303d-6923-4d84-bf10-c0a2f664cbc9', '30067f00-f6d8-4a99-b4dd-2c824999ae8a', 'Đánh Đố - Teaser', '38823', 'lyric', 'nan', FALSE, 'Null', NOW(), NOW()),
('a755ee0c-7a19-48f0-963d-fc7c556ad368', '2ab88c8a-ebe2-4964-bf08-13bd67e37f2f', 'See Tình - Speed Up Version', '142105', 'lyric', 'nan', FALSE, 'Null', NOW(), NOW()),
('98ad8598-15e0-4fa7-94c6-7b8ae271d812', '1373340d-0ad3-4a88-acd0-3c714e99bdc5', 'See Tình - Cukak Remix', '170158', 'lyric', 'nan', FALSE, 'Null', NOW(), NOW()),
('5f97dab0-2d82-4533-80ae-5689a9af65bc', '8294ca1c-e5e7-4652-a0ee-fb517623b1e1', 'Việt Nam Hết Mình', '210768', 'lyric', 'nan', FALSE, 'Null', NOW(), NOW()),
('469d393c-d859-412e-98a5-9259eea4186b', '041b5fc3-1668-49be-9a04-8051e30065c5', 'See Tình', '185002', 'lyric', 'nan', FALSE, 'Null', NOW(), NOW()),
('83f7cd0b-9e40-4e3b-b85e-fab201abdbf2', '2b82eaf8-0523-4652-affa-b0cfd354a114', 'Gieo Quẻ - Dance Performance', '196842', 'lyric', 'nan', FALSE, 'Null', NOW(), NOW()),
('12cac2f5-8692-40ac-9ae4-a4cccabd40bc', '0035035c-2ebe-4454-9234-5d922988f03a', 'Gieo Quẻ (feat. Đen)', '198947', 'lyric', 'nan', FALSE, 'Null', NOW(), NOW()),
('b1355bcc-7449-4f40-8b96-ee2d93c0ec10', '1d8d0690-d03e-4b80-9097-ef99c2eb4763', 'LK Để Mị Nói Cho Mà Nghe, Duyên Âm - Live At Tết Tân Thời', '282960', 'lyric', 'nan', FALSE, 'Null', NOW(), NOW()),
('ca16868b-e33f-45be-8662-26e68ac3bacb', '91308a3f-52ee-4453-b7cb-0b67843860f7', 'Kẻ Cắp Gặp Bà Già - Live At Tết Tân Thời', '225560', 'lyric', 'nan', FALSE, 'Null', NOW(), NOW()),
('bd38905a-94ab-4f29-988a-04c55b8829dd', 'cbb2844a-3f9e-4b84-8422-e2aaf4eefd3d', 'Kẻ Cắp Gặp Bà Già - Live At Tết Tân Thời', '225560', 'lyric', 'nan', FALSE, 'Null', NOW(), NOW()),
('90393e69-4e29-4a75-bbae-5dcc344769cf', '8c398301-f719-467f-a644-3ff12031e7ae', 'Cánh Cửa Diệu Kỳ', '226813', 'lyric', 'nan', FALSE, 'Null', NOW(), NOW()),
('5058255c-307c-4129-8e89-ab6635467c5c', 'b6a0859d-3d39-457f-8dfa-ecaf9daf3adf', 'Khi Tình Yêu Đủ Lớn (feat. Rtee)', '263323', 'lyric', 'nan', FALSE, 'Null', NOW(), NOW()),
('fc65e6b2-1769-4ae7-b737-9579c1af0f5e', '5e9085f7-0de5-48f4-baf7-6ae779900d12', 'Việt Nam Tử Tế', '211380', 'lyric', 'nan', FALSE, 'Null', NOW(), NOW()),
('67acec76-931c-4a50-b831-9d4e29f56b49', '5e9085f7-0de5-48f4-baf7-6ae779900d12', 'Việt Nam Tử Tế - Instrumental', '211380', 'lyric', 'nan', FALSE, 'Null', NOW(), NOW()),
('ee439e09-501e-42c5-baee-fcebab09e8c1', '33604749-72f6-4c75-84a7-b74d27cbd34e', 'Làm Gì Phải Hốt', '189296', 'lyric', 'https://audiomelodies.nyc3.digitaloceanspaces.com/LOC/HoangThuyLinh/LamGiPhaiHot/LamGiPhaiHot.m4a', FALSE, 'Null', NOW(), NOW()),
('915227d5-b960-413f-8253-612f097d7aba', '443cc746-778d-4ce5-a944-ed9a3cdfea04', 'Tứ Phủ', '264566', 'lyric', 'https://audiomelodies.nyc3.digitaloceanspaces.com/LOC/HoangThuyLinh/TuPhu/TuPhu.m4a', FALSE, 'Null', NOW(), NOW()),
('567e6169-078a-4c73-9460-5ea552c1aa0d', '5d16711a-53cb-4009-9d1e-414101b05608', 'Để Mị Nói Cho Mà Nghe', '193877', 'lyric', 'https://audiomelodies.nyc3.digitaloceanspaces.com/LOC/HoangThuyLinh/Hoang/DeMiNoiChoMaNghe.m4a', FALSE, 'Null', NOW(), NOW()),
('5f11a666-3d2d-44b1-9a12-23cbf048451e', '4614f617-6356-40a3-80b6-adde0f73218a', 'Fall In Love (feat. Kimmese)', '306363', 'lyric', 'https://audiomelodies.nyc3.digitaloceanspaces.com/LOC/HoangThuyLinh/FallInLove/FallInLovefeatKimmese.m4a', FALSE, 'Null', NOW(), NOW()),
('b01916e0-acc3-40eb-b2cb-5e74c55dd9a9', '4614f617-6356-40a3-80b6-adde0f73218a', 'Fall In Love (feat. Kimmese) - Chill Version', '234146', 'lyric', 'https://audiomelodies.nyc3.digitaloceanspaces.com/LOC/HoangThuyLinh/FallInLove/FallInLovefeatKimmeseChillVersion.m4a', FALSE, 'Null', NOW(), NOW()),
('a773a456-379b-47bd-99d5-f9d2ea800fba', '9a37602d-6138-43bb-9e1f-ad63e0716989', 'Fall In Love', '226285', 'lyric', 'https://audiomelodies.nyc3.digitaloceanspaces.com/LOC/HoangThuyLinh/FallInLove/FallInLove.m4a', FALSE, 'Null', NOW(), NOW()),
('aeafc51b-a4e2-4a29-977d-5033d40d89b5', '4c5fdfa1-40ca-43a5-97b7-9f41b62abd12', 'I'm Gonna Break', '265225', 'lyric', 'https://audiomelodies.nyc3.digitaloceanspaces.com/LOC/HoangThuyLinh/SIX/ImGonnaBreak.m4a', FALSE, 'Null', NOW(), NOW()),
('05cf4cfe-9e43-4319-a91a-e3860df2fcc7', '4c5fdfa1-40ca-43a5-97b7-9f41b62abd12', 'High', '272000', 'lyric', 'https://audiomelodies.nyc3.digitaloceanspaces.com/LOC/HoangThuyLinh/EP2013/High.m4a', FALSE, 'Null', NOW(), NOW()),
('722f891b-41d1-4ade-9f49-5e50cd07ed33', '4c5fdfa1-40ca-43a5-97b7-9f41b62abd12', 'Bánh Trôi Nước', '267000', 'lyric', 'https://audiomelodies.nyc3.digitaloceanspaces.com/LOC/HoangThuyLinh/SIX/BanhTroiNuoc.m4a', FALSE, 'Null', NOW(), NOW()),
('ef9a89d2-6c9f-4908-a910-e7658f962e08', '4c5fdfa1-40ca-43a5-97b7-9f41b62abd12', 'London Bridge', '256000', 'lyric', 'https://audiomelodies.nyc3.digitaloceanspaces.com/LOC/HoangThuyLinh/SIX/LondonBridge.m4a', FALSE, 'Null', NOW(), NOW()),
('b5a9e235-f0b6-40c7-8690-ca42c9650631', '67b5280e-9fbb-4a4c-8783-a12477afb2b6', 'Just You (feat. Wowy)', '208000', 'lyric', 'https://audiomelodies.nyc3.digitaloceanspaces.com/LOC/HoangThuyLinh/JustYou/JustYoufeatWowy.m4a', FALSE, 'Null', NOW(), NOW()),
('cdf7d787-ec53-42fe-9fbe-5c6f6e8e5db6', '67b5280e-9fbb-4a4c-8783-a12477afb2b6', 'Just You (feat. I.A.MY)', '209000', 'lyric', 'https://audiomelodies.nyc3.digitaloceanspaces.com/LOC/HoangThuyLinh/JustYou/JustYoufeatIAMY.m4a', FALSE, 'Null', NOW(), NOW()),
('67f964e2-bc14-485a-8c7c-58ef44f39b4b', '67b5280e-9fbb-4a4c-8783-a12477afb2b6', 'High', '272000', 'lyric', 'https://audiomelodies.nyc3.digitaloceanspaces.com/LOC/HoangThuyLinh/JustYou/High.m4a', FALSE, 'Null', NOW(), NOW()),
('dc9bc117-bf09-4d81-9c28-86dcb0506e18', '5e328b82-951d-4ea4-bdc9-8a59ab7b6e8c', 'Rơi - 2014 Dance Version', '245500', 'lyric', 'https://audiomelodies.nyc3.digitaloceanspaces.com/LOC/HoangThuyLinh/Roi2014DanceVersion/Roi2014DanceVersion.m4a', FALSE, 'Null', NOW(), NOW()),
('559fa63e-1bf9-4e7b-b66b-360c51fd3b84', '47089de8-4781-4f37-8be1-8814f5a67607', 'Crazy - TLVR RMX', '215000', 'lyric', 'https://audiomelodies.nyc3.digitaloceanspaces.com/LOC/HoangThuyLinh/EP2013/CrazyTLVRRMX.m4a', FALSE, 'Null', NOW(), NOW()),
('f80fe734-d565-483d-9d6a-d7407dcafd73', '47089de8-4781-4f37-8be1-8814f5a67607', 'Last Time', '231000', 'lyric', 'https://audiomelodies.nyc3.digitaloceanspaces.com/LOC/HoangThuyLinh/EP2013/LastTime.m4a', FALSE, 'Null', NOW(), NOW()),
('4be560a9-4c35-4677-b61c-062aacad408c', '47089de8-4781-4f37-8be1-8814f5a67607', 'High', '272000', 'lyric', 'https://audiomelodies.nyc3.digitaloceanspaces.com/LOC/HoangThuyLinh/SIX/High.m4a', FALSE, 'Null', NOW(), NOW()),
('cd95c03c-db8c-45f2-a921-04c047ab7aaa', '6f559e92-5ff1-4a7d-aa91-81112a658c49', 'Rơi', '232013', 'lyric', 'https://audiomelodies.nyc3.digitaloceanspaces.com/LOC/HoangThuyLinh/MiniAlbum2012/Roi.m4a', FALSE, 'Null', NOW(), NOW()),
('2d158c98-326f-457c-aac0-0f654d8b91c7', '6f559e92-5ff1-4a7d-aa91-81112a658c49', 'Hờn Dỗi', '203266', 'lyric', 'https://audiomelodies.nyc3.digitaloceanspaces.com/LOC/HoangThuyLinh/HonDoi/HonDoi.m4a', FALSE, 'Null', NOW(), NOW()),
('79c9d74f-1585-4274-a676-ff638e0e978d', '6f559e92-5ff1-4a7d-aa91-81112a658c49', 'Tiếng Đêm', '232213', 'lyric', 'https://audiomelodies.nyc3.digitaloceanspaces.com/LOC/HoangThuyLinh/MiniAlbum2012/TiengDem.m4a', FALSE, 'Null', NOW(), NOW()),
('0f0596e5-7440-4125-9d75-5688453e5b62', '6f559e92-5ff1-4a7d-aa91-81112a658c49', 'Hãy Cứ Đón Lấy', '207653', 'lyric', 'https://audiomelodies.nyc3.digitaloceanspaces.com/LOC/HoangThuyLinh/MiniAlbum2012/HayCuDonLay.m4a', FALSE, 'Null', NOW(), NOW()),
('8a89920b-c5c3-487b-b048-533179c916ba', '6f559e92-5ff1-4a7d-aa91-81112a658c49', 'Yêu Anh', '241746', 'lyric', 'https://audiomelodies.nyc3.digitaloceanspaces.com/LOC/HoangThuyLinh/TheBalladHit/YeuAnh.m4a', FALSE, 'Null', NOW(), NOW()),
('2ea57e40-37fe-468d-98c0-cc72ea072a7e', 'e407d5c4-fce8-4267-9d09-bd621f2503bb', 'Tiếng Đêm', '232213', 'lyric', 'https://audiomelodies.nyc3.digitaloceanspaces.com/LOC/HoangThuyLinh/TiengemHayCuonLay/TiengDem.m4a', FALSE, 'Null', NOW(), NOW()),
('dcf23143-b888-4e78-87f5-71f7a84a030c', 'e407d5c4-fce8-4267-9d09-bd621f2503bb', 'Hãy Cứ Đón Lấy', '207653', 'lyric', 'https://audiomelodies.nyc3.digitaloceanspaces.com/LOC/HoangThuyLinh/TiengemHayCuonLay/HayCuDonLay.m4a', FALSE, 'Null', NOW(), NOW()),
('6f461f13-e3f8-408f-900b-cbf8c6d7ed9d', '1a122160-da39-4188-992a-e9e595157521', 'Hờn Dỗi', '203337', 'lyric', 'https://audiomelodies.nyc3.digitaloceanspaces.com/LOC/HoangThuyLinh/MiniAlbum2012/HonDoi.m4a', FALSE, 'Null', NOW(), NOW());



INSERT INTO "ArtistSong" ("songId", "artistId", "main", "createdAt", "updatedAt") VALUES
('fe338c74-9c7b-461e-ae95-2db048ffb169', '596b18cb-cef2-4d4d-a7a3-cba35b5d47a3', TRUE, NOW(), NOW()),
('fe338c74-9c7b-461e-ae95-2db048ffb169', 'Unknown', FALSE, NOW(), NOW()),
('99f5ef7b-fb7b-4085-840e-419ef7560fb6',  '596b18cb-cef2-4d4d-a7a3-cba35b5d47a3', , TRUE, NOW(), NOW()),
('788bb7d4-513f-4c65-9e8a-620491776d0a',  '596b18cb-cef2-4d4d-a7a3-cba35b5d47a3', , TRUE, NOW(), NOW()),
('5ae64e98-15cd-4c5d-a2b7-6621b184638d', '596b18cb-cef2-4d4d-a7a3-cba35b5d47a3', TRUE, NOW(), NOW()),
('5ae64e98-15cd-4c5d-a2b7-6621b184638d', 'Unknown', FALSE, NOW(), NOW()),
('5ae64e98-15cd-4c5d-a2b7-6621b184638d', 'Unknown', FALSE, NOW(), NOW()),
('0978c814-d098-4f00-9221-3bbbebc4caad', '596b18cb-cef2-4d4d-a7a3-cba35b5d47a3', TRUE, NOW(), NOW()),
('0978c814-d098-4f00-9221-3bbbebc4caad', 'Unknown', FALSE, NOW(), NOW()),
('e131d987-e2be-422d-b003-56a6462b0265',  '596b18cb-cef2-4d4d-a7a3-cba35b5d47a3', , TRUE, NOW(), NOW()),
('ba78cf2b-a44f-41e7-a431-ac15309b8442',  '596b18cb-cef2-4d4d-a7a3-cba35b5d47a3', , TRUE, NOW(), NOW()),
('acb52e5e-1b4f-4737-a59e-c9da88419d16', '596b18cb-cef2-4d4d-a7a3-cba35b5d47a3', TRUE, NOW(), NOW()),
('acb52e5e-1b4f-4737-a59e-c9da88419d16', 'Unknown', FALSE, NOW(), NOW()),
('acb52e5e-1b4f-4737-a59e-c9da88419d16', 'Unknown', FALSE, NOW(), NOW()),
('3583a303-1786-4331-892d-6e47e85d7f17',  '596b18cb-cef2-4d4d-a7a3-cba35b5d47a3', , TRUE, NOW(), NOW()),
('b7df11b1-d90a-4da1-b280-0bbef1da3eba',  '596b18cb-cef2-4d4d-a7a3-cba35b5d47a3', , TRUE, NOW(), NOW()),
('f8d611ff-1b27-46f1-89ba-6e118d48619c',  '596b18cb-cef2-4d4d-a7a3-cba35b5d47a3', , TRUE, NOW(), NOW()),
('3537bdd9-88c4-4bf1-88f1-bca812542043',  '596b18cb-cef2-4d4d-a7a3-cba35b5d47a3', , TRUE, NOW(), NOW()),
('39a02bb8-d0ed-4b13-a5f3-aabbcb343c97',  '596b18cb-cef2-4d4d-a7a3-cba35b5d47a3', , TRUE, NOW(), NOW()),
('e3be8308-a06e-45d9-ad56-9198134bf153',  '596b18cb-cef2-4d4d-a7a3-cba35b5d47a3', , TRUE, NOW(), NOW()),
('6731793a-f87b-4d80-aea4-8a4ead5a3995',  '596b18cb-cef2-4d4d-a7a3-cba35b5d47a3', , TRUE, NOW(), NOW()),
('977f1633-2bcf-4083-931d-9a23c499b904',  '596b18cb-cef2-4d4d-a7a3-cba35b5d47a3', , TRUE, NOW(), NOW()),
('e82c1e79-4346-4fa1-8b63-ee80d82cfbfc', '596b18cb-cef2-4d4d-a7a3-cba35b5d47a3', TRUE, NOW(), NOW()),
('e82c1e79-4346-4fa1-8b63-ee80d82cfbfc', 'Unknown', FALSE, NOW(), NOW()),
('110b4292-e530-4a66-a00a-04803cc9d6f6',  '596b18cb-cef2-4d4d-a7a3-cba35b5d47a3', , TRUE, NOW(), NOW()),
('e952b8f3-f750-43e2-91b8-308ddb66d8c9',  '596b18cb-cef2-4d4d-a7a3-cba35b5d47a3', , TRUE, NOW(), NOW()),
('c8e68712-63ab-4126-a055-92b823ba63d0',  '596b18cb-cef2-4d4d-a7a3-cba35b5d47a3', , TRUE, NOW(), NOW()),
('82afad7b-1246-47de-9b48-da7794a12083',  '596b18cb-cef2-4d4d-a7a3-cba35b5d47a3', , TRUE, NOW(), NOW()),
('2eeed27f-9ad8-4c4e-94e7-23ae6f27bc79',  '596b18cb-cef2-4d4d-a7a3-cba35b5d47a3', , TRUE, NOW(), NOW()),
('0d52baab-b1a0-4144-87cc-82b90aa38b81',  '596b18cb-cef2-4d4d-a7a3-cba35b5d47a3', , TRUE, NOW(), NOW()),
('f7c141e7-bac4-4e05-9617-a79f54f92467',  '596b18cb-cef2-4d4d-a7a3-cba35b5d47a3', , TRUE, NOW(), NOW()),
('3a4ec6e4-33c4-49ca-86ad-310a45039763',  '596b18cb-cef2-4d4d-a7a3-cba35b5d47a3', , TRUE, NOW(), NOW()),
('4b2529e1-6cf4-4c81-9265-2bc0937090a3',  '596b18cb-cef2-4d4d-a7a3-cba35b5d47a3', , TRUE, NOW(), NOW()),
('a91fcdad-2424-4b31-9be4-78ea1b36f639',  '596b18cb-cef2-4d4d-a7a3-cba35b5d47a3', , TRUE, NOW(), NOW()),
('c2a1be88-2b9d-44d3-b210-b946561b5e6a',  '596b18cb-cef2-4d4d-a7a3-cba35b5d47a3', , TRUE, NOW(), NOW()),
('9a6f4637-590e-42b5-a63a-845b2c364746',  '596b18cb-cef2-4d4d-a7a3-cba35b5d47a3', , TRUE, NOW(), NOW()),
('219c6729-cf9b-4d8e-a6a7-0f78ca83be44',  '596b18cb-cef2-4d4d-a7a3-cba35b5d47a3', , TRUE, NOW(), NOW()),
('2bdfd771-3f55-46c4-8073-3feaf4c913c2',  '596b18cb-cef2-4d4d-a7a3-cba35b5d47a3', , TRUE, NOW(), NOW()),
('779344d2-6af8-48f9-a9dc-7a1bd0196137',  '596b18cb-cef2-4d4d-a7a3-cba35b5d47a3', , TRUE, NOW(), NOW()),
('ad4f0b37-8d75-45db-aa5d-e68cf5166f01',  '596b18cb-cef2-4d4d-a7a3-cba35b5d47a3', , TRUE, NOW(), NOW()),
('1c654a74-5e47-408f-bf02-062214187220',  '596b18cb-cef2-4d4d-a7a3-cba35b5d47a3', , TRUE, NOW(), NOW()),
('ada45ff1-d21c-4764-859c-ac40857d7624',  '596b18cb-cef2-4d4d-a7a3-cba35b5d47a3', , TRUE, NOW(), NOW()),
('1f193cbc-244b-433d-b216-b45b476feecf',  '596b18cb-cef2-4d4d-a7a3-cba35b5d47a3', , TRUE, NOW(), NOW()),
('33063035-4672-4b46-b8e9-593371f85146',  '596b18cb-cef2-4d4d-a7a3-cba35b5d47a3', , TRUE, NOW(), NOW()),
('1be5eca6-67e9-4de8-9186-092a68d965a5',  '596b18cb-cef2-4d4d-a7a3-cba35b5d47a3', , TRUE, NOW(), NOW()),
('1fd4f55d-4e24-4923-a229-bd38dbb684cf',  '596b18cb-cef2-4d4d-a7a3-cba35b5d47a3', , TRUE, NOW(), NOW()),
('24aaeacf-0cc3-4da2-9477-0f5a68c7bda7',  '596b18cb-cef2-4d4d-a7a3-cba35b5d47a3', , TRUE, NOW(), NOW()),
('50a185c9-9757-4021-a35c-15211f301cfc',  '596b18cb-cef2-4d4d-a7a3-cba35b5d47a3', , TRUE, NOW(), NOW()),
('e16dc178-aebb-4a77-ba2d-35e670a307c4',  '596b18cb-cef2-4d4d-a7a3-cba35b5d47a3', , TRUE, NOW(), NOW()),
('8f1f951d-83d2-4536-a1ea-7c07a96b8fe9',  '596b18cb-cef2-4d4d-a7a3-cba35b5d47a3', , TRUE, NOW(), NOW()),
('8cbcaa88-102b-45b4-a585-4f7788b30845',  '596b18cb-cef2-4d4d-a7a3-cba35b5d47a3', , TRUE, NOW(), NOW()),
('f4ecbba6-dd26-4d1e-99ed-b40221cd9522',  '596b18cb-cef2-4d4d-a7a3-cba35b5d47a3', , TRUE, NOW(), NOW()),
('3e5c5bee-7dea-41ea-9512-f4852557dec8',  '596b18cb-cef2-4d4d-a7a3-cba35b5d47a3', , TRUE, NOW(), NOW()),
('806b7855-258e-4648-a6d6-a17fddbc18ed',  '596b18cb-cef2-4d4d-a7a3-cba35b5d47a3', , TRUE, NOW(), NOW()),
('376c8747-279c-4c6c-880c-f4b7eb7468ca',  '596b18cb-cef2-4d4d-a7a3-cba35b5d47a3', , TRUE, NOW(), NOW()),
('a25f3859-8ba3-45d2-8c00-ed0f8dbfc2aa', 'Unknown', TRUE, NOW(), NOW()),
('a25f3859-8ba3-45d2-8c00-ed0f8dbfc2aa', 'Unknown', FALSE, NOW(), NOW()),
('a25f3859-8ba3-45d2-8c00-ed0f8dbfc2aa', '596b18cb-cef2-4d4d-a7a3-cba35b5d47a3', FALSE, NOW(), NOW()),
('9f621211-6a84-4a00-8aa4-edb4ec15e0a6', '596b18cb-cef2-4d4d-a7a3-cba35b5d47a3', TRUE, NOW(), NOW()),
('9f621211-6a84-4a00-8aa4-edb4ec15e0a6', 'Unknown', FALSE, NOW(), NOW()),
('e08d9661-b37e-4a12-8c98-424a15ec2e6e',  '596b18cb-cef2-4d4d-a7a3-cba35b5d47a3', , TRUE, NOW(), NOW()),
('8a79b6be-dc70-4709-a351-3de47cfda4e0',  '596b18cb-cef2-4d4d-a7a3-cba35b5d47a3', , TRUE, NOW(), NOW()),
('8c186f0e-2cec-4fd5-8fe4-fc33d522aa55',  '596b18cb-cef2-4d4d-a7a3-cba35b5d47a3', , TRUE, NOW(), NOW()),
('9e821f87-7c94-4310-8647-eea9f1de6634',  '596b18cb-cef2-4d4d-a7a3-cba35b5d47a3', , TRUE, NOW(), NOW()),
('c4545695-bdda-4a56-b4a7-0d8f8e6ce2cf', '596b18cb-cef2-4d4d-a7a3-cba35b5d47a3', TRUE, NOW(), NOW()),
('c4545695-bdda-4a56-b4a7-0d8f8e6ce2cf', 'Unknown', FALSE, NOW(), NOW()),
('c4545695-bdda-4a56-b4a7-0d8f8e6ce2cf', 'Unknown', FALSE, NOW(), NOW()),
('9ac95c2e-99cb-44e6-8254-abcfb373a49d', '9d1cec96-cc52-418c-95ff-92d731c12ae2', TRUE, NOW(), NOW()),
('9ac95c2e-99cb-44e6-8254-abcfb373a49d', '596b18cb-cef2-4d4d-a7a3-cba35b5d47a3', FALSE, NOW(), NOW()),
('f18fbcf0-1def-413d-923f-0e9e256b38dd', '596b18cb-cef2-4d4d-a7a3-cba35b5d47a3', TRUE, NOW(), NOW()),
('f18fbcf0-1def-413d-923f-0e9e256b38dd', 'Unknown', FALSE, NOW(), NOW()),
('b95d4727-ba79-428a-ac51-c639522abcc4', '596b18cb-cef2-4d4d-a7a3-cba35b5d47a3', TRUE, NOW(), NOW()),
('b95d4727-ba79-428a-ac51-c639522abcc4', 'Unknown', FALSE, NOW(), NOW()),
('b95d4727-ba79-428a-ac51-c639522abcc4', 'Unknown', FALSE, NOW(), NOW()),
('30c6303d-6923-4d84-bf10-c0a2f664cbc9',  '596b18cb-cef2-4d4d-a7a3-cba35b5d47a3', , TRUE, NOW(), NOW()),
('a755ee0c-7a19-48f0-963d-fc7c556ad368',  '596b18cb-cef2-4d4d-a7a3-cba35b5d47a3', , TRUE, NOW(), NOW()),
('98ad8598-15e0-4fa7-94c6-7b8ae271d812', '596b18cb-cef2-4d4d-a7a3-cba35b5d47a3', TRUE, NOW(), NOW()),
('98ad8598-15e0-4fa7-94c6-7b8ae271d812', 'Unknown', FALSE, NOW(), NOW()),
('5f97dab0-2d82-4533-80ae-5689a9af65bc', 'Unknown', TRUE, NOW(), NOW()),
('5f97dab0-2d82-4533-80ae-5689a9af65bc', '596b18cb-cef2-4d4d-a7a3-cba35b5d47a3', FALSE, NOW(), NOW()),
('5f97dab0-2d82-4533-80ae-5689a9af65bc', 'Unknown', FALSE, NOW(), NOW()),
('469d393c-d859-412e-98a5-9259eea4186b',  '596b18cb-cef2-4d4d-a7a3-cba35b5d47a3', , TRUE, NOW(), NOW()),
('83f7cd0b-9e40-4e3b-b85e-fab201abdbf2',  '596b18cb-cef2-4d4d-a7a3-cba35b5d47a3', , TRUE, NOW(), NOW()),
('12cac2f5-8692-40ac-9ae4-a4cccabd40bc', '596b18cb-cef2-4d4d-a7a3-cba35b5d47a3', TRUE, NOW(), NOW()),
('12cac2f5-8692-40ac-9ae4-a4cccabd40bc', 'Unknown', FALSE, NOW(), NOW()),
('b1355bcc-7449-4f40-8b96-ee2d93c0ec10',  '596b18cb-cef2-4d4d-a7a3-cba35b5d47a3', , TRUE, NOW(), NOW()),
('ca16868b-e33f-45be-8662-26e68ac3bacb',  '596b18cb-cef2-4d4d-a7a3-cba35b5d47a3', , TRUE, NOW(), NOW()),
('bd38905a-94ab-4f29-988a-04c55b8829dd',  '596b18cb-cef2-4d4d-a7a3-cba35b5d47a3', , TRUE, NOW(), NOW()),
('90393e69-4e29-4a75-bbae-5dcc344769cf', '596b18cb-cef2-4d4d-a7a3-cba35b5d47a3', TRUE, NOW(), NOW()),
('90393e69-4e29-4a75-bbae-5dcc344769cf', 'Unknown', FALSE, NOW(), NOW()),
('90393e69-4e29-4a75-bbae-5dcc344769cf', 'Unknown', FALSE, NOW(), NOW()),
('5058255c-307c-4129-8e89-ab6635467c5c', 'Unknown', TRUE, NOW(), NOW()),
('5058255c-307c-4129-8e89-ab6635467c5c', '596b18cb-cef2-4d4d-a7a3-cba35b5d47a3', FALSE, NOW(), NOW()),
('fc65e6b2-1769-4ae7-b737-9579c1af0f5e', 'Unknown', TRUE, NOW(), NOW()),
('fc65e6b2-1769-4ae7-b737-9579c1af0f5e', 'Unknown', FALSE, NOW(), NOW()),
('fc65e6b2-1769-4ae7-b737-9579c1af0f5e', '596b18cb-cef2-4d4d-a7a3-cba35b5d47a3', FALSE, NOW(), NOW()),
('fc65e6b2-1769-4ae7-b737-9579c1af0f5e', 'Unknown', FALSE, NOW(), NOW()),
('fc65e6b2-1769-4ae7-b737-9579c1af0f5e', 'Unknown', FALSE, NOW(), NOW()),
('67acec76-931c-4a50-b831-9d4e29f56b49', 'Unknown', TRUE, NOW(), NOW()),
('67acec76-931c-4a50-b831-9d4e29f56b49', 'Unknown', FALSE, NOW(), NOW()),
('67acec76-931c-4a50-b831-9d4e29f56b49', '596b18cb-cef2-4d4d-a7a3-cba35b5d47a3', FALSE, NOW(), NOW()),
('67acec76-931c-4a50-b831-9d4e29f56b49', 'Unknown', FALSE, NOW(), NOW()),
('67acec76-931c-4a50-b831-9d4e29f56b49', 'Unknown', FALSE, NOW(), NOW()),
('ee439e09-501e-42c5-baee-fcebab09e8c1', '596b18cb-cef2-4d4d-a7a3-cba35b5d47a3', TRUE, NOW(), NOW()),
('ee439e09-501e-42c5-baee-fcebab09e8c1', 'Unknown', FALSE, NOW(), NOW()),
('ee439e09-501e-42c5-baee-fcebab09e8c1', 'Unknown', FALSE, NOW(), NOW()),
('915227d5-b960-413f-8253-612f097d7aba',  '596b18cb-cef2-4d4d-a7a3-cba35b5d47a3', , TRUE, NOW(), NOW()),
('567e6169-078a-4c73-9460-5ea552c1aa0d',  '596b18cb-cef2-4d4d-a7a3-cba35b5d47a3', , TRUE, NOW(), NOW()),
('5f11a666-3d2d-44b1-9a12-23cbf048451e', '596b18cb-cef2-4d4d-a7a3-cba35b5d47a3', TRUE, NOW(), NOW()),
('5f11a666-3d2d-44b1-9a12-23cbf048451e', 'Unknown', FALSE, NOW(), NOW()),
('b01916e0-acc3-40eb-b2cb-5e74c55dd9a9', '596b18cb-cef2-4d4d-a7a3-cba35b5d47a3', TRUE, NOW(), NOW()),
('b01916e0-acc3-40eb-b2cb-5e74c55dd9a9', 'Unknown', FALSE, NOW(), NOW()),
('a773a456-379b-47bd-99d5-f9d2ea800fba',  '596b18cb-cef2-4d4d-a7a3-cba35b5d47a3', , TRUE, NOW(), NOW()),
('aeafc51b-a4e2-4a29-977d-5033d40d89b5',  '596b18cb-cef2-4d4d-a7a3-cba35b5d47a3', , TRUE, NOW(), NOW()),
('05cf4cfe-9e43-4319-a91a-e3860df2fcc7',  '596b18cb-cef2-4d4d-a7a3-cba35b5d47a3', , TRUE, NOW(), NOW()),
('722f891b-41d1-4ade-9f49-5e50cd07ed33',  '596b18cb-cef2-4d4d-a7a3-cba35b5d47a3', , TRUE, NOW(), NOW()),
('ef9a89d2-6c9f-4908-a910-e7658f962e08',  '596b18cb-cef2-4d4d-a7a3-cba35b5d47a3', , TRUE, NOW(), NOW()),
('b5a9e235-f0b6-40c7-8690-ca42c9650631', 'Unknown', TRUE, NOW(), NOW()),
('b5a9e235-f0b6-40c7-8690-ca42c9650631', '596b18cb-cef2-4d4d-a7a3-cba35b5d47a3', FALSE, NOW(), NOW()),
('cdf7d787-ec53-42fe-9fbe-5c6f6e8e5db6', '596b18cb-cef2-4d4d-a7a3-cba35b5d47a3', TRUE, NOW(), NOW()),
('cdf7d787-ec53-42fe-9fbe-5c6f6e8e5db6', 'Unknown', FALSE, NOW(), NOW()),
('67f964e2-bc14-485a-8c7c-58ef44f39b4b',  '596b18cb-cef2-4d4d-a7a3-cba35b5d47a3', , TRUE, NOW(), NOW()),
('dc9bc117-bf09-4d81-9c28-86dcb0506e18',  '596b18cb-cef2-4d4d-a7a3-cba35b5d47a3', , TRUE, NOW(), NOW()),
('559fa63e-1bf9-4e7b-b66b-360c51fd3b84',  '596b18cb-cef2-4d4d-a7a3-cba35b5d47a3', , TRUE, NOW(), NOW()),
('f80fe734-d565-483d-9d6a-d7407dcafd73',  '596b18cb-cef2-4d4d-a7a3-cba35b5d47a3', , TRUE, NOW(), NOW()),
('4be560a9-4c35-4677-b61c-062aacad408c',  '596b18cb-cef2-4d4d-a7a3-cba35b5d47a3', , TRUE, NOW(), NOW()),
('cd95c03c-db8c-45f2-a921-04c047ab7aaa',  '596b18cb-cef2-4d4d-a7a3-cba35b5d47a3', , TRUE, NOW(), NOW()),
('2d158c98-326f-457c-aac0-0f654d8b91c7',  '596b18cb-cef2-4d4d-a7a3-cba35b5d47a3', , TRUE, NOW(), NOW()),
('79c9d74f-1585-4274-a676-ff638e0e978d',  '596b18cb-cef2-4d4d-a7a3-cba35b5d47a3', , TRUE, NOW(), NOW()),
('0f0596e5-7440-4125-9d75-5688453e5b62',  '596b18cb-cef2-4d4d-a7a3-cba35b5d47a3', , TRUE, NOW(), NOW()),
('8a89920b-c5c3-487b-b048-533179c916ba',  '596b18cb-cef2-4d4d-a7a3-cba35b5d47a3', , TRUE, NOW(), NOW()),
('2ea57e40-37fe-468d-98c0-cc72ea072a7e',  '596b18cb-cef2-4d4d-a7a3-cba35b5d47a3', , TRUE, NOW(), NOW()),
('dcf23143-b888-4e78-87f5-71f7a84a030c',  '596b18cb-cef2-4d4d-a7a3-cba35b5d47a3', , TRUE, NOW(), NOW()),
('6f461f13-e3f8-408f-900b-cbf8c6d7ed9d',  '596b18cb-cef2-4d4d-a7a3-cba35b5d47a3', , TRUE, NOW(), NOW());



