INSERT INTO "Artist" ("id", "name", "avatar", "bio", "createdAt", "updatedAt") VALUES
('678ffcb2-32b8-448f-8679-a32d0df442a6', 'Hoàng Tôn', 'https://i.scdn.co/image/ab67616100005174cb8a5343ffa6b1395bc66f6a', NULL, NOW(), NOW()),
('2ee84b4d-cde1-4e77-a2fd-136c029548b7', 'Ricky Star', 'https://i.scdn.co/image/ab67616100005174e7012a07d44b58b0d2812c5b', NULL, NOW(), NOW()),
('4d15e47a-c022-47a1-80c5-3c11b1c00c29', 'LyHan', 'https://i.scdn.co/image/ab67616100005174c6db364f01d9744359b45e74', NULL, NOW(), NOW()),
('a69ba993-477b-486b-8810-2e521652e857', 'GREY D', 'https://i.scdn.co/image/ab67616100005174d23b0ac7f33678be5753e1f5', NULL, NOW(), NOW()),
('c8adf237-bbb3-49a5-a0fc-bfc1314bee40', 'BeepBeepChild', 'https://i.scdn.co/image/ab676161000051746b9a8dd1668932fdbc307628', NULL, NOW(), NOW()),
('3661b13c-74a3-467f-81ce-79d88e6d02d5', 'WOKEUP', 'https://i.scdn.co/image/ab676161000051745d82b0067daf861bf0ef3c51', NULL, NOW(), NOW()),
('8c44a71a-9db6-4339-b7fe-401e4dbf1448', 'Blackalicious', 'https://i.scdn.co/image/ab67616100005174772e43ea0f6e9e2e03eef2f5', NULL, NOW(), NOW()),
('ed601456-6063-4888-b686-20a44afe76f7', 'Nguyen Hoang Duy', 'https://i.scdn.co/image/ab67616d00001e020d6dacb5ccd1b6b4987b422f', NULL, NOW(), NOW()),
('e554e657-9485-4cfd-a29f-273c2cf4dd4d', 'Exclusive Music', 'https://i.scdn.co/image/ab67616100005174379d8af97335673fadb4a7e3', NULL, NOW(), NOW()),
('56e2afe1-0bbd-4919-9e98-976b40e4d914', 'Thanh Lam', 'https://i.scdn.co/image/ab67616d00001e02c240eac154c820d5214db661', NULL, NOW(), NOW()),
('612cbaed-6f39-45c7-9c35-3a2e00298c80', 'Denzel Curry', 'https://i.scdn.co/image/ab676161000051748e265da892579da2139b659f', NULL, NOW(), NOW()),
('83aecb0e-5fff-4df9-a064-1865dc8bae28', 'Kairikibear', 'https://i.scdn.co/image/ab67616d00001e02745ff8443f0db1cda32e5c97', NULL, NOW(), NOW()),
('a826f6f4-d7a6-47bb-96fd-270341eaa4ec', 'CHARLES.', 'https://i.scdn.co/image/ab676161000051749d8811f8df8f618fba0dbb6f', NULL, NOW(), NOW()),
('80365470-ff86-4e7c-95e2-b0afadebd1f3', 'SOOBIN', 'https://i.scdn.co/image/ab67616100005174b9c9e23c646125922719489e', NULL, NOW(), NOW()),
('d76170e6-43f6-4ecb-b8a1-a0b5c8910c54', 'Kriss Ngo', 'https://i.scdn.co/image/ab6761610000517471655f2ce168fdc7935b220b', NULL, NOW(), NOW()),
('51a41bb5-551c-493f-9d2d-38d67bb412bb', 'YanBi', 'https://i.scdn.co/image/ab676161000051740a5e78a281128467b1a42f6e', NULL, NOW(), NOW()),
('35c5d3f9-00da-44fc-95f3-693b8d57e127', 'Jin', 'https://i.scdn.co/image/ab67616100005174ca4f165e62fbf5ab5a3750ba', NULL, NOW(), NOW()),
('f0415472-4177-4256-9db2-e25ae94c30ea', 'Thu Minh', 'https://i.scdn.co/image/ab6761610000517404226ec6af8b00f7baf9ce07', NULL, NOW(), NOW()),
('b2162a5b-8cec-4733-9898-332cfa2e49bd', 'Mỹ Tâm', 'https://i.scdn.co/image/ab676161000051745d4a6001ce67c78aa3873c6a', NULL, NOW(), NOW()),
('9ec3feb4-be7e-4871-be48-c0c3e11a1aee', 'Tuấn Ngọc', 'https://i.scdn.co/image/ab676161000051749e41d6d7b3489b23b1031574', NULL, NOW(), NOW()),
('a4c1a9a0-363f-424d-bacb-506c2fe30c50', 'Rhymastic', 'https://i.scdn.co/image/ab676161000051740e62e694576ab6f8e56db3d8', NULL, NOW(), NOW()),
('34af143d-3b2d-4f1e-8004-ff7f04634e7f', 'Ưng Hoàng Phúc', 'https://i.scdn.co/image/ab67616100005174c82b2868da4bf85069366d70', NULL, NOW(), NOW()),
('894f8b32-7b0c-41bf-8b6e-b3cb4cb2a770', 'Kewtiie', 'https://i.scdn.co/image/ab676161000051747be25f3882dabd2238c07e8b', NULL, NOW(), NOW()),
('6b21b772-6962-4bda-8f7d-53815d522dcb', 'Phan Mạnh Quỳnh', 'https://i.scdn.co/image/ab67616100005174f3ac22c53b34150b407c3410', NULL, NOW(), NOW()),
('b6ad8b97-705a-4caa-a08c-ba150c6256ce', 'DSmall', 'https://i.scdn.co/image/ab676161000051748f02f05981799a96b699b8b5', NULL, NOW(), NOW()),
('aca186c1-fb36-4cd3-ab72-f795e2ec7af9', 'Mynhon', 'https://i.scdn.co/image/ab67616d00001e02264793bf88bed7c9098a200e', NULL, NOW(), NOW()),
('0e0483a0-9029-4e6b-9a1d-2fa0584a1093', 'FBBOIZ', 'https://i.scdn.co/image/ab67616d00001e02424d135059c3392c4111aa23', NULL, NOW(), NOW()),
('ead29fb1-68d7-4b63-97d9-b226623699d2', 'Bảo Kun', 'https://i.scdn.co/image/ab67616d00001e02a476a0bc9ba45cfa639cde0e', NULL, NOW(), NOW()),
('fe1dcf07-e60c-41ea-a0be-26e31cbec9c3', 'Hoàng Thùy Linh', 'https://i.scdn.co/image/ab67616100005174e7b7fa8d03a2e3b6a800bdb4', NULL, NOW(), NOW()),
('69cd9fa3-972e-45b9-b469-00ee2c529371', 'Đông Nhi', 'https://i.scdn.co/image/ab67616100005174e90ee6acf05599eeeab1beca', NULL, NOW(), NOW()),
('a55b5b4f-9044-4d1e-91e3-a0e1c7aed905', 'Phúc Bồ', 'https://i.scdn.co/image/ab67616d00001e02e72355234efe6d9310bc5f90', NULL, NOW(), NOW()),
('0357ce27-8508-4273-bfc1-46aef753a9b0', '16 Typh', 'https://i.scdn.co/image/ab67616100005174926ea7f4eb9e0b1764aec0a7', NULL, NOW(), NOW()),
('04ff1e73-3646-428a-ac58-c8b04b74a102', 'Khắc Hưng', 'https://i.scdn.co/image/ab6761610000517437e01567a89005eb0feb38d2', NULL, NOW(), NOW()),
('4384e890-1e87-4318-af4d-4c0d59408462', 'Lam Truong', 'https://i.scdn.co/image/ab67616100005174a61c5c97b1b318f1b04fcd97', NULL, NOW(), NOW()),
('28faeb86-b0f7-4cd3-8b1f-224117e6959f', 'DuongK', 'https://i.scdn.co/image/ab676161000051741cf4343978c794c4b528d440', NULL, NOW(), NOW()),
('552486fd-2755-4ca3-8324-1c53a653259d', 'Sony Tran', 'https://i.scdn.co/image/ab676161000051745dd3343b6a403ef401590861', NULL, NOW(), NOW()),
('3e87aeca-e45d-4af7-9525-b5e75187f0da', 'Tùng Dương', 'https://i.scdn.co/image/ab67616100005174a28c7a26b5199f00b3655bc2', NULL, NOW(), NOW()),
('2f191f92-ab63-45c4-b730-863d0a8da5eb', 'Hozier', 'https://i.scdn.co/image/ab67616100005174ad85a585103dfc2f3439119a', NULL, NOW(), NOW()),
('cb2f5818-467f-4a2f-a88e-419ead08c8e2', 'HIEUTHUHAI', 'https://i.scdn.co/image/ab67616100005174e1cbc9e7ba8fbc5d7738ea51', NULL, NOW(), NOW()),
('d4f382d8-2b93-47ec-8240-10a45a92b9d9', 'Bảo Anh', 'https://i.scdn.co/image/ab67616100005174c8a99b7d4971c74cd6dc0eaa', NULL, NOW(), NOW()),
('6f3d1a20-bf1c-4454-890b-0a2e7c63ebd6', 'Orange Kids Music', 'https://i.scdn.co/image/ab67616100005174c3d537dee4c9ebf069ffe95c', NULL, NOW(), NOW()),
('c3b0822e-18ba-4449-b8d5-929ef71837b4', 'Hoàng Rob', 'https://i.scdn.co/image/ab6761610000517438c9854bc98a000fa5c402d3', NULL, NOW(), NOW()),
('81102a40-0c05-4e70-a5fa-82949181a7ca', 'NHATNGUYEN', 'https://i.scdn.co/image/ab67616d00001e0289e74c70d03d156be4f0b442', NULL, NOW(), NOW()),
('d8f10cc3-7452-4121-b73f-b59f2abca0df', 'Droppy', 'https://i.scdn.co/image/ab67616100005174411f3b12dea0208448e89f1c', NULL, NOW(), NOW()),
('ab76c0a0-c332-423c-b90d-d4e0bd1b4b01', '1DEE', 'https://i.scdn.co/image/ab676161000051747d0217f84cccb456294dacd4', NULL, NOW(), NOW()),
('5a7b20df-207f-40cd-a71c-fdeb48786bd9', 'Basick', 'https://i.scdn.co/image/ab6761610000517439bf033dbb25e5483994f51c', NULL, NOW(), NOW()),
('24575546-ef43-4d19-b7f5-c3154d79738f', 'Touliver', 'https://i.scdn.co/image/ab67616100005174d1791a8797ebb54224bbe240', NULL, NOW(), NOW()),
('7d696e0b-d7fa-49ad-bb17-e430f31c758a', 'Noo Phước Thịnh', 'https://i.scdn.co/image/ab67616100005174da93c541daefd806b8992302', NULL, NOW(), NOW()),
('60495f97-0ca3-483e-acb4-5fa5b636d66a', 'Trung Ngon', 'https://i.scdn.co/image/ab67616d00001e02dc3ceb5a2903593a4f871528', NULL, NOW(), NOW()),
('14e20ee9-b5f9-42e6-95b1-b9730b58d957', 'JustaTee', 'https://i.scdn.co/image/ab67616100005174de3d3210433dd11c07678420', NULL, NOW(), NOW()),
('7612c88e-dcf4-481e-8927-201fe0b43c67', 'Liên Quân Mobile', 'https://i.scdn.co/image/ab67616d00001e02fbdef36900f2c177294c1ec8', NULL, NOW(), NOW()),
('a0ff6dfb-150d-4cdd-b82c-ea3b17b53562', 'Machiot', 'https://i.scdn.co/image/ab67616100005174085538edec7487ee82f3fab0', NULL, NOW(), NOW()),
('4155c153-3bac-4df3-be0b-992808751294', 'HuyTran', 'https://i.scdn.co/image/ab67616d00001e022763a25faa329b5db1f3077c', NULL, NOW(), NOW()),
('d652efe8-eeac-46cd-8ee9-12d413d97562', 'Tóc Tiên', 'https://i.scdn.co/image/ab67616100005174e51f475c32e7e8f34faf95c5', NULL, NOW(), NOW()),
('0b56f889-ef10-4da9-ac5a-48f871cda9f7', 'tlinh', 'https://i.scdn.co/image/ab67616100005174230e62752ca87da1d85d0445', NULL, NOW(), NOW()),
('8a867a0b-6d9c-440e-a7ab-d65db22c6d7d', 'Rtee', 'https://i.scdn.co/image/ab676161000051743e54d0220b3bcfdc0eb6cda4', NULL, NOW(), NOW()),
('06e584f8-b4de-4704-9f03-b06193c361fb', 'DJ Gin', 'https://i.scdn.co/image/ab67616d00001e02e1957cbdff8f43e9323ee083', NULL, NOW(), NOW()),
('4908c84f-bd46-4d39-b517-9fa5085e7fc4', 'SUNI Hạ Linh', 'https://i.scdn.co/image/ab67616100005174ad1569e5633b6b9b2e3cc27b', NULL, NOW(), NOW()),
('2f0daf0c-df61-4624-ac86-0d2f7bcda3ea', 'Kay Trần', 'https://i.scdn.co/image/ab67616100005174b182f76a2211e3ace1e24764', NULL, NOW(), NOW()),
('fdc1b859-f3a5-4f4d-a481-33a3f9264945', 'SlimV', 'https://i.scdn.co/image/ab67616100005174c22a603a6c20b3030007fc27', NULL, NOW(), NOW()),
('873802e5-db71-44fc-bf0f-467681865852', 'Binz', 'https://i.scdn.co/image/ab67616100005174cbc6b072aec429273fdbd53b', NULL, NOW(), NOW()),
('d3ad0e13-b00e-4a06-9bbe-a094d2e86ef3', 'BOMATELA', 'https://i.scdn.co/image/ab67616d00001e0213d38e4353a8c3ae89fec15b', NULL, NOW(), NOW()),
('5e588d9e-40a5-4f57-a6ec-e4f424e8c9a6', 'Only C', 'https://i.scdn.co/image/ab67616100005174c7c8ae4ffa1d7f3bfd4aadfa', NULL, NOW(), NOW()),
('a60d0cf8-5783-4acf-a2b4-d1c13bba9284', 'Darrys.', 'https://i.scdn.co/image/ab67616d00001e021f52bf5bdc18ca3b54ab36f4', NULL, NOW(), NOW()),
('4632f0d7-e7ff-4c3d-a843-820f3fd3f021', 'Hà Trần', 'https://i.scdn.co/image/ab676161000051741bc3f539a3a740271e3f7162', NULL, NOW(), NOW()),
('ae0a2a9a-1601-44a6-ad9e-d3652cf78b7f', 'Alleviate', 'https://i.scdn.co/image/ab6761610000517476c4383ef1ff3d93322bc21f', NULL, NOW(), NOW()),
('1c5b6664-2b54-4db6-a3be-81f2981d3cca', 'Hồ Ngọc Hà', 'https://i.scdn.co/image/ab67616100005174270de06a6bf1d7f168339c58', NULL, NOW(), NOW()),
('293e377d-6c8c-4455-a848-5f0b8eace6d8', 'Ji Yeon', 'https://i.scdn.co/image/ab67616d00001e028faca292dc30e3e240b00119', NULL, NOW(), NOW()),
('8a42bd06-871f-482c-bcd9-ae9413bd5195', 'Tăng Duy Tân', 'https://i.scdn.co/image/ab6761610000517495b944a60972bb6261880cd4', NULL, NOW(), NOW()),
('5f378c91-d956-4b8f-a74e-e224a809a563', 'Mlee', 'https://i.scdn.co/image/ab67616100005174cf5b3ba75a68debbf0d6633e', NULL, NOW(), NOW()),
('5d586028-1ced-4f5d-8c81-c3ad363cf7ba', 'Lê Hiếu', 'https://i.scdn.co/image/ab67616d00001e02caa7ef3c1e269ce6b12f6b3e', NULL, NOW(), NOW()),
('225ffa56-0f0e-4743-89a7-e4c22534cef8', 'Sơn Tùng M-TP', 'https://i.scdn.co/image/ab676161000051745a79a6ca8c60e4ec1440be53', NULL, NOW(), NOW());







--------------------SonTungMTP



INSERT INTO "Album" ("albumId",  "title", "releaseDate", "albumType", "createdAt", "updatedAt") VALUES
('7ee72919-e981-4950-b7d2-24126a864237', 'Sky Tour (Original Motion Picture Soundtrack)', '2020-06-12', 'album', NOW(), NOW()),
('9e85c35c-9a9f-45a4-b9a3-ad35ada90adf', 'm-tp M-TP', '2017-04-01', 'album', NOW(), NOW()),
('4004e701-3659-4303-ab3b-325589cb8a9b', 'Đừng Làm Trái Tim Anh Đau', '2024-06-08', 'single', NOW(), NOW()),
('86e77f60-8ed6-4c6e-858a-916a03a5f435', 'Chúng Ta Của Tương Lai', '2024-03-08', 'single', NOW(), NOW()),
('c50c8d06-0182-4977-96d4-c4abd54b2d40', 'Có Chắc Yêu Là Đây (Remix)', '2023-09-29', 'single', NOW(), NOW()),
('92f3f07e-b176-49d4-97ec-0902b0637923', 'Nơi Này Có Anh (Remix)', '2023-09-20', 'single', NOW(), NOW()),
('eb724f18-b192-4c5a-8cb1-1b538eacb738', 'Muộn Rồi Mà Sao Còn (Remix)', '2023-09-08', 'single', NOW(), NOW()),
('1f465002-7eea-4eff-8ceb-f66ca5eb54cc', 'MAKING MY WAY', '2023-05-05', 'single', NOW(), NOW()),
('80d3ff1f-4e31-40b7-9eb0-e6afbe12d2fa', 'SKY DECADE', '2022-10-06', 'ep', NOW(), NOW()),
('47778318-03fd-499c-bfaa-61729d6c7dcb', 'SKY DECADE', '2022-10-06', 'ep', NOW(), NOW()),
('954cc964-3268-471e-aeed-5f76355fb53c', 'Cơn Mưa Ngang Qua (Remix 2022)', '2022-07-06', 'single', NOW(), NOW()),
('57d225da-746e-44cf-a57a-a91e327c7101', 'There''s No One At All (Another Version)', '2022-07-05', 'single', NOW(), NOW()),
('e4321863-b89f-4954-8011-cc4f4fea82f6', 'THERE''S NO ONE AT ALL', '2022-04-28', 'single', NOW(), NOW()),
('55bd9503-5783-4db4-8629-bda20e6d9859', 'Muộn Rồi Mà Sao Còn', '2021-04-29', 'single', NOW(), NOW()),
('d4a3ee8c-1687-4d6d-964e-44501149607c', 'Remember Me (Onionn Remix Countdown 2021)', '2021-02-08', 'single', NOW(), NOW()),
('b3fcc6ea-a77f-4660-be20-48aac8a24adf', 'Có Chắc Yêu Là Đây (Onionn Remix Countdown 2021)', '2021-02-08', 'single', NOW(), NOW()),
('718e08f5-0a73-4c35-9f6f-ebe2067ec988', 'Skyler', '2021-01-28', 'single', NOW(), NOW()),
('774ea74b-f5f4-4e4d-9839-778645c97056', 'Chúng Ta Của Hiện Tại', '2020-12-20', 'single', NOW(), NOW()),
('32cc5605-9c83-4e5f-b493-a0fd83d81c9c', 'Có Chắc Yêu Là Đây', '2020-07-06', 'single', NOW(), NOW()),
('0f2f30e8-bbc3-4f84-abc6-53d7cf84531d', 'Gia Đình Tôi Chọn', '2020-01-01', 'single', NOW(), NOW()),
('6d6ea0d1-0e1a-42ae-94a8-ca32b088ef69', 'Hãy Trao Cho Anh', '2019-07-02', 'single', NOW(), NOW()),
('cb238627-9336-4fbc-aaeb-aaff84df68a7', 'Nắng Ấm Xa Dần (Onionn Remix)', '2019-04-05', 'single', NOW(), NOW()),
('cc4f1eec-1741-4294-89cc-7e5b538ff27f', 'You Of Yesterday (Khắc Hưng Remix)', '2018-07-13', 'single', NOW(), NOW()),
('3116d6ab-784b-4429-9c13-b47f8ad45043', 'Chạy Ngay Đi (Onionn Remix)', '2018-07-05', 'single', NOW(), NOW()),
('f5d861c9-ab91-4613-ac63-624f55152b96', 'Chạy Ngay Đi', '2018-05-11', 'single', NOW(), NOW()),
('4f29b61f-8f6f-4912-af7f-985726d9e42e', 'Lạc Trôi (Triple D Remix)', '2017-09-08', 'single', NOW(), NOW()),
('46f109a3-7ada-44be-9739-a5fe5fc02e52', 'Nơi Này Có Anh', '2017-02-13', 'single', NOW(), NOW()),
('ccd7688d-eb15-4fd7-82f3-090ac297075a', 'Lạc Trôi', '2016-12-31', 'single', NOW(), NOW()),
('3bee9eae-e3a2-4e8d-84ab-d4c96dd52514', 'Chúng Ta Không Thuộc Về Nhau', '2016-08-02', 'single', NOW(), NOW()),
('37cb0ab8-a6b5-4c0f-9745-3aebd2bd4da2', 'Một Năm Mới Bình An', '2016-01-22', 'single', NOW(), NOW()),
('5fd9f9d4-0b4d-48f0-bfa2-889336b6d433', 'Anh Sai Rồi', '2015-12-05', 'single', NOW(), NOW()),
('7d9def01-d929-4b2d-84f8-e91d6511e55f', 'Âm Thầm Bên Em', '2015-08-21', 'single', NOW(), NOW()),
('bdfb4cdd-de7d-48ed-b1f2-8d81e7021489', 'Ấn Nút Nhớ... Thả Giấc Mơ', '2015-06-17', 'single', NOW(), NOW()),
('494aafb8-6b5d-4459-ae02-3975a517afec', 'Tiến Lên Việt Nam Ơi', '2015-06-16', 'single', NOW(), NOW()),
('1ea97b3d-f69c-4355-8e28-f0e32a6281c3', 'Thái Bình Mồ Hôi Rơi', '2015-05-14', 'single', NOW(), NOW()),
('e1055ac4-6bd8-41b8-8ed5-d1c95203792d', 'Không Phải Dạng Vừa Đâu', '2015-04-22', 'single', NOW(), NOW()),
('35cdf25f-ee77-40ef-9005-edfc54f11b76', 'Khuôn Mặt Đáng Thương', '2015-03-31', 'single', NOW(), NOW()),
('ca4a50b2-a0ea-422c-bea8-3bea0873609b', 'Chắc Ai Đó Sẽ Về', '2015-01-30', 'single', NOW(), NOW()),
('3a660b5e-0e41-454a-bf82-38e319a5442d', 'Em Của Ngày Hôm Qua', '2014-10-20', 'single', NOW(), NOW()),
('063edfb8-f7b2-46e3-8863-893099c9f6d0', 'Nắng Ấm Xa Dần', '2014-01-19', 'single', NOW(), NOW());



INSERT INTO "AlbumImage" ("albumId", "image", "size", "createdAt", "updatedAt") VALUES
('7ee72919-e981-4950-b7d2-24126a864237', 'https://i.scdn.co/image/ab67616d0000b2738a0966b80365345d1a56a20a', '640', NOW(), NOW()),
('7ee72919-e981-4950-b7d2-24126a864237', 'https://i.scdn.co/image/ab67616d00001e028a0966b80365345d1a56a20a', '300', NOW(), NOW()),
('7ee72919-e981-4950-b7d2-24126a864237', 'https://i.scdn.co/image/ab67616d000048518a0966b80365345d1a56a20a', '64', NOW(), NOW()),
('9e85c35c-9a9f-45a4-b9a3-ad35ada90adf', 'https://i.scdn.co/image/ab67616d0000b273794744c57c9f35db88249842', '640', NOW(), NOW()),
('9e85c35c-9a9f-45a4-b9a3-ad35ada90adf', 'https://i.scdn.co/image/ab67616d00001e02794744c57c9f35db88249842', '300', NOW(), NOW()),
('9e85c35c-9a9f-45a4-b9a3-ad35ada90adf', 'https://i.scdn.co/image/ab67616d00004851794744c57c9f35db88249842', '64', NOW(), NOW()),
('4004e701-3659-4303-ab3b-325589cb8a9b', 'https://i.scdn.co/image/ab67616d0000b273a1bc26cdd8eecd89da3adc39', '640', NOW(), NOW()),
('4004e701-3659-4303-ab3b-325589cb8a9b', 'https://i.scdn.co/image/ab67616d00001e02a1bc26cdd8eecd89da3adc39', '300', NOW(), NOW()),
('4004e701-3659-4303-ab3b-325589cb8a9b', 'https://i.scdn.co/image/ab67616d00004851a1bc26cdd8eecd89da3adc39', '64', NOW(), NOW()),
('86e77f60-8ed6-4c6e-858a-916a03a5f435', 'https://i.scdn.co/image/ab67616d0000b273b5a7da0c97f51481d6f7a3c6', '640', NOW(), NOW()),
('86e77f60-8ed6-4c6e-858a-916a03a5f435', 'https://i.scdn.co/image/ab67616d00001e02b5a7da0c97f51481d6f7a3c6', '300', NOW(), NOW()),
('86e77f60-8ed6-4c6e-858a-916a03a5f435', 'https://i.scdn.co/image/ab67616d00004851b5a7da0c97f51481d6f7a3c6', '64', NOW(), NOW()),
('c50c8d06-0182-4977-96d4-c4abd54b2d40', 'https://i.scdn.co/image/ab67616d0000b273b7f41f4d85812467205c1156', '640', NOW(), NOW()),
('c50c8d06-0182-4977-96d4-c4abd54b2d40', 'https://i.scdn.co/image/ab67616d00001e02b7f41f4d85812467205c1156', '300', NOW(), NOW()),
('c50c8d06-0182-4977-96d4-c4abd54b2d40', 'https://i.scdn.co/image/ab67616d00004851b7f41f4d85812467205c1156', '64', NOW(), NOW()),
('92f3f07e-b176-49d4-97ec-0902b0637923', 'https://i.scdn.co/image/ab67616d0000b27313d38e4353a8c3ae89fec15b', '640', NOW(), NOW()),
('92f3f07e-b176-49d4-97ec-0902b0637923', 'https://i.scdn.co/image/ab67616d00001e0213d38e4353a8c3ae89fec15b', '300', NOW(), NOW()),
('92f3f07e-b176-49d4-97ec-0902b0637923', 'https://i.scdn.co/image/ab67616d0000485113d38e4353a8c3ae89fec15b', '64', NOW(), NOW()),
('eb724f18-b192-4c5a-8cb1-1b538eacb738', 'https://i.scdn.co/image/ab67616d0000b273c9f20f36f29f30bf2c3fbd19', '640', NOW(), NOW()),
('eb724f18-b192-4c5a-8cb1-1b538eacb738', 'https://i.scdn.co/image/ab67616d00001e02c9f20f36f29f30bf2c3fbd19', '300', NOW(), NOW()),
('eb724f18-b192-4c5a-8cb1-1b538eacb738', 'https://i.scdn.co/image/ab67616d00004851c9f20f36f29f30bf2c3fbd19', '64', NOW(), NOW()),
('1f465002-7eea-4eff-8ceb-f66ca5eb54cc', 'https://i.scdn.co/image/ab67616d0000b273fe9b8ddbf97fcd1d049197f7', '640', NOW(), NOW()),
('1f465002-7eea-4eff-8ceb-f66ca5eb54cc', 'https://i.scdn.co/image/ab67616d00001e02fe9b8ddbf97fcd1d049197f7', '300', NOW(), NOW()),
('1f465002-7eea-4eff-8ceb-f66ca5eb54cc', 'https://i.scdn.co/image/ab67616d00004851fe9b8ddbf97fcd1d049197f7', '64', NOW(), NOW()),
('80d3ff1f-4e31-40b7-9eb0-e6afbe12d2fa', 'https://i.scdn.co/image/ab67616d0000b273958ead5f61728bc5d99892df', '640', NOW(), NOW()),
('80d3ff1f-4e31-40b7-9eb0-e6afbe12d2fa', 'https://i.scdn.co/image/ab67616d00001e02958ead5f61728bc5d99892df', '300', NOW(), NOW()),
('80d3ff1f-4e31-40b7-9eb0-e6afbe12d2fa', 'https://i.scdn.co/image/ab67616d00004851958ead5f61728bc5d99892df', '64', NOW(), NOW()),
('47778318-03fd-499c-bfaa-61729d6c7dcb', 'https://i.scdn.co/image/ab67616d0000b273b0711adaaff88567278fcb53', '640', NOW(), NOW()),
('47778318-03fd-499c-bfaa-61729d6c7dcb', 'https://i.scdn.co/image/ab67616d00001e02b0711adaaff88567278fcb53', '300', NOW(), NOW()),
('47778318-03fd-499c-bfaa-61729d6c7dcb', 'https://i.scdn.co/image/ab67616d00004851b0711adaaff88567278fcb53', '64', NOW(), NOW()),
('954cc964-3268-471e-aeed-5f76355fb53c', 'https://i.scdn.co/image/ab67616d0000b273cc1536367e60eda5afe53705', '640', NOW(), NOW()),
('954cc964-3268-471e-aeed-5f76355fb53c', 'https://i.scdn.co/image/ab67616d00001e02cc1536367e60eda5afe53705', '300', NOW(), NOW()),
('954cc964-3268-471e-aeed-5f76355fb53c', 'https://i.scdn.co/image/ab67616d00004851cc1536367e60eda5afe53705', '64', NOW(), NOW()),
('57d225da-746e-44cf-a57a-a91e327c7101', 'https://i.scdn.co/image/ab67616d0000b2738df0d48c84650c99b01a3fd3', '640', NOW(), NOW()),
('57d225da-746e-44cf-a57a-a91e327c7101', 'https://i.scdn.co/image/ab67616d00001e028df0d48c84650c99b01a3fd3', '300', NOW(), NOW()),
('57d225da-746e-44cf-a57a-a91e327c7101', 'https://i.scdn.co/image/ab67616d000048518df0d48c84650c99b01a3fd3', '64', NOW(), NOW()),
('e4321863-b89f-4954-8011-cc4f4fea82f6', 'https://i.scdn.co/image/ab67616d0000b27348e90a4c48b31c66e8b0d24f', '640', NOW(), NOW()),
('e4321863-b89f-4954-8011-cc4f4fea82f6', 'https://i.scdn.co/image/ab67616d00001e0248e90a4c48b31c66e8b0d24f', '300', NOW(), NOW()),
('e4321863-b89f-4954-8011-cc4f4fea82f6', 'https://i.scdn.co/image/ab67616d0000485148e90a4c48b31c66e8b0d24f', '64', NOW(), NOW()),
('55bd9503-5783-4db4-8629-bda20e6d9859', 'https://i.scdn.co/image/ab67616d0000b2730121ea113166222d5c743e2e', '640', NOW(), NOW()),
('55bd9503-5783-4db4-8629-bda20e6d9859', 'https://i.scdn.co/image/ab67616d00001e020121ea113166222d5c743e2e', '300', NOW(), NOW()),
('55bd9503-5783-4db4-8629-bda20e6d9859', 'https://i.scdn.co/image/ab67616d000048510121ea113166222d5c743e2e', '64', NOW(), NOW()),
('d4a3ee8c-1687-4d6d-964e-44501149607c', 'https://i.scdn.co/image/ab67616d0000b273c75842b600a2227136b5632d', '640', NOW(), NOW()),
('d4a3ee8c-1687-4d6d-964e-44501149607c', 'https://i.scdn.co/image/ab67616d00001e02c75842b600a2227136b5632d', '300', NOW(), NOW()),
('d4a3ee8c-1687-4d6d-964e-44501149607c', 'https://i.scdn.co/image/ab67616d00004851c75842b600a2227136b5632d', '64', NOW(), NOW()),
('b3fcc6ea-a77f-4660-be20-48aac8a24adf', 'https://i.scdn.co/image/ab67616d0000b273aa35b8fca95fb30b132c2d25', '640', NOW(), NOW()),
('b3fcc6ea-a77f-4660-be20-48aac8a24adf', 'https://i.scdn.co/image/ab67616d00001e02aa35b8fca95fb30b132c2d25', '300', NOW(), NOW()),
('b3fcc6ea-a77f-4660-be20-48aac8a24adf', 'https://i.scdn.co/image/ab67616d00004851aa35b8fca95fb30b132c2d25', '64', NOW(), NOW()),
('718e08f5-0a73-4c35-9f6f-ebe2067ec988', 'https://i.scdn.co/image/ab67616d0000b27377cc25f34af2a0520262cf1d', '640', NOW(), NOW()),
('718e08f5-0a73-4c35-9f6f-ebe2067ec988', 'https://i.scdn.co/image/ab67616d00001e0277cc25f34af2a0520262cf1d', '300', NOW(), NOW()),
('718e08f5-0a73-4c35-9f6f-ebe2067ec988', 'https://i.scdn.co/image/ab67616d0000485177cc25f34af2a0520262cf1d', '64', NOW(), NOW()),
('774ea74b-f5f4-4e4d-9839-778645c97056', 'https://i.scdn.co/image/ab67616d0000b2732cd9649ea111a552283f0165', '640', NOW(), NOW()),
('774ea74b-f5f4-4e4d-9839-778645c97056', 'https://i.scdn.co/image/ab67616d00001e022cd9649ea111a552283f0165', '300', NOW(), NOW()),
('774ea74b-f5f4-4e4d-9839-778645c97056', 'https://i.scdn.co/image/ab67616d000048512cd9649ea111a552283f0165', '64', NOW(), NOW()),
('32cc5605-9c83-4e5f-b493-a0fd83d81c9c', 'https://i.scdn.co/image/ab67616d0000b2733047c1ad9b273a23b6d9f036', '640', NOW(), NOW()),
('32cc5605-9c83-4e5f-b493-a0fd83d81c9c', 'https://i.scdn.co/image/ab67616d00001e023047c1ad9b273a23b6d9f036', '300', NOW(), NOW()),
('32cc5605-9c83-4e5f-b493-a0fd83d81c9c', 'https://i.scdn.co/image/ab67616d000048513047c1ad9b273a23b6d9f036', '64', NOW(), NOW()),
('0f2f30e8-bbc3-4f84-abc6-53d7cf84531d', 'https://i.scdn.co/image/ab67616d0000b273bce5a4ee42993bd5df61306c', '640', NOW(), NOW()),
('0f2f30e8-bbc3-4f84-abc6-53d7cf84531d', 'https://i.scdn.co/image/ab67616d00001e02bce5a4ee42993bd5df61306c', '300', NOW(), NOW()),
('0f2f30e8-bbc3-4f84-abc6-53d7cf84531d', 'https://i.scdn.co/image/ab67616d00004851bce5a4ee42993bd5df61306c', '64', NOW(), NOW()),
('6d6ea0d1-0e1a-42ae-94a8-ca32b088ef69', 'https://i.scdn.co/image/ab67616d0000b2733403b37254ffacb7732e92da', '640', NOW(), NOW()),
('6d6ea0d1-0e1a-42ae-94a8-ca32b088ef69', 'https://i.scdn.co/image/ab67616d00001e023403b37254ffacb7732e92da', '300', NOW(), NOW()),
('6d6ea0d1-0e1a-42ae-94a8-ca32b088ef69', 'https://i.scdn.co/image/ab67616d000048513403b37254ffacb7732e92da', '64', NOW(), NOW()),
('cb238627-9336-4fbc-aaeb-aaff84df68a7', 'https://i.scdn.co/image/ab67616d0000b273245a66669cf03111533d48df', '640', NOW(), NOW()),
('cb238627-9336-4fbc-aaeb-aaff84df68a7', 'https://i.scdn.co/image/ab67616d00001e02245a66669cf03111533d48df', '300', NOW(), NOW()),
('cb238627-9336-4fbc-aaeb-aaff84df68a7', 'https://i.scdn.co/image/ab67616d00004851245a66669cf03111533d48df', '64', NOW(), NOW()),
('cc4f1eec-1741-4294-89cc-7e5b538ff27f', 'https://i.scdn.co/image/ab67616d0000b27316bf889a6c3e965501db487c', '640', NOW(), NOW()),
('cc4f1eec-1741-4294-89cc-7e5b538ff27f', 'https://i.scdn.co/image/ab67616d00001e0216bf889a6c3e965501db487c', '300', NOW(), NOW()),
('cc4f1eec-1741-4294-89cc-7e5b538ff27f', 'https://i.scdn.co/image/ab67616d0000485116bf889a6c3e965501db487c', '64', NOW(), NOW()),
('3116d6ab-784b-4429-9c13-b47f8ad45043', 'https://i.scdn.co/image/ab67616d0000b2737e467e49171f7fc8b8117de3', '640', NOW(), NOW()),
('3116d6ab-784b-4429-9c13-b47f8ad45043', 'https://i.scdn.co/image/ab67616d00001e027e467e49171f7fc8b8117de3', '300', NOW(), NOW()),
('3116d6ab-784b-4429-9c13-b47f8ad45043', 'https://i.scdn.co/image/ab67616d000048517e467e49171f7fc8b8117de3', '64', NOW(), NOW()),
('f5d861c9-ab91-4613-ac63-624f55152b96', 'https://i.scdn.co/image/ab67616d0000b2736bdc1240274a5f89bf6d2938', '640', NOW(), NOW()),
('f5d861c9-ab91-4613-ac63-624f55152b96', 'https://i.scdn.co/image/ab67616d00001e026bdc1240274a5f89bf6d2938', '300', NOW(), NOW()),
('f5d861c9-ab91-4613-ac63-624f55152b96', 'https://i.scdn.co/image/ab67616d000048516bdc1240274a5f89bf6d2938', '64', NOW(), NOW()),
('4f29b61f-8f6f-4912-af7f-985726d9e42e', 'https://i.scdn.co/image/ab67616d0000b273569118cbe628ce2e7802d684', '640', NOW(), NOW()),
('4f29b61f-8f6f-4912-af7f-985726d9e42e', 'https://i.scdn.co/image/ab67616d00001e02569118cbe628ce2e7802d684', '300', NOW(), NOW()),
('4f29b61f-8f6f-4912-af7f-985726d9e42e', 'https://i.scdn.co/image/ab67616d00004851569118cbe628ce2e7802d684', '64', NOW(), NOW()),
('46f109a3-7ada-44be-9739-a5fe5fc02e52', 'https://i.scdn.co/image/ab67616d0000b273292cf02066847ecc86b12a74', '640', NOW(), NOW()),
('46f109a3-7ada-44be-9739-a5fe5fc02e52', 'https://i.scdn.co/image/ab67616d00001e02292cf02066847ecc86b12a74', '300', NOW(), NOW()),
('46f109a3-7ada-44be-9739-a5fe5fc02e52', 'https://i.scdn.co/image/ab67616d00004851292cf02066847ecc86b12a74', '64', NOW(), NOW()),
('ccd7688d-eb15-4fd7-82f3-090ac297075a', 'https://i.scdn.co/image/ab67616d0000b273d1f68eb7862f17842aafd26b', '640', NOW(), NOW()),
('ccd7688d-eb15-4fd7-82f3-090ac297075a', 'https://i.scdn.co/image/ab67616d00001e02d1f68eb7862f17842aafd26b', '300', NOW(), NOW()),
('ccd7688d-eb15-4fd7-82f3-090ac297075a', 'https://i.scdn.co/image/ab67616d00004851d1f68eb7862f17842aafd26b', '64', NOW(), NOW()),
('3bee9eae-e3a2-4e8d-84ab-d4c96dd52514', 'https://i.scdn.co/image/ab67616d0000b27378cd659eb426281b97f9e7b8', '640', NOW(), NOW()),
('3bee9eae-e3a2-4e8d-84ab-d4c96dd52514', 'https://i.scdn.co/image/ab67616d00001e0278cd659eb426281b97f9e7b8', '300', NOW(), NOW()),
('3bee9eae-e3a2-4e8d-84ab-d4c96dd52514', 'https://i.scdn.co/image/ab67616d0000485178cd659eb426281b97f9e7b8', '64', NOW(), NOW()),
('37cb0ab8-a6b5-4c0f-9745-3aebd2bd4da2', 'https://i.scdn.co/image/ab67616d0000b2738cc9d0c8890f6ae25c965809', '640', NOW(), NOW()),
('37cb0ab8-a6b5-4c0f-9745-3aebd2bd4da2', 'https://i.scdn.co/image/ab67616d00001e028cc9d0c8890f6ae25c965809', '300', NOW(), NOW()),
('37cb0ab8-a6b5-4c0f-9745-3aebd2bd4da2', 'https://i.scdn.co/image/ab67616d000048518cc9d0c8890f6ae25c965809', '64', NOW(), NOW()),
('5fd9f9d4-0b4d-48f0-bfa2-889336b6d433', 'https://i.scdn.co/image/ab67616d0000b2739b43d8795fc6d9b0c4ddfe51', '640', NOW(), NOW()),
('5fd9f9d4-0b4d-48f0-bfa2-889336b6d433', 'https://i.scdn.co/image/ab67616d00001e029b43d8795fc6d9b0c4ddfe51', '300', NOW(), NOW()),
('5fd9f9d4-0b4d-48f0-bfa2-889336b6d433', 'https://i.scdn.co/image/ab67616d000048519b43d8795fc6d9b0c4ddfe51', '64', NOW(), NOW()),
('7d9def01-d929-4b2d-84f8-e91d6511e55f', 'https://i.scdn.co/image/ab67616d0000b273e22dc5110a402420596ad412', '640', NOW(), NOW()),
('7d9def01-d929-4b2d-84f8-e91d6511e55f', 'https://i.scdn.co/image/ab67616d00001e02e22dc5110a402420596ad412', '300', NOW(), NOW()),
('7d9def01-d929-4b2d-84f8-e91d6511e55f', 'https://i.scdn.co/image/ab67616d00004851e22dc5110a402420596ad412', '64', NOW(), NOW()),
('bdfb4cdd-de7d-48ed-b1f2-8d81e7021489', 'https://i.scdn.co/image/ab67616d0000b2734acca0356c750d500b2aa742', '640', NOW(), NOW()),
('bdfb4cdd-de7d-48ed-b1f2-8d81e7021489', 'https://i.scdn.co/image/ab67616d00001e024acca0356c750d500b2aa742', '300', NOW(), NOW()),
('bdfb4cdd-de7d-48ed-b1f2-8d81e7021489', 'https://i.scdn.co/image/ab67616d000048514acca0356c750d500b2aa742', '64', NOW(), NOW()),
('494aafb8-6b5d-4459-ae02-3975a517afec', 'https://i.scdn.co/image/ab67616d0000b27395b79e948a7d25249e58a261', '640', NOW(), NOW()),
('494aafb8-6b5d-4459-ae02-3975a517afec', 'https://i.scdn.co/image/ab67616d00001e0295b79e948a7d25249e58a261', '300', NOW(), NOW()),
('494aafb8-6b5d-4459-ae02-3975a517afec', 'https://i.scdn.co/image/ab67616d0000485195b79e948a7d25249e58a261', '64', NOW(), NOW()),
('1ea97b3d-f69c-4355-8e28-f0e32a6281c3', 'https://i.scdn.co/image/ab67616d0000b27326b08785d2555abef12ed949', '640', NOW(), NOW()),
('1ea97b3d-f69c-4355-8e28-f0e32a6281c3', 'https://i.scdn.co/image/ab67616d00001e0226b08785d2555abef12ed949', '300', NOW(), NOW()),
('1ea97b3d-f69c-4355-8e28-f0e32a6281c3', 'https://i.scdn.co/image/ab67616d0000485126b08785d2555abef12ed949', '64', NOW(), NOW()),
('e1055ac4-6bd8-41b8-8ed5-d1c95203792d', 'https://i.scdn.co/image/ab67616d0000b273021798db6c7bdfa2bdc7069b', '640', NOW(), NOW()),
('e1055ac4-6bd8-41b8-8ed5-d1c95203792d', 'https://i.scdn.co/image/ab67616d00001e02021798db6c7bdfa2bdc7069b', '300', NOW(), NOW()),
('e1055ac4-6bd8-41b8-8ed5-d1c95203792d', 'https://i.scdn.co/image/ab67616d00004851021798db6c7bdfa2bdc7069b', '64', NOW(), NOW()),
('35cdf25f-ee77-40ef-9005-edfc54f11b76', 'https://i.scdn.co/image/ab67616d0000b2732601eb978c246cc1f1d1e352', '640', NOW(), NOW()),
('35cdf25f-ee77-40ef-9005-edfc54f11b76', 'https://i.scdn.co/image/ab67616d00001e022601eb978c246cc1f1d1e352', '300', NOW(), NOW()),
('35cdf25f-ee77-40ef-9005-edfc54f11b76', 'https://i.scdn.co/image/ab67616d000048512601eb978c246cc1f1d1e352', '64', NOW(), NOW()),
('ca4a50b2-a0ea-422c-bea8-3bea0873609b', 'https://i.scdn.co/image/ab67616d0000b273b3510feac70d57a007738cb8', '640', NOW(), NOW()),
('ca4a50b2-a0ea-422c-bea8-3bea0873609b', 'https://i.scdn.co/image/ab67616d00001e02b3510feac70d57a007738cb8', '300', NOW(), NOW()),
('ca4a50b2-a0ea-422c-bea8-3bea0873609b', 'https://i.scdn.co/image/ab67616d00004851b3510feac70d57a007738cb8', '64', NOW(), NOW()),
('3a660b5e-0e41-454a-bf82-38e319a5442d', 'https://i.scdn.co/image/ab67616d0000b27320e8e67aab2c9321058c262a', '640', NOW(), NOW()),
('3a660b5e-0e41-454a-bf82-38e319a5442d', 'https://i.scdn.co/image/ab67616d00001e0220e8e67aab2c9321058c262a', '300', NOW(), NOW()),
('3a660b5e-0e41-454a-bf82-38e319a5442d', 'https://i.scdn.co/image/ab67616d0000485120e8e67aab2c9321058c262a', '64', NOW(), NOW()),
('063edfb8-f7b2-46e3-8863-893099c9f6d0', 'https://i.scdn.co/image/ab67616d0000b273b4478f389c8bb7286bf00996', '640', NOW(), NOW()),
('063edfb8-f7b2-46e3-8863-893099c9f6d0', 'https://i.scdn.co/image/ab67616d00001e02b4478f389c8bb7286bf00996', '300', NOW(), NOW()),
('063edfb8-f7b2-46e3-8863-893099c9f6d0', 'https://i.scdn.co/image/ab67616d00004851b4478f389c8bb7286bf00996', '64', NOW(), NOW());



INSERT INTO "Song" ("id", "albumId", "title", "duration", "lyric", "filePathAudio", "privacy", "uploadUserId", "createdAt", "updatedAt") VALUES
('aea80062-b538-4d8a-a262-f0dfcc3141f4', '7ee72919-e981-4950-b7d2-24126a864237', 'Sky Tour (Intro)', '149077', 'lyric', 'https://audiomelodies.nyc3.digitaloceanspaces.com/LOC/SonTungMTP/SkyTourOriginalMotionPictureSoundtrack/SkyTourIntro.m4a', FALSE, NULL, NOW(), NOW()),
('fe8dfe55-6abd-4284-b65f-80462441e9b8', '7ee72919-e981-4950-b7d2-24126a864237', 'Chạy Ngay Đi - Sky Tour 2019', '309504', 'lyric', 'https://audiomelodies.nyc3.digitaloceanspaces.com/LOC/SonTungMTP/SkyTourOriginalMotionPictureSoundtrack/ChayNgayDiSkyTour2019.m4a', FALSE, NULL, NOW(), NOW()),
('05150964-da02-4080-bc5b-5fbea70a3221', '7ee72919-e981-4950-b7d2-24126a864237', 'Chúng Ta Không Thuộc Về Nhau - Sky Tour 2019', '247594', 'lyric', 'https://audiomelodies.nyc3.digitaloceanspaces.com/LOC/SonTungMTP/SkyTourOriginalMotionPictureSoundtrack/ChungTaKhongThuocVeNhauSkyTour2019.m4a', FALSE, NULL, NOW(), NOW()),
('d5b3e9f9-b057-44d6-94f8-a3fca1b7a4a1', '7ee72919-e981-4950-b7d2-24126a864237', 'Lạc Trôi - Sky Tour 2019', '293890', 'lyric', 'https://audiomelodies.nyc3.digitaloceanspaces.com/LOC/SonTungMTP/SkyTourOriginalMotionPictureSoundtrack/LacTroiSkyTour2019.m4a', FALSE, NULL, NOW(), NOW()),
('91e7dbd3-c5d0-4e53-94f4-fb19dff3e379', '7ee72919-e981-4950-b7d2-24126a864237', 'Remember Me - Sky Tour 2019', '203433', 'lyric', 'https://audiomelodies.nyc3.digitaloceanspaces.com/LOC/SonTungMTP/SkyTourOriginalMotionPictureSoundtrack/RememberMeSkyTour2019.m4a', FALSE, NULL, NOW(), NOW()),
('b4cc7dfc-9073-454a-a108-1dcac8543172', '7ee72919-e981-4950-b7d2-24126a864237', 'Chắc Ai Đó Sẽ Về - Sky Tour 2019', '283500', 'lyric', 'https://audiomelodies.nyc3.digitaloceanspaces.com/LOC/SonTungMTP/SkyTourOriginalMotionPictureSoundtrack/ChacAiDoSeVeSkyTour2019.m4a', FALSE, NULL, NOW(), NOW()),
('85569aad-cef7-49b7-b39c-32e0b747b6e5', '7ee72919-e981-4950-b7d2-24126a864237', 'Em Của Ngày Hôm Qua - Sky Tour 2019', '246241', 'lyric', 'https://audiomelodies.nyc3.digitaloceanspaces.com/LOC/SonTungMTP/SkyTourOriginalMotionPictureSoundtrack/EmCuaNgayHomQuaSkyTour2019.m4a', FALSE, NULL, NOW(), NOW()),
('2e213016-7b8f-4a7a-a0c8-299b6e2917a3', '7ee72919-e981-4950-b7d2-24126a864237', 'Hãy Trao Cho Anh - Sky Tour 2019', '253033', 'lyric', 'https://audiomelodies.nyc3.digitaloceanspaces.com/LOC/SonTungMTP/SkyTourOriginalMotionPictureSoundtrack/HayTraoChoAnhSkyTour2019.m4a', FALSE, NULL, NOW(), NOW()),
('c521fe58-5322-42a2-8356-b080f4ef1914', '9e85c35c-9a9f-45a4-b9a3-ad35ada90adf', 'Cơn Mưa Ngang Qua', '234214', 'lyric', 'https://audiomelodies.nyc3.digitaloceanspaces.com/LOC/SonTungMTP/mtpMTP/ConMuaNgangQua.m4a', FALSE, NULL, NOW(), NOW()),
('4763cc40-d4ef-487d-8038-f03772f72112', '9e85c35c-9a9f-45a4-b9a3-ad35ada90adf', 'Anh Sai Rồi', '252303', 'lyric', 'https://audiomelodies.nyc3.digitaloceanspaces.com/LOC/SonTungMTP/AnhSaiRoi/AnhSaiRoi.m4a', FALSE, NULL, NOW(), NOW()),
('e1b3f223-f870-48d4-aa16-74005fbb8392', '9e85c35c-9a9f-45a4-b9a3-ad35ada90adf', 'Nắng Ấm Xa Dần', '191922', 'lyric', 'https://audiomelodies.nyc3.digitaloceanspaces.com/LOC/SonTungMTP/mtpMTP/NangAmXaDan.m4a', FALSE, NULL, NOW(), NOW()),
('ebda1cac-d2f2-48ab-b941-eef7acb914ad', '9e85c35c-9a9f-45a4-b9a3-ad35ada90adf', 'Em Của Ngày Hôm Qua', '263949', 'lyric', 'https://audiomelodies.nyc3.digitaloceanspaces.com/LOC/SonTungMTP/EmCuaNgayHomQua/EmCuaNgayHomQua.m4a', FALSE, NULL, NOW(), NOW()),
('a26efd65-2f90-4157-9eab-215bd91c9033', '9e85c35c-9a9f-45a4-b9a3-ad35ada90adf', 'Chắc Ai Đó Sẽ Về', '262164', 'lyric', 'https://audiomelodies.nyc3.digitaloceanspaces.com/LOC/SonTungMTP/ChacAioSeVe/ChacAiDoSeVe.m4a', FALSE, NULL, NOW(), NOW()),
('3aae414b-b8c9-4ff6-bca8-7df97cc9213b', '9e85c35c-9a9f-45a4-b9a3-ad35ada90adf', 'Không Phải Dạng Vừa Đâu', '247634', 'lyric', 'https://audiomelodies.nyc3.digitaloceanspaces.com/LOC/SonTungMTP/KhongPhaiDangVuaau/KhongPhaiDangVuaDau.m4a', FALSE, NULL, NOW(), NOW()),
('a04d6c26-e5f3-4d49-af08-efda19b4d9c2', '9e85c35c-9a9f-45a4-b9a3-ad35ada90adf', 'Thái Bình Mồ Hôi Rơi', '318093', 'lyric', 'https://audiomelodies.nyc3.digitaloceanspaces.com/LOC/SonTungMTP/mtpMTP/ThaiBinhMoHoiRoi.m4a', FALSE, NULL, NOW(), NOW()),
('cbbaed8c-85b5-4b52-b9b8-1f01a02d2800', '9e85c35c-9a9f-45a4-b9a3-ad35ada90adf', 'Khuôn Mặt Đáng Thương', '257450', 'lyric', 'https://audiomelodies.nyc3.digitaloceanspaces.com/LOC/SonTungMTP/KhuonMatangThuong/KhuonMatDangThuong.m4a', FALSE, NULL, NOW(), NOW()),
('f908e171-8143-41f9-b21f-938182ef9ac0', '9e85c35c-9a9f-45a4-b9a3-ad35ada90adf', 'Tiến Lên Việt Nam Ơi', '218627', 'lyric', 'https://audiomelodies.nyc3.digitaloceanspaces.com/LOC/SonTungMTP/mtpMTP/TienLenVietNamOi.m4a', FALSE, NULL, NOW(), NOW()),
('b7d3e2f6-8f3f-47db-ae33-0a8e227d686b', '9e85c35c-9a9f-45a4-b9a3-ad35ada90adf', 'Ấn Nút Nhớ... Thả Giấc Mơ', '244539', 'lyric', 'https://audiomelodies.nyc3.digitaloceanspaces.com/LOC/SonTungMTP/AnNutNhoThaGiacMo/AnNutNhoThaGiacMo.m4a', FALSE, NULL, NOW(), NOW()),
('8e5767a4-4d08-4bfe-b944-c6110d2bb482', '9e85c35c-9a9f-45a4-b9a3-ad35ada90adf', 'Âm Thầm Bên Em', '293112', 'lyric', 'https://audiomelodies.nyc3.digitaloceanspaces.com/LOC/SonTungMTP/AmThamBenEm/AmThamBenEm.m4a', FALSE, NULL, NOW(), NOW()),
('5afbb4e4-c93b-4ecb-96f3-84145f93fc25', '9e85c35c-9a9f-45a4-b9a3-ad35ada90adf', 'Buông Đôi Tay Nhau Ra', '227492', 'lyric', 'https://audiomelodies.nyc3.digitaloceanspaces.com/LOC/SonTungMTP/mtpMTP/BuongDoiTayNhauRa.m4a', FALSE, NULL, NOW(), NOW()),
('2f46a997-b937-4881-9c1a-f313df938f5f', '9e85c35c-9a9f-45a4-b9a3-ad35ada90adf', 'Như Ngày Hôm Qua', '222981', 'lyric', 'https://audiomelodies.nyc3.digitaloceanspaces.com/LOC/SonTungMTP/mtpMTP/NhuNgayHomQua.m4a', FALSE, NULL, NOW(), NOW()),
('649e4ac1-fec3-4db8-85ca-b5158324be7f', '9e85c35c-9a9f-45a4-b9a3-ad35ada90adf', 'Remember Me - SlimV Remix', '201369', 'lyric', 'https://audiomelodies.nyc3.digitaloceanspaces.com/LOC/SonTungMTP/mtpMTP/RememberMeSlimVRemix.m4a', FALSE, NULL, NOW(), NOW()),
('b35ad35a-db74-4a8c-bdcb-b7ac8ce0006b', '9e85c35c-9a9f-45a4-b9a3-ad35ada90adf', 'Một Năm Mới Bình An', '247196', 'lyric', 'https://audiomelodies.nyc3.digitaloceanspaces.com/LOC/SonTungMTP/MotNamMoiBinhAn/MotNamMoiBinhAn.m4a', FALSE, NULL, NOW(), NOW()),
('ed2c8c89-df86-4a74-ad9d-706e88d9aa6e', '9e85c35c-9a9f-45a4-b9a3-ad35ada90adf', 'Chúng Ta Không Thuộc Về Nhau', '233009', 'lyric', 'https://audiomelodies.nyc3.digitaloceanspaces.com/LOC/SonTungMTP/ChungTaKhongThuocVeNhau/ChungTaKhongThuocVeNhau.m4a', FALSE, NULL, NOW(), NOW()),
('ff2c1290-b794-43d0-b733-e55c48efdd6c', '9e85c35c-9a9f-45a4-b9a3-ad35ada90adf', 'Lạc Trôi', '232888', 'lyric', 'https://audiomelodies.nyc3.digitaloceanspaces.com/LOC/SonTungMTP/LacTroi/LacTroi.m4a', FALSE, NULL, NOW(), NOW()),
('1a00642b-e292-4269-a695-6a136ef132de', '9e85c35c-9a9f-45a4-b9a3-ad35ada90adf', 'Nơi Này Có Anh', '260117', 'lyric', 'https://audiomelodies.nyc3.digitaloceanspaces.com/LOC/SonTungMTP/mtpMTP/NoiNayCoAnh.m4a', FALSE, NULL, NOW(), NOW()),
('7eccba9b-3521-4d89-9d88-da1bebf72163', '4004e701-3659-4303-ab3b-325589cb8a9b', 'Đừng Làm Trái Tim Anh Đau', '279208', 'lyric', 'https://audiomelodies.nyc3.digitaloceanspaces.com/LOC/SonTungMTP/ungLamTraiTimAnhau/DungLamTraiTimAnhDau.m4a', FALSE, NULL, NOW(), NOW()),
('23951355-dcf2-429b-aeb6-014a75babd19', '86e77f60-8ed6-4c6e-858a-916a03a5f435', 'Chúng Ta Của Tương Lai', '249871', 'lyric', 'https://audiomelodies.nyc3.digitaloceanspaces.com/LOC/SonTungMTP/ChungTaCuaTuongLai/ChungTaCuaTuongLai.m4a', FALSE, NULL, NOW(), NOW()),
('b83d73a8-3652-4a23-9e42-07c545eba1bb', 'c50c8d06-0182-4977-96d4-c4abd54b2d40', 'Có Chắc Yêu Là Đây - Remix', '226276', 'lyric', 'https://audiomelodies.nyc3.digitaloceanspaces.com/LOC/SonTungMTP/CoChacYeuLaayRemix/CoChacYeuLaDayRemix.m4a', FALSE, NULL, NOW(), NOW()),
('ec8f662c-01bc-4732-9350-baeb776bbf93', '92f3f07e-b176-49d4-97ec-0902b0637923', 'Nơi Này Có Anh - Remix', '214863', 'lyric', 'https://audiomelodies.nyc3.digitaloceanspaces.com/LOC/SonTungMTP/NoiNayCoAnhRemix/NoiNayCoAnhRemix.m4a', FALSE, NULL, NOW(), NOW()),
('fb88892b-431f-4bd0-ac02-43d1db4d87e4', 'eb724f18-b192-4c5a-8cb1-1b538eacb738', 'Muộn Rồi Mà Sao Còn - Remix', '446027', 'lyric', 'https://audiomelodies.nyc3.digitaloceanspaces.com/LOC/SonTungMTP/MuonRoiMaSaoConRemix/MuonRoiMaSaoConRemix.m4a', FALSE, NULL, NOW(), NOW()),
('1b97dd5a-c1dc-48c9-9ac1-0e43b815af50', '1f465002-7eea-4eff-8ceb-f66ca5eb54cc', 'MAKING MY WAY', '258006', 'lyric', 'https://audiomelodies.nyc3.digitaloceanspaces.com/LOC/SonTungMTP/MAKINGMYWAY/MAKINGMYWAY.m4a', FALSE, NULL, NOW(), NOW()),
('a7d1f32e-fed8-401b-8113-608589d68354', '80d3ff1f-4e31-40b7-9eb0-e6afbe12d2fa', 'Intro 2022', '83240', 'lyric', 'https://audiomelodies.nyc3.digitaloceanspaces.com/LOC/SonTungMTP/SKYDECADE/Intro2022.m4a', FALSE, NULL, NOW(), NOW()),
('a620ebd0-d8fd-4f97-a9dc-e11b4a085c69', '80d3ff1f-4e31-40b7-9eb0-e6afbe12d2fa', 'Cơn Mưa Xa Dần', '196923', 'lyric', 'https://audiomelodies.nyc3.digitaloceanspaces.com/LOC/SonTungMTP/SKYDECADE/ConMuaXaDan.m4a', FALSE, NULL, NOW(), NOW()),
('cfd466da-d280-4ad9-b896-712ff29c8cb5', '80d3ff1f-4e31-40b7-9eb0-e6afbe12d2fa', 'Nắng Ấm Ngang Qua', '195697', 'lyric', 'https://audiomelodies.nyc3.digitaloceanspaces.com/LOC/SonTungMTP/SKYDECADE/NangAmNgangQua.m4a', FALSE, NULL, NOW(), NOW()),
('b629b45e-44fc-4b8a-bb90-2a11dd411cf9', '80d3ff1f-4e31-40b7-9eb0-e6afbe12d2fa', 'Special Thanks', '80000', 'lyric', 'https://audiomelodies.nyc3.digitaloceanspaces.com/LOC/SonTungMTP/SKYDECADE/SpecialThanks.m4a', FALSE, NULL, NOW(), NOW()),
('01541087-1ed6-4e15-9098-3d61a9a6fca0', '47778318-03fd-499c-bfaa-61729d6c7dcb', 'Intro 2022', '83240', 'lyric', 'nan', FALSE, NULL, NOW(), NOW()),
('d2600d18-1d05-4ce1-b1bf-f9cb0aa09aec', '47778318-03fd-499c-bfaa-61729d6c7dcb', 'Cơn Mưa Xa Dần', '196923', 'lyric', 'nan', FALSE, NULL, NOW(), NOW()),
('324feb37-ea9e-4de7-91ca-eb0f242fc148', '47778318-03fd-499c-bfaa-61729d6c7dcb', 'Nắng Ấm Ngang Qua', '195697', 'lyric', 'nan', FALSE, NULL, NOW(), NOW()),
('e3235add-daff-4d96-9ddd-69d9ce2add8d', '954cc964-3268-471e-aeed-5f76355fb53c', 'Cơn Mưa Ngang Qua - Remix 2022', '233365', 'lyric', 'https://audiomelodies.nyc3.digitaloceanspaces.com/LOC/SonTungMTP/ConMuaNgangQuaRemix2022/ConMuaNgangQuaRemix2022.m4a', FALSE, NULL, NOW(), NOW()),
('3f6a3db9-416a-4e13-a0be-40b152403e7f', '57d225da-746e-44cf-a57a-a91e327c7101', 'There''s No One At All (Another Version)', '201469', 'lyric', 'https://audiomelodies.nyc3.digitaloceanspaces.com/LOC/SonTungMTP/TheresNoOneAtAllAnotherVersion/TheresNoOneAtAllAnotherVersion.m4a', FALSE, NULL, NOW(), NOW()),
('a40b19dd-e024-4e1a-bdb8-5d3d1f4bead1', 'e4321863-b89f-4954-8011-cc4f4fea82f6', 'THERE''S NO ONE AT ALL', '172250', 'lyric', 'https://audiomelodies.nyc3.digitaloceanspaces.com/LOC/SonTungMTP/THERESNOONEATALL/THERESNOONEATALL.m4a', FALSE, NULL, NOW(), NOW()),
('fdb99680-b725-48d1-a575-b61cc1ca8a7f', '55bd9503-5783-4db4-8629-bda20e6d9859', 'Muộn Rồi Mà Sao Còn', '275905', 'lyric', 'https://audiomelodies.nyc3.digitaloceanspaces.com/LOC/SonTungMTP/MuonRoiMaSaoCon/MuonRoiMaSaoCon.m4a', FALSE, NULL, NOW(), NOW()),
('8c0fde4e-5451-467e-a934-1806b2a708c2', 'd4a3ee8c-1687-4d6d-964e-44501149607c', 'Remember Me - Onionn Remix Countdown 2021', '197818', 'lyric', 'https://audiomelodies.nyc3.digitaloceanspaces.com/LOC/SonTungMTP/RememberMeOnionnRemixCountdown2021/RememberMeOnionnRemixCountdown2021.m4a', FALSE, NULL, NOW(), NOW()),
('3336626c-f3a8-417e-b535-f8409a012f00', 'b3fcc6ea-a77f-4660-be20-48aac8a24adf', 'Có Chắc Yêu Là Đây - Onionn Remix Countdown 2021', '229973', 'lyric', 'https://audiomelodies.nyc3.digitaloceanspaces.com/LOC/SonTungMTP/CoChacYeuLaayOnionnRemixCountdown2021/CoChacYeuLaDayOnionnRemixCountdown2021.m4a', FALSE, NULL, NOW(), NOW()),
('9ed2cc9d-e4f5-4a93-bf5d-8c2ae9e6f802', '718e08f5-0a73-4c35-9f6f-ebe2067ec988', 'Skyler', '134400', 'lyric', 'https://audiomelodies.nyc3.digitaloceanspaces.com/LOC/SonTungMTP/Skyler/Skyler.m4a', FALSE, NULL, NOW(), NOW()),
('2b0cb440-21b8-4827-8910-0505e70dc074', '774ea74b-f5f4-4e4d-9839-778645c97056', 'Chúng Ta Của Hiện Tại', '301538', 'lyric', 'https://audiomelodies.nyc3.digitaloceanspaces.com/LOC/SonTungMTP/ChungTaCuaHienTai/ChungTaCuaHienTai.m4a', FALSE, NULL, NOW(), NOW()),
('e317fd3f-6895-4b34-b05c-0b42d0491dcf', '32cc5605-9c83-4e5f-b493-a0fd83d81c9c', 'Có Chắc Yêu Là Đây', '202105', 'lyric', 'https://audiomelodies.nyc3.digitaloceanspaces.com/LOC/SonTungMTP/CoChacYeuLaay/CoChacYeuLaDay.m4a', FALSE, NULL, NOW(), NOW()),
('80c3bbed-fc7f-42d0-8da1-c190358007ac', '0f2f30e8-bbc3-4f84-abc6-53d7cf84531d', 'Gia Đình Tôi Chọn', '279066', 'lyric', 'nan', FALSE, NULL, NOW(), NOW()),
('a45a69c8-28b2-4eba-971b-07e038bd1b67', '6d6ea0d1-0e1a-42ae-94a8-ca32b088ef69', 'Hãy Trao Cho Anh', '245658', 'lyric', 'https://audiomelodies.nyc3.digitaloceanspaces.com/LOC/SonTungMTP/HayTraoChoAnh/HayTraoChoAnh.m4a', FALSE, NULL, NOW(), NOW()),
('7955ab72-ba4b-4015-8617-b5d219b9183e', 'cb238627-9336-4fbc-aaeb-aaff84df68a7', 'Nắng Ấm Xa Dần - Onionn Remix', '190088', 'lyric', 'https://audiomelodies.nyc3.digitaloceanspaces.com/LOC/SonTungMTP/NangAmXaDanOnionnRemix/NangAmXaDanOnionnRemix.m4a', FALSE, NULL, NOW(), NOW()),
('b5859885-f742-4f34-8795-968f7f66c756', 'cc4f1eec-1741-4294-89cc-7e5b538ff27f', 'You Of Yesterday - Khắc Hưng Remix', '264000', 'lyric', 'https://audiomelodies.nyc3.digitaloceanspaces.com/LOC/SonTungMTP/YouOfYesterdayKhacHungRemix/YouOfYesterdayKhacHungRemix.m4a', FALSE, NULL, NOW(), NOW()),
('7a8bd4a8-4fee-465b-8189-fce16eef7f65', '3116d6ab-784b-4429-9c13-b47f8ad45043', 'Chạy Ngay Đi - Onionn Remix', '230400', 'lyric', 'https://audiomelodies.nyc3.digitaloceanspaces.com/LOC/SonTungMTP/ChayNgayiOnionnRemix/ChayNgayDiOnionnRemix.m4a', FALSE, NULL, NOW(), NOW()),
('ffcd55af-d9a0-4836-9fc3-433aac07e530', 'f5d861c9-ab91-4613-ac63-624f55152b96', 'Chạy Ngay Đi', '272507', 'lyric', 'https://audiomelodies.nyc3.digitaloceanspaces.com/LOC/SonTungMTP/ChayNgayi/ChayNgayDi.m4a', FALSE, NULL, NOW(), NOW()),
('1996fb97-1b28-48bf-91ed-f9d9fec24660', '4f29b61f-8f6f-4912-af7f-985726d9e42e', 'Lạc Trôi - Triple D Remix', '260571', 'lyric', 'https://audiomelodies.nyc3.digitaloceanspaces.com/LOC/SonTungMTP/LacTroiTripleDRemix/LacTroiTripleDRemix.m4a', FALSE, NULL, NOW(), NOW()),
('3dacf5c3-27d2-45fa-b197-b226676b1bb0', '46f109a3-7ada-44be-9739-a5fe5fc02e52', 'Nơi Này Có Anh', '260117', 'lyric', 'https://audiomelodies.nyc3.digitaloceanspaces.com/LOC/SonTungMTP/NoiNayCoAnh/NoiNayCoAnh.m4a', FALSE, NULL, NOW(), NOW()),
('3e876a43-eb10-4d28-8b42-3d2d042ad7b9', 'ccd7688d-eb15-4fd7-82f3-090ac297075a', 'Lạc Trôi', '232888', 'lyric', 'https://audiomelodies.nyc3.digitaloceanspaces.com/LOC/SonTungMTP/mtpMTP/LacTroi.m4a', FALSE, NULL, NOW(), NOW()),
('b00d42d7-69cd-4bb9-b93d-f654e0066fe0', '3bee9eae-e3a2-4e8d-84ab-d4c96dd52514', 'Chúng Ta Không Thuộc Về Nhau', '233009', 'lyric', 'https://audiomelodies.nyc3.digitaloceanspaces.com/LOC/SonTungMTP/mtpMTP/ChungTaKhongThuocVeNhau.m4a', FALSE, NULL, NOW(), NOW()),
('0bdbc2df-81c2-4d93-be01-c6ba8acd9086', '37cb0ab8-a6b5-4c0f-9745-3aebd2bd4da2', 'Một Năm Mới Bình An', '247196', 'lyric', 'https://audiomelodies.nyc3.digitaloceanspaces.com/LOC/SonTungMTP/mtpMTP/MotNamMoiBinhAn.m4a', FALSE, NULL, NOW(), NOW()),
('d9f8dfd5-15d9-4caa-9536-e4830daacad8', '5fd9f9d4-0b4d-48f0-bfa2-889336b6d433', 'Anh Sai Rồi', '252303', 'lyric', 'https://audiomelodies.nyc3.digitaloceanspaces.com/LOC/SonTungMTP/mtpMTP/AnhSaiRoi.m4a', FALSE, NULL, NOW(), NOW()),
('d6f2f1eb-75ab-4ddd-aec6-e1f63c39d374', '7d9def01-d929-4b2d-84f8-e91d6511e55f', 'Âm Thầm Bên Em', '293112', 'lyric', 'https://audiomelodies.nyc3.digitaloceanspaces.com/LOC/SonTungMTP/mtpMTP/AmThamBenEm.m4a', FALSE, NULL, NOW(), NOW()),
('767ee918-995f-45ce-af19-372a1a1a7051', 'bdfb4cdd-de7d-48ed-b1f2-8d81e7021489', 'Ấn Nút Nhớ... Thả Giấc Mơ', '244539', 'lyric', 'https://audiomelodies.nyc3.digitaloceanspaces.com/LOC/SonTungMTP/mtpMTP/AnNutNhoThaGiacMo.m4a', FALSE, NULL, NOW(), NOW()),
('15ed8afc-cc5e-4b92-8b64-b5658c5dd42b', '494aafb8-6b5d-4459-ae02-3975a517afec', 'Tiến Lên Việt Nam Ơi', '218627', 'lyric', 'https://audiomelodies.nyc3.digitaloceanspaces.com/LOC/SonTungMTP/TienLenVietNamOi/TienLenVietNamOi.m4a', FALSE, NULL, NOW(), NOW()),
('5afbc4fe-122b-4de6-ad2e-5fbc62869898', '1ea97b3d-f69c-4355-8e28-f0e32a6281c3', 'Thái Bình Mồ Hôi Rơi', '318093', 'lyric', 'https://audiomelodies.nyc3.digitaloceanspaces.com/LOC/SonTungMTP/ThaiBinhMoHoiRoi/ThaiBinhMoHoiRoi.m4a', FALSE, NULL, NOW(), NOW()),
('848f1f4f-9939-47a1-8027-53c5b6774a19', 'e1055ac4-6bd8-41b8-8ed5-d1c95203792d', 'Không Phải Dạng Vừa Đâu', '247634', 'lyric', 'https://audiomelodies.nyc3.digitaloceanspaces.com/LOC/SonTungMTP/mtpMTP/KhongPhaiDangVuaDau.m4a', FALSE, NULL, NOW(), NOW()),
('30a0c714-e662-4e84-bc63-266ae2c13fda', '35cdf25f-ee77-40ef-9005-edfc54f11b76', 'Khuôn Mặt Đáng Thương', '257450', 'lyric', 'https://audiomelodies.nyc3.digitaloceanspaces.com/LOC/SonTungMTP/mtpMTP/KhuonMatDangThuong.m4a', FALSE, NULL, NOW(), NOW()),
('1a3e001f-3ead-4f26-8d4d-2c3f3015fbac', 'ca4a50b2-a0ea-422c-bea8-3bea0873609b', 'Chắc Ai Đó Sẽ Về', '262164', 'lyric', 'https://audiomelodies.nyc3.digitaloceanspaces.com/LOC/SonTungMTP/mtpMTP/ChacAiDoSeVe.m4a', FALSE, NULL, NOW(), NOW()),
('9077ca13-8dc3-4225-9b2e-046d0db6770a', '3a660b5e-0e41-454a-bf82-38e319a5442d', 'Em Của Ngày Hôm Qua', '225830', 'lyric', 'https://audiomelodies.nyc3.digitaloceanspaces.com/LOC/SonTungMTP/mtpMTP/EmCuaNgayHomQua.m4a', FALSE, NULL, NOW(), NOW()),
('4e9f3598-7198-42b5-8cd3-069dbedeb70c', '063edfb8-f7b2-46e3-8863-893099c9f6d0', 'Nắng Ấm Xa Dần', '191922', 'lyric', 'https://audiomelodies.nyc3.digitaloceanspaces.com/LOC/SonTungMTP/NangAmXaDan/NangAmXaDan.m4a', FALSE, NULL, NOW(), NOW());



INSERT INTO "ArtistSong" ("songId", "artistId", "main", "createdAt", "updatedAt") VALUES
('aea80062-b538-4d8a-a262-f0dfcc3141f4',  '225ffa56-0f0e-4743-89a7-e4c22534cef8', TRUE, NOW(), NOW()),
('fe8dfe55-6abd-4284-b65f-80462441e9b8',  '225ffa56-0f0e-4743-89a7-e4c22534cef8', TRUE, NOW(), NOW()),
('05150964-da02-4080-bc5b-5fbea70a3221',  '225ffa56-0f0e-4743-89a7-e4c22534cef8', TRUE, NOW(), NOW()),
('d5b3e9f9-b057-44d6-94f8-a3fca1b7a4a1',  '225ffa56-0f0e-4743-89a7-e4c22534cef8', TRUE, NOW(), NOW()),
('91e7dbd3-c5d0-4e53-94f4-fb19dff3e379', '225ffa56-0f0e-4743-89a7-e4c22534cef8', TRUE, NOW(), NOW()),
('91e7dbd3-c5d0-4e53-94f4-fb19dff3e379', 'fdc1b859-f3a5-4f4d-a481-33a3f9264945', FALSE, NOW(), NOW()),
('b4cc7dfc-9073-454a-a108-1dcac8543172',  '225ffa56-0f0e-4743-89a7-e4c22534cef8', TRUE, NOW(), NOW()),
('85569aad-cef7-49b7-b39c-32e0b747b6e5',  '225ffa56-0f0e-4743-89a7-e4c22534cef8', TRUE, NOW(), NOW()),
('2e213016-7b8f-4a7a-a0c8-299b6e2917a3',  '225ffa56-0f0e-4743-89a7-e4c22534cef8', TRUE, NOW(), NOW()),
('c521fe58-5322-42a2-8356-b080f4ef1914',  '225ffa56-0f0e-4743-89a7-e4c22534cef8', TRUE, NOW(), NOW()),
('4763cc40-d4ef-487d-8038-f03772f72112',  '225ffa56-0f0e-4743-89a7-e4c22534cef8', TRUE, NOW(), NOW()),
('e1b3f223-f870-48d4-aa16-74005fbb8392',  '225ffa56-0f0e-4743-89a7-e4c22534cef8', TRUE, NOW(), NOW()),
('ebda1cac-d2f2-48ab-b941-eef7acb914ad',  '225ffa56-0f0e-4743-89a7-e4c22534cef8', TRUE, NOW(), NOW()),
('a26efd65-2f90-4157-9eab-215bd91c9033',  '225ffa56-0f0e-4743-89a7-e4c22534cef8', TRUE, NOW(), NOW()),
('3aae414b-b8c9-4ff6-bca8-7df97cc9213b',  '225ffa56-0f0e-4743-89a7-e4c22534cef8', TRUE, NOW(), NOW()),
('a04d6c26-e5f3-4d49-af08-efda19b4d9c2',  '225ffa56-0f0e-4743-89a7-e4c22534cef8', TRUE, NOW(), NOW()),
('cbbaed8c-85b5-4b52-b9b8-1f01a02d2800',  '225ffa56-0f0e-4743-89a7-e4c22534cef8', TRUE, NOW(), NOW()),
('f908e171-8143-41f9-b21f-938182ef9ac0',  '225ffa56-0f0e-4743-89a7-e4c22534cef8', TRUE, NOW(), NOW()),
('b7d3e2f6-8f3f-47db-ae33-0a8e227d686b',  '225ffa56-0f0e-4743-89a7-e4c22534cef8', TRUE, NOW(), NOW()),
('8e5767a4-4d08-4bfe-b944-c6110d2bb482',  '225ffa56-0f0e-4743-89a7-e4c22534cef8', TRUE, NOW(), NOW()),
('5afbb4e4-c93b-4ecb-96f3-84145f93fc25',  '225ffa56-0f0e-4743-89a7-e4c22534cef8', TRUE, NOW(), NOW()),
('2f46a997-b937-4881-9c1a-f313df938f5f',  '225ffa56-0f0e-4743-89a7-e4c22534cef8', TRUE, NOW(), NOW()),
('649e4ac1-fec3-4db8-85ca-b5158324be7f', '225ffa56-0f0e-4743-89a7-e4c22534cef8', TRUE, NOW(), NOW()),
('649e4ac1-fec3-4db8-85ca-b5158324be7f', 'fdc1b859-f3a5-4f4d-a481-33a3f9264945', FALSE, NOW(), NOW()),
('b35ad35a-db74-4a8c-bdcb-b7ac8ce0006b',  '225ffa56-0f0e-4743-89a7-e4c22534cef8', TRUE, NOW(), NOW()),
('ed2c8c89-df86-4a74-ad9d-706e88d9aa6e',  '225ffa56-0f0e-4743-89a7-e4c22534cef8', TRUE, NOW(), NOW()),
('ff2c1290-b794-43d0-b733-e55c48efdd6c',  '225ffa56-0f0e-4743-89a7-e4c22534cef8', TRUE, NOW(), NOW()),
('1a00642b-e292-4269-a695-6a136ef132de',  '225ffa56-0f0e-4743-89a7-e4c22534cef8', TRUE, NOW(), NOW()),
('7eccba9b-3521-4d89-9d88-da1bebf72163',  '225ffa56-0f0e-4743-89a7-e4c22534cef8', TRUE, NOW(), NOW()),
('23951355-dcf2-429b-aeb6-014a75babd19',  '225ffa56-0f0e-4743-89a7-e4c22534cef8', TRUE, NOW(), NOW()),
('b83d73a8-3652-4a23-9e42-07c545eba1bb', '225ffa56-0f0e-4743-89a7-e4c22534cef8', TRUE, NOW(), NOW()),
('b83d73a8-3652-4a23-9e42-07c545eba1bb', 'd3ad0e13-b00e-4a06-9bbe-a094d2e86ef3', FALSE, NOW(), NOW()),
('ec8f662c-01bc-4732-9350-baeb776bbf93', '225ffa56-0f0e-4743-89a7-e4c22534cef8', TRUE, NOW(), NOW()),
('ec8f662c-01bc-4732-9350-baeb776bbf93', 'd3ad0e13-b00e-4a06-9bbe-a094d2e86ef3', FALSE, NOW(), NOW()),
('fb88892b-431f-4bd0-ac02-43d1db4d87e4', '225ffa56-0f0e-4743-89a7-e4c22534cef8', TRUE, NOW(), NOW()),
('fb88892b-431f-4bd0-ac02-43d1db4d87e4', 'd3ad0e13-b00e-4a06-9bbe-a094d2e86ef3', FALSE, NOW(), NOW()),
('1b97dd5a-c1dc-48c9-9ac1-0e43b815af50',  '225ffa56-0f0e-4743-89a7-e4c22534cef8', TRUE, NOW(), NOW()),
('a7d1f32e-fed8-401b-8113-608589d68354',  '225ffa56-0f0e-4743-89a7-e4c22534cef8', TRUE, NOW(), NOW()),
('a620ebd0-d8fd-4f97-a9dc-e11b4a085c69',  '225ffa56-0f0e-4743-89a7-e4c22534cef8', TRUE, NOW(), NOW()),
('cfd466da-d280-4ad9-b896-712ff29c8cb5',  '225ffa56-0f0e-4743-89a7-e4c22534cef8', TRUE, NOW(), NOW()),
('b629b45e-44fc-4b8a-bb90-2a11dd411cf9',  '225ffa56-0f0e-4743-89a7-e4c22534cef8', TRUE, NOW(), NOW()),
('01541087-1ed6-4e15-9098-3d61a9a6fca0',  '225ffa56-0f0e-4743-89a7-e4c22534cef8', TRUE, NOW(), NOW()),
('d2600d18-1d05-4ce1-b1bf-f9cb0aa09aec',  '225ffa56-0f0e-4743-89a7-e4c22534cef8', TRUE, NOW(), NOW()),
('324feb37-ea9e-4de7-91ca-eb0f242fc148',  '225ffa56-0f0e-4743-89a7-e4c22534cef8', TRUE, NOW(), NOW()),
('e3235add-daff-4d96-9ddd-69d9ce2add8d',  '225ffa56-0f0e-4743-89a7-e4c22534cef8', TRUE, NOW(), NOW()),
('3f6a3db9-416a-4e13-a0be-40b152403e7f',  '225ffa56-0f0e-4743-89a7-e4c22534cef8', TRUE, NOW(), NOW()),
('a40b19dd-e024-4e1a-bdb8-5d3d1f4bead1',  '225ffa56-0f0e-4743-89a7-e4c22534cef8', TRUE, NOW(), NOW()),
('fdb99680-b725-48d1-a575-b61cc1ca8a7f',  '225ffa56-0f0e-4743-89a7-e4c22534cef8', TRUE, NOW(), NOW()),
('8c0fde4e-5451-467e-a934-1806b2a708c2', '225ffa56-0f0e-4743-89a7-e4c22534cef8', TRUE, NOW(), NOW()),
('3336626c-f3a8-417e-b535-f8409a012f00', '225ffa56-0f0e-4743-89a7-e4c22534cef8', TRUE, NOW(), NOW()),
('9ed2cc9d-e4f5-4a93-bf5d-8c2ae9e6f802',  '225ffa56-0f0e-4743-89a7-e4c22534cef8', TRUE, NOW(), NOW()),
('2b0cb440-21b8-4827-8910-0505e70dc074',  '225ffa56-0f0e-4743-89a7-e4c22534cef8', TRUE, NOW(), NOW()),
('e317fd3f-6895-4b34-b05c-0b42d0491dcf',  '225ffa56-0f0e-4743-89a7-e4c22534cef8', TRUE, NOW(), NOW()),
('80c3bbed-fc7f-42d0-8da1-c190358007ac', '34af143d-3b2d-4f1e-8004-ff7f04634e7f', TRUE, NOW(), NOW()),
('80c3bbed-fc7f-42d0-8da1-c190358007ac', '225ffa56-0f0e-4743-89a7-e4c22534cef8', FALSE, NOW(), NOW()),
('80c3bbed-fc7f-42d0-8da1-c190358007ac', '69cd9fa3-972e-45b9-b469-00ee2c529371', FALSE, NOW(), NOW()),
('a45a69c8-28b2-4eba-971b-07e038bd1b67', '225ffa56-0f0e-4743-89a7-e4c22534cef8', TRUE, NOW(), NOW()),
('7955ab72-ba4b-4015-8617-b5d219b9183e', '225ffa56-0f0e-4743-89a7-e4c22534cef8', TRUE, NOW(), NOW()),
('b5859885-f742-4f34-8795-968f7f66c756', '225ffa56-0f0e-4743-89a7-e4c22534cef8', TRUE, NOW(), NOW()),
('b5859885-f742-4f34-8795-968f7f66c756', '04ff1e73-3646-428a-ac58-c8b04b74a102', FALSE, NOW(), NOW()),
('7a8bd4a8-4fee-465b-8189-fce16eef7f65', '225ffa56-0f0e-4743-89a7-e4c22534cef8', TRUE, NOW(), NOW()),
('ffcd55af-d9a0-4836-9fc3-433aac07e530',  '225ffa56-0f0e-4743-89a7-e4c22534cef8', TRUE, NOW(), NOW()),
('1996fb97-1b28-48bf-91ed-f9d9fec24660', '225ffa56-0f0e-4743-89a7-e4c22534cef8', TRUE, NOW(), NOW()),
('3dacf5c3-27d2-45fa-b197-b226676b1bb0',  '225ffa56-0f0e-4743-89a7-e4c22534cef8', TRUE, NOW(), NOW()),
('3e876a43-eb10-4d28-8b42-3d2d042ad7b9',  '225ffa56-0f0e-4743-89a7-e4c22534cef8', TRUE, NOW(), NOW()),
('b00d42d7-69cd-4bb9-b93d-f654e0066fe0',  '225ffa56-0f0e-4743-89a7-e4c22534cef8', TRUE, NOW(), NOW()),
('0bdbc2df-81c2-4d93-be01-c6ba8acd9086',  '225ffa56-0f0e-4743-89a7-e4c22534cef8', TRUE, NOW(), NOW()),
('d9f8dfd5-15d9-4caa-9536-e4830daacad8',  '225ffa56-0f0e-4743-89a7-e4c22534cef8', TRUE, NOW(), NOW()),
('d6f2f1eb-75ab-4ddd-aec6-e1f63c39d374',  '225ffa56-0f0e-4743-89a7-e4c22534cef8', TRUE, NOW(), NOW()),
('767ee918-995f-45ce-af19-372a1a1a7051',  '225ffa56-0f0e-4743-89a7-e4c22534cef8', TRUE, NOW(), NOW()),
('15ed8afc-cc5e-4b92-8b64-b5658c5dd42b',  '225ffa56-0f0e-4743-89a7-e4c22534cef8', TRUE, NOW(), NOW()),
('5afbc4fe-122b-4de6-ad2e-5fbc62869898',  '225ffa56-0f0e-4743-89a7-e4c22534cef8', TRUE, NOW(), NOW()),
('848f1f4f-9939-47a1-8027-53c5b6774a19',  '225ffa56-0f0e-4743-89a7-e4c22534cef8', TRUE, NOW(), NOW()),
('30a0c714-e662-4e84-bc63-266ae2c13fda',  '225ffa56-0f0e-4743-89a7-e4c22534cef8', TRUE, NOW(), NOW()),
('1a3e001f-3ead-4f26-8d4d-2c3f3015fbac',  '225ffa56-0f0e-4743-89a7-e4c22534cef8', TRUE, NOW(), NOW()),
('9077ca13-8dc3-4225-9b2e-046d0db6770a',  '225ffa56-0f0e-4743-89a7-e4c22534cef8', TRUE, NOW(), NOW()),
('4e9f3598-7198-42b5-8cd3-069dbedeb70c',  '225ffa56-0f0e-4743-89a7-e4c22534cef8', TRUE, NOW(), NOW());







--------------------SOOBIN



INSERT INTO "Album" ("albumId",  "title", "releaseDate", "albumType", "createdAt", "updatedAt") VALUES
('51cd44f7-1748-4f05-bb42-1c288b0c2dfc', 'BẬT NÓ LÊN', '2024-06-25', 'album', NOW(), NOW()),
('6eddc048-9be5-4b16-9da7-41a78bd4f2dd', 'The Remix 2016', '2016-06-27', 'album', NOW(), NOW()),
('2f518bc5-1b16-4dc7-b38a-26defee72536', 'Tiến Tới Ước Mơ (feat. Rhymastic & SlimV)', '2024-10-03', 'single', NOW(), NOW()),
('68b9605f-786b-4d55-8405-d19f11ae1f09', 'It''s A New Dawn (feat. CHARLES. & Kriss Ngo)', '2024-08-02', 'single', NOW(), NOW()),
('a335768d-5741-4851-a434-66ee36324c54', 'giá như', '2024-04-10', 'single', NOW(), NOW()),
('de554898-d5cf-44c9-996a-0630851fffad', 'Heyyy', '2023-12-07', 'single', NOW(), NOW()),
('68dd6fd0-99d5-4a66-84ed-d975b1ffa26b', 'still', '2023-12-04', 'ep', NOW(), NOW()),
('74ca3398-8a52-4bf2-ab96-699542ad3737', 'Sunset In The City', '2023-10-26', 'single', NOW(), NOW()),
('0308ba57-c142-4869-80b3-36f12c4eaeb5', 'Tự Yours', '2023-05-11', 'single', NOW(), NOW()),
('0d6772b8-7f79-4e35-b7ed-77a47e9900f4', 'Vui Đi Em (TINLE Remix)', '2023-01-05', 'single', NOW(), NOW()),
('2c43236b-4ffc-4b0d-b4e7-c36653042227', 'Day Dream (TINLE Remix)', '2023-01-05', 'single', NOW(), NOW()),
('13bb5e0a-edac-4998-aecf-7ef6328d7e27', 'BLACKJACK (TINLE Remix)', '2023-01-05', 'single', NOW(), NOW()),
('75f7c598-d3dc-4545-822e-66c4cd6d5e74', 'Tháng Năm (Remixes)', '2022-08-19', 'ep', NOW(), NOW()),
('ba155ecb-4853-4f8a-a217-a32f109e95ec', 'Hurricane - Naraka', '2022-08-19', 'single', NOW(), NOW()),
('728cdf0b-1193-4cf9-b718-dabb97df9e7c', 'Nhanh lên nhé!', '2022-07-11', 'single', NOW(), NOW()),
('c6e4fe16-d37d-4a84-af77-d1f757ba7273', 'Freaky Squad (feat. Touliver)', '2021-11-30', 'single', NOW(), NOW()),
('3dfa2c8e-f9d4-432d-8e4d-83bf5a832ec2', 'The Playah (feat. SlimV) [Special Performance]', '2021-05-14', 'single', NOW(), NOW()),
('c4309719-6b6e-4ce6-bd44-d65012038127', 'The Playah', '2020-12-15', 'ep', NOW(), NOW()),
('b50c5961-13b5-4da4-883a-bf6cf55d07c2', 'Vẫn Nhớ', '2020-04-30', 'single', NOW(), NOW()),
('7a921d03-a4dd-46e1-9561-685a5c2db0e4', 'pretty', '2020-03-25', 'ep', NOW(), NOW()),
('1a8ba9cb-393e-4b42-afee-026c2fa04f61', 'I Like You/Từng Ngày Em Mơ Về Anh', '2020-01-01', 'ep', NOW(), NOW()),
('0af08efa-1fef-479e-97c3-b46bf1045539', 'Daydreams (The Remix 2016)', '2020-01-01', 'single', NOW(), NOW()),
('e5eb773b-2886-4a3c-a687-e542cef2726f', 'Chưa Có Người Yêu', '2020-01-01', 'single', NOW(), NOW()),
('da8fc2f0-f9fa-4360-9a1e-853780501ac0', 'Say Goodbye', '2019-09-04', 'single', NOW(), NOW()),
('5c72b0f3-94cf-4c01-83b7-c4a84072cf9b', 'Và Thế Là Hết (Lalala Version 2)', '2019-08-19', 'single', NOW(), NOW()),
('cae241da-b42a-4f86-a155-3305435d62b6', 'Nếu Ngày Ấy', '2019-07-22', 'single', NOW(), NOW()),
('c825ccae-1ea6-4304-b080-30b7fad870fd', 'Đã Đến Lúc', '2019-04-13', 'single', NOW(), NOW()),
('46d444f4-6d49-40f7-870c-d0c35fdc389a', 'Em Không Tồn Tại', '2019-03-13', 'single', NOW(), NOW()),
('360932e1-4962-4029-a1f1-2ea5f675e163', 'Between us', '2018-07-27', 'ep', NOW(), NOW()),
('c7b3e6e4-e36a-4df2-a21f-57e7e220041b', 'Ngày Mai Em Đi', '2017-08-02', 'single', NOW(), NOW()),
('e42e9ba0-7607-4a8c-a57a-5f8593ab87da', 'Vinh Quang Đang Chờ Ta', '2017-07-24', 'single', NOW(), NOW()),
('b6471a6e-1410-4d69-8367-4810dca29bb1', 'Một Ngày Rất Khác', '2017-06-30', 'single', NOW(), NOW()),
('b32ff6e5-feac-4680-8b87-2eef9a946474', 'Di Va Yeu', '2017-03-27', 'single', NOW(), NOW()),
('f1974261-ef66-432c-97a5-aac61c56375f', 'Anh Đã Quen Với Cô Đơn', '2017-03-14', 'single', NOW(), NOW()),
('328f2a5f-b382-4a15-9f43-da395a7a368a', 'Vai Lan Don Dua', '2017-01-27', 'single', NOW(), NOW()),
('d840ac96-e9bf-48ed-af28-4806ff06d2d8', 'Đi Để Trở Về', '2017-01-17', 'single', NOW(), NOW()),
('446d86fb-bd3c-42d9-af31-5bd61c477bd7', 'Lalala', '2016-07-14', 'single', NOW(), NOW()),
('740a8188-7ea6-4849-8c44-281c095c50c4', 'Vụt Tan', '2012-07-10', 'single', NOW(), NOW());



INSERT INTO "AlbumImage" ("albumId", "image", "size", "createdAt", "updatedAt") VALUES
('51cd44f7-1748-4f05-bb42-1c288b0c2dfc', 'https://i.scdn.co/image/ab67616d0000b2738bdbdf691a5b791a5afb515b', '640', NOW(), NOW()),
('51cd44f7-1748-4f05-bb42-1c288b0c2dfc', 'https://i.scdn.co/image/ab67616d00001e028bdbdf691a5b791a5afb515b', '300', NOW(), NOW()),
('51cd44f7-1748-4f05-bb42-1c288b0c2dfc', 'https://i.scdn.co/image/ab67616d000048518bdbdf691a5b791a5afb515b', '64', NOW(), NOW()),
('6eddc048-9be5-4b16-9da7-41a78bd4f2dd', 'https://i.scdn.co/image/ab67616d0000b2735e6c4ba130cb078cd777247c', '640', NOW(), NOW()),
('6eddc048-9be5-4b16-9da7-41a78bd4f2dd', 'https://i.scdn.co/image/ab67616d00001e025e6c4ba130cb078cd777247c', '300', NOW(), NOW()),
('6eddc048-9be5-4b16-9da7-41a78bd4f2dd', 'https://i.scdn.co/image/ab67616d000048515e6c4ba130cb078cd777247c', '64', NOW(), NOW()),
('2f518bc5-1b16-4dc7-b38a-26defee72536', 'https://i.scdn.co/image/ab67616d0000b27314cd39f8a615976502ecb1bf', '640', NOW(), NOW()),
('2f518bc5-1b16-4dc7-b38a-26defee72536', 'https://i.scdn.co/image/ab67616d00001e0214cd39f8a615976502ecb1bf', '300', NOW(), NOW()),
('2f518bc5-1b16-4dc7-b38a-26defee72536', 'https://i.scdn.co/image/ab67616d0000485114cd39f8a615976502ecb1bf', '64', NOW(), NOW()),
('68b9605f-786b-4d55-8405-d19f11ae1f09', 'https://i.scdn.co/image/ab67616d0000b273e89664ae7929e901b4e1a60d', '640', NOW(), NOW()),
('68b9605f-786b-4d55-8405-d19f11ae1f09', 'https://i.scdn.co/image/ab67616d00001e02e89664ae7929e901b4e1a60d', '300', NOW(), NOW()),
('68b9605f-786b-4d55-8405-d19f11ae1f09', 'https://i.scdn.co/image/ab67616d00004851e89664ae7929e901b4e1a60d', '64', NOW(), NOW()),
('a335768d-5741-4851-a434-66ee36324c54', 'https://i.scdn.co/image/ab67616d0000b273d0b9bdf8cb2cd260ce92baff', '640', NOW(), NOW()),
('a335768d-5741-4851-a434-66ee36324c54', 'https://i.scdn.co/image/ab67616d00001e02d0b9bdf8cb2cd260ce92baff', '300', NOW(), NOW()),
('a335768d-5741-4851-a434-66ee36324c54', 'https://i.scdn.co/image/ab67616d00004851d0b9bdf8cb2cd260ce92baff', '64', NOW(), NOW()),
('de554898-d5cf-44c9-996a-0630851fffad', 'https://i.scdn.co/image/ab67616d0000b2732aa7965527d556298709a77f', '640', NOW(), NOW()),
('de554898-d5cf-44c9-996a-0630851fffad', 'https://i.scdn.co/image/ab67616d00001e022aa7965527d556298709a77f', '300', NOW(), NOW()),
('de554898-d5cf-44c9-996a-0630851fffad', 'https://i.scdn.co/image/ab67616d000048512aa7965527d556298709a77f', '64', NOW(), NOW()),
('68dd6fd0-99d5-4a66-84ed-d975b1ffa26b', 'https://i.scdn.co/image/ab67616d0000b2737f9fff3323c60ac22c9e4aa2', '640', NOW(), NOW()),
('68dd6fd0-99d5-4a66-84ed-d975b1ffa26b', 'https://i.scdn.co/image/ab67616d00001e027f9fff3323c60ac22c9e4aa2', '300', NOW(), NOW()),
('68dd6fd0-99d5-4a66-84ed-d975b1ffa26b', 'https://i.scdn.co/image/ab67616d000048517f9fff3323c60ac22c9e4aa2', '64', NOW(), NOW()),
('74ca3398-8a52-4bf2-ab96-699542ad3737', 'https://i.scdn.co/image/ab67616d0000b273e4bf20e6f63995ff753aaa0a', '640', NOW(), NOW()),
('74ca3398-8a52-4bf2-ab96-699542ad3737', 'https://i.scdn.co/image/ab67616d00001e02e4bf20e6f63995ff753aaa0a', '300', NOW(), NOW()),
('74ca3398-8a52-4bf2-ab96-699542ad3737', 'https://i.scdn.co/image/ab67616d00004851e4bf20e6f63995ff753aaa0a', '64', NOW(), NOW()),
('0308ba57-c142-4869-80b3-36f12c4eaeb5', 'https://i.scdn.co/image/ab67616d0000b273fe9e14c77d47c00e9d76bf19', '640', NOW(), NOW()),
('0308ba57-c142-4869-80b3-36f12c4eaeb5', 'https://i.scdn.co/image/ab67616d00001e02fe9e14c77d47c00e9d76bf19', '300', NOW(), NOW()),
('0308ba57-c142-4869-80b3-36f12c4eaeb5', 'https://i.scdn.co/image/ab67616d00004851fe9e14c77d47c00e9d76bf19', '64', NOW(), NOW()),
('0d6772b8-7f79-4e35-b7ed-77a47e9900f4', 'https://i.scdn.co/image/ab67616d0000b2734a77435a2edc20b0359b0a7a', '640', NOW(), NOW()),
('0d6772b8-7f79-4e35-b7ed-77a47e9900f4', 'https://i.scdn.co/image/ab67616d00001e024a77435a2edc20b0359b0a7a', '300', NOW(), NOW()),
('0d6772b8-7f79-4e35-b7ed-77a47e9900f4', 'https://i.scdn.co/image/ab67616d000048514a77435a2edc20b0359b0a7a', '64', NOW(), NOW()),
('2c43236b-4ffc-4b0d-b4e7-c36653042227', 'https://i.scdn.co/image/ab67616d0000b27339e270e0dafec6a319146e6a', '640', NOW(), NOW()),
('2c43236b-4ffc-4b0d-b4e7-c36653042227', 'https://i.scdn.co/image/ab67616d00001e0239e270e0dafec6a319146e6a', '300', NOW(), NOW()),
('2c43236b-4ffc-4b0d-b4e7-c36653042227', 'https://i.scdn.co/image/ab67616d0000485139e270e0dafec6a319146e6a', '64', NOW(), NOW()),
('13bb5e0a-edac-4998-aecf-7ef6328d7e27', 'https://i.scdn.co/image/ab67616d0000b273b8f6c11abee18a99f9d12d95', '640', NOW(), NOW()),
('13bb5e0a-edac-4998-aecf-7ef6328d7e27', 'https://i.scdn.co/image/ab67616d00001e02b8f6c11abee18a99f9d12d95', '300', NOW(), NOW()),
('13bb5e0a-edac-4998-aecf-7ef6328d7e27', 'https://i.scdn.co/image/ab67616d00004851b8f6c11abee18a99f9d12d95', '64', NOW(), NOW()),
('75f7c598-d3dc-4545-822e-66c4cd6d5e74', 'https://i.scdn.co/image/ab67616d0000b2735235cc3fd23ba283e421f82e', '640', NOW(), NOW()),
('75f7c598-d3dc-4545-822e-66c4cd6d5e74', 'https://i.scdn.co/image/ab67616d00001e025235cc3fd23ba283e421f82e', '300', NOW(), NOW()),
('75f7c598-d3dc-4545-822e-66c4cd6d5e74', 'https://i.scdn.co/image/ab67616d000048515235cc3fd23ba283e421f82e', '64', NOW(), NOW()),
('ba155ecb-4853-4f8a-a217-a32f109e95ec', 'https://i.scdn.co/image/ab67616d0000b2733dda0fdba37439fe2057113d', '640', NOW(), NOW()),
('ba155ecb-4853-4f8a-a217-a32f109e95ec', 'https://i.scdn.co/image/ab67616d00001e023dda0fdba37439fe2057113d', '300', NOW(), NOW()),
('ba155ecb-4853-4f8a-a217-a32f109e95ec', 'https://i.scdn.co/image/ab67616d000048513dda0fdba37439fe2057113d', '64', NOW(), NOW()),
('728cdf0b-1193-4cf9-b718-dabb97df9e7c', 'https://i.scdn.co/image/ab67616d0000b2731ef78855fce24fbf30adc5dc', '640', NOW(), NOW()),
('728cdf0b-1193-4cf9-b718-dabb97df9e7c', 'https://i.scdn.co/image/ab67616d00001e021ef78855fce24fbf30adc5dc', '300', NOW(), NOW()),
('728cdf0b-1193-4cf9-b718-dabb97df9e7c', 'https://i.scdn.co/image/ab67616d000048511ef78855fce24fbf30adc5dc', '64', NOW(), NOW()),
('c6e4fe16-d37d-4a84-af77-d1f757ba7273', 'https://i.scdn.co/image/ab67616d0000b27334ec2bee26b58c07ec2872fd', '640', NOW(), NOW()),
('c6e4fe16-d37d-4a84-af77-d1f757ba7273', 'https://i.scdn.co/image/ab67616d00001e0234ec2bee26b58c07ec2872fd', '300', NOW(), NOW()),
('c6e4fe16-d37d-4a84-af77-d1f757ba7273', 'https://i.scdn.co/image/ab67616d0000485134ec2bee26b58c07ec2872fd', '64', NOW(), NOW()),
('3dfa2c8e-f9d4-432d-8e4d-83bf5a832ec2', 'https://i.scdn.co/image/ab67616d0000b27363cb85fbcd629147ddfc42c7', '640', NOW(), NOW()),
('3dfa2c8e-f9d4-432d-8e4d-83bf5a832ec2', 'https://i.scdn.co/image/ab67616d00001e0263cb85fbcd629147ddfc42c7', '300', NOW(), NOW()),
('3dfa2c8e-f9d4-432d-8e4d-83bf5a832ec2', 'https://i.scdn.co/image/ab67616d0000485163cb85fbcd629147ddfc42c7', '64', NOW(), NOW()),
('c4309719-6b6e-4ce6-bd44-d65012038127', 'https://i.scdn.co/image/ab67616d0000b27387804726f6db818095a40a86', '640', NOW(), NOW()),
('c4309719-6b6e-4ce6-bd44-d65012038127', 'https://i.scdn.co/image/ab67616d00001e0287804726f6db818095a40a86', '300', NOW(), NOW()),
('c4309719-6b6e-4ce6-bd44-d65012038127', 'https://i.scdn.co/image/ab67616d0000485187804726f6db818095a40a86', '64', NOW(), NOW()),
('b50c5961-13b5-4da4-883a-bf6cf55d07c2', 'https://i.scdn.co/image/ab67616d0000b27308d4e5d5e3077e955394b955', '640', NOW(), NOW()),
('b50c5961-13b5-4da4-883a-bf6cf55d07c2', 'https://i.scdn.co/image/ab67616d00001e0208d4e5d5e3077e955394b955', '300', NOW(), NOW()),
('b50c5961-13b5-4da4-883a-bf6cf55d07c2', 'https://i.scdn.co/image/ab67616d0000485108d4e5d5e3077e955394b955', '64', NOW(), NOW()),
('7a921d03-a4dd-46e1-9561-685a5c2db0e4', 'https://i.scdn.co/image/ab67616d0000b27376e7e06d1055c78e3a6c708d', '640', NOW(), NOW()),
('7a921d03-a4dd-46e1-9561-685a5c2db0e4', 'https://i.scdn.co/image/ab67616d00001e0276e7e06d1055c78e3a6c708d', '300', NOW(), NOW()),
('7a921d03-a4dd-46e1-9561-685a5c2db0e4', 'https://i.scdn.co/image/ab67616d0000485176e7e06d1055c78e3a6c708d', '64', NOW(), NOW()),
('1a8ba9cb-393e-4b42-afee-026c2fa04f61', 'https://i.scdn.co/image/ab67616d0000b273249a43032d1fe3061f296e14', '640', NOW(), NOW()),
('1a8ba9cb-393e-4b42-afee-026c2fa04f61', 'https://i.scdn.co/image/ab67616d00001e02249a43032d1fe3061f296e14', '300', NOW(), NOW()),
('1a8ba9cb-393e-4b42-afee-026c2fa04f61', 'https://i.scdn.co/image/ab67616d00004851249a43032d1fe3061f296e14', '64', NOW(), NOW()),
('0af08efa-1fef-479e-97c3-b46bf1045539', 'https://i.scdn.co/image/ab67616d0000b273e1957cbdff8f43e9323ee083', '640', NOW(), NOW()),
('0af08efa-1fef-479e-97c3-b46bf1045539', 'https://i.scdn.co/image/ab67616d00001e02e1957cbdff8f43e9323ee083', '300', NOW(), NOW()),
('0af08efa-1fef-479e-97c3-b46bf1045539', 'https://i.scdn.co/image/ab67616d00004851e1957cbdff8f43e9323ee083', '64', NOW(), NOW()),
('e5eb773b-2886-4a3c-a687-e542cef2726f', 'https://i.scdn.co/image/ab67616d0000b2733be60c920919fb8c83659dad', '640', NOW(), NOW()),
('e5eb773b-2886-4a3c-a687-e542cef2726f', 'https://i.scdn.co/image/ab67616d00001e023be60c920919fb8c83659dad', '300', NOW(), NOW()),
('e5eb773b-2886-4a3c-a687-e542cef2726f', 'https://i.scdn.co/image/ab67616d000048513be60c920919fb8c83659dad', '64', NOW(), NOW()),
('da8fc2f0-f9fa-4360-9a1e-853780501ac0', 'https://i.scdn.co/image/ab67616d0000b273b2520ca139cfc7898e90d60e', '640', NOW(), NOW()),
('da8fc2f0-f9fa-4360-9a1e-853780501ac0', 'https://i.scdn.co/image/ab67616d00001e02b2520ca139cfc7898e90d60e', '300', NOW(), NOW()),
('da8fc2f0-f9fa-4360-9a1e-853780501ac0', 'https://i.scdn.co/image/ab67616d00004851b2520ca139cfc7898e90d60e', '64', NOW(), NOW()),
('5c72b0f3-94cf-4c01-83b7-c4a84072cf9b', 'https://i.scdn.co/image/ab67616d0000b273a6394e8d532838f821a972bc', '640', NOW(), NOW()),
('5c72b0f3-94cf-4c01-83b7-c4a84072cf9b', 'https://i.scdn.co/image/ab67616d00001e02a6394e8d532838f821a972bc', '300', NOW(), NOW()),
('5c72b0f3-94cf-4c01-83b7-c4a84072cf9b', 'https://i.scdn.co/image/ab67616d00004851a6394e8d532838f821a972bc', '64', NOW(), NOW()),
('cae241da-b42a-4f86-a155-3305435d62b6', 'https://i.scdn.co/image/ab67616d0000b273d2750b7b5b9bda7100c6d1a3', '640', NOW(), NOW()),
('cae241da-b42a-4f86-a155-3305435d62b6', 'https://i.scdn.co/image/ab67616d00001e02d2750b7b5b9bda7100c6d1a3', '300', NOW(), NOW()),
('cae241da-b42a-4f86-a155-3305435d62b6', 'https://i.scdn.co/image/ab67616d00004851d2750b7b5b9bda7100c6d1a3', '64', NOW(), NOW()),
('c825ccae-1ea6-4304-b080-30b7fad870fd', 'https://i.scdn.co/image/ab67616d0000b2738d22cd7a72989779f9a60f61', '640', NOW(), NOW()),
('c825ccae-1ea6-4304-b080-30b7fad870fd', 'https://i.scdn.co/image/ab67616d00001e028d22cd7a72989779f9a60f61', '300', NOW(), NOW()),
('c825ccae-1ea6-4304-b080-30b7fad870fd', 'https://i.scdn.co/image/ab67616d000048518d22cd7a72989779f9a60f61', '64', NOW(), NOW()),
('46d444f4-6d49-40f7-870c-d0c35fdc389a', 'https://i.scdn.co/image/ab67616d0000b273823cd79c00bb3635ef2fc680', '640', NOW(), NOW()),
('46d444f4-6d49-40f7-870c-d0c35fdc389a', 'https://i.scdn.co/image/ab67616d00001e02823cd79c00bb3635ef2fc680', '300', NOW(), NOW()),
('46d444f4-6d49-40f7-870c-d0c35fdc389a', 'https://i.scdn.co/image/ab67616d00004851823cd79c00bb3635ef2fc680', '64', NOW(), NOW()),
('360932e1-4962-4029-a1f1-2ea5f675e163', 'https://i.scdn.co/image/ab67616d0000b2738faca292dc30e3e240b00119', '640', NOW(), NOW()),
('360932e1-4962-4029-a1f1-2ea5f675e163', 'https://i.scdn.co/image/ab67616d00001e028faca292dc30e3e240b00119', '300', NOW(), NOW()),
('360932e1-4962-4029-a1f1-2ea5f675e163', 'https://i.scdn.co/image/ab67616d000048518faca292dc30e3e240b00119', '64', NOW(), NOW()),
('c7b3e6e4-e36a-4df2-a21f-57e7e220041b', 'https://i.scdn.co/image/ab67616d0000b273caa7ef3c1e269ce6b12f6b3e', '640', NOW(), NOW()),
('c7b3e6e4-e36a-4df2-a21f-57e7e220041b', 'https://i.scdn.co/image/ab67616d00001e02caa7ef3c1e269ce6b12f6b3e', '300', NOW(), NOW()),
('c7b3e6e4-e36a-4df2-a21f-57e7e220041b', 'https://i.scdn.co/image/ab67616d00004851caa7ef3c1e269ce6b12f6b3e', '64', NOW(), NOW()),
('e42e9ba0-7607-4a8c-a57a-5f8593ab87da', 'https://i.scdn.co/image/ab67616d0000b2737237fe5c98454d61e231980c', '640', NOW(), NOW()),
('e42e9ba0-7607-4a8c-a57a-5f8593ab87da', 'https://i.scdn.co/image/ab67616d00001e027237fe5c98454d61e231980c', '300', NOW(), NOW()),
('e42e9ba0-7607-4a8c-a57a-5f8593ab87da', 'https://i.scdn.co/image/ab67616d000048517237fe5c98454d61e231980c', '64', NOW(), NOW()),
('b6471a6e-1410-4d69-8367-4810dca29bb1', 'https://i.scdn.co/image/ab67616d0000b2732f39f6e41c8d52ea339673ee', '640', NOW(), NOW()),
('b6471a6e-1410-4d69-8367-4810dca29bb1', 'https://i.scdn.co/image/ab67616d00001e022f39f6e41c8d52ea339673ee', '300', NOW(), NOW()),
('b6471a6e-1410-4d69-8367-4810dca29bb1', 'https://i.scdn.co/image/ab67616d000048512f39f6e41c8d52ea339673ee', '64', NOW(), NOW()),
('b32ff6e5-feac-4680-8b87-2eef9a946474', 'https://i.scdn.co/image/ab67616d0000b2739c8874e0a7e0b663602bb148', '640', NOW(), NOW()),
('b32ff6e5-feac-4680-8b87-2eef9a946474', 'https://i.scdn.co/image/ab67616d00001e029c8874e0a7e0b663602bb148', '300', NOW(), NOW()),
('b32ff6e5-feac-4680-8b87-2eef9a946474', 'https://i.scdn.co/image/ab67616d000048519c8874e0a7e0b663602bb148', '64', NOW(), NOW()),
('f1974261-ef66-432c-97a5-aac61c56375f', 'https://i.scdn.co/image/ab67616d0000b2732922307c16bb852a0849bea0', '640', NOW(), NOW()),
('f1974261-ef66-432c-97a5-aac61c56375f', 'https://i.scdn.co/image/ab67616d00001e022922307c16bb852a0849bea0', '300', NOW(), NOW()),
('f1974261-ef66-432c-97a5-aac61c56375f', 'https://i.scdn.co/image/ab67616d000048512922307c16bb852a0849bea0', '64', NOW(), NOW()),
('328f2a5f-b382-4a15-9f43-da395a7a368a', 'https://i.scdn.co/image/ab67616d0000b273710f5334ce7a356e2b370822', '640', NOW(), NOW()),
('328f2a5f-b382-4a15-9f43-da395a7a368a', 'https://i.scdn.co/image/ab67616d00001e02710f5334ce7a356e2b370822', '300', NOW(), NOW()),
('328f2a5f-b382-4a15-9f43-da395a7a368a', 'https://i.scdn.co/image/ab67616d00004851710f5334ce7a356e2b370822', '64', NOW(), NOW()),
('d840ac96-e9bf-48ed-af28-4806ff06d2d8', 'https://i.scdn.co/image/ab67616d0000b27326259b2434afe2ee9808900a', '640', NOW(), NOW()),
('d840ac96-e9bf-48ed-af28-4806ff06d2d8', 'https://i.scdn.co/image/ab67616d00001e0226259b2434afe2ee9808900a', '300', NOW(), NOW()),
('d840ac96-e9bf-48ed-af28-4806ff06d2d8', 'https://i.scdn.co/image/ab67616d0000485126259b2434afe2ee9808900a', '64', NOW(), NOW()),
('446d86fb-bd3c-42d9-af31-5bd61c477bd7', 'https://i.scdn.co/image/ab67616d0000b273d1725168c1e8501d1bf28299', '640', NOW(), NOW()),
('446d86fb-bd3c-42d9-af31-5bd61c477bd7', 'https://i.scdn.co/image/ab67616d00001e02d1725168c1e8501d1bf28299', '300', NOW(), NOW()),
('446d86fb-bd3c-42d9-af31-5bd61c477bd7', 'https://i.scdn.co/image/ab67616d00004851d1725168c1e8501d1bf28299', '64', NOW(), NOW()),
('740a8188-7ea6-4849-8c44-281c095c50c4', 'https://i.scdn.co/image/ab67616d0000b273b7826a757394f1632450d249', '640', NOW(), NOW()),
('740a8188-7ea6-4849-8c44-281c095c50c4', 'https://i.scdn.co/image/ab67616d00001e02b7826a757394f1632450d249', '300', NOW(), NOW()),
('740a8188-7ea6-4849-8c44-281c095c50c4', 'https://i.scdn.co/image/ab67616d00004851b7826a757394f1632450d249', '64', NOW(), NOW());



INSERT INTO "Song" ("id", "albumId", "title", "duration", "lyric", "filePathAudio", "privacy", "uploadUserId", "createdAt", "updatedAt") VALUES
('0ec35c4c-d9d0-4b60-a18a-6be72b914661', '51cd44f7-1748-4f05-bb42-1c288b0c2dfc', 'Intro', '59697', 'lyric', 'https://audiomelodies.nyc3.digitaloceanspaces.com/LOC/SOOBIN/BATNOLEN/Intro.m4a', FALSE, NULL, NOW(), NOW()),
('0eec17ba-5865-4448-b681-20388f100855', '51cd44f7-1748-4f05-bb42-1c288b0c2dfc', 'DANCING IN THE DARK', '227458', 'lyric', 'https://audiomelodies.nyc3.digitaloceanspaces.com/LOC/SOOBIN/BATNOLEN/DANCINGINTHEDARK.m4a', FALSE, NULL, NOW(), NOW()),
('583463f5-1915-4d22-a86e-dde79649f3b9', '51cd44f7-1748-4f05-bb42-1c288b0c2dfc', 'Sunset In The City - Deluxe Version', '225600', 'lyric', 'https://audiomelodies.nyc3.digitaloceanspaces.com/LOC/SOOBIN/BATNOLEN/SunsetInTheCityDeluxeVersion.m4a', FALSE, NULL, NOW(), NOW()),
('20a8a497-ebfd-490d-a3cb-b0ce0452bef8', '51cd44f7-1748-4f05-bb42-1c288b0c2dfc', 'Sẽ Quên Em Nhanh Thôi', '175571', 'lyric', 'https://audiomelodies.nyc3.digitaloceanspaces.com/LOC/SOOBIN/BATNOLEN/SeQuenEmNhanhThoi.m4a', FALSE, NULL, NOW(), NOW()),
('5353bf70-1e83-4d5b-a1b0-7123f34d4313', '51cd44f7-1748-4f05-bb42-1c288b0c2dfc', 'giá như', '223200', 'lyric', 'https://audiomelodies.nyc3.digitaloceanspaces.com/LOC/SOOBIN/BATNOLEN/gianhu.m4a', FALSE, NULL, NOW(), NOW()),
('6748a744-87ad-496a-8dd8-ee9255b65afc', '51cd44f7-1748-4f05-bb42-1c288b0c2dfc', 'Ai Mà Biết Được (feat. tlinh)', '240000', 'lyric', 'https://audiomelodies.nyc3.digitaloceanspaces.com/LOC/SOOBIN/BATNOLEN/AiMaBietDuocfeattlinh.m4a', FALSE, NULL, NOW(), NOW()),
('8990692a-ed0b-44f7-ac10-d33568840ca6', '51cd44f7-1748-4f05-bb42-1c288b0c2dfc', 'Bật Nó Lên', '233732', 'lyric', 'https://audiomelodies.nyc3.digitaloceanspaces.com/LOC/SOOBIN/BATNOLEN/BatNoLen.m4a', FALSE, NULL, NOW(), NOW()),
('123743b3-5eaa-4957-a60c-a061dcfbb9cc', '51cd44f7-1748-4f05-bb42-1c288b0c2dfc', 'Heyyy', '197142', 'lyric', 'https://audiomelodies.nyc3.digitaloceanspaces.com/LOC/SOOBIN/BATNOLEN/Heyyy.m4a', FALSE, NULL, NOW(), NOW()),
('e1bf8f9e-be81-4e27-a4f0-b9f66a94daaf', '51cd44f7-1748-4f05-bb42-1c288b0c2dfc', 'Luật Anh (feat. Andree Right Hand)', '199500', 'lyric', 'https://audiomelodies.nyc3.digitaloceanspaces.com/LOC/SOOBIN/BATNOLEN/LuatAnhfeatAndreeRightHand.m4a', FALSE, NULL, NOW(), NOW()),
('54d6825b-cee1-4cd4-aa19-aa6c75192d76', '51cd44f7-1748-4f05-bb42-1c288b0c2dfc', 'Lu Mờ (feat. Kris V)', '225230', 'lyric', 'https://audiomelodies.nyc3.digitaloceanspaces.com/LOC/SOOBIN/BATNOLEN/LuMofeatKrisV.m4a', FALSE, NULL, NOW(), NOW()),
('faaf99dc-aaa4-4724-b676-8f421c66bd71', '6eddc048-9be5-4b16-9da7-41a78bd4f2dd', 'Ai Kho Vi Ai', '233964', 'lyric', 'https://audiomelodies.nyc3.digitaloceanspaces.com/LOC/SOOBIN/TheRemix2016/AiKhoViAi.m4a', FALSE, NULL, NOW(), NOW()),
('af4c2940-c2c1-4b07-9cbe-2d495a1af8d8', '6eddc048-9be5-4b16-9da7-41a78bd4f2dd', 'Chi Toi', '217762', 'lyric', 'https://audiomelodies.nyc3.digitaloceanspaces.com/LOC/SOOBIN/TheRemix2016/ChiToi.m4a', FALSE, NULL, NOW(), NOW()),
('ca9d9edd-38d3-4fc2-97f2-7a1f39350572', '6eddc048-9be5-4b16-9da7-41a78bd4f2dd', 'Chuyen Chang Co Don', '225600', 'lyric', 'https://audiomelodies.nyc3.digitaloceanspaces.com/LOC/SOOBIN/TheRemix2016/ChuyenChangCoDon.m4a', FALSE, NULL, NOW(), NOW()),
('5d4dcca1-9668-4081-9655-30015bf1fdae', '6eddc048-9be5-4b16-9da7-41a78bd4f2dd', 'Day Dream', '258000', 'lyric', 'https://audiomelodies.nyc3.digitaloceanspaces.com/LOC/SOOBIN/TheRemix2016/DayDream.m4a', FALSE, NULL, NOW(), NOW()),
('0a99b86b-d4bc-482b-851b-085ba3dba069', '6eddc048-9be5-4b16-9da7-41a78bd4f2dd', 'Sorry', '218181', 'lyric', 'https://audiomelodies.nyc3.digitaloceanspaces.com/LOC/SOOBIN/TheRemix2016/Sorry.m4a', FALSE, NULL, NOW(), NOW()),
('163b2d87-7ed5-43c9-b8e9-87b77b103dc4', '6eddc048-9be5-4b16-9da7-41a78bd4f2dd', 'Tim Lai Reu Phong', '248470', 'lyric', 'https://audiomelodies.nyc3.digitaloceanspaces.com/LOC/SOOBIN/TheRemix2016/TimLaiReuPhong.m4a', FALSE, NULL, NOW(), NOW()),
('7c77b7c5-5b68-4999-8f60-6290262064e7', '6eddc048-9be5-4b16-9da7-41a78bd4f2dd', 'Ve Khoi', '240000', 'lyric', 'https://audiomelodies.nyc3.digitaloceanspaces.com/LOC/SOOBIN/TheRemix2016/VeKhoi.m4a', FALSE, NULL, NOW(), NOW()),
('b5226cb3-29b1-43a0-9b84-1632003bed68', '6eddc048-9be5-4b16-9da7-41a78bd4f2dd', 'Vui Di Em', '241951', 'lyric', 'https://audiomelodies.nyc3.digitaloceanspaces.com/LOC/SOOBIN/TheRemix2016/VuiDiEm.m4a', FALSE, NULL, NOW(), NOW()),
('5cbff000-b9b5-4b55-9360-82adad448a80', '6eddc048-9be5-4b16-9da7-41a78bd4f2dd', 'Vut Tan', '198857', 'lyric', 'https://audiomelodies.nyc3.digitaloceanspaces.com/LOC/SOOBIN/TheRemix2016/VutTan.m4a', FALSE, NULL, NOW(), NOW()),
('26e77623-e3bc-4254-9cc7-9f4a52bd0162', '2f518bc5-1b16-4dc7-b38a-26defee72536', 'Tiến Tới Ước Mơ (feat. Rhymastic & SlimV)', '209655', 'lyric', 'https://audiomelodies.nyc3.digitaloceanspaces.com/LOC/SOOBIN/TienToiUocMofeatRhymasticSlimV/TienToiUocMofeatRhymasticSlimV.m4a', FALSE, NULL, NOW(), NOW()),
('7bc77af2-414a-45f5-9b75-c19540cfc60b', '68b9605f-786b-4d55-8405-d19f11ae1f09', 'It''s A New Dawn (feat. CHARLES. & Kriss Ngo)', '219212', 'lyric', 'https://audiomelodies.nyc3.digitaloceanspaces.com/LOC/SOOBIN/ItsANewDawnfeatCHARLESKrissNgo/ItsANewDawnfeatCHARLESKrissNgo.m4a', FALSE, NULL, NOW(), NOW()),
('99b49029-8e74-4fee-bb5d-d579e7c9f118', 'a335768d-5741-4851-a434-66ee36324c54', 'giá như', '223200', 'lyric', 'https://audiomelodies.nyc3.digitaloceanspaces.com/LOC/SOOBIN/gianhu/gianhu.m4a', FALSE, NULL, NOW(), NOW()),
('98968707-7595-48ff-a315-dedae2a23e75', 'de554898-d5cf-44c9-996a-0630851fffad', 'Heyyy', '197142', 'lyric', 'https://audiomelodies.nyc3.digitaloceanspaces.com/LOC/SOOBIN/Heyyy/Heyyy.m4a', FALSE, NULL, NOW(), NOW()),
('47f35210-6ac6-48e3-a8f8-aa37e8b508cf', '68dd6fd0-99d5-4a66-84ed-d975b1ffa26b', 'Still', '245973', 'lyric', 'https://audiomelodies.nyc3.digitaloceanspaces.com/LOC/SOOBIN/still/Still.m4a', FALSE, NULL, NOW(), NOW()),
('a652c26c-8eab-4096-a66d-14b44423e22c', '68dd6fd0-99d5-4a66-84ed-d975b1ffa26b', 'Still (inst.)', '244080', 'lyric', 'nan', FALSE, NULL, NOW(), NOW()),
('444153a0-575d-45cd-9042-54fb7ad90a2b', '74ca3398-8a52-4bf2-ab96-699542ad3737', 'Sunset In The City', '224100', 'lyric', 'https://audiomelodies.nyc3.digitaloceanspaces.com/LOC/SOOBIN/SunsetInTheCity/SunsetInTheCity.m4a', FALSE, NULL, NOW(), NOW()),
('6d60bedf-8e90-46b8-b6e2-c263a1c2408d', '0308ba57-c142-4869-80b3-36f12c4eaeb5', 'Tự Yours', '234905', 'lyric', 'https://audiomelodies.nyc3.digitaloceanspaces.com/LOC/SOOBIN/TuYours/TuYours.m4a', FALSE, NULL, NOW(), NOW()),
('72841bce-eb9a-4f53-a21b-c248cbed1254', '0d6772b8-7f79-4e35-b7ed-77a47e9900f4', 'Vui Đi Em (TINLE Remix)', '252280', 'lyric', 'https://audiomelodies.nyc3.digitaloceanspaces.com/LOC/SOOBIN/VuiiEmTINLERemix/VuiDiEmTINLERemix.m4a', FALSE, NULL, NOW(), NOW()),
('aa13b36d-1c37-4434-ab0f-22854df26cae', '2c43236b-4ffc-4b0d-b4e7-c36653042227', 'Day Dream (TINLE Remix)', '206111', 'lyric', 'https://audiomelodies.nyc3.digitaloceanspaces.com/LOC/SOOBIN/DayDreamTINLERemix/DayDreamTINLERemix.m4a', FALSE, NULL, NOW(), NOW()),
('09ad4917-f355-43dc-b3ae-f7d4a0bbfa16', '13bb5e0a-edac-4998-aecf-7ef6328d7e27', 'BLACKJACK (TINLE Remix)', '198947', 'lyric', 'https://audiomelodies.nyc3.digitaloceanspaces.com/LOC/SOOBIN/BLACKJACKTINLERemix/BLACKJACKTINLERemix.m4a', FALSE, NULL, NOW(), NOW()),
('d9b797c0-a3df-4e2d-b4a2-024bc5e53759', '75f7c598-d3dc-4545-822e-66c4cd6d5e74', 'Tháng Năm - Kodeine & Chariot Radio Mix', '309373', 'lyric', 'https://audiomelodies.nyc3.digitaloceanspaces.com/LOC/SOOBIN/ThangNamRemixes/ThangNamKodeineChariotRadioMix.m4a', FALSE, NULL, NOW(), NOW()),
('8bd8431c-f36f-41ed-b0ef-5a1996eef011', '75f7c598-d3dc-4545-822e-66c4cd6d5e74', 'Tháng Năm - Kodeine & Chariot Extended Mix', '367500', 'lyric', 'https://audiomelodies.nyc3.digitaloceanspaces.com/LOC/SOOBIN/ThangNamRemixes/ThangNamKodeineChariotExtendedMix.m4a', FALSE, NULL, NOW(), NOW()),
('82e66167-8723-4810-9346-8179b16066b9', '75f7c598-d3dc-4545-822e-66c4cd6d5e74', 'Tháng Năm - Duy B & Trix Radio Mix', '223125', 'lyric', 'https://audiomelodies.nyc3.digitaloceanspaces.com/LOC/SOOBIN/ThangNamRemixes/ThangNamDuyBTrixRadioMix.m4a', FALSE, NULL, NOW(), NOW()),
('de380ac4-4baa-4ff9-873b-2ea66b57eed0', '75f7c598-d3dc-4545-822e-66c4cd6d5e74', 'Tháng Năm - Duy B & Trix Extended Mix', '285000', 'lyric', 'https://audiomelodies.nyc3.digitaloceanspaces.com/LOC/SOOBIN/ThangNamRemixes/ThangNamDuyBTrixExtendedMix.m4a', FALSE, NULL, NOW(), NOW()),
('dfaccdf3-1bf7-4c43-be42-0a8ef0f85b2c', 'ba155ecb-4853-4f8a-a217-a32f109e95ec', 'Hurricane - Naraka', '225326', 'lyric', 'https://audiomelodies.nyc3.digitaloceanspaces.com/LOC/SOOBIN/HurricaneNaraka/HurricaneNaraka.m4a', FALSE, NULL, NOW(), NOW()),
('5abdf891-ada2-48f1-a708-88c5c34df938', '728cdf0b-1193-4cf9-b718-dabb97df9e7c', 'Nhanh lên nhé! (feat. Touliver & SlimV)', '240185', 'lyric', 'nan', FALSE, NULL, NOW(), NOW()),
('6f2bb9ec-f625-4d61-91ee-972afa1c0fa2', 'c6e4fe16-d37d-4a84-af77-d1f757ba7273', 'Freaky Squad (feat. Touliver)', '196800', 'lyric', 'nan', FALSE, NULL, NOW(), NOW()),
('4dd29983-6d03-4578-8ec6-489602b556c0', '3dfa2c8e-f9d4-432d-8e4d-83bf5a832ec2', 'The Playah (feat. SlimV) - Special Performance', '449577', 'lyric', 'https://audiomelodies.nyc3.digitaloceanspaces.com/LOC/SOOBIN/ThePlayahfeatSlimVSpecialPerformance/ThePlayahfeatSlimVSpecialPerformance.m4a', FALSE, NULL, NOW(), NOW()),
('9845f9f5-57d0-4870-a3f1-b4459907f4ba', 'c4309719-6b6e-4ce6-bd44-d65012038127', 'Trò Chơi', '196271', 'lyric', 'https://audiomelodies.nyc3.digitaloceanspaces.com/LOC/SOOBIN/ThePlayah/TroChoi.m4a', FALSE, NULL, NOW(), NOW()),
('ec7e3915-66b4-4f18-bcf2-5369d9689961', 'c4309719-6b6e-4ce6-bd44-d65012038127', 'BLACKJACK', '196742', 'lyric', 'https://audiomelodies.nyc3.digitaloceanspaces.com/LOC/SOOBIN/ThePlayah/BLACKJACK.m4a', FALSE, NULL, NOW(), NOW()),
('14eddb6c-6960-4935-9e4a-815a2045c8a1', 'c4309719-6b6e-4ce6-bd44-d65012038127', 'Tháng Năm', '225358', 'lyric', 'https://audiomelodies.nyc3.digitaloceanspaces.com/LOC/SOOBIN/ThePlayah/ThangNam.m4a', FALSE, NULL, NOW(), NOW()),
('bd4084b6-d390-4b17-9415-58469406cb18', 'b50c5961-13b5-4da4-883a-bf6cf55d07c2', 'Vẫn Nhớ', '191586', 'lyric', 'https://audiomelodies.nyc3.digitaloceanspaces.com/LOC/SOOBIN/VanNho/VanNho.m4a', FALSE, NULL, NOW(), NOW()),
('21397c28-4f18-4c21-b705-efbb4942ae64', '7a921d03-a4dd-46e1-9561-685a5c2db0e4', 'pretty', '222029', 'lyric', 'https://audiomelodies.nyc3.digitaloceanspaces.com/LOC/SOOBIN/pretty/pretty.m4a', FALSE, NULL, NOW(), NOW()),
('88eda24e-355f-4d36-97c0-2d17c88d7dbe', '7a921d03-a4dd-46e1-9561-685a5c2db0e4', 'pretty - Instrumental', '222029', 'lyric', 'nan', FALSE, NULL, NOW(), NOW()),
('a3b1385e-d130-4407-bfff-6a27ab14889a', '1a8ba9cb-393e-4b42-afee-026c2fa04f61', 'I Like You', '4863', 'lyric', 'nan', FALSE, NULL, NOW(), NOW()),
('018aac10-5d08-4f02-aac9-1da322286f7d', '1a8ba9cb-393e-4b42-afee-026c2fa04f61', 'Từng Ngày Em Mơ Về Anh', '212923', 'lyric', 'nan', FALSE, NULL, NOW(), NOW()),
('c503fae4-023a-40c7-b57b-d39aed8696a9', '0af08efa-1fef-479e-97c3-b46bf1045539', 'Daydreams - The Remix 2016', '255060', 'lyric', 'https://audiomelodies.nyc3.digitaloceanspaces.com/LOC/SOOBIN/DaydreamsTheRemix2016/DaydreamsTheRemix2016.m4a', FALSE, NULL, NOW(), NOW()),
('9f0cfb29-c588-4cbf-889a-3117e3c8d874', 'e5eb773b-2886-4a3c-a687-e542cef2726f', 'Chưa Có Người Yêu', '204179', 'lyric', 'nan', FALSE, NULL, NOW(), NOW()),
('644a8dca-f8b6-44fc-80fd-1010f7f32ccd', 'da8fc2f0-f9fa-4360-9a1e-853780501ac0', 'Say Goodbye', '246857', 'lyric', 'https://audiomelodies.nyc3.digitaloceanspaces.com/LOC/SOOBIN/SayGoodbye/SayGoodbye.m4a', FALSE, NULL, NOW(), NOW()),
('5e61db1d-f481-4897-8fac-f3e842afcc4a', '5c72b0f3-94cf-4c01-83b7-c4a84072cf9b', 'Và Thế Là Hết (Lalala Version 2)', '237505', 'lyric', 'https://audiomelodies.nyc3.digitaloceanspaces.com/LOC/SOOBIN/VaTheLaHetLalalaVersion2/VaTheLaHetLalalaVersion2.m4a', FALSE, NULL, NOW(), NOW()),
('d678683a-4d97-4cf4-a68c-adfbf18c1a09', 'cae241da-b42a-4f86-a155-3305435d62b6', 'Nếu Ngày Ấy', '292693', 'lyric', 'https://audiomelodies.nyc3.digitaloceanspaces.com/LOC/SOOBIN/NeuNgayAy/NeuNgayAy.m4a', FALSE, NULL, NOW(), NOW()),
('d79a6f05-419f-48a7-807f-d04e37d06c43', 'c825ccae-1ea6-4304-b080-30b7fad870fd', 'Đã Đến Lúc', '268480', 'lyric', 'https://audiomelodies.nyc3.digitaloceanspaces.com/LOC/SOOBIN/aenLuc/DaDenLuc.m4a', FALSE, NULL, NOW(), NOW()),
('6505173e-89b4-41ba-bc85-a3c44b596a6f', '46d444f4-6d49-40f7-870c-d0c35fdc389a', 'Em Không Tồn Tại', '259854', 'lyric', 'https://audiomelodies.nyc3.digitaloceanspaces.com/LOC/SOOBIN/EmKhongTonTai/EmKhongTonTai.m4a', FALSE, NULL, NOW(), NOW()),
('c0da95c3-16cb-4433-854f-5f7f324737f5', '360932e1-4962-4029-a1f1-2ea5f675e163', 'Between us', '186699', 'lyric', 'nan', FALSE, NULL, NOW(), NOW()),
('be9a68e5-1269-48ca-a9f7-6a609304273f', '360932e1-4962-4029-a1f1-2ea5f675e163', 'Đẹp Nhất Là Em(Between us)', '186699', 'lyric', 'nan', FALSE, NULL, NOW(), NOW()),
('082bf4c1-610c-4dcc-8781-a2efa0f53fe6', 'c7b3e6e4-e36a-4df2-a21f-57e7e220041b', 'Ngày Mai Em Đi', '218400', 'lyric', 'nan', FALSE, NULL, NOW(), NOW()),
('a14af2b7-385d-44a2-a96e-48d3768ad343', 'e42e9ba0-7607-4a8c-a57a-5f8593ab87da', 'Vinh Quang Đang Chờ Ta', '253968', 'lyric', 'nan', FALSE, NULL, NOW(), NOW()),
('ea4214c9-d786-4899-b945-b40713751020', 'b6471a6e-1410-4d69-8367-4810dca29bb1', 'Một Ngày Rất Khác', '195940', 'lyric', 'https://audiomelodies.nyc3.digitaloceanspaces.com/LOC/SOOBIN/MotNgayRatKhac/MotNgayRatKhac.m4a', FALSE, NULL, NOW(), NOW()),
('cef0dbc1-0ed3-43b2-8966-83162499a3d0', 'b32ff6e5-feac-4680-8b87-2eef9a946474', 'Di Va Yeu', '201467', 'lyric', 'https://audiomelodies.nyc3.digitaloceanspaces.com/LOC/SOOBIN/DiVaYeu/DiVaYeu.m4a', FALSE, NULL, NOW(), NOW()),
('3d4d25bb-18c3-4ef6-98dd-3f99a87e688f', 'f1974261-ef66-432c-97a5-aac61c56375f', 'Anh Đã Quen Với Cô Đơn', '268178', 'lyric', 'https://audiomelodies.nyc3.digitaloceanspaces.com/LOC/SOOBIN/AnhaQuenVoiCoon/AnhDaQuenVoiCoDon.m4a', FALSE, NULL, NOW(), NOW()),
('41af2d2e-dc47-4bdf-8d39-5c872e5df3e9', '328f2a5f-b382-4a15-9f43-da395a7a368a', 'Vai Lan Don Dua', '170666', 'lyric', 'nan', FALSE, NULL, NOW(), NOW()),
('621376d8-655b-4534-aaac-dbbd3b0caf79', 'd840ac96-e9bf-48ed-af28-4806ff06d2d8', 'Đi Để Trở Về', '202084', 'lyric', 'https://audiomelodies.nyc3.digitaloceanspaces.com/LOC/SOOBIN/ieTroVe/DiDeTroVe.m4a', FALSE, NULL, NOW(), NOW()),
('ae170599-df81-44fe-aa1d-68108d4f94bb', '446d86fb-bd3c-42d9-af31-5bd61c477bd7', 'Lalala', '255245', 'lyric', 'https://audiomelodies.nyc3.digitaloceanspaces.com/LOC/SOOBIN/Lalala/Lalala.m4a', FALSE, NULL, NOW(), NOW()),
('b73c86f9-3a28-42ce-a57b-9856cf709729', '740a8188-7ea6-4849-8c44-281c095c50c4', 'Vụt Tan', '196661', 'lyric', 'https://audiomelodies.nyc3.digitaloceanspaces.com/LOC/SOOBIN/VutTan/VutTan.m4a', FALSE, NULL, NOW(), NOW());



INSERT INTO "ArtistSong" ("songId", "artistId", "main", "createdAt", "updatedAt") VALUES
('0ec35c4c-d9d0-4b60-a18a-6be72b914661',  '80365470-ff86-4e7c-95e2-b0afadebd1f3', TRUE, NOW(), NOW()),
('0eec17ba-5865-4448-b681-20388f100855',  '80365470-ff86-4e7c-95e2-b0afadebd1f3', TRUE, NOW(), NOW()),
('583463f5-1915-4d22-a86e-dde79649f3b9',  '80365470-ff86-4e7c-95e2-b0afadebd1f3', TRUE, NOW(), NOW()),
('20a8a497-ebfd-490d-a3cb-b0ce0452bef8',  '80365470-ff86-4e7c-95e2-b0afadebd1f3', TRUE, NOW(), NOW()),
('5353bf70-1e83-4d5b-a1b0-7123f34d4313',  '80365470-ff86-4e7c-95e2-b0afadebd1f3', TRUE, NOW(), NOW()),
('6748a744-87ad-496a-8dd8-ee9255b65afc', '80365470-ff86-4e7c-95e2-b0afadebd1f3', TRUE, NOW(), NOW()),
('6748a744-87ad-496a-8dd8-ee9255b65afc', '0b56f889-ef10-4da9-ac5a-48f871cda9f7', FALSE, NOW(), NOW()),
('8990692a-ed0b-44f7-ac10-d33568840ca6',  '80365470-ff86-4e7c-95e2-b0afadebd1f3', TRUE, NOW(), NOW()),
('123743b3-5eaa-4957-a60c-a061dcfbb9cc',  '80365470-ff86-4e7c-95e2-b0afadebd1f3', TRUE, NOW(), NOW()),
('e1bf8f9e-be81-4e27-a4f0-b9f66a94daaf', '80365470-ff86-4e7c-95e2-b0afadebd1f3', TRUE, NOW(), NOW()),
('54d6825b-cee1-4cd4-aa19-aa6c75192d76', '80365470-ff86-4e7c-95e2-b0afadebd1f3', TRUE, NOW(), NOW()),
('faaf99dc-aaa4-4724-b676-8f421c66bd71',  '80365470-ff86-4e7c-95e2-b0afadebd1f3', TRUE, NOW(), NOW()),
('af4c2940-c2c1-4b07-9cbe-2d495a1af8d8',  '80365470-ff86-4e7c-95e2-b0afadebd1f3', TRUE, NOW(), NOW()),
('ca9d9edd-38d3-4fc2-97f2-7a1f39350572',  '80365470-ff86-4e7c-95e2-b0afadebd1f3', TRUE, NOW(), NOW()),
('5d4dcca1-9668-4081-9655-30015bf1fdae',  '80365470-ff86-4e7c-95e2-b0afadebd1f3', TRUE, NOW(), NOW()),
('0a99b86b-d4bc-482b-851b-085ba3dba069',  '80365470-ff86-4e7c-95e2-b0afadebd1f3', TRUE, NOW(), NOW()),
('163b2d87-7ed5-43c9-b8e9-87b77b103dc4',  '80365470-ff86-4e7c-95e2-b0afadebd1f3', TRUE, NOW(), NOW()),
('7c77b7c5-5b68-4999-8f60-6290262064e7',  '80365470-ff86-4e7c-95e2-b0afadebd1f3', TRUE, NOW(), NOW()),
('b5226cb3-29b1-43a0-9b84-1632003bed68',  '80365470-ff86-4e7c-95e2-b0afadebd1f3', TRUE, NOW(), NOW()),
('5cbff000-b9b5-4b55-9360-82adad448a80',  '80365470-ff86-4e7c-95e2-b0afadebd1f3', TRUE, NOW(), NOW()),
('26e77623-e3bc-4254-9cc7-9f4a52bd0162', '80365470-ff86-4e7c-95e2-b0afadebd1f3', TRUE, NOW(), NOW()),
('26e77623-e3bc-4254-9cc7-9f4a52bd0162', 'a4c1a9a0-363f-424d-bacb-506c2fe30c50', FALSE, NOW(), NOW()),
('26e77623-e3bc-4254-9cc7-9f4a52bd0162', 'fdc1b859-f3a5-4f4d-a481-33a3f9264945', FALSE, NOW(), NOW()),
('7bc77af2-414a-45f5-9b75-c19540cfc60b', '80365470-ff86-4e7c-95e2-b0afadebd1f3', TRUE, NOW(), NOW()),
('7bc77af2-414a-45f5-9b75-c19540cfc60b', 'a826f6f4-d7a6-47bb-96fd-270341eaa4ec', FALSE, NOW(), NOW()),
('7bc77af2-414a-45f5-9b75-c19540cfc60b', 'd76170e6-43f6-4ecb-b8a1-a0b5c8910c54', FALSE, NOW(), NOW()),
('99b49029-8e74-4fee-bb5d-d579e7c9f118',  '80365470-ff86-4e7c-95e2-b0afadebd1f3', TRUE, NOW(), NOW()),
('98968707-7595-48ff-a315-dedae2a23e75',  '80365470-ff86-4e7c-95e2-b0afadebd1f3', TRUE, NOW(), NOW()),
('47f35210-6ac6-48e3-a8f8-aa37e8b508cf',  '80365470-ff86-4e7c-95e2-b0afadebd1f3', TRUE, NOW(), NOW()),
('a652c26c-8eab-4096-a66d-14b44423e22c',  '80365470-ff86-4e7c-95e2-b0afadebd1f3', TRUE, NOW(), NOW()),
('444153a0-575d-45cd-9042-54fb7ad90a2b',  '80365470-ff86-4e7c-95e2-b0afadebd1f3', TRUE, NOW(), NOW()),
('6d60bedf-8e90-46b8-b6e2-c263a1c2408d',  '80365470-ff86-4e7c-95e2-b0afadebd1f3', TRUE, NOW(), NOW()),
('72841bce-eb9a-4f53-a21b-c248cbed1254', '80365470-ff86-4e7c-95e2-b0afadebd1f3', TRUE, NOW(), NOW()),
('aa13b36d-1c37-4434-ab0f-22854df26cae', '80365470-ff86-4e7c-95e2-b0afadebd1f3', TRUE, NOW(), NOW()),
('09ad4917-f355-43dc-b3ae-f7d4a0bbfa16', '80365470-ff86-4e7c-95e2-b0afadebd1f3', TRUE, NOW(), NOW()),
('09ad4917-f355-43dc-b3ae-f7d4a0bbfa16', '873802e5-db71-44fc-bf0f-467681865852', FALSE, NOW(), NOW()),
('d9b797c0-a3df-4e2d-b4a2-024bc5e53759', '80365470-ff86-4e7c-95e2-b0afadebd1f3', TRUE, NOW(), NOW()),
('8bd8431c-f36f-41ed-b0ef-5a1996eef011', '80365470-ff86-4e7c-95e2-b0afadebd1f3', TRUE, NOW(), NOW()),
('82e66167-8723-4810-9346-8179b16066b9', '80365470-ff86-4e7c-95e2-b0afadebd1f3', TRUE, NOW(), NOW()),
('de380ac4-4baa-4ff9-873b-2ea66b57eed0', '80365470-ff86-4e7c-95e2-b0afadebd1f3', TRUE, NOW(), NOW()),
('dfaccdf3-1bf7-4c43-be42-0a8ef0f85b2c',  '80365470-ff86-4e7c-95e2-b0afadebd1f3', TRUE, NOW(), NOW()),
('5abdf891-ada2-48f1-a708-88c5c34df938', 'a4c1a9a0-363f-424d-bacb-506c2fe30c50', TRUE, NOW(), NOW()),
('5abdf891-ada2-48f1-a708-88c5c34df938', '873802e5-db71-44fc-bf0f-467681865852', FALSE, NOW(), NOW()),
('5abdf891-ada2-48f1-a708-88c5c34df938', '80365470-ff86-4e7c-95e2-b0afadebd1f3', FALSE, NOW(), NOW()),
('5abdf891-ada2-48f1-a708-88c5c34df938', '24575546-ef43-4d19-b7f5-c3154d79738f', FALSE, NOW(), NOW()),
('5abdf891-ada2-48f1-a708-88c5c34df938', 'fdc1b859-f3a5-4f4d-a481-33a3f9264945', FALSE, NOW(), NOW()),
('6f2bb9ec-f625-4d61-91ee-972afa1c0fa2', 'a4c1a9a0-363f-424d-bacb-506c2fe30c50', TRUE, NOW(), NOW()),
('6f2bb9ec-f625-4d61-91ee-972afa1c0fa2', '873802e5-db71-44fc-bf0f-467681865852', FALSE, NOW(), NOW()),
('6f2bb9ec-f625-4d61-91ee-972afa1c0fa2', '80365470-ff86-4e7c-95e2-b0afadebd1f3', FALSE, NOW(), NOW()),
('6f2bb9ec-f625-4d61-91ee-972afa1c0fa2', '24575546-ef43-4d19-b7f5-c3154d79738f', FALSE, NOW(), NOW()),
('4dd29983-6d03-4578-8ec6-489602b556c0', '80365470-ff86-4e7c-95e2-b0afadebd1f3', TRUE, NOW(), NOW()),
('4dd29983-6d03-4578-8ec6-489602b556c0', 'fdc1b859-f3a5-4f4d-a481-33a3f9264945', FALSE, NOW(), NOW()),
('9845f9f5-57d0-4870-a3f1-b4459907f4ba',  '80365470-ff86-4e7c-95e2-b0afadebd1f3', TRUE, NOW(), NOW()),
('ec7e3915-66b4-4f18-bcf2-5369d9689961', '80365470-ff86-4e7c-95e2-b0afadebd1f3', TRUE, NOW(), NOW()),
('ec7e3915-66b4-4f18-bcf2-5369d9689961', '873802e5-db71-44fc-bf0f-467681865852', FALSE, NOW(), NOW()),
('14eddb6c-6960-4935-9e4a-815a2045c8a1',  '80365470-ff86-4e7c-95e2-b0afadebd1f3', TRUE, NOW(), NOW()),
('bd4084b6-d390-4b17-9415-58469406cb18',  '80365470-ff86-4e7c-95e2-b0afadebd1f3', TRUE, NOW(), NOW()),
('21397c28-4f18-4c21-b705-efbb4942ae64',  '80365470-ff86-4e7c-95e2-b0afadebd1f3', TRUE, NOW(), NOW()),
('88eda24e-355f-4d36-97c0-2d17c88d7dbe',  '80365470-ff86-4e7c-95e2-b0afadebd1f3', TRUE, NOW(), NOW()),
('a3b1385e-d130-4407-bfff-6a27ab14889a',  '5f378c91-d956-4b8f-a74e-e224a809a563', TRUE, NOW(), NOW()),
('018aac10-5d08-4f02-aac9-1da322286f7d', '5f378c91-d956-4b8f-a74e-e224a809a563', TRUE, NOW(), NOW()),
('018aac10-5d08-4f02-aac9-1da322286f7d', '80365470-ff86-4e7c-95e2-b0afadebd1f3', FALSE, NOW(), NOW()),
('c503fae4-023a-40c7-b57b-d39aed8696a9', '80365470-ff86-4e7c-95e2-b0afadebd1f3', TRUE, NOW(), NOW()),
('c503fae4-023a-40c7-b57b-d39aed8696a9', '06e584f8-b4de-4704-9f03-b06193c361fb', FALSE, NOW(), NOW()),
('c503fae4-023a-40c7-b57b-d39aed8696a9', 'a4c1a9a0-363f-424d-bacb-506c2fe30c50', FALSE, NOW(), NOW()),
('9f0cfb29-c588-4cbf-889a-3117e3c8d874', '6b21b772-6962-4bda-8f7d-53815d522dcb', TRUE, NOW(), NOW()),
('9f0cfb29-c588-4cbf-889a-3117e3c8d874', '80365470-ff86-4e7c-95e2-b0afadebd1f3', FALSE, NOW(), NOW()),
('644a8dca-f8b6-44fc-80fd-1010f7f32ccd',  '80365470-ff86-4e7c-95e2-b0afadebd1f3', TRUE, NOW(), NOW()),
('5e61db1d-f481-4897-8fac-f3e842afcc4a',  '80365470-ff86-4e7c-95e2-b0afadebd1f3', TRUE, NOW(), NOW()),
('d678683a-4d97-4cf4-a68c-adfbf18c1a09',  '80365470-ff86-4e7c-95e2-b0afadebd1f3', TRUE, NOW(), NOW()),
('d79a6f05-419f-48a7-807f-d04e37d06c43',  '80365470-ff86-4e7c-95e2-b0afadebd1f3', TRUE, NOW(), NOW()),
('6505173e-89b4-41ba-bc85-a3c44b596a6f',  '80365470-ff86-4e7c-95e2-b0afadebd1f3', TRUE, NOW(), NOW()),
('c0da95c3-16cb-4433-854f-5f7f324737f5', '293e377d-6c8c-4455-a848-5f0b8eace6d8', TRUE, NOW(), NOW()),
('c0da95c3-16cb-4433-854f-5f7f324737f5', '80365470-ff86-4e7c-95e2-b0afadebd1f3', FALSE, NOW(), NOW()),
('be9a68e5-1269-48ca-a9f7-6a609304273f', '293e377d-6c8c-4455-a848-5f0b8eace6d8', TRUE, NOW(), NOW()),
('be9a68e5-1269-48ca-a9f7-6a609304273f', '80365470-ff86-4e7c-95e2-b0afadebd1f3', FALSE, NOW(), NOW()),
('082bf4c1-610c-4dcc-8781-a2efa0f53fe6', '5d586028-1ced-4f5d-8c81-c3ad363cf7ba', TRUE, NOW(), NOW()),
('082bf4c1-610c-4dcc-8781-a2efa0f53fe6', '80365470-ff86-4e7c-95e2-b0afadebd1f3', FALSE, NOW(), NOW()),
('082bf4c1-610c-4dcc-8781-a2efa0f53fe6', '24575546-ef43-4d19-b7f5-c3154d79738f', FALSE, NOW(), NOW()),
('a14af2b7-385d-44a2-a96e-48d3768ad343', '7612c88e-dcf4-481e-8927-201fe0b43c67', TRUE, NOW(), NOW()),
('a14af2b7-385d-44a2-a96e-48d3768ad343', '80365470-ff86-4e7c-95e2-b0afadebd1f3', FALSE, NOW(), NOW()),
('a14af2b7-385d-44a2-a96e-48d3768ad343', 'a4c1a9a0-363f-424d-bacb-506c2fe30c50', FALSE, NOW(), NOW()),
('ea4214c9-d786-4899-b945-b40713751020', '80365470-ff86-4e7c-95e2-b0afadebd1f3', TRUE, NOW(), NOW()),
('ea4214c9-d786-4899-b945-b40713751020', '4908c84f-bd46-4d39-b517-9fa5085e7fc4', FALSE, NOW(), NOW()),
('cef0dbc1-0ed3-43b2-8966-83162499a3d0',  '80365470-ff86-4e7c-95e2-b0afadebd1f3', TRUE, NOW(), NOW()),
('3d4d25bb-18c3-4ef6-98dd-3f99a87e688f',  '80365470-ff86-4e7c-95e2-b0afadebd1f3', TRUE, NOW(), NOW()),
('41af2d2e-dc47-4bdf-8d39-5c872e5df3e9',  '80365470-ff86-4e7c-95e2-b0afadebd1f3', TRUE, NOW(), NOW()),
('621376d8-655b-4534-aaac-dbbd3b0caf79',  '80365470-ff86-4e7c-95e2-b0afadebd1f3', TRUE, NOW(), NOW()),
('ae170599-df81-44fe-aa1d-68108d4f94bb',  '80365470-ff86-4e7c-95e2-b0afadebd1f3', TRUE, NOW(), NOW()),
('b73c86f9-3a28-42ce-a57b-9856cf709729', '80365470-ff86-4e7c-95e2-b0afadebd1f3', TRUE, NOW(), NOW()),
('b73c86f9-3a28-42ce-a57b-9856cf709729', '14e20ee9-b5f9-42e6-95b1-b9730b58d957', FALSE, NOW(), NOW());







--------------------PhanManhQuynh



INSERT INTO "Album" ("albumId",  "title", "releaseDate", "albumType", "createdAt", "updatedAt") VALUES
('70523428-5aa2-4b43-a7f3-d753c5898a02', 'Giao Lộ Thời Gian', '2022-11-01', 'album', NOW(), NOW()),
('d2072f18-74fd-489e-9474-20bc27293343', 'Những Ngày Đầu', '2017-01-01', 'album', NOW(), NOW()),
('cac4601b-b33e-45ce-9c36-521bf386b1dd', 'Anh Ghét Làm Bạn Em', '2013-09-15', 'album', NOW(), NOW()),
('c450cb29-6cce-400c-ac9a-8eabfadd2dfa', 'Có Một Chuyện Tình (Theme Song From “Ngày Xưa Có Một Chuyện Tình")', '2024-10-10', 'single', NOW(), NOW()),
('d6bc5144-edba-4b00-835f-df738b032e65', 'Đưa Anh Về', '2024-07-27', 'single', NOW(), NOW()),
('ea5d3993-3bc0-4da7-b4b3-da869237468c', 'Sau Lời Từ Khước (Theme Song From "MAI")', '2024-02-14', 'single', NOW(), NOW()),
('27f071c4-a2b2-4f20-ab28-f5b731d0f954', 'Bôn Ba (Nước Ngoài)', '2024-01-18', 'single', NOW(), NOW()),
('75ad8797-0a0a-447f-abe1-b852b74314bd', 'Biết Ơn Bởi Đang Ở Lại', '2024-01-07', 'single', NOW(), NOW()),
('0d6f20d9-bc98-4e2d-a991-a97be1c43e38', 'Đèn Trời', '2023-12-13', 'single', NOW(), NOW()),
('d65745fa-a0d9-4276-9e58-55973519f6eb', 'Vườn Nhà', '2023-06-21', 'single', NOW(), NOW()),
('c96985d6-93f7-4099-8b1c-5ffc56c94e27', 'Chuyến Xe', '2023-04-26', 'single', NOW(), NOW()),
('1c35928d-4364-4213-b02e-04d3b9ac8fb6', 'Khi Người Mình Yêu Khóc 2 (Vinz x Hải Nam Remix)', '2023-03-08', 'single', NOW(), NOW()),
('ec5ca348-04d3-4946-aace-549761cbdc6d', 'Khi Người Mình Yêu Khóc (Vinz Remix)', '2023-03-08', 'single', NOW(), NOW()),
('191660c0-6c82-47d9-9451-5b77762e7e48', 'Đợi Chờ Đừng Cáu', '2023-01-16', 'single', NOW(), NOW()),
('938ec711-be07-4a35-90ab-4550bd732b28', 'Đa Đoan', '2022-09-28', 'single', NOW(), NOW()),
('23e0e18c-ed3c-4e2d-b392-47489d7c70c9', 'Tình Nhớ', '2022-06-08', 'single', NOW(), NOW()),
('8d73b944-ba81-4363-bd13-768160a21320', 'Nơi Dành Cho Các Thiên Thần', '2022-06-01', 'single', NOW(), NOW()),
('ae4cf520-c7c1-4f82-a4eb-0da446f7b742', 'Yêu Thương Tiếp Nối', '2022-01-28', 'single', NOW(), NOW()),
('98bb7518-4e39-406a-afa3-287c6eb702a8', 'Về', '2021-12-31', 'single', NOW(), NOW()),
('f7c23b08-da3a-4bd3-bcce-f1198c3a52d6', 'Gặp Gỡ, Yêu Đương Và Được Bên Em', '2021-08-08', 'single', NOW(), NOW()),
('794188e2-cd2e-4a63-bc1e-8ac29942fbd4', 'Nơi Ấy Con Tìm Về (Live At Tết Tân Thời)', '2021-02-22', 'single', NOW(), NOW()),
('f40dcbbf-bbb2-4df2-a5da-226310659adf', 'Có Chàng Trai Viết Lên Cây (DJ Version)', '2020-07-22', 'single', NOW(), NOW()),
('916c4775-2542-44e2-bc31-e4baaf9cb780', 'Đàn Ông Không Nói (feat. Karik)', '2020-01-01', 'single', NOW(), NOW()),
('51ecc1af-d01b-46e7-9d09-d58d4a7db681', 'Đi Để Trở Về Mashup', '2020-01-01', 'single', NOW(), NOW()),
('234870d3-b689-4f5b-a5c9-26051738d9df', 'Tết Về Sớm Nhé', '2020-01-01', 'single', NOW(), NOW()),
('29787766-8d43-4d2c-b12e-b81bbd475a93', 'Trong Ánh Mặt Trời (feat. Oanh Tiny)', '2020-01-01', 'single', NOW(), NOW()),
('12ed9538-7a3a-49f7-9a62-8751ee946244', 'Tri Kỷ', '2020-01-01', 'single', NOW(), NOW()),
('219e2e45-f7d2-48f2-bf6b-b23b51fa31bf', 'Sao Cha Không (From "Bố Già" Original Motion Picture Soundtrack)', '2020-01-01', 'single', NOW(), NOW()),
('b9f8cc4a-770b-4264-b31f-dceea9e865b7', 'Nắng Mùa Hạ', '2020-01-01', 'single', NOW(), NOW()),
('3222c5e8-e38e-41e4-9a98-1ded341ad67f', 'Nước Ngoài', '2020-01-01', 'single', NOW(), NOW()),
('cf95ee0f-7068-41f5-b41a-2392cd064f0a', 'Người Khác', '2020-01-01', 'single', NOW(), NOW()),
('7c141da5-14ef-4af7-b5cd-70e70a7f2d4f', 'NHẠT', '2020-01-01', 'single', NOW(), NOW()),
('1c3a05ed-944f-4ac4-8a40-ec228fc11694', 'Mất Hy Vọng', '2020-01-01', 'single', NOW(), NOW()),
('dfafc85e-49ab-4d24-be1e-80aabc64d62d', 'Miền Gian Khổ', '2020-01-01', 'single', NOW(), NOW()),
('59d1f782-e286-4c03-be41-e5e68c58e6a8', 'Hồi Ức', '2020-01-01', 'single', NOW(), NOW()),
('3dfceadd-bba8-4580-af81-a51e1fe22beb', 'Huyền Thoại', '2020-01-01', 'single', NOW(), NOW()),
('a10ea7eb-58b3-4fb6-9fb8-e35c244f84f2', 'Có Một Nơi Như Thế', '2020-01-01', 'single', NOW(), NOW()),
('4be266dd-d97e-4b63-ab86-e05a53bc9742', 'Cuộc Gọi (feat. Aazuki)', '2020-01-01', 'single', NOW(), NOW()),
('eaa5482c-8be2-4827-a43e-c5bed179ffd2', 'Con Tim Tan Vỡ', '2020-01-01', 'single', NOW(), NOW()),
('28ea7e47-e36a-4428-a604-2ccd0916da56', 'Chưa Có Người Yêu', '2020-01-01', 'single', NOW(), NOW()),
('c5758a8c-ee96-4451-b046-ac0f636946f7', 'Người Yêu Cũ', '2012-02-22', 'ep', NOW(), NOW()),
('38c28875-73b5-4192-91af-de41fbb6ec0a', 'Những Ngày Không Bên Nhau', '2011-01-01', 'single', NOW(), NOW());



INSERT INTO "AlbumImage" ("albumId", "image", "size", "createdAt", "updatedAt") VALUES
('70523428-5aa2-4b43-a7f3-d753c5898a02', 'https://i.scdn.co/image/ab67616d0000b2732a95693382ad7b2d324412fe', '640', NOW(), NOW()),
('70523428-5aa2-4b43-a7f3-d753c5898a02', 'https://i.scdn.co/image/ab67616d00001e022a95693382ad7b2d324412fe', '300', NOW(), NOW()),
('70523428-5aa2-4b43-a7f3-d753c5898a02', 'https://i.scdn.co/image/ab67616d000048512a95693382ad7b2d324412fe', '64', NOW(), NOW()),
('d2072f18-74fd-489e-9474-20bc27293343', 'https://i.scdn.co/image/ab67616d0000b273a7be05a866f6f32078c69909', '640', NOW(), NOW()),
('d2072f18-74fd-489e-9474-20bc27293343', 'https://i.scdn.co/image/ab67616d00001e02a7be05a866f6f32078c69909', '300', NOW(), NOW()),
('d2072f18-74fd-489e-9474-20bc27293343', 'https://i.scdn.co/image/ab67616d00004851a7be05a866f6f32078c69909', '64', NOW(), NOW()),
('cac4601b-b33e-45ce-9c36-521bf386b1dd', 'https://i.scdn.co/image/ab67616d0000b273d8230115476ed18d7e288557', '640', NOW(), NOW()),
('cac4601b-b33e-45ce-9c36-521bf386b1dd', 'https://i.scdn.co/image/ab67616d00001e02d8230115476ed18d7e288557', '300', NOW(), NOW()),
('cac4601b-b33e-45ce-9c36-521bf386b1dd', 'https://i.scdn.co/image/ab67616d00004851d8230115476ed18d7e288557', '64', NOW(), NOW()),
('c450cb29-6cce-400c-ac9a-8eabfadd2dfa', 'https://i.scdn.co/image/ab67616d0000b27310acd1fa93a9013fa0658c1a', '640', NOW(), NOW()),
('c450cb29-6cce-400c-ac9a-8eabfadd2dfa', 'https://i.scdn.co/image/ab67616d00001e0210acd1fa93a9013fa0658c1a', '300', NOW(), NOW()),
('c450cb29-6cce-400c-ac9a-8eabfadd2dfa', 'https://i.scdn.co/image/ab67616d0000485110acd1fa93a9013fa0658c1a', '64', NOW(), NOW()),
('d6bc5144-edba-4b00-835f-df738b032e65', 'https://i.scdn.co/image/ab67616d0000b27306044518d8b5f36231956a25', '640', NOW(), NOW()),
('d6bc5144-edba-4b00-835f-df738b032e65', 'https://i.scdn.co/image/ab67616d00001e0206044518d8b5f36231956a25', '300', NOW(), NOW()),
('d6bc5144-edba-4b00-835f-df738b032e65', 'https://i.scdn.co/image/ab67616d0000485106044518d8b5f36231956a25', '64', NOW(), NOW()),
('ea5d3993-3bc0-4da7-b4b3-da869237468c', 'https://i.scdn.co/image/ab67616d0000b27387470a8014c00932cd36d841', '640', NOW(), NOW()),
('ea5d3993-3bc0-4da7-b4b3-da869237468c', 'https://i.scdn.co/image/ab67616d00001e0287470a8014c00932cd36d841', '300', NOW(), NOW()),
('ea5d3993-3bc0-4da7-b4b3-da869237468c', 'https://i.scdn.co/image/ab67616d0000485187470a8014c00932cd36d841', '64', NOW(), NOW()),
('27f071c4-a2b2-4f20-ab28-f5b731d0f954', 'https://i.scdn.co/image/ab67616d0000b27300fc66b671c380b0d944ebab', '640', NOW(), NOW()),
('27f071c4-a2b2-4f20-ab28-f5b731d0f954', 'https://i.scdn.co/image/ab67616d00001e0200fc66b671c380b0d944ebab', '300', NOW(), NOW()),
('27f071c4-a2b2-4f20-ab28-f5b731d0f954', 'https://i.scdn.co/image/ab67616d0000485100fc66b671c380b0d944ebab', '64', NOW(), NOW()),
('75ad8797-0a0a-447f-abe1-b852b74314bd', 'https://i.scdn.co/image/ab67616d0000b2736ba3e0e4ac3c8b06d9b35269', '640', NOW(), NOW()),
('75ad8797-0a0a-447f-abe1-b852b74314bd', 'https://i.scdn.co/image/ab67616d00001e026ba3e0e4ac3c8b06d9b35269', '300', NOW(), NOW()),
('75ad8797-0a0a-447f-abe1-b852b74314bd', 'https://i.scdn.co/image/ab67616d000048516ba3e0e4ac3c8b06d9b35269', '64', NOW(), NOW()),
('0d6f20d9-bc98-4e2d-a991-a97be1c43e38', 'https://i.scdn.co/image/ab67616d0000b273ab6b44587eb9a90185e2c9b6', '640', NOW(), NOW()),
('0d6f20d9-bc98-4e2d-a991-a97be1c43e38', 'https://i.scdn.co/image/ab67616d00001e02ab6b44587eb9a90185e2c9b6', '300', NOW(), NOW()),
('0d6f20d9-bc98-4e2d-a991-a97be1c43e38', 'https://i.scdn.co/image/ab67616d00004851ab6b44587eb9a90185e2c9b6', '64', NOW(), NOW()),
('d65745fa-a0d9-4276-9e58-55973519f6eb', 'https://i.scdn.co/image/ab67616d0000b2730ea8c83a244b0c8273fd604a', '640', NOW(), NOW()),
('d65745fa-a0d9-4276-9e58-55973519f6eb', 'https://i.scdn.co/image/ab67616d00001e020ea8c83a244b0c8273fd604a', '300', NOW(), NOW()),
('d65745fa-a0d9-4276-9e58-55973519f6eb', 'https://i.scdn.co/image/ab67616d000048510ea8c83a244b0c8273fd604a', '64', NOW(), NOW()),
('c96985d6-93f7-4099-8b1c-5ffc56c94e27', 'https://i.scdn.co/image/ab67616d0000b27311faaf94c01153e816040407', '640', NOW(), NOW()),
('c96985d6-93f7-4099-8b1c-5ffc56c94e27', 'https://i.scdn.co/image/ab67616d00001e0211faaf94c01153e816040407', '300', NOW(), NOW()),
('c96985d6-93f7-4099-8b1c-5ffc56c94e27', 'https://i.scdn.co/image/ab67616d0000485111faaf94c01153e816040407', '64', NOW(), NOW()),
('1c35928d-4364-4213-b02e-04d3b9ac8fb6', 'https://i.scdn.co/image/ab67616d0000b273481d65c3d484d441d0d3ebee', '640', NOW(), NOW()),
('1c35928d-4364-4213-b02e-04d3b9ac8fb6', 'https://i.scdn.co/image/ab67616d00001e02481d65c3d484d441d0d3ebee', '300', NOW(), NOW()),
('1c35928d-4364-4213-b02e-04d3b9ac8fb6', 'https://i.scdn.co/image/ab67616d00004851481d65c3d484d441d0d3ebee', '64', NOW(), NOW()),
('ec5ca348-04d3-4946-aace-549761cbdc6d', 'https://i.scdn.co/image/ab67616d0000b273ebe0185f2c3ffa60b1a5e8e3', '640', NOW(), NOW()),
('ec5ca348-04d3-4946-aace-549761cbdc6d', 'https://i.scdn.co/image/ab67616d00001e02ebe0185f2c3ffa60b1a5e8e3', '300', NOW(), NOW()),
('ec5ca348-04d3-4946-aace-549761cbdc6d', 'https://i.scdn.co/image/ab67616d00004851ebe0185f2c3ffa60b1a5e8e3', '64', NOW(), NOW()),
('191660c0-6c82-47d9-9451-5b77762e7e48', 'https://i.scdn.co/image/ab67616d0000b2730f7b76d57dcd8b0c357a810d', '640', NOW(), NOW()),
('191660c0-6c82-47d9-9451-5b77762e7e48', 'https://i.scdn.co/image/ab67616d00001e020f7b76d57dcd8b0c357a810d', '300', NOW(), NOW()),
('191660c0-6c82-47d9-9451-5b77762e7e48', 'https://i.scdn.co/image/ab67616d000048510f7b76d57dcd8b0c357a810d', '64', NOW(), NOW()),
('938ec711-be07-4a35-90ab-4550bd732b28', 'https://i.scdn.co/image/ab67616d0000b27323dfbd008067e2a2f2ed2f4f', '640', NOW(), NOW()),
('938ec711-be07-4a35-90ab-4550bd732b28', 'https://i.scdn.co/image/ab67616d00001e0223dfbd008067e2a2f2ed2f4f', '300', NOW(), NOW()),
('938ec711-be07-4a35-90ab-4550bd732b28', 'https://i.scdn.co/image/ab67616d0000485123dfbd008067e2a2f2ed2f4f', '64', NOW(), NOW()),
('23e0e18c-ed3c-4e2d-b392-47489d7c70c9', 'https://i.scdn.co/image/ab67616d0000b273cdc22dfdc87734c577e14554', '640', NOW(), NOW()),
('23e0e18c-ed3c-4e2d-b392-47489d7c70c9', 'https://i.scdn.co/image/ab67616d00001e02cdc22dfdc87734c577e14554', '300', NOW(), NOW()),
('23e0e18c-ed3c-4e2d-b392-47489d7c70c9', 'https://i.scdn.co/image/ab67616d00004851cdc22dfdc87734c577e14554', '64', NOW(), NOW()),
('8d73b944-ba81-4363-bd13-768160a21320', 'https://i.scdn.co/image/ab67616d0000b2734fc98d32ec9daac28342cbae', '640', NOW(), NOW()),
('8d73b944-ba81-4363-bd13-768160a21320', 'https://i.scdn.co/image/ab67616d00001e024fc98d32ec9daac28342cbae', '300', NOW(), NOW()),
('8d73b944-ba81-4363-bd13-768160a21320', 'https://i.scdn.co/image/ab67616d000048514fc98d32ec9daac28342cbae', '64', NOW(), NOW()),
('ae4cf520-c7c1-4f82-a4eb-0da446f7b742', 'https://i.scdn.co/image/ab67616d0000b27392ed7bda3af773ce4d469e7f', '640', NOW(), NOW()),
('ae4cf520-c7c1-4f82-a4eb-0da446f7b742', 'https://i.scdn.co/image/ab67616d00001e0292ed7bda3af773ce4d469e7f', '300', NOW(), NOW()),
('ae4cf520-c7c1-4f82-a4eb-0da446f7b742', 'https://i.scdn.co/image/ab67616d0000485192ed7bda3af773ce4d469e7f', '64', NOW(), NOW()),
('98bb7518-4e39-406a-afa3-287c6eb702a8', 'https://i.scdn.co/image/ab67616d0000b273aaef8214c1dcab55dc29c8b9', '640', NOW(), NOW()),
('98bb7518-4e39-406a-afa3-287c6eb702a8', 'https://i.scdn.co/image/ab67616d00001e02aaef8214c1dcab55dc29c8b9', '300', NOW(), NOW()),
('98bb7518-4e39-406a-afa3-287c6eb702a8', 'https://i.scdn.co/image/ab67616d00004851aaef8214c1dcab55dc29c8b9', '64', NOW(), NOW()),
('f7c23b08-da3a-4bd3-bcce-f1198c3a52d6', 'https://i.scdn.co/image/ab67616d0000b27368fcdbae09c2912ee6c14b25', '640', NOW(), NOW()),
('f7c23b08-da3a-4bd3-bcce-f1198c3a52d6', 'https://i.scdn.co/image/ab67616d00001e0268fcdbae09c2912ee6c14b25', '300', NOW(), NOW()),
('f7c23b08-da3a-4bd3-bcce-f1198c3a52d6', 'https://i.scdn.co/image/ab67616d0000485168fcdbae09c2912ee6c14b25', '64', NOW(), NOW()),
('794188e2-cd2e-4a63-bc1e-8ac29942fbd4', 'https://i.scdn.co/image/ab67616d0000b273af81550a4a481961e5bdbbdf', '640', NOW(), NOW()),
('794188e2-cd2e-4a63-bc1e-8ac29942fbd4', 'https://i.scdn.co/image/ab67616d00001e02af81550a4a481961e5bdbbdf', '300', NOW(), NOW()),
('794188e2-cd2e-4a63-bc1e-8ac29942fbd4', 'https://i.scdn.co/image/ab67616d00004851af81550a4a481961e5bdbbdf', '64', NOW(), NOW()),
('f40dcbbf-bbb2-4df2-a5da-226310659adf', 'https://i.scdn.co/image/ab67616d0000b273ca2b536928b3e8e97fd6a2c8', '640', NOW(), NOW()),
('f40dcbbf-bbb2-4df2-a5da-226310659adf', 'https://i.scdn.co/image/ab67616d00001e02ca2b536928b3e8e97fd6a2c8', '300', NOW(), NOW()),
('f40dcbbf-bbb2-4df2-a5da-226310659adf', 'https://i.scdn.co/image/ab67616d00004851ca2b536928b3e8e97fd6a2c8', '64', NOW(), NOW()),
('916c4775-2542-44e2-bc31-e4baaf9cb780', 'https://i.scdn.co/image/ab67616d0000b273ad47d5a194a0daf865069a3a', '640', NOW(), NOW()),
('916c4775-2542-44e2-bc31-e4baaf9cb780', 'https://i.scdn.co/image/ab67616d00001e02ad47d5a194a0daf865069a3a', '300', NOW(), NOW()),
('916c4775-2542-44e2-bc31-e4baaf9cb780', 'https://i.scdn.co/image/ab67616d00004851ad47d5a194a0daf865069a3a', '64', NOW(), NOW()),
('51ecc1af-d01b-46e7-9d09-d58d4a7db681', 'https://i.scdn.co/image/ab67616d0000b2730f55598f2f0717d71dd9b92a', '640', NOW(), NOW()),
('51ecc1af-d01b-46e7-9d09-d58d4a7db681', 'https://i.scdn.co/image/ab67616d00001e020f55598f2f0717d71dd9b92a', '300', NOW(), NOW()),
('51ecc1af-d01b-46e7-9d09-d58d4a7db681', 'https://i.scdn.co/image/ab67616d000048510f55598f2f0717d71dd9b92a', '64', NOW(), NOW()),
('234870d3-b689-4f5b-a5c9-26051738d9df', 'https://i.scdn.co/image/ab67616d0000b2735089cb85942d90ed3d72e369', '640', NOW(), NOW()),
('234870d3-b689-4f5b-a5c9-26051738d9df', 'https://i.scdn.co/image/ab67616d00001e025089cb85942d90ed3d72e369', '300', NOW(), NOW()),
('234870d3-b689-4f5b-a5c9-26051738d9df', 'https://i.scdn.co/image/ab67616d000048515089cb85942d90ed3d72e369', '64', NOW(), NOW()),
('29787766-8d43-4d2c-b12e-b81bbd475a93', 'https://i.scdn.co/image/ab67616d0000b2732f486d50fd66973b49592eff', '640', NOW(), NOW()),
('29787766-8d43-4d2c-b12e-b81bbd475a93', 'https://i.scdn.co/image/ab67616d00001e022f486d50fd66973b49592eff', '300', NOW(), NOW()),
('29787766-8d43-4d2c-b12e-b81bbd475a93', 'https://i.scdn.co/image/ab67616d000048512f486d50fd66973b49592eff', '64', NOW(), NOW()),
('12ed9538-7a3a-49f7-9a62-8751ee946244', 'https://i.scdn.co/image/ab67616d0000b273243fe2eae64619e309348288', '640', NOW(), NOW()),
('12ed9538-7a3a-49f7-9a62-8751ee946244', 'https://i.scdn.co/image/ab67616d00001e02243fe2eae64619e309348288', '300', NOW(), NOW()),
('12ed9538-7a3a-49f7-9a62-8751ee946244', 'https://i.scdn.co/image/ab67616d00004851243fe2eae64619e309348288', '64', NOW(), NOW()),
('219e2e45-f7d2-48f2-bf6b-b23b51fa31bf', 'https://i.scdn.co/image/ab67616d0000b27389ae1b999f1824ada617c31f', '640', NOW(), NOW()),
('219e2e45-f7d2-48f2-bf6b-b23b51fa31bf', 'https://i.scdn.co/image/ab67616d00001e0289ae1b999f1824ada617c31f', '300', NOW(), NOW()),
('219e2e45-f7d2-48f2-bf6b-b23b51fa31bf', 'https://i.scdn.co/image/ab67616d0000485189ae1b999f1824ada617c31f', '64', NOW(), NOW()),
('b9f8cc4a-770b-4264-b31f-dceea9e865b7', 'https://i.scdn.co/image/ab67616d0000b2737eae3f458be2ad5cb1943227', '640', NOW(), NOW()),
('b9f8cc4a-770b-4264-b31f-dceea9e865b7', 'https://i.scdn.co/image/ab67616d00001e027eae3f458be2ad5cb1943227', '300', NOW(), NOW()),
('b9f8cc4a-770b-4264-b31f-dceea9e865b7', 'https://i.scdn.co/image/ab67616d000048517eae3f458be2ad5cb1943227', '64', NOW(), NOW()),
('3222c5e8-e38e-41e4-9a98-1ded341ad67f', 'https://i.scdn.co/image/ab67616d0000b273b8fbeaee57278d17cef7f784', '640', NOW(), NOW()),
('3222c5e8-e38e-41e4-9a98-1ded341ad67f', 'https://i.scdn.co/image/ab67616d00001e02b8fbeaee57278d17cef7f784', '300', NOW(), NOW()),
('3222c5e8-e38e-41e4-9a98-1ded341ad67f', 'https://i.scdn.co/image/ab67616d00004851b8fbeaee57278d17cef7f784', '64', NOW(), NOW()),
('cf95ee0f-7068-41f5-b41a-2392cd064f0a', 'https://i.scdn.co/image/ab67616d0000b273146d60fca611f1a6c43051bf', '640', NOW(), NOW()),
('cf95ee0f-7068-41f5-b41a-2392cd064f0a', 'https://i.scdn.co/image/ab67616d00001e02146d60fca611f1a6c43051bf', '300', NOW(), NOW()),
('cf95ee0f-7068-41f5-b41a-2392cd064f0a', 'https://i.scdn.co/image/ab67616d00004851146d60fca611f1a6c43051bf', '64', NOW(), NOW()),
('7c141da5-14ef-4af7-b5cd-70e70a7f2d4f', 'https://i.scdn.co/image/ab67616d0000b2733bb3658de8dc878f0f58cda2', '640', NOW(), NOW()),
('7c141da5-14ef-4af7-b5cd-70e70a7f2d4f', 'https://i.scdn.co/image/ab67616d00001e023bb3658de8dc878f0f58cda2', '300', NOW(), NOW()),
('7c141da5-14ef-4af7-b5cd-70e70a7f2d4f', 'https://i.scdn.co/image/ab67616d000048513bb3658de8dc878f0f58cda2', '64', NOW(), NOW()),
('1c3a05ed-944f-4ac4-8a40-ec228fc11694', 'https://i.scdn.co/image/ab67616d0000b2730fffe977a46f7898a23793a9', '640', NOW(), NOW()),
('1c3a05ed-944f-4ac4-8a40-ec228fc11694', 'https://i.scdn.co/image/ab67616d00001e020fffe977a46f7898a23793a9', '300', NOW(), NOW()),
('1c3a05ed-944f-4ac4-8a40-ec228fc11694', 'https://i.scdn.co/image/ab67616d000048510fffe977a46f7898a23793a9', '64', NOW(), NOW()),
('dfafc85e-49ab-4d24-be1e-80aabc64d62d', 'https://i.scdn.co/image/ab67616d0000b273f59703cfff2f667c513d7e8e', '640', NOW(), NOW()),
('dfafc85e-49ab-4d24-be1e-80aabc64d62d', 'https://i.scdn.co/image/ab67616d00001e02f59703cfff2f667c513d7e8e', '300', NOW(), NOW()),
('dfafc85e-49ab-4d24-be1e-80aabc64d62d', 'https://i.scdn.co/image/ab67616d00004851f59703cfff2f667c513d7e8e', '64', NOW(), NOW()),
('59d1f782-e286-4c03-be41-e5e68c58e6a8', 'https://i.scdn.co/image/ab67616d0000b27322d4875041fa198b406b4280', '640', NOW(), NOW()),
('59d1f782-e286-4c03-be41-e5e68c58e6a8', 'https://i.scdn.co/image/ab67616d00001e0222d4875041fa198b406b4280', '300', NOW(), NOW()),
('59d1f782-e286-4c03-be41-e5e68c58e6a8', 'https://i.scdn.co/image/ab67616d0000485122d4875041fa198b406b4280', '64', NOW(), NOW()),
('3dfceadd-bba8-4580-af81-a51e1fe22beb', 'https://i.scdn.co/image/ab67616d0000b2730127c102faa67407949a2951', '640', NOW(), NOW()),
('3dfceadd-bba8-4580-af81-a51e1fe22beb', 'https://i.scdn.co/image/ab67616d00001e020127c102faa67407949a2951', '300', NOW(), NOW()),
('3dfceadd-bba8-4580-af81-a51e1fe22beb', 'https://i.scdn.co/image/ab67616d000048510127c102faa67407949a2951', '64', NOW(), NOW()),
('a10ea7eb-58b3-4fb6-9fb8-e35c244f84f2', 'https://i.scdn.co/image/ab67616d0000b273b0821348ee31c3d2e6e04f32', '640', NOW(), NOW()),
('a10ea7eb-58b3-4fb6-9fb8-e35c244f84f2', 'https://i.scdn.co/image/ab67616d00001e02b0821348ee31c3d2e6e04f32', '300', NOW(), NOW()),
('a10ea7eb-58b3-4fb6-9fb8-e35c244f84f2', 'https://i.scdn.co/image/ab67616d00004851b0821348ee31c3d2e6e04f32', '64', NOW(), NOW()),
('4be266dd-d97e-4b63-ab86-e05a53bc9742', 'https://i.scdn.co/image/ab67616d0000b27388b42153da74e05415750548', '640', NOW(), NOW()),
('4be266dd-d97e-4b63-ab86-e05a53bc9742', 'https://i.scdn.co/image/ab67616d00001e0288b42153da74e05415750548', '300', NOW(), NOW()),
('4be266dd-d97e-4b63-ab86-e05a53bc9742', 'https://i.scdn.co/image/ab67616d0000485188b42153da74e05415750548', '64', NOW(), NOW()),
('eaa5482c-8be2-4827-a43e-c5bed179ffd2', 'https://i.scdn.co/image/ab67616d0000b273f4a31083ae7b32f4027b5236', '640', NOW(), NOW()),
('eaa5482c-8be2-4827-a43e-c5bed179ffd2', 'https://i.scdn.co/image/ab67616d00001e02f4a31083ae7b32f4027b5236', '300', NOW(), NOW()),
('eaa5482c-8be2-4827-a43e-c5bed179ffd2', 'https://i.scdn.co/image/ab67616d00004851f4a31083ae7b32f4027b5236', '64', NOW(), NOW()),
('28ea7e47-e36a-4428-a604-2ccd0916da56', 'https://i.scdn.co/image/ab67616d0000b2733be60c920919fb8c83659dad', '640', NOW(), NOW()),
('28ea7e47-e36a-4428-a604-2ccd0916da56', 'https://i.scdn.co/image/ab67616d00001e023be60c920919fb8c83659dad', '300', NOW(), NOW()),
('28ea7e47-e36a-4428-a604-2ccd0916da56', 'https://i.scdn.co/image/ab67616d000048513be60c920919fb8c83659dad', '64', NOW(), NOW()),
('c5758a8c-ee96-4451-b046-ac0f636946f7', 'https://i.scdn.co/image/ab67616d0000b273f2b14d711602ee0b2057ed7d', '640', NOW(), NOW()),
('c5758a8c-ee96-4451-b046-ac0f636946f7', 'https://i.scdn.co/image/ab67616d00001e02f2b14d711602ee0b2057ed7d', '300', NOW(), NOW()),
('c5758a8c-ee96-4451-b046-ac0f636946f7', 'https://i.scdn.co/image/ab67616d00004851f2b14d711602ee0b2057ed7d', '64', NOW(), NOW()),
('38c28875-73b5-4192-91af-de41fbb6ec0a', 'https://i.scdn.co/image/ab67616d0000b27320c737a81f465eaf4f9d800c', '640', NOW(), NOW()),
('38c28875-73b5-4192-91af-de41fbb6ec0a', 'https://i.scdn.co/image/ab67616d00001e0220c737a81f465eaf4f9d800c', '300', NOW(), NOW()),
('38c28875-73b5-4192-91af-de41fbb6ec0a', 'https://i.scdn.co/image/ab67616d0000485120c737a81f465eaf4f9d800c', '64', NOW(), NOW());



INSERT INTO "Song" ("id", "albumId", "title", "duration", "lyric", "filePathAudio", "privacy", "uploadUserId", "createdAt", "updatedAt") VALUES
('5cd5b52b-eb43-4a76-b525-392fd72a8f28', '70523428-5aa2-4b43-a7f3-d753c5898a02', 'Ai Cũng Có Ngày Xưa / Chị Tôi (Mashup)', '319129', 'lyric', 'nan', FALSE, NULL, NOW(), NOW()),
('28178b6e-056f-438c-905b-933d4644e110', '70523428-5aa2-4b43-a7f3-d753c5898a02', 'Chuyện Của Mặt Trời / Chuyện Của Chúng Ta (Mashup)', '327980', 'lyric', 'nan', FALSE, NULL, NOW(), NOW()),
('07d2eaf6-cd7d-4cc3-afce-98f4110e29ec', '70523428-5aa2-4b43-a7f3-d753c5898a02', 'Có Chàng Trai Viết Lên Cây / Chuyện Tình Thảo Nguyên (Mashup)', '377166', 'lyric', 'nan', FALSE, NULL, NOW(), NOW()),
('d2277638-0b3c-424c-84cd-2d825b53e8ce', '70523428-5aa2-4b43-a7f3-d753c5898a02', 'Cô Gái Và Cây Dương Cầm', '309189', 'lyric', 'nan', FALSE, NULL, NOW(), NOW()),
('9c5f6b6b-c026-45b3-a16b-08e00fdc7282', '70523428-5aa2-4b43-a7f3-d753c5898a02', 'Có Một Nơi Như Thế', '291008', 'lyric', 'https://audiomelodies.nyc3.digitaloceanspaces.com/LOC/PhanManhQuynh/CoMotNoiNhuThe/CoMotNoiNhuThe.m4a', FALSE, NULL, NOW(), NOW()),
('c1193e54-54ea-412c-a373-f41955ed7e45', '70523428-5aa2-4b43-a7f3-d753c5898a02', 'Hà Lan / Từ Đó (Mashup)', '305688', 'lyric', 'nan', FALSE, NULL, NOW(), NOW()),
('90feacb8-8aed-49fd-8116-bd7376a51860', '70523428-5aa2-4b43-a7f3-d753c5898a02', 'Không Tưởng', '281544', 'lyric', 'nan', FALSE, NULL, NOW(), NOW()),
('04947a74-5116-4143-8c91-010ea7db7cba', '70523428-5aa2-4b43-a7f3-d753c5898a02', 'Người Buông Neo', '281306', 'lyric', 'nan', FALSE, NULL, NOW(), NOW()),
('dc180f60-44f0-4e99-96a0-ee5a790f3c14', '70523428-5aa2-4b43-a7f3-d753c5898a02', 'Hồi Ức / Sắc Màu (Mashup)', '419573', 'lyric', 'nan', FALSE, NULL, NOW(), NOW()),
('993b95e5-9be1-4bd9-a497-245ce1132eee', '70523428-5aa2-4b43-a7f3-d753c5898a02', 'Tri Kỷ', '250503', 'lyric', 'https://audiomelodies.nyc3.digitaloceanspaces.com/LOC/PhanManhQuynh/TriKy/TriKy.m4a', FALSE, NULL, NOW(), NOW()),
('4bec252c-d155-4d21-adeb-601e8406941a', 'd2072f18-74fd-489e-9474-20bc27293343', 'Góc Khuất Sau Hạnh Phúc', '207999', 'lyric', 'https://audiomelodies.nyc3.digitaloceanspaces.com/LOC/PhanManhQuynh/NguoiYeuCu/GocKhuatSauHanhPhuc.m4a', FALSE, NULL, NOW(), NOW()),
('25f93588-a44c-4386-adf7-a9c6e2641272', 'd2072f18-74fd-489e-9474-20bc27293343', 'Anh Ghét Làm Bạn Em', '227914', 'lyric', 'https://audiomelodies.nyc3.digitaloceanspaces.com/LOC/PhanManhQuynh/AnhGhetLamBanEm/AnhGhetLamBanEm.m4a', FALSE, NULL, NOW(), NOW()),
('0b9a9857-304f-4d37-8521-5badde8f5477', 'd2072f18-74fd-489e-9474-20bc27293343', 'Thật May Cho Anh', '221999', 'lyric', 'https://audiomelodies.nyc3.digitaloceanspaces.com/LOC/PhanManhQuynh/NhungNgayau/ThatMayChoAnh.m4a', FALSE, NULL, NOW(), NOW()),
('b831c251-e574-4996-88c9-c78f96a8a484', 'd2072f18-74fd-489e-9474-20bc27293343', 'Nước Ngoài', '210399', 'lyric', 'https://audiomelodies.nyc3.digitaloceanspaces.com/LOC/PhanManhQuynh/NhungNgayau/NuocNgoai.m4a', FALSE, NULL, NOW(), NOW()),
('f8b9f924-7507-42d1-919e-37811ca585b2', 'd2072f18-74fd-489e-9474-20bc27293343', 'Nắng Mùa Hạ', '238799', 'lyric', 'https://audiomelodies.nyc3.digitaloceanspaces.com/LOC/PhanManhQuynh/NangMuaHa/NangMuaHa.m4a', FALSE, NULL, NOW(), NOW()),
('4fdee163-d244-42d3-89b5-1c2328ff0018', 'd2072f18-74fd-489e-9474-20bc27293343', 'Bước Qua Thế Giới', '225799', 'lyric', 'https://audiomelodies.nyc3.digitaloceanspaces.com/LOC/PhanManhQuynh/NhungNgayau/BuocQuaTheGioi.m4a', FALSE, NULL, NOW(), NOW()),
('1f0bda09-92af-4320-9e93-8325fb533450', 'd2072f18-74fd-489e-9474-20bc27293343', 'Khi Phải Quên Đi', '321399', 'lyric', 'https://audiomelodies.nyc3.digitaloceanspaces.com/LOC/PhanManhQuynh/NhungNgayau/KhiPhaiQuenDi.m4a', FALSE, NULL, NOW(), NOW()),
('0ab52991-2864-416d-8716-cfa8d0f4fdf3', 'd2072f18-74fd-489e-9474-20bc27293343', 'Mất Hy Vọng', '228799', 'lyric', 'https://audiomelodies.nyc3.digitaloceanspaces.com/LOC/PhanManhQuynh/MatHyVong/MatHyVong.m4a', FALSE, NULL, NOW(), NOW()),
('43d9d651-3da2-40ef-8029-e43666119915', 'd2072f18-74fd-489e-9474-20bc27293343', 'Khi Người Mình Yêu Khóc', '222491', 'lyric', 'https://audiomelodies.nyc3.digitaloceanspaces.com/LOC/PhanManhQuynh/NhungNgayau/KhiNguoiMinhYeuKhoc.m4a', FALSE, NULL, NOW(), NOW()),
('7fc202d3-3c39-4345-8789-0e1e29938232', 'd2072f18-74fd-489e-9474-20bc27293343', 'Người Khác', '228000', 'lyric', 'https://audiomelodies.nyc3.digitaloceanspaces.com/LOC/PhanManhQuynh/NguoiKhac/NguoiKhac.m4a', FALSE, NULL, NOW(), NOW()),
('c43b01c9-74ac-48ee-8a61-22410516ee22', 'd2072f18-74fd-489e-9474-20bc27293343', 'Tôi Muốn Quên Em', '227000', 'lyric', 'https://audiomelodies.nyc3.digitaloceanspaces.com/LOC/PhanManhQuynh/NhungNgayau/ToiMuonQuenEm.m4a', FALSE, NULL, NOW(), NOW()),
('460270b7-30c1-4727-a178-aaf41a95a3f5', 'd2072f18-74fd-489e-9474-20bc27293343', 'Yêu Nhau Nửa Ngày', '229599', 'lyric', 'https://audiomelodies.nyc3.digitaloceanspaces.com/LOC/PhanManhQuynh/NhungNgayau/YeuNhauNuaNgay.m4a', FALSE, NULL, NOW(), NOW()),
('71a1c648-8874-4fcd-9d05-28e20ba2a58b', 'd2072f18-74fd-489e-9474-20bc27293343', 'Người Yêu Cũ (lofi)', '222127', 'lyric', 'https://audiomelodies.nyc3.digitaloceanspaces.com/LOC/PhanManhQuynh/NhungNgayau/NguoiYeuCulofi.m4a', FALSE, NULL, NOW(), NOW()),
('6a0c42ab-7cc5-4527-aac7-9408ea57921a', 'cac4601b-b33e-45ce-9c36-521bf386b1dd', 'Anh Ghét Làm Bạn Em', '249208', 'lyric', 'https://audiomelodies.nyc3.digitaloceanspaces.com/LOC/PhanManhQuynh/NhungNgayau/AnhGhetLamBanEm.m4a', FALSE, NULL, NOW(), NOW()),
('926c29b5-a661-4cc8-9251-4df673b178a0', 'cac4601b-b33e-45ce-9c36-521bf386b1dd', 'Anh Ghét Làm Bạn Em (Beat)', '247066', 'lyric', 'https://audiomelodies.nyc3.digitaloceanspaces.com/LOC/PhanManhQuynh/AnhGhetLamBanEm/AnhGhetLamBanEmBeat.m4a', FALSE, NULL, NOW(), NOW()),
('33a37903-1df7-454c-8936-4c13593c9726', 'cac4601b-b33e-45ce-9c36-521bf386b1dd', 'Bóng Tối Không Em (Beat)', '256940', 'lyric', 'https://audiomelodies.nyc3.digitaloceanspaces.com/LOC/PhanManhQuynh/AnhGhetLamBanEm/BongToiKhongEmBeat.m4a', FALSE, NULL, NOW(), NOW()),
('a3457d76-70d8-413d-8d6f-adf443a38faf', 'cac4601b-b33e-45ce-9c36-521bf386b1dd', 'Giấc Mơ Mang Em Đi', '301348', 'lyric', 'https://audiomelodies.nyc3.digitaloceanspaces.com/LOC/PhanManhQuynh/AnhGhetLamBanEm/GiacMoMangEmDi.m4a', FALSE, NULL, NOW(), NOW()),
('bfa6ceb4-c54e-4fd2-86aa-45d26cdae100', 'cac4601b-b33e-45ce-9c36-521bf386b1dd', 'Lời Từ Trái Tim Anh', '241606', 'lyric', 'https://audiomelodies.nyc3.digitaloceanspaces.com/LOC/PhanManhQuynh/AnhGhetLamBanEm/LoiTuTraiTimAnh.m4a', FALSE, NULL, NOW(), NOW()),
('3412fe33-52db-4bf9-8c57-832bf22fd9f1', 'cac4601b-b33e-45ce-9c36-521bf386b1dd', 'Lời Từ Trái Tim Anh (Beat)', '241606', 'lyric', 'https://audiomelodies.nyc3.digitaloceanspaces.com/LOC/PhanManhQuynh/AnhGhetLamBanEm/LoiTuTraiTimAnhBeat.m4a', FALSE, NULL, NOW(), NOW()),
('2fbefcc2-173d-4d6f-9a56-959cdd8eb8b6', 'cac4601b-b33e-45ce-9c36-521bf386b1dd', 'Người Yêu Cũ (Beat)', '235075', 'lyric', 'https://audiomelodies.nyc3.digitaloceanspaces.com/LOC/PhanManhQuynh/AnhGhetLamBanEm/NguoiYeuCuBeat.m4a', FALSE, NULL, NOW(), NOW()),
('f6b20ef8-b51f-4b08-8c59-5d6e734fe879', 'cac4601b-b33e-45ce-9c36-521bf386b1dd', 'Nơi Ấy Con Tìm Về', '267389', 'lyric', 'https://audiomelodies.nyc3.digitaloceanspaces.com/LOC/PhanManhQuynh/AnhGhetLamBanEm/NoiAyConTimVe.m4a', FALSE, NULL, NOW(), NOW()),
('82fd7d56-956e-48f9-ae53-136484bc92ae', 'cac4601b-b33e-45ce-9c36-521bf386b1dd', 'Nơi Ấy Con Tìm Về (Beat)', '267676', 'lyric', 'https://audiomelodies.nyc3.digitaloceanspaces.com/LOC/PhanManhQuynh/AnhGhetLamBanEm/NoiAyConTimVeBeat.m4a', FALSE, NULL, NOW(), NOW()),
('01468d11-df03-4b31-af97-dd8986838630', 'cac4601b-b33e-45ce-9c36-521bf386b1dd', 'Xa Em Kỷ Niệm', '238915', 'lyric', 'https://audiomelodies.nyc3.digitaloceanspaces.com/LOC/PhanManhQuynh/AnhGhetLamBanEm/XaEmKyNiem.m4a', FALSE, NULL, NOW(), NOW()),
('2b79b3f7-bb08-480c-a2a6-cea11907fe0d', 'cac4601b-b33e-45ce-9c36-521bf386b1dd', 'Yêu Nhau Là Dĩ Vãng', '267728', 'lyric', 'https://audiomelodies.nyc3.digitaloceanspaces.com/LOC/PhanManhQuynh/AnhGhetLamBanEm/YeuNhauLaDiVang.m4a', FALSE, NULL, NOW(), NOW()),
('b01a8e84-1d34-4ecf-8462-39b3f830a028', 'cac4601b-b33e-45ce-9c36-521bf386b1dd', 'Yêu Anh Nhé', '281208', 'lyric', 'https://audiomelodies.nyc3.digitaloceanspaces.com/LOC/PhanManhQuynh/AnhGhetLamBanEm/YeuAnhNhe.m4a', FALSE, NULL, NOW(), NOW()),
('e6bf89c2-a98e-4573-b0ed-0e8308b1f135', 'cac4601b-b33e-45ce-9c36-521bf386b1dd', 'Bóng Tối Không Em', '258220', 'lyric', 'https://audiomelodies.nyc3.digitaloceanspaces.com/LOC/PhanManhQuynh/AnhGhetLamBanEm/BongToiKhongEm.m4a', FALSE, NULL, NOW(), NOW()),
('18f5fc2d-772c-4287-bef1-3ce9f823e163', 'cac4601b-b33e-45ce-9c36-521bf386b1dd', 'Người Yêu Cũ', '232646', 'lyric', 'https://audiomelodies.nyc3.digitaloceanspaces.com/LOC/PhanManhQuynh/AnhGhetLamBanEm/NguoiYeuCu.m4a', FALSE, NULL, NOW(), NOW()),
('7261eb65-8fde-45f5-bf1b-7c82a5be8c7f', 'c450cb29-6cce-400c-ac9a-8eabfadd2dfa', 'Có Một Chuyện Tình (Theme Song From “Ngày Xưa Có Một Chuyện Tình")', '215000', 'lyric', 'nan', FALSE, NULL, NOW(), NOW()),
('35dcb848-cc08-4edc-b309-cc6453f630b1', 'd6bc5144-edba-4b00-835f-df738b032e65', 'Đưa Anh Về', '241037', 'lyric', 'https://audiomelodies.nyc3.digitaloceanspaces.com/LOC/PhanManhQuynh/uaAnhVe/DuaAnhVe.m4a', FALSE, NULL, NOW(), NOW()),
('e177ef0f-04db-4764-9a02-c8b42bd6b508', 'ea5d3993-3bc0-4da7-b4b3-da869237468c', 'Sau Lời Từ Khước (Theme Song From "MAI")', '250122', 'lyric', 'https://audiomelodies.nyc3.digitaloceanspaces.com/LOC/PhanManhQuynh/SauLoiTuKhuocThemeSongFromMAI/SauLoiTuKhuocThemeSongFromMAI.m4a', FALSE, NULL, NOW(), NOW()),
('fffc2bac-6059-4996-b33a-981d4329f594', '27f071c4-a2b2-4f20-ab28-f5b731d0f954', 'Bôn Ba (Nước Ngoài)', '206400', 'lyric', 'https://audiomelodies.nyc3.digitaloceanspaces.com/LOC/PhanManhQuynh/BonBaNuocNgoai/BonBaNuocNgoai.m4a', FALSE, NULL, NOW(), NOW()),
('ec8a9b39-3153-4d9f-8c03-e8a8b7622f7b', '75ad8797-0a0a-447f-abe1-b852b74314bd', 'Biết Ơn Bởi Đang Ở Lại', '270410', 'lyric', 'https://audiomelodies.nyc3.digitaloceanspaces.com/LOC/PhanManhQuynh/BietOnBoiangOLai/BietOnBoiDangOLai.m4a', FALSE, NULL, NOW(), NOW()),
('6feadf2a-c3df-4ce4-8206-a9c10548eb11', '0d6f20d9-bc98-4e2d-a991-a97be1c43e38', 'Đèn Trời', '204863', 'lyric', 'https://audiomelodies.nyc3.digitaloceanspaces.com/LOC/PhanManhQuynh/enTroi/DenTroi.m4a', FALSE, NULL, NOW(), NOW()),
('ce8c7d40-1500-41fc-8614-c20eb43f8e44', 'd65745fa-a0d9-4276-9e58-55973519f6eb', 'Vườn Nhà', '208163', 'lyric', 'https://audiomelodies.nyc3.digitaloceanspaces.com/LOC/PhanManhQuynh/VuonNha/VuonNha.m4a', FALSE, NULL, NOW(), NOW()),
('06ddcb96-38b0-4199-b434-04ef9eab79fe', 'c96985d6-93f7-4099-8b1c-5ffc56c94e27', 'Chuyến Xe', '255295', 'lyric', 'https://audiomelodies.nyc3.digitaloceanspaces.com/LOC/PhanManhQuynh/ChuyenXe/ChuyenXe.m4a', FALSE, NULL, NOW(), NOW()),
('70eb4afe-ce50-4a4f-9f71-c9b7af6d63dd', '1c35928d-4364-4213-b02e-04d3b9ac8fb6', 'Khi Người Mình Yêu Khóc 2 - Vinz x Hải Nam Remix', '359633', 'lyric', 'nan', FALSE, NULL, NOW(), NOW()),
('934cb1f0-6ccd-4bfe-8ba3-1a147bca4799', 'ec5ca348-04d3-4946-aace-549761cbdc6d', 'Khi Người Mình Yêu Khóc - Vinz Remix', '172421', 'lyric', 'https://audiomelodies.nyc3.digitaloceanspaces.com/LOC/PhanManhQuynh/KhiNguoiMinhYeuKhocVinzRemix/KhiNguoiMinhYeuKhocVinzRemix.m4a', FALSE, NULL, NOW(), NOW()),
('ea48c790-e14d-41e1-808d-eebe35595d2a', '191660c0-6c82-47d9-9451-5b77762e7e48', 'Đợi Chờ Đừng Cáu', '168837', 'lyric', 'https://audiomelodies.nyc3.digitaloceanspaces.com/LOC/PhanManhQuynh/oiChoungCau/DoiChoDungCau.m4a', FALSE, NULL, NOW(), NOW()),
('3d386d7e-ad6d-4713-aaba-bb7eaf5ce791', '938ec711-be07-4a35-90ab-4550bd732b28', 'Đa Đoan', '200730', 'lyric', 'https://audiomelodies.nyc3.digitaloceanspaces.com/LOC/PhanManhQuynh/aoan/DaDoan.m4a', FALSE, NULL, NOW(), NOW()),
('a0378f06-af6f-4cdd-a76c-643f297861ad', '23e0e18c-ed3c-4e2d-b392-47489d7c70c9', 'Tình Nhớ', '254523', 'lyric', 'https://audiomelodies.nyc3.digitaloceanspaces.com/LOC/PhanManhQuynh/TinhNho/TinhNho.m4a', FALSE, NULL, NOW(), NOW()),
('540fcd62-5dd9-4aae-ac03-3885175bcaad', '8d73b944-ba81-4363-bd13-768160a21320', 'Nơi Dành Cho Các Thiên Thần', '292941', 'lyric', 'https://audiomelodies.nyc3.digitaloceanspaces.com/LOC/PhanManhQuynh/NoiDanhChoCacThienThan/NoiDanhChoCacThienThan.m4a', FALSE, NULL, NOW(), NOW()),
('7d41b0eb-0895-4a0c-825b-94b57fab3282', 'ae4cf520-c7c1-4f82-a4eb-0da446f7b742', 'Yêu Thương Tiếp Nối', '204000', 'lyric', 'nan', FALSE, NULL, NOW(), NOW()),
('b97c8f77-77c4-4887-be37-7ee78cc14520', '98bb7518-4e39-406a-afa3-287c6eb702a8', 'Về', '239986', 'lyric', 'https://audiomelodies.nyc3.digitaloceanspaces.com/LOC/PhanManhQuynh/Ve/Ve.m4a', FALSE, NULL, NOW(), NOW()),
('5c6afdc4-d7ce-4026-b160-5d3ccfbf9e96', 'f7c23b08-da3a-4bd3-bcce-f1198c3a52d6', 'Gặp Gỡ, Yêu Đương Và Được Bên Em', '240461', 'lyric', 'https://audiomelodies.nyc3.digitaloceanspaces.com/LOC/PhanManhQuynh/GapGoYeuuongVauocBenEm/GapGoYeuDuongVaDuocBenEm.m4a', FALSE, NULL, NOW(), NOW()),
('75cbc960-e292-4bc9-9c1b-2990bd851e17', '794188e2-cd2e-4a63-bc1e-8ac29942fbd4', 'Nơi Ấy Con Tìm Về - Live At Tết Tân Thời', '234280', 'lyric', 'https://audiomelodies.nyc3.digitaloceanspaces.com/LOC/PhanManhQuynh/NoiAyConTimVeLiveAtTetTanThoi/NoiAyConTimVeLiveAtTetTanThoi.m4a', FALSE, NULL, NOW(), NOW()),
('56797161-0af3-44be-b7e0-184ad8a170ea', 'f40dcbbf-bbb2-4df2-a5da-226310659adf', 'Có Chàng Trai Viết Lên Cây - DJ Version', '212168', 'lyric', 'https://audiomelodies.nyc3.digitaloceanspaces.com/LOC/PhanManhQuynh/CoChangTraiVietLenCayDJVersion/CoChangTraiVietLenCayDJVersion.m4a', FALSE, NULL, NOW(), NOW()),
('503af7fb-2fe5-4bfb-9d01-26ec35adba03', '916c4775-2542-44e2-bc31-e4baaf9cb780', 'Đàn Ông Không Nói (feat. Karik)', '219981', 'lyric', 'https://audiomelodies.nyc3.digitaloceanspaces.com/LOC/PhanManhQuynh/anOngKhongNoifeatKarik/DanOngKhongNoifeatKarik.m4a', FALSE, NULL, NOW(), NOW()),
('ec5b9e10-8df1-4c94-b526-4c72a5b9f265', '51ecc1af-d01b-46e7-9d09-d58d4a7db681', 'Đi Để Trở Về Mashup', '223954', 'lyric', 'https://audiomelodies.nyc3.digitaloceanspaces.com/LOC/PhanManhQuynh/ieTroVeMashup/DiDeTroVeMashup.m4a', FALSE, NULL, NOW(), NOW()),
('dd76a631-c875-4b87-aae6-36081071cb7a', '234870d3-b689-4f5b-a5c9-26051738d9df', 'Tết Về Sớm Nhé', '187164', 'lyric', 'https://audiomelodies.nyc3.digitaloceanspaces.com/LOC/PhanManhQuynh/TetVeSomNhe/TetVeSomNhe.m4a', FALSE, NULL, NOW(), NOW()),
('f155e184-6ab1-4dde-ba62-6d0f269ee191', '29787766-8d43-4d2c-b12e-b81bbd475a93', 'Trong Ánh Mặt Trời (feat. Oanh Tiny)', '204225', 'lyric', 'https://audiomelodies.nyc3.digitaloceanspaces.com/LOC/PhanManhQuynh/TrongAnhMatTroifeatOanhTiny/TrongAnhMatTroifeatOanhTiny.m4a', FALSE, NULL, NOW(), NOW()),
('fc79804e-c1ce-456f-aaad-7ace93bc75cf', '12ed9538-7a3a-49f7-9a62-8751ee946244', 'Tri Kỷ', '215808', 'lyric', 'nan', FALSE, NULL, NOW(), NOW()),
('48b216f8-2b6b-4030-ae24-fa1425b67f47', '219e2e45-f7d2-48f2-bf6b-b23b51fa31bf', 'Sao Cha Không (From "Bố Già" Original Motion Picture Soundtrack)', '279609', 'lyric', 'nan', FALSE, NULL, NOW(), NOW()),
('f068b0c3-58bb-48e8-9293-a491c7f1a39d', 'b9f8cc4a-770b-4264-b31f-dceea9e865b7', 'Nắng Mùa Hạ', '240062', 'lyric', 'https://audiomelodies.nyc3.digitaloceanspaces.com/LOC/PhanManhQuynh/NhungNgayau/NangMuaHa.m4a', FALSE, NULL, NOW(), NOW()),
('325d593b-0441-4949-8cad-9d39166d166f', '3222c5e8-e38e-41e4-9a98-1ded341ad67f', 'Nước Ngoài', '212666', 'lyric', 'https://audiomelodies.nyc3.digitaloceanspaces.com/LOC/PhanManhQuynh/NuocNgoai/NuocNgoai.m4a', FALSE, NULL, NOW(), NOW()),
('fd0973e2-a66f-42f5-b5b9-8b93d172b366', 'cf95ee0f-7068-41f5-b41a-2392cd064f0a', 'Người Khác', '228000', 'lyric', 'https://audiomelodies.nyc3.digitaloceanspaces.com/LOC/PhanManhQuynh/NhungNgayau/NguoiKhac.m4a', FALSE, NULL, NOW(), NOW()),
('ac67d790-0cc7-4986-8e7e-c8c2299bdad8', '7c141da5-14ef-4af7-b5cd-70e70a7f2d4f', 'NHẠT', '208500', 'lyric', 'https://audiomelodies.nyc3.digitaloceanspaces.com/LOC/PhanManhQuynh/NHAT/NHAT.m4a', FALSE, NULL, NOW(), NOW()),
('96d38054-3fb4-4581-b433-2116c08852df', '1c3a05ed-944f-4ac4-8a40-ec228fc11694', 'Mất Hy Vọng', '232000', 'lyric', 'https://audiomelodies.nyc3.digitaloceanspaces.com/LOC/PhanManhQuynh/NhungNgayau/MatHyVong.m4a', FALSE, NULL, NOW(), NOW()),
('81889363-cddb-4eab-bd35-9d3911b34526', 'dfafc85e-49ab-4d24-be1e-80aabc64d62d', 'Miền Gian Khổ', '214687', 'lyric', 'https://audiomelodies.nyc3.digitaloceanspaces.com/LOC/PhanManhQuynh/MienGianKho/MienGianKho.m4a', FALSE, NULL, NOW(), NOW()),
('8013459d-ad40-427a-9b8f-b8921f625007', '59d1f782-e286-4c03-be41-e5e68c58e6a8', 'Hồi Ức', '347207', 'lyric', 'https://audiomelodies.nyc3.digitaloceanspaces.com/LOC/PhanManhQuynh/HoiUc/HoiUc.m4a', FALSE, NULL, NOW(), NOW()),
('f0eececd-4045-4c55-9dd6-e518e96cefbc', '3dfceadd-bba8-4580-af81-a51e1fe22beb', 'Huyền Thoại', '289000', 'lyric', 'https://audiomelodies.nyc3.digitaloceanspaces.com/LOC/PhanManhQuynh/HuyenThoai/HuyenThoai.m4a', FALSE, NULL, NOW(), NOW()),
('608a475a-e5b4-45b9-a67a-24dcbc567a21', 'a10ea7eb-58b3-4fb6-9fb8-e35c244f84f2', 'Có Một Nơi Như Thế', '235000', 'lyric', 'nan', FALSE, NULL, NOW(), NOW()),
('e233ac2c-0312-4c0b-8104-f6b9b9ba80a1', '4be266dd-d97e-4b63-ab86-e05a53bc9742', 'Cuộc Gọi (feat. Aazuki)', '218266', 'lyric', 'https://audiomelodies.nyc3.digitaloceanspaces.com/LOC/PhanManhQuynh/CuocGoifeatAazuki/CuocGoifeatAazuki.m4a', FALSE, NULL, NOW(), NOW()),
('6d144f67-c51a-41d5-a112-71f7444363d4', 'eaa5482c-8be2-4827-a43e-c5bed179ffd2', 'Con Tim Tan Vỡ', '197774', 'lyric', 'https://audiomelodies.nyc3.digitaloceanspaces.com/LOC/PhanManhQuynh/ConTimTanVo/ConTimTanVo.m4a', FALSE, NULL, NOW(), NOW()),
('df054e9a-59c1-4a91-9ea5-c930e3a21192', '28ea7e47-e36a-4428-a604-2ccd0916da56', 'Chưa Có Người Yêu', '204179', 'lyric', 'https://audiomelodies.nyc3.digitaloceanspaces.com/LOC/PhanManhQuynh/ChuaCoNguoiYeu/ChuaCoNguoiYeu.m4a', FALSE, NULL, NOW(), NOW()),
('150ed5ae-914b-4190-ba45-b48f487378d1', 'c5758a8c-ee96-4451-b046-ac0f636946f7', 'Bóng Tối Không Em', '258142', 'lyric', 'https://audiomelodies.nyc3.digitaloceanspaces.com/LOC/PhanManhQuynh/NguoiYeuCu/BongToiKhongEm.m4a', FALSE, NULL, NOW(), NOW()),
('b6fa5794-4e01-4a43-aa5c-c4ecd5b7788b', 'c5758a8c-ee96-4451-b046-ac0f636946f7', 'Góc Khuất Sau Hạnh Phúc', '211069', 'lyric', 'https://audiomelodies.nyc3.digitaloceanspaces.com/LOC/PhanManhQuynh/NhungNgayau/GocKhuatSauHanhPhuc.m4a', FALSE, NULL, NOW(), NOW()),
('2d6f88dd-8be8-4f52-8fa9-7b1d7e07e51c', 'c5758a8c-ee96-4451-b046-ac0f636946f7', 'Khi Lòng Ta Hiểu', '216633', 'lyric', 'https://audiomelodies.nyc3.digitaloceanspaces.com/LOC/PhanManhQuynh/NguoiYeuCu/KhiLongTaHieu.m4a', FALSE, NULL, NOW(), NOW()),
('51f21fed-01fb-42c7-8443-aee2cfd336d7', 'c5758a8c-ee96-4451-b046-ac0f636946f7', 'Người Yêu Cũ', '232576', 'lyric', 'https://audiomelodies.nyc3.digitaloceanspaces.com/LOC/PhanManhQuynh/NguoiYeuCu/NguoiYeuCu.m4a', FALSE, NULL, NOW(), NOW()),
('9803405b-c559-4ec7-b8a5-06affd629063', 'c5758a8c-ee96-4451-b046-ac0f636946f7', 'Những Ngày Không Bên Nhau', '290951', 'lyric', 'https://audiomelodies.nyc3.digitaloceanspaces.com/LOC/PhanManhQuynh/NguoiYeuCu/NhungNgayKhongBenNhau.m4a', FALSE, NULL, NOW(), NOW()),
('4cf06b53-2d99-409a-962e-a1abda1af317', '38c28875-73b5-4192-91af-de41fbb6ec0a', 'Những Ngày Không Bên Nhau', '291494', 'lyric', 'https://audiomelodies.nyc3.digitaloceanspaces.com/LOC/PhanManhQuynh/NhungNgayKhongBenNhau/NhungNgayKhongBenNhau.m4a', FALSE, NULL, NOW(), NOW());



INSERT INTO "ArtistSong" ("songId", "artistId", "main", "createdAt", "updatedAt") VALUES
('5cd5b52b-eb43-4a76-b525-392fd72a8f28',  '6b21b772-6962-4bda-8f7d-53815d522dcb', TRUE, NOW(), NOW()),
('28178b6e-056f-438c-905b-933d4644e110',  '4632f0d7-e7ff-4c3d-a843-820f3fd3f021', TRUE, NOW(), NOW()),
('07d2eaf6-cd7d-4cc3-afce-98f4110e29ec', '4632f0d7-e7ff-4c3d-a843-820f3fd3f021', TRUE, NOW(), NOW()),
('07d2eaf6-cd7d-4cc3-afce-98f4110e29ec', '6b21b772-6962-4bda-8f7d-53815d522dcb', FALSE, NOW(), NOW()),
('d2277638-0b3c-424c-84cd-2d825b53e8ce',  '4632f0d7-e7ff-4c3d-a843-820f3fd3f021', TRUE, NOW(), NOW()),
('9c5f6b6b-c026-45b3-a16b-08e00fdc7282',  '6b21b772-6962-4bda-8f7d-53815d522dcb', TRUE, NOW(), NOW()),
('c1193e54-54ea-412c-a373-f41955ed7e45',  '6b21b772-6962-4bda-8f7d-53815d522dcb', TRUE, NOW(), NOW()),
('90feacb8-8aed-49fd-8116-bd7376a51860',  '6b21b772-6962-4bda-8f7d-53815d522dcb', TRUE, NOW(), NOW()),
('04947a74-5116-4143-8c91-010ea7db7cba',  '4632f0d7-e7ff-4c3d-a843-820f3fd3f021', TRUE, NOW(), NOW()),
('dc180f60-44f0-4e99-96a0-ee5a790f3c14', '4632f0d7-e7ff-4c3d-a843-820f3fd3f021', TRUE, NOW(), NOW()),
('dc180f60-44f0-4e99-96a0-ee5a790f3c14', '6b21b772-6962-4bda-8f7d-53815d522dcb', FALSE, NOW(), NOW()),
('993b95e5-9be1-4bd9-a497-245ce1132eee',  '4632f0d7-e7ff-4c3d-a843-820f3fd3f021', TRUE, NOW(), NOW()),
('4bec252c-d155-4d21-adeb-601e8406941a',  '6b21b772-6962-4bda-8f7d-53815d522dcb', TRUE, NOW(), NOW()),
('25f93588-a44c-4386-adf7-a9c6e2641272',  '6b21b772-6962-4bda-8f7d-53815d522dcb', TRUE, NOW(), NOW()),
('0b9a9857-304f-4d37-8521-5badde8f5477',  '6b21b772-6962-4bda-8f7d-53815d522dcb', TRUE, NOW(), NOW()),
('b831c251-e574-4996-88c9-c78f96a8a484',  '6b21b772-6962-4bda-8f7d-53815d522dcb', TRUE, NOW(), NOW()),
('f8b9f924-7507-42d1-919e-37811ca585b2',  '6b21b772-6962-4bda-8f7d-53815d522dcb', TRUE, NOW(), NOW()),
('4fdee163-d244-42d3-89b5-1c2328ff0018',  '6b21b772-6962-4bda-8f7d-53815d522dcb', TRUE, NOW(), NOW()),
('1f0bda09-92af-4320-9e93-8325fb533450',  '6b21b772-6962-4bda-8f7d-53815d522dcb', TRUE, NOW(), NOW()),
('0ab52991-2864-416d-8716-cfa8d0f4fdf3',  '6b21b772-6962-4bda-8f7d-53815d522dcb', TRUE, NOW(), NOW()),
('43d9d651-3da2-40ef-8029-e43666119915',  '6b21b772-6962-4bda-8f7d-53815d522dcb', TRUE, NOW(), NOW()),
('7fc202d3-3c39-4345-8789-0e1e29938232',  '6b21b772-6962-4bda-8f7d-53815d522dcb', TRUE, NOW(), NOW()),
('c43b01c9-74ac-48ee-8a61-22410516ee22',  '6b21b772-6962-4bda-8f7d-53815d522dcb', TRUE, NOW(), NOW()),
('460270b7-30c1-4727-a178-aaf41a95a3f5',  '6b21b772-6962-4bda-8f7d-53815d522dcb', TRUE, NOW(), NOW()),
('71a1c648-8874-4fcd-9d05-28e20ba2a58b',  '6b21b772-6962-4bda-8f7d-53815d522dcb', TRUE, NOW(), NOW()),
('6a0c42ab-7cc5-4527-aac7-9408ea57921a',  '6b21b772-6962-4bda-8f7d-53815d522dcb', TRUE, NOW(), NOW()),
('926c29b5-a661-4cc8-9251-4df673b178a0',  '6b21b772-6962-4bda-8f7d-53815d522dcb', TRUE, NOW(), NOW()),
('33a37903-1df7-454c-8936-4c13593c9726',  '6b21b772-6962-4bda-8f7d-53815d522dcb', TRUE, NOW(), NOW()),
('a3457d76-70d8-413d-8d6f-adf443a38faf',  '6b21b772-6962-4bda-8f7d-53815d522dcb', TRUE, NOW(), NOW()),
('bfa6ceb4-c54e-4fd2-86aa-45d26cdae100',  '6b21b772-6962-4bda-8f7d-53815d522dcb', TRUE, NOW(), NOW()),
('3412fe33-52db-4bf9-8c57-832bf22fd9f1',  '6b21b772-6962-4bda-8f7d-53815d522dcb', TRUE, NOW(), NOW()),
('2fbefcc2-173d-4d6f-9a56-959cdd8eb8b6',  '6b21b772-6962-4bda-8f7d-53815d522dcb', TRUE, NOW(), NOW()),
('f6b20ef8-b51f-4b08-8c59-5d6e734fe879',  '6b21b772-6962-4bda-8f7d-53815d522dcb', TRUE, NOW(), NOW()),
('82fd7d56-956e-48f9-ae53-136484bc92ae',  '6b21b772-6962-4bda-8f7d-53815d522dcb', TRUE, NOW(), NOW()),
('01468d11-df03-4b31-af97-dd8986838630',  '6b21b772-6962-4bda-8f7d-53815d522dcb', TRUE, NOW(), NOW()),
('2b79b3f7-bb08-480c-a2a6-cea11907fe0d',  '6b21b772-6962-4bda-8f7d-53815d522dcb', TRUE, NOW(), NOW()),
('b01a8e84-1d34-4ecf-8462-39b3f830a028',  '6b21b772-6962-4bda-8f7d-53815d522dcb', TRUE, NOW(), NOW()),
('e6bf89c2-a98e-4573-b0ed-0e8308b1f135',  '6b21b772-6962-4bda-8f7d-53815d522dcb', TRUE, NOW(), NOW()),
('18f5fc2d-772c-4287-bef1-3ce9f823e163',  '6b21b772-6962-4bda-8f7d-53815d522dcb', TRUE, NOW(), NOW()),
('7261eb65-8fde-45f5-bf1b-7c82a5be8c7f',  '6b21b772-6962-4bda-8f7d-53815d522dcb', TRUE, NOW(), NOW()),
('35dcb848-cc08-4edc-b309-cc6453f630b1',  '6b21b772-6962-4bda-8f7d-53815d522dcb', TRUE, NOW(), NOW()),
('e177ef0f-04db-4764-9a02-c8b42bd6b508',  '6b21b772-6962-4bda-8f7d-53815d522dcb', TRUE, NOW(), NOW()),
('fffc2bac-6059-4996-b33a-981d4329f594', '6b21b772-6962-4bda-8f7d-53815d522dcb', TRUE, NOW(), NOW()),
('fffc2bac-6059-4996-b33a-981d4329f594', '8a42bd06-871f-482c-bcd9-ae9413bd5195', FALSE, NOW(), NOW()),
('fffc2bac-6059-4996-b33a-981d4329f594', '28faeb86-b0f7-4cd3-8b1f-224117e6959f', FALSE, NOW(), NOW()),
('ec8a9b39-3153-4d9f-8c03-e8a8b7622f7b',  '6b21b772-6962-4bda-8f7d-53815d522dcb', TRUE, NOW(), NOW()),
('6feadf2a-c3df-4ce4-8206-a9c10548eb11',  '6b21b772-6962-4bda-8f7d-53815d522dcb', TRUE, NOW(), NOW()),
('ce8c7d40-1500-41fc-8614-c20eb43f8e44',  '6b21b772-6962-4bda-8f7d-53815d522dcb', TRUE, NOW(), NOW()),
('06ddcb96-38b0-4199-b434-04ef9eab79fe', '6b21b772-6962-4bda-8f7d-53815d522dcb', TRUE, NOW(), NOW()),
('70eb4afe-ce50-4a4f-9f71-c9b7af6d63dd', 'e554e657-9485-4cfd-a29f-273c2cf4dd4d', TRUE, NOW(), NOW()),
('70eb4afe-ce50-4a4f-9f71-c9b7af6d63dd', '6b21b772-6962-4bda-8f7d-53815d522dcb', FALSE, NOW(), NOW()),
('934cb1f0-6ccd-4bfe-8ba3-1a147bca4799', '6b21b772-6962-4bda-8f7d-53815d522dcb', TRUE, NOW(), NOW()),
('934cb1f0-6ccd-4bfe-8ba3-1a147bca4799', 'e554e657-9485-4cfd-a29f-273c2cf4dd4d', FALSE, NOW(), NOW()),
('ea48c790-e14d-41e1-808d-eebe35595d2a', '6b21b772-6962-4bda-8f7d-53815d522dcb', TRUE, NOW(), NOW()),
('ea48c790-e14d-41e1-808d-eebe35595d2a', 'fe1dcf07-e60c-41ea-a0be-26e31cbec9c3', FALSE, NOW(), NOW()),
('3d386d7e-ad6d-4713-aaba-bb7eaf5ce791',  '6b21b772-6962-4bda-8f7d-53815d522dcb', TRUE, NOW(), NOW()),
('a0378f06-af6f-4cdd-a76c-643f297861ad',  '6b21b772-6962-4bda-8f7d-53815d522dcb', TRUE, NOW(), NOW()),
('540fcd62-5dd9-4aae-ac03-3885175bcaad',  '6b21b772-6962-4bda-8f7d-53815d522dcb', TRUE, NOW(), NOW()),
('7d41b0eb-0895-4a0c-825b-94b57fab3282', 'b2162a5b-8cec-4733-9898-332cfa2e49bd', TRUE, NOW(), NOW()),
('7d41b0eb-0895-4a0c-825b-94b57fab3282', '6b21b772-6962-4bda-8f7d-53815d522dcb', FALSE, NOW(), NOW()),
('b97c8f77-77c4-4887-be37-7ee78cc14520',  '6b21b772-6962-4bda-8f7d-53815d522dcb', TRUE, NOW(), NOW()),
('5c6afdc4-d7ce-4026-b160-5d3ccfbf9e96',  '6b21b772-6962-4bda-8f7d-53815d522dcb', TRUE, NOW(), NOW()),
('75cbc960-e292-4bc9-9c1b-2990bd851e17',  '6b21b772-6962-4bda-8f7d-53815d522dcb', TRUE, NOW(), NOW()),
('56797161-0af3-44be-b7e0-184ad8a170ea',  '6b21b772-6962-4bda-8f7d-53815d522dcb', TRUE, NOW(), NOW()),
('503af7fb-2fe5-4bfb-9d01-26ec35adba03', '6b21b772-6962-4bda-8f7d-53815d522dcb', TRUE, NOW(), NOW()),
('ec5b9e10-8df1-4c94-b526-4c72a5b9f265',  '6b21b772-6962-4bda-8f7d-53815d522dcb', TRUE, NOW(), NOW()),
('dd76a631-c875-4b87-aae6-36081071cb7a',  '6b21b772-6962-4bda-8f7d-53815d522dcb', TRUE, NOW(), NOW()),
('f155e184-6ab1-4dde-ba62-6d0f269ee191', '6b21b772-6962-4bda-8f7d-53815d522dcb', TRUE, NOW(), NOW()),
('fc79804e-c1ce-456f-aaad-7ace93bc75cf',  '6b21b772-6962-4bda-8f7d-53815d522dcb', TRUE, NOW(), NOW()),
('48b216f8-2b6b-4030-ae24-fa1425b67f47',  '6b21b772-6962-4bda-8f7d-53815d522dcb', TRUE, NOW(), NOW()),
('f068b0c3-58bb-48e8-9293-a491c7f1a39d',  '6b21b772-6962-4bda-8f7d-53815d522dcb', TRUE, NOW(), NOW()),
('325d593b-0441-4949-8cad-9d39166d166f',  '6b21b772-6962-4bda-8f7d-53815d522dcb', TRUE, NOW(), NOW()),
('fd0973e2-a66f-42f5-b5b9-8b93d172b366',  '6b21b772-6962-4bda-8f7d-53815d522dcb', TRUE, NOW(), NOW()),
('ac67d790-0cc7-4986-8e7e-c8c2299bdad8',  '6b21b772-6962-4bda-8f7d-53815d522dcb', TRUE, NOW(), NOW()),
('96d38054-3fb4-4581-b433-2116c08852df',  '6b21b772-6962-4bda-8f7d-53815d522dcb', TRUE, NOW(), NOW()),
('81889363-cddb-4eab-bd35-9d3911b34526',  '6b21b772-6962-4bda-8f7d-53815d522dcb', TRUE, NOW(), NOW()),
('8013459d-ad40-427a-9b8f-b8921f625007',  '6b21b772-6962-4bda-8f7d-53815d522dcb', TRUE, NOW(), NOW()),
('f0eececd-4045-4c55-9dd6-e518e96cefbc',  '6b21b772-6962-4bda-8f7d-53815d522dcb', TRUE, NOW(), NOW()),
('608a475a-e5b4-45b9-a67a-24dcbc567a21', '6b21b772-6962-4bda-8f7d-53815d522dcb', TRUE, NOW(), NOW()),
('e233ac2c-0312-4c0b-8104-f6b9b9ba80a1', '6b21b772-6962-4bda-8f7d-53815d522dcb', TRUE, NOW(), NOW()),
('6d144f67-c51a-41d5-a112-71f7444363d4',  '6b21b772-6962-4bda-8f7d-53815d522dcb', TRUE, NOW(), NOW()),
('df054e9a-59c1-4a91-9ea5-c930e3a21192', '6b21b772-6962-4bda-8f7d-53815d522dcb', TRUE, NOW(), NOW()),
('df054e9a-59c1-4a91-9ea5-c930e3a21192', '80365470-ff86-4e7c-95e2-b0afadebd1f3', FALSE, NOW(), NOW()),
('150ed5ae-914b-4190-ba45-b48f487378d1',  '6b21b772-6962-4bda-8f7d-53815d522dcb', TRUE, NOW(), NOW()),
('b6fa5794-4e01-4a43-aa5c-c4ecd5b7788b',  '6b21b772-6962-4bda-8f7d-53815d522dcb', TRUE, NOW(), NOW()),
('2d6f88dd-8be8-4f52-8fa9-7b1d7e07e51c',  '6b21b772-6962-4bda-8f7d-53815d522dcb', TRUE, NOW(), NOW()),
('51f21fed-01fb-42c7-8443-aee2cfd336d7',  '6b21b772-6962-4bda-8f7d-53815d522dcb', TRUE, NOW(), NOW()),
('9803405b-c559-4ec7-b8a5-06affd629063',  '6b21b772-6962-4bda-8f7d-53815d522dcb', TRUE, NOW(), NOW()),
('4cf06b53-2d99-409a-962e-a1abda1af317',  '6b21b772-6962-4bda-8f7d-53815d522dcb', TRUE, NOW(), NOW());







--------------------NooPhuocThinh



INSERT INTO "Album" ("albumId",  "title", "releaseDate", "albumType", "createdAt", "updatedAt") VALUES
('249c11d8-56fd-4992-83c3-aaf76ac7ca1a', 'Đêm nhạc Love Songs', '2018-01-01', 'album', NOW(), NOW()),
('3a4ccf84-f948-4f93-83dc-81f0edd25164', 'Hành Trình Trở Thành Quán Quân Hòa Âm Ánh Sáng Của Team Noo Phước Thịnh', '2016-04-06', 'album', NOW(), NOW()),
('b802b63e-5576-4437-a444-da650e91932c', 'Em', '2012-11-24', 'album', NOW(), NOW()),
('714722e8-cbad-4dc5-83be-4f18e86d031a', 'Lạc Bước Trong Đêm', '2011-11-21', 'album', NOW(), NOW()),
('432b535c-e6a4-4fbc-9e62-f1294a353b28', 'Ba Chấm', '2010-03-09', 'album', NOW(), NOW()),
('6d0b17bb-1935-41b0-9ee4-80f55988e400', 'Tự Nguyện - Live', '2024-08-18', 'single', NOW(), NOW()),
('e9a155c3-0a8f-4c5b-be57-913ae09e0c66', 'ĐÙA ANH ĐAU ĐẤY MASHUP - Live', '2024-08-16', 'single', NOW(), NOW()),
('f649d989-8cde-4269-af9f-adfa383c0f2f', 'Đùa Anh Đau Đấy', '2024-07-16', 'single', NOW(), NOW()),
('8d3aa663-048b-4698-9041-16f1a20deec4', 'Ai Chung Tình Bằng Cô Đơn - Trung Ngon Remix', '2023-08-28', 'single', NOW(), NOW()),
('7c0302f7-f67f-4cc5-83b0-b6ffdfd32599', 'B52', '2023-06-15', 'single', NOW(), NOW()),
('2d9d7190-ebde-4186-9516-c66a72d49f34', 'Ai Chung Tình Bằng Cô Đơn', '2023-05-23', 'single', NOW(), NOW()),
('5ff5f228-352a-4f35-ae7d-4c0b1b1cd101', 'Noo''s Chill Night 3 - Bức Thư Tình Đầu Tiên (Live Version)', '2022-07-20', 'single', NOW(), NOW()),
('17c44b03-a8c5-4842-a096-c6b3d5a93754', 'Noo''s Chill Night 3 - Mất Cả Thế Giới (Live Version)', '2022-07-11', 'single', NOW(), NOW()),
('4eab2ef4-b99f-400d-8181-c4a931a9b8a3', 'Những Ngày Xuân Rực Rỡ', '2022-07-05', 'single', NOW(), NOW()),
('2fbba1ca-86a3-4c71-802f-f8e8c9c33879', 'Cause I Love You', '2022-07-05', 'single', NOW(), NOW()),
('11d70688-8c1f-44ac-86c7-f82a86486f91', 'Noo''s Chill Night Ep3 - Chạm Khẽ Tim Anh Một Chút Thôi (Live Version)', '2022-05-14', 'single', NOW(), NOW()),
('467b0db9-43a6-41e5-811f-589ed71b591b', 'Noo''s Chill Night ep 3 - Dòng Thời Gian (Live Version)', '2022-05-02', 'single', NOW(), NOW()),
('f6ec4bb4-07c0-47e3-ac41-e877d3e8d7fd', 'Yêu Một Người Sao Buồn Đến Thế', '2020-10-27', 'single', NOW(), NOW()),
('1a27b7be-1bc0-4e17-9c04-41e2aa805a77', 'Em Đã Thương Người Ta Hơn Anh (Beat)', '2020-09-09', 'single', NOW(), NOW()),
('aa84c383-494b-489a-831e-75259bee7c29', 'Em Đã Thương Người Ta Hơn Anh', '2020-09-09', 'single', NOW(), NOW()),
('2c97b1a1-451c-4fc6-a3de-901292bbaeb5', 'Thank You - Những Chiến Binh Thầm Lặng', '2020-04-13', 'ep', NOW(), NOW()),
('a527cb0f-117e-4628-bb6c-f2e23f42e849', 'I''m Still Loving You', '2019-11-13', 'single', NOW(), NOW()),
('e25f01cf-b0b2-44c4-83dc-27a410d5d6ae', 'Ba Chấm', '2019-05-30', 'ep', NOW(), NOW()),
('735264aa-00be-4721-815f-f574b77dc881', 'Phút Giây Gần Kề', '2019-02-13', 'single', NOW(), NOW()),
('f5fd9845-fbc4-4bce-a1a8-722b64f57a4d', 'Gọi Tên Mùa Xuân', '2019-01-21', 'single', NOW(), NOW()),
('58b77f96-4fd5-4300-8a07-f4ebd0fb8661', 'Dấu Yêu Một Thời', '2019-01-20', 'single', NOW(), NOW()),
('88da6298-6dfa-4349-a6eb-a58eeb62e73e', 'Thương Em Là Điều Anh Không Thể Ngờ', '2018-12-18', 'single', NOW(), NOW()),
('6979287d-b911-45bf-9802-4eff6f85b6c4', 'Những Kẻ Mộng Mơ', '2018-10-19', 'single', NOW(), NOW()),
('13a8b3f6-71e2-4293-a91b-31428d3896d6', 'Tình Như Chocopie', '2018-05-28', 'single', NOW(), NOW()),
('bfb5d1df-a5b3-49e5-8cf0-914f46c84a35', 'Mình Anh (feat. Nguyễn Hoàng Duy)', '2017-12-04', 'single', NOW(), NOW()),
('55bbe0f2-dfa6-474c-b7ac-a96fb336a9f8', 'Lost', '2017-12-04', 'ep', NOW(), NOW()),
('6b1cd70f-4b0c-4d7e-bc5a-4c1dbad47c03', 'Yes I Love You', '2017-07-28', 'single', NOW(), NOW()),
('38024b01-834b-43ca-8c6e-9ca6bd019e49', 'Dream Team (feat. Anh Đạt, Hiền Mai, Anh Phong, Han Sara, Lương Minh Trí & Thanh Nga)', '2017-06-20', 'single', NOW(), NOW()),
('682b23cb-b6a1-4d52-a5c6-15ab0754b6c2', 'Thương Mấy Cũng Là Người Dưng', '2017-03-28', 'ep', NOW(), NOW()),
('423b5b82-cd84-40e2-b798-72b3215fb4c8', 'Lặng Thầm (SlimV Mix)', '2017-03-22', 'ep', NOW(), NOW()),
('1766a8e9-edda-4db8-952a-e2479c4283a5', 'Lạc Bước Trong Đêm', '2017-03-21', 'single', NOW(), NOW()),
('823f0725-1f63-4fe8-962b-786374bdf437', 'Hạnh Phúc Xuân Ngời', '2017-01-19', 'single', NOW(), NOW()),
('407fed48-4277-4cae-a266-f01d62981170', 'Mình Thích Thì Mình Yêu Thôi (feat.Hồ Ngọc Hà )', '2017-01-18', 'single', NOW(), NOW()),
('b0993be6-ecba-4364-8e66-a891af8b39da', 'I Don''t Believe in You (feat. Basick)', '2017-01-10', 'single', NOW(), NOW()),
('ef08b656-9d6c-4890-afb5-6c4c8af8f7b2', 'Dòng thời gian (Live)', '2017-01-01', 'single', NOW(), NOW()),
('6e5ca1e5-db66-4599-989b-ce06a1714abf', 'Những Ngày Xuân Rực Rỡ', '2016-12-29', 'single', NOW(), NOW()),
('0f4ace4a-cf9d-40bd-bb77-4cf53bbc0c4e', 'Như Phút Ban Đầu', '2016-09-19', 'single', NOW(), NOW()),
('dc593ab0-4984-4a2f-a26d-5259817dc1cd', 'Cause I Love You', '2016-03-23', 'ep', NOW(), NOW()),
('807b064b-7889-488d-a7ec-0a477f45ea63', 'Really Love You', '2016-03-02', 'single', NOW(), NOW()),
('cf00bcf8-06a6-4f46-87ea-a313585a2b2b', 'Như Vậy Mãi Thôi', '2016-02-06', 'ep', NOW(), NOW()),
('9959b7ad-c337-4456-95cf-3e490925da15', 'Đừng Nhìn Lại', '2015-07-10', 'ep', NOW(), NOW()),
('d79b4bf6-80e4-48b0-b843-50f9d86f16e2', 'Đổi Thay', '2015-07-10', 'ep', NOW(), NOW()),
('fe0c2a6a-9a2f-4771-8ff7-f8786e46fce6', 'Tìm Em Trong Ký Ức', '2015-07-10', 'ep', NOW(), NOW()),
('543e858d-93eb-4c7b-8361-06d6bfc6622e', 'Em Đi Tìm Anh', '2015-05-17', 'single', NOW(), NOW()),
('960148a9-bfdf-4374-86da-0f6fb3c45d2c', 'Ước Mơ Tôi', '2015-03-21', 'ep', NOW(), NOW()),
('c5740bbc-c07f-4e2c-b11a-9438be43c1d3', 'Em', '2015-01-10', 'ep', NOW(), NOW()),
('10aeebf3-9dbb-425c-b9b9-716e89e10d47', 'Merino Icecream Land', '2014-11-13', 'single', NOW(), NOW()),
('ef851d64-b480-400b-94b1-b4a1bc5dcf16', 'Mãi Mãi Bên Nhau', '2014-10-21', 'ep', NOW(), NOW()),
('06509ba4-5250-4efe-b8ff-053576b0d14c', 'Đừng Nhìn Lại', '2014-08-31', 'ep', NOW(), NOW()),
('b1a1517c-9625-4199-94f9-672377234cb2', 'Gạt Đi Nước Mắt', '2014-08-27', 'ep', NOW(), NOW()),
('8b9d282f-d5ca-4429-81da-9033f546942e', 'Mashup Mãi mãi bên nhau / Như phút ban đầu (Live)', '2014-01-01', 'single', NOW(), NOW()),
('1b9187be-d157-4a14-bee9-a1dad9ba8423', 'Em Sẽ Hạnh Phúc', '2013-09-11', 'ep', NOW(), NOW()),
('54e25122-2004-4a69-969b-77ecfa70f033', 'Tìm Em Trong Ký Ức', '2013-06-30', 'ep', NOW(), NOW()),
('bc1cb32b-39cf-46c6-81da-7fa118850ec1', 'Chờ Ngày Mưa Tan', '2013-01-20', 'ep', NOW(), NOW()),
('1c86a47c-9c24-4784-a9b6-e70445cc5ec7', 'Chờ Ngày Mưa Tan', '2012-11-24', 'ep', NOW(), NOW()),
('d104664d-4992-402a-9668-ac0eba27acc9', 'Xin Lỗi Em', '2012-07-13', 'single', NOW(), NOW()),
('1e321b4c-1b86-4236-bf7a-58433b3c9dc4', 'Nỗi Nhớ Đầy Vơi', '2011-04-29', 'ep', NOW(), NOW()),
('69cfa7ce-5254-449e-8d9f-069ebfa4702e', 'Đổi Thay', '2010-01-01', 'ep', NOW(), NOW()),
('1a8c18cf-9a4c-470c-859a-ad25b25b8f7a', 'cơn mưa băng giá (Live)', '2006-01-01', 'single', NOW(), NOW()),
('a7247d55-b688-4274-a28a-242d390f8c3c', 'Tôi Là Một Ngôi Sao (original)', '2000-01-01', 'ep', NOW(), NOW()),
('1d0b4d53-a44c-466c-beb5-d70ff73b981c', 'Dream Team (original)', '2000-01-01', 'single', NOW(), NOW());



INSERT INTO "AlbumImage" ("albumId", "image", "size", "createdAt", "updatedAt") VALUES
('249c11d8-56fd-4992-83c3-aaf76ac7ca1a', 'https://i.scdn.co/image/ab67616d0000b273cdd7caad8dc8c6afa51c4e81', '640', NOW(), NOW()),
('249c11d8-56fd-4992-83c3-aaf76ac7ca1a', 'https://i.scdn.co/image/ab67616d00001e02cdd7caad8dc8c6afa51c4e81', '300', NOW(), NOW()),
('249c11d8-56fd-4992-83c3-aaf76ac7ca1a', 'https://i.scdn.co/image/ab67616d00004851cdd7caad8dc8c6afa51c4e81', '64', NOW(), NOW()),
('3a4ccf84-f948-4f93-83dc-81f0edd25164', 'https://i.scdn.co/image/ab67616d0000b2738ea0619c5ba99589e4fbe05d', '640', NOW(), NOW()),
('3a4ccf84-f948-4f93-83dc-81f0edd25164', 'https://i.scdn.co/image/ab67616d00001e028ea0619c5ba99589e4fbe05d', '300', NOW(), NOW()),
('3a4ccf84-f948-4f93-83dc-81f0edd25164', 'https://i.scdn.co/image/ab67616d000048518ea0619c5ba99589e4fbe05d', '64', NOW(), NOW()),
('b802b63e-5576-4437-a444-da650e91932c', 'https://i.scdn.co/image/ab67616d0000b273519456488628ff3b3590bccb', '640', NOW(), NOW()),
('b802b63e-5576-4437-a444-da650e91932c', 'https://i.scdn.co/image/ab67616d00001e02519456488628ff3b3590bccb', '300', NOW(), NOW()),
('b802b63e-5576-4437-a444-da650e91932c', 'https://i.scdn.co/image/ab67616d00004851519456488628ff3b3590bccb', '64', NOW(), NOW()),
('714722e8-cbad-4dc5-83be-4f18e86d031a', 'https://i.scdn.co/image/ab67616d0000b273ea0b19f0edfe13e9c8db225e', '640', NOW(), NOW()),
('714722e8-cbad-4dc5-83be-4f18e86d031a', 'https://i.scdn.co/image/ab67616d00001e02ea0b19f0edfe13e9c8db225e', '300', NOW(), NOW()),
('714722e8-cbad-4dc5-83be-4f18e86d031a', 'https://i.scdn.co/image/ab67616d00004851ea0b19f0edfe13e9c8db225e', '64', NOW(), NOW()),
('432b535c-e6a4-4fbc-9e62-f1294a353b28', 'https://i.scdn.co/image/ab67616d0000b273f32b80e585f8d100303adeb7', '640', NOW(), NOW()),
('432b535c-e6a4-4fbc-9e62-f1294a353b28', 'https://i.scdn.co/image/ab67616d00001e02f32b80e585f8d100303adeb7', '300', NOW(), NOW()),
('432b535c-e6a4-4fbc-9e62-f1294a353b28', 'https://i.scdn.co/image/ab67616d00004851f32b80e585f8d100303adeb7', '64', NOW(), NOW()),
('6d0b17bb-1935-41b0-9ee4-80f55988e400', 'https://i.scdn.co/image/ab67616d0000b27357493c2448466319bf7963cf', '640', NOW(), NOW()),
('6d0b17bb-1935-41b0-9ee4-80f55988e400', 'https://i.scdn.co/image/ab67616d00001e0257493c2448466319bf7963cf', '300', NOW(), NOW()),
('6d0b17bb-1935-41b0-9ee4-80f55988e400', 'https://i.scdn.co/image/ab67616d0000485157493c2448466319bf7963cf', '64', NOW(), NOW()),
('e9a155c3-0a8f-4c5b-be57-913ae09e0c66', 'https://i.scdn.co/image/ab67616d0000b27327bce6d7c44f4589381917b8', '640', NOW(), NOW()),
('e9a155c3-0a8f-4c5b-be57-913ae09e0c66', 'https://i.scdn.co/image/ab67616d00001e0227bce6d7c44f4589381917b8', '300', NOW(), NOW()),
('e9a155c3-0a8f-4c5b-be57-913ae09e0c66', 'https://i.scdn.co/image/ab67616d0000485127bce6d7c44f4589381917b8', '64', NOW(), NOW()),
('f649d989-8cde-4269-af9f-adfa383c0f2f', 'https://i.scdn.co/image/ab67616d0000b2738ec7e0a96953a18469fc675a', '640', NOW(), NOW()),
('f649d989-8cde-4269-af9f-adfa383c0f2f', 'https://i.scdn.co/image/ab67616d00001e028ec7e0a96953a18469fc675a', '300', NOW(), NOW()),
('f649d989-8cde-4269-af9f-adfa383c0f2f', 'https://i.scdn.co/image/ab67616d000048518ec7e0a96953a18469fc675a', '64', NOW(), NOW()),
('8d3aa663-048b-4698-9041-16f1a20deec4', 'https://i.scdn.co/image/ab67616d0000b2732ce10a105ddd4509197bd7d7', '640', NOW(), NOW()),
('8d3aa663-048b-4698-9041-16f1a20deec4', 'https://i.scdn.co/image/ab67616d00001e022ce10a105ddd4509197bd7d7', '300', NOW(), NOW()),
('8d3aa663-048b-4698-9041-16f1a20deec4', 'https://i.scdn.co/image/ab67616d000048512ce10a105ddd4509197bd7d7', '64', NOW(), NOW()),
('7c0302f7-f67f-4cc5-83b0-b6ffdfd32599', 'https://i.scdn.co/image/ab67616d0000b273066a01e64ac08700caec0377', '640', NOW(), NOW()),
('7c0302f7-f67f-4cc5-83b0-b6ffdfd32599', 'https://i.scdn.co/image/ab67616d00001e02066a01e64ac08700caec0377', '300', NOW(), NOW()),
('7c0302f7-f67f-4cc5-83b0-b6ffdfd32599', 'https://i.scdn.co/image/ab67616d00004851066a01e64ac08700caec0377', '64', NOW(), NOW()),
('2d9d7190-ebde-4186-9516-c66a72d49f34', 'https://i.scdn.co/image/ab67616d0000b2732054be11208ba3cb9cebf625', '640', NOW(), NOW()),
('2d9d7190-ebde-4186-9516-c66a72d49f34', 'https://i.scdn.co/image/ab67616d00001e022054be11208ba3cb9cebf625', '300', NOW(), NOW()),
('2d9d7190-ebde-4186-9516-c66a72d49f34', 'https://i.scdn.co/image/ab67616d000048512054be11208ba3cb9cebf625', '64', NOW(), NOW()),
('5ff5f228-352a-4f35-ae7d-4c0b1b1cd101', 'https://i.scdn.co/image/ab67616d0000b273ed643180191f80e067c0e98b', '640', NOW(), NOW()),
('5ff5f228-352a-4f35-ae7d-4c0b1b1cd101', 'https://i.scdn.co/image/ab67616d00001e02ed643180191f80e067c0e98b', '300', NOW(), NOW()),
('5ff5f228-352a-4f35-ae7d-4c0b1b1cd101', 'https://i.scdn.co/image/ab67616d00004851ed643180191f80e067c0e98b', '64', NOW(), NOW()),
('17c44b03-a8c5-4842-a096-c6b3d5a93754', 'https://i.scdn.co/image/ab67616d0000b27343746147562a3710b97d0e7b', '640', NOW(), NOW()),
('17c44b03-a8c5-4842-a096-c6b3d5a93754', 'https://i.scdn.co/image/ab67616d00001e0243746147562a3710b97d0e7b', '300', NOW(), NOW()),
('17c44b03-a8c5-4842-a096-c6b3d5a93754', 'https://i.scdn.co/image/ab67616d0000485143746147562a3710b97d0e7b', '64', NOW(), NOW()),
('4eab2ef4-b99f-400d-8181-c4a931a9b8a3', 'https://i.scdn.co/image/ab67616d0000b27348a9b05040e4b156ef2cbc04', '640', NOW(), NOW()),
('4eab2ef4-b99f-400d-8181-c4a931a9b8a3', 'https://i.scdn.co/image/ab67616d00001e0248a9b05040e4b156ef2cbc04', '300', NOW(), NOW()),
('4eab2ef4-b99f-400d-8181-c4a931a9b8a3', 'https://i.scdn.co/image/ab67616d0000485148a9b05040e4b156ef2cbc04', '64', NOW(), NOW()),
('2fbba1ca-86a3-4c71-802f-f8e8c9c33879', 'https://i.scdn.co/image/ab67616d0000b2734b035ec85a23c59b1e4b997e', '640', NOW(), NOW()),
('2fbba1ca-86a3-4c71-802f-f8e8c9c33879', 'https://i.scdn.co/image/ab67616d00001e024b035ec85a23c59b1e4b997e', '300', NOW(), NOW()),
('2fbba1ca-86a3-4c71-802f-f8e8c9c33879', 'https://i.scdn.co/image/ab67616d000048514b035ec85a23c59b1e4b997e', '64', NOW(), NOW()),
('11d70688-8c1f-44ac-86c7-f82a86486f91', 'https://i.scdn.co/image/ab67616d0000b27355ac3206384dbb0cb7bffd2a', '640', NOW(), NOW()),
('11d70688-8c1f-44ac-86c7-f82a86486f91', 'https://i.scdn.co/image/ab67616d00001e0255ac3206384dbb0cb7bffd2a', '300', NOW(), NOW()),
('11d70688-8c1f-44ac-86c7-f82a86486f91', 'https://i.scdn.co/image/ab67616d0000485155ac3206384dbb0cb7bffd2a', '64', NOW(), NOW()),
('467b0db9-43a6-41e5-811f-589ed71b591b', 'https://i.scdn.co/image/ab67616d0000b273841c137f6eaf6f3f7d39a606', '640', NOW(), NOW()),
('467b0db9-43a6-41e5-811f-589ed71b591b', 'https://i.scdn.co/image/ab67616d00001e02841c137f6eaf6f3f7d39a606', '300', NOW(), NOW()),
('467b0db9-43a6-41e5-811f-589ed71b591b', 'https://i.scdn.co/image/ab67616d00004851841c137f6eaf6f3f7d39a606', '64', NOW(), NOW()),
('f6ec4bb4-07c0-47e3-ac41-e877d3e8d7fd', 'https://i.scdn.co/image/ab67616d0000b273ba41d3addc297d765bd337eb', '640', NOW(), NOW()),
('f6ec4bb4-07c0-47e3-ac41-e877d3e8d7fd', 'https://i.scdn.co/image/ab67616d00001e02ba41d3addc297d765bd337eb', '300', NOW(), NOW()),
('f6ec4bb4-07c0-47e3-ac41-e877d3e8d7fd', 'https://i.scdn.co/image/ab67616d00004851ba41d3addc297d765bd337eb', '64', NOW(), NOW()),
('1a27b7be-1bc0-4e17-9c04-41e2aa805a77', 'https://i.scdn.co/image/ab67616d0000b273818cbb55fedd72dbd1a3daf5', '640', NOW(), NOW()),
('1a27b7be-1bc0-4e17-9c04-41e2aa805a77', 'https://i.scdn.co/image/ab67616d00001e02818cbb55fedd72dbd1a3daf5', '300', NOW(), NOW()),
('1a27b7be-1bc0-4e17-9c04-41e2aa805a77', 'https://i.scdn.co/image/ab67616d00004851818cbb55fedd72dbd1a3daf5', '64', NOW(), NOW()),
('aa84c383-494b-489a-831e-75259bee7c29', 'https://i.scdn.co/image/ab67616d0000b2739c9bfa3c3ffdbe7b8cf35c1f', '640', NOW(), NOW()),
('aa84c383-494b-489a-831e-75259bee7c29', 'https://i.scdn.co/image/ab67616d00001e029c9bfa3c3ffdbe7b8cf35c1f', '300', NOW(), NOW()),
('aa84c383-494b-489a-831e-75259bee7c29', 'https://i.scdn.co/image/ab67616d000048519c9bfa3c3ffdbe7b8cf35c1f', '64', NOW(), NOW()),
('2c97b1a1-451c-4fc6-a3de-901292bbaeb5', 'https://i.scdn.co/image/ab67616d0000b27305d668f65cc17df65bf9b6d4', '640', NOW(), NOW()),
('2c97b1a1-451c-4fc6-a3de-901292bbaeb5', 'https://i.scdn.co/image/ab67616d00001e0205d668f65cc17df65bf9b6d4', '300', NOW(), NOW()),
('2c97b1a1-451c-4fc6-a3de-901292bbaeb5', 'https://i.scdn.co/image/ab67616d0000485105d668f65cc17df65bf9b6d4', '64', NOW(), NOW()),
('a527cb0f-117e-4628-bb6c-f2e23f42e849', 'https://i.scdn.co/image/ab67616d0000b273075f382f849f8a7f84a5bff9', '640', NOW(), NOW()),
('a527cb0f-117e-4628-bb6c-f2e23f42e849', 'https://i.scdn.co/image/ab67616d00001e02075f382f849f8a7f84a5bff9', '300', NOW(), NOW()),
('a527cb0f-117e-4628-bb6c-f2e23f42e849', 'https://i.scdn.co/image/ab67616d00004851075f382f849f8a7f84a5bff9', '64', NOW(), NOW()),
('e25f01cf-b0b2-44c4-83dc-27a410d5d6ae', 'https://i.scdn.co/image/ab67616d0000b2735ab7c5698ee563831026dcfa', '640', NOW(), NOW()),
('e25f01cf-b0b2-44c4-83dc-27a410d5d6ae', 'https://i.scdn.co/image/ab67616d00001e025ab7c5698ee563831026dcfa', '300', NOW(), NOW()),
('e25f01cf-b0b2-44c4-83dc-27a410d5d6ae', 'https://i.scdn.co/image/ab67616d000048515ab7c5698ee563831026dcfa', '64', NOW(), NOW()),
('735264aa-00be-4721-815f-f574b77dc881', 'https://i.scdn.co/image/ab67616d0000b27343c3bb2f67484ef872f0cd23', '640', NOW(), NOW()),
('735264aa-00be-4721-815f-f574b77dc881', 'https://i.scdn.co/image/ab67616d00001e0243c3bb2f67484ef872f0cd23', '300', NOW(), NOW()),
('735264aa-00be-4721-815f-f574b77dc881', 'https://i.scdn.co/image/ab67616d0000485143c3bb2f67484ef872f0cd23', '64', NOW(), NOW()),
('f5fd9845-fbc4-4bce-a1a8-722b64f57a4d', 'https://i.scdn.co/image/ab67616d0000b2731f023fc106426cdbdb4d2b01', '640', NOW(), NOW()),
('f5fd9845-fbc4-4bce-a1a8-722b64f57a4d', 'https://i.scdn.co/image/ab67616d00001e021f023fc106426cdbdb4d2b01', '300', NOW(), NOW()),
('f5fd9845-fbc4-4bce-a1a8-722b64f57a4d', 'https://i.scdn.co/image/ab67616d000048511f023fc106426cdbdb4d2b01', '64', NOW(), NOW()),
('58b77f96-4fd5-4300-8a07-f4ebd0fb8661', 'https://i.scdn.co/image/ab67616d0000b2738a5ce08082b3cdcccc704c01', '640', NOW(), NOW()),
('58b77f96-4fd5-4300-8a07-f4ebd0fb8661', 'https://i.scdn.co/image/ab67616d00001e028a5ce08082b3cdcccc704c01', '300', NOW(), NOW()),
('58b77f96-4fd5-4300-8a07-f4ebd0fb8661', 'https://i.scdn.co/image/ab67616d000048518a5ce08082b3cdcccc704c01', '64', NOW(), NOW()),
('88da6298-6dfa-4349-a6eb-a58eeb62e73e', 'https://i.scdn.co/image/ab67616d0000b273d695275db90bb8729ede2cef', '640', NOW(), NOW()),
('88da6298-6dfa-4349-a6eb-a58eeb62e73e', 'https://i.scdn.co/image/ab67616d00001e02d695275db90bb8729ede2cef', '300', NOW(), NOW()),
('88da6298-6dfa-4349-a6eb-a58eeb62e73e', 'https://i.scdn.co/image/ab67616d00004851d695275db90bb8729ede2cef', '64', NOW(), NOW()),
('6979287d-b911-45bf-9802-4eff6f85b6c4', 'https://i.scdn.co/image/ab67616d0000b273a6bb4f86eb948cdad0de09b8', '640', NOW(), NOW()),
('6979287d-b911-45bf-9802-4eff6f85b6c4', 'https://i.scdn.co/image/ab67616d00001e02a6bb4f86eb948cdad0de09b8', '300', NOW(), NOW()),
('6979287d-b911-45bf-9802-4eff6f85b6c4', 'https://i.scdn.co/image/ab67616d00004851a6bb4f86eb948cdad0de09b8', '64', NOW(), NOW()),
('13a8b3f6-71e2-4293-a91b-31428d3896d6', 'https://i.scdn.co/image/ab67616d0000b2739dbea4e3b121e4e6c70817c0', '640', NOW(), NOW()),
('13a8b3f6-71e2-4293-a91b-31428d3896d6', 'https://i.scdn.co/image/ab67616d00001e029dbea4e3b121e4e6c70817c0', '300', NOW(), NOW()),
('13a8b3f6-71e2-4293-a91b-31428d3896d6', 'https://i.scdn.co/image/ab67616d000048519dbea4e3b121e4e6c70817c0', '64', NOW(), NOW()),
('bfb5d1df-a5b3-49e5-8cf0-914f46c84a35', 'https://i.scdn.co/image/ab67616d0000b2730d6dacb5ccd1b6b4987b422f', '640', NOW(), NOW()),
('bfb5d1df-a5b3-49e5-8cf0-914f46c84a35', 'https://i.scdn.co/image/ab67616d00001e020d6dacb5ccd1b6b4987b422f', '300', NOW(), NOW()),
('bfb5d1df-a5b3-49e5-8cf0-914f46c84a35', 'https://i.scdn.co/image/ab67616d000048510d6dacb5ccd1b6b4987b422f', '64', NOW(), NOW()),
('55bbe0f2-dfa6-474c-b7ac-a96fb336a9f8', 'https://i.scdn.co/image/ab67616d0000b273db7fc5765e4b8d6abde608c9', '640', NOW(), NOW()),
('55bbe0f2-dfa6-474c-b7ac-a96fb336a9f8', 'https://i.scdn.co/image/ab67616d00001e02db7fc5765e4b8d6abde608c9', '300', NOW(), NOW()),
('55bbe0f2-dfa6-474c-b7ac-a96fb336a9f8', 'https://i.scdn.co/image/ab67616d00004851db7fc5765e4b8d6abde608c9', '64', NOW(), NOW()),
('6b1cd70f-4b0c-4d7e-bc5a-4c1dbad47c03', 'https://i.scdn.co/image/ab67616d0000b273c583d076d07f9fe4680f50c2', '640', NOW(), NOW()),
('6b1cd70f-4b0c-4d7e-bc5a-4c1dbad47c03', 'https://i.scdn.co/image/ab67616d00001e02c583d076d07f9fe4680f50c2', '300', NOW(), NOW()),
('6b1cd70f-4b0c-4d7e-bc5a-4c1dbad47c03', 'https://i.scdn.co/image/ab67616d00004851c583d076d07f9fe4680f50c2', '64', NOW(), NOW()),
('38024b01-834b-43ca-8c6e-9ca6bd019e49', 'https://i.scdn.co/image/ab67616d0000b27328dd181020f2596bbd8889e2', '640', NOW(), NOW()),
('38024b01-834b-43ca-8c6e-9ca6bd019e49', 'https://i.scdn.co/image/ab67616d00001e0228dd181020f2596bbd8889e2', '300', NOW(), NOW()),
('38024b01-834b-43ca-8c6e-9ca6bd019e49', 'https://i.scdn.co/image/ab67616d0000485128dd181020f2596bbd8889e2', '64', NOW(), NOW()),
('682b23cb-b6a1-4d52-a5c6-15ab0754b6c2', 'https://i.scdn.co/image/ab67616d0000b273d8581e4de28c4e1a9b1b0a6a', '640', NOW(), NOW()),
('682b23cb-b6a1-4d52-a5c6-15ab0754b6c2', 'https://i.scdn.co/image/ab67616d00001e02d8581e4de28c4e1a9b1b0a6a', '300', NOW(), NOW()),
('682b23cb-b6a1-4d52-a5c6-15ab0754b6c2', 'https://i.scdn.co/image/ab67616d00004851d8581e4de28c4e1a9b1b0a6a', '64', NOW(), NOW()),
('423b5b82-cd84-40e2-b798-72b3215fb4c8', 'https://i.scdn.co/image/ab67616d0000b273625a3fcc85a348a4831f345a', '640', NOW(), NOW()),
('423b5b82-cd84-40e2-b798-72b3215fb4c8', 'https://i.scdn.co/image/ab67616d00001e02625a3fcc85a348a4831f345a', '300', NOW(), NOW()),
('423b5b82-cd84-40e2-b798-72b3215fb4c8', 'https://i.scdn.co/image/ab67616d00004851625a3fcc85a348a4831f345a', '64', NOW(), NOW()),
('1766a8e9-edda-4db8-952a-e2479c4283a5', 'https://i.scdn.co/image/ab67616d0000b273f899d808931dc90aa665c59e', '640', NOW(), NOW()),
('1766a8e9-edda-4db8-952a-e2479c4283a5', 'https://i.scdn.co/image/ab67616d00001e02f899d808931dc90aa665c59e', '300', NOW(), NOW()),
('1766a8e9-edda-4db8-952a-e2479c4283a5', 'https://i.scdn.co/image/ab67616d00004851f899d808931dc90aa665c59e', '64', NOW(), NOW()),
('823f0725-1f63-4fe8-962b-786374bdf437', 'https://i.scdn.co/image/ab67616d0000b27339135cdd017bd6ba974064d1', '640', NOW(), NOW()),
('823f0725-1f63-4fe8-962b-786374bdf437', 'https://i.scdn.co/image/ab67616d00001e0239135cdd017bd6ba974064d1', '300', NOW(), NOW()),
('823f0725-1f63-4fe8-962b-786374bdf437', 'https://i.scdn.co/image/ab67616d0000485139135cdd017bd6ba974064d1', '64', NOW(), NOW()),
('407fed48-4277-4cae-a266-f01d62981170', 'https://i.scdn.co/image/ab67616d0000b273d1b164533f953f42fd6db561', '640', NOW(), NOW()),
('407fed48-4277-4cae-a266-f01d62981170', 'https://i.scdn.co/image/ab67616d00001e02d1b164533f953f42fd6db561', '300', NOW(), NOW()),
('407fed48-4277-4cae-a266-f01d62981170', 'https://i.scdn.co/image/ab67616d00004851d1b164533f953f42fd6db561', '64', NOW(), NOW()),
('b0993be6-ecba-4364-8e66-a891af8b39da', 'https://i.scdn.co/image/ab67616d0000b273979dad9120568fdc044ce499', '640', NOW(), NOW()),
('b0993be6-ecba-4364-8e66-a891af8b39da', 'https://i.scdn.co/image/ab67616d00001e02979dad9120568fdc044ce499', '300', NOW(), NOW()),
('b0993be6-ecba-4364-8e66-a891af8b39da', 'https://i.scdn.co/image/ab67616d00004851979dad9120568fdc044ce499', '64', NOW(), NOW()),
('ef08b656-9d6c-4890-afb5-6c4c8af8f7b2', 'https://i.scdn.co/image/ab67616d0000b27313fe175754c7f08045c9ca33', '640', NOW(), NOW()),
('ef08b656-9d6c-4890-afb5-6c4c8af8f7b2', 'https://i.scdn.co/image/ab67616d00001e0213fe175754c7f08045c9ca33', '300', NOW(), NOW()),
('ef08b656-9d6c-4890-afb5-6c4c8af8f7b2', 'https://i.scdn.co/image/ab67616d0000485113fe175754c7f08045c9ca33', '64', NOW(), NOW()),
('6e5ca1e5-db66-4599-989b-ce06a1714abf', 'https://i.scdn.co/image/ab67616d0000b27358c592ba8950aa509a838fa6', '640', NOW(), NOW()),
('6e5ca1e5-db66-4599-989b-ce06a1714abf', 'https://i.scdn.co/image/ab67616d00001e0258c592ba8950aa509a838fa6', '300', NOW(), NOW()),
('6e5ca1e5-db66-4599-989b-ce06a1714abf', 'https://i.scdn.co/image/ab67616d0000485158c592ba8950aa509a838fa6', '64', NOW(), NOW()),
('0f4ace4a-cf9d-40bd-bb77-4cf53bbc0c4e', 'https://i.scdn.co/image/ab67616d0000b273488c49f8c776ab106853f58e', '640', NOW(), NOW()),
('0f4ace4a-cf9d-40bd-bb77-4cf53bbc0c4e', 'https://i.scdn.co/image/ab67616d00001e02488c49f8c776ab106853f58e', '300', NOW(), NOW()),
('0f4ace4a-cf9d-40bd-bb77-4cf53bbc0c4e', 'https://i.scdn.co/image/ab67616d00004851488c49f8c776ab106853f58e', '64', NOW(), NOW()),
('dc593ab0-4984-4a2f-a26d-5259817dc1cd', 'https://i.scdn.co/image/ab67616d0000b273100e0fb26ce43fd0e879911c', '640', NOW(), NOW()),
('dc593ab0-4984-4a2f-a26d-5259817dc1cd', 'https://i.scdn.co/image/ab67616d00001e02100e0fb26ce43fd0e879911c', '300', NOW(), NOW()),
('dc593ab0-4984-4a2f-a26d-5259817dc1cd', 'https://i.scdn.co/image/ab67616d00004851100e0fb26ce43fd0e879911c', '64', NOW(), NOW()),
('807b064b-7889-488d-a7ec-0a477f45ea63', 'https://i.scdn.co/image/ab67616d0000b273022e02ff3a56b7d9af7f8d79', '640', NOW(), NOW()),
('807b064b-7889-488d-a7ec-0a477f45ea63', 'https://i.scdn.co/image/ab67616d00001e02022e02ff3a56b7d9af7f8d79', '300', NOW(), NOW()),
('807b064b-7889-488d-a7ec-0a477f45ea63', 'https://i.scdn.co/image/ab67616d00004851022e02ff3a56b7d9af7f8d79', '64', NOW(), NOW()),
('cf00bcf8-06a6-4f46-87ea-a313585a2b2b', 'https://i.scdn.co/image/ab67616d0000b273a4fe787c7715c91b3da66c21', '640', NOW(), NOW()),
('cf00bcf8-06a6-4f46-87ea-a313585a2b2b', 'https://i.scdn.co/image/ab67616d00001e02a4fe787c7715c91b3da66c21', '300', NOW(), NOW()),
('cf00bcf8-06a6-4f46-87ea-a313585a2b2b', 'https://i.scdn.co/image/ab67616d00004851a4fe787c7715c91b3da66c21', '64', NOW(), NOW()),
('9959b7ad-c337-4456-95cf-3e490925da15', 'https://i.scdn.co/image/ab67616d0000b2731c7336df97e3521cf06ded04', '640', NOW(), NOW()),
('9959b7ad-c337-4456-95cf-3e490925da15', 'https://i.scdn.co/image/ab67616d00001e021c7336df97e3521cf06ded04', '300', NOW(), NOW()),
('9959b7ad-c337-4456-95cf-3e490925da15', 'https://i.scdn.co/image/ab67616d000048511c7336df97e3521cf06ded04', '64', NOW(), NOW()),
('d79b4bf6-80e4-48b0-b843-50f9d86f16e2', 'https://i.scdn.co/image/ab67616d0000b273be3a4ca848c7f860a63de06b', '640', NOW(), NOW()),
('d79b4bf6-80e4-48b0-b843-50f9d86f16e2', 'https://i.scdn.co/image/ab67616d00001e02be3a4ca848c7f860a63de06b', '300', NOW(), NOW()),
('d79b4bf6-80e4-48b0-b843-50f9d86f16e2', 'https://i.scdn.co/image/ab67616d00004851be3a4ca848c7f860a63de06b', '64', NOW(), NOW()),
('fe0c2a6a-9a2f-4771-8ff7-f8786e46fce6', 'https://i.scdn.co/image/ab67616d0000b2734ab5dfa56ce3887584d44831', '640', NOW(), NOW()),
('fe0c2a6a-9a2f-4771-8ff7-f8786e46fce6', 'https://i.scdn.co/image/ab67616d00001e024ab5dfa56ce3887584d44831', '300', NOW(), NOW()),
('fe0c2a6a-9a2f-4771-8ff7-f8786e46fce6', 'https://i.scdn.co/image/ab67616d000048514ab5dfa56ce3887584d44831', '64', NOW(), NOW()),
('543e858d-93eb-4c7b-8361-06d6bfc6622e', 'https://i.scdn.co/image/ab67616d0000b2735e75d3c6e6361b6104cd8b4d', '640', NOW(), NOW()),
('543e858d-93eb-4c7b-8361-06d6bfc6622e', 'https://i.scdn.co/image/ab67616d00001e025e75d3c6e6361b6104cd8b4d', '300', NOW(), NOW()),
('543e858d-93eb-4c7b-8361-06d6bfc6622e', 'https://i.scdn.co/image/ab67616d000048515e75d3c6e6361b6104cd8b4d', '64', NOW(), NOW()),
('960148a9-bfdf-4374-86da-0f6fb3c45d2c', 'https://i.scdn.co/image/ab67616d0000b2731aab77bd012a593da03bb74b', '640', NOW(), NOW()),
('960148a9-bfdf-4374-86da-0f6fb3c45d2c', 'https://i.scdn.co/image/ab67616d00001e021aab77bd012a593da03bb74b', '300', NOW(), NOW()),
('960148a9-bfdf-4374-86da-0f6fb3c45d2c', 'https://i.scdn.co/image/ab67616d000048511aab77bd012a593da03bb74b', '64', NOW(), NOW()),
('c5740bbc-c07f-4e2c-b11a-9438be43c1d3', 'https://i.scdn.co/image/ab67616d0000b27350e9887cb08c5e92667c603b', 0, NOW(), NOW()),
('10aeebf3-9dbb-425c-b9b9-716e89e10d47', 'https://i.scdn.co/image/ab67616d0000b273459d8bfefb3c4ddc0b77f54b', 0, NOW(), NOW()),
('ef851d64-b480-400b-94b1-b4a1bc5dcf16', 'https://i.scdn.co/image/ab67616d0000b27311d007bb1ce7a90032b9e6e0', 0, NOW(), NOW()),
('06509ba4-5250-4efe-b8ff-053576b0d14c', 'https://i.scdn.co/image/ab67616d0000b273ae2294e105792f17116eb588', 0, NOW(), NOW()),
('b1a1517c-9625-4199-94f9-672377234cb2', 'https://i.scdn.co/image/ab67616d0000b27327b11732582fc33ff5893021', 0, NOW(), NOW()),
('8b9d282f-d5ca-4429-81da-9033f546942e', 'https://i.scdn.co/image/ab67616d0000b27309e29b5b89874271375ed6d7', 0, NOW(), NOW()),
('1b9187be-d157-4a14-bee9-a1dad9ba8423', 'https://i.scdn.co/image/ab67616d0000b27342c4b8f3104caa57bd2de76f', 0, NOW(), NOW()),
('54e25122-2004-4a69-969b-77ecfa70f033', 'https://i.scdn.co/image/ab67616d0000b273a2a178bc95723cde246dd103', 0, NOW(), NOW()),
('bc1cb32b-39cf-46c6-81da-7fa118850ec1', 'https://i.scdn.co/image/ab67616d0000b2735e9a1eff34c63209a831cf41', 0, NOW(), NOW()),
('1c86a47c-9c24-4784-a9b6-e70445cc5ec7', 'https://i.scdn.co/image/ab67616d0000b2739bc3a217e453f55731b9814d', 0, NOW(), NOW()),
('d104664d-4992-402a-9668-ac0eba27acc9', 'https://i.scdn.co/image/ab67616d0000b273758f6841a4a2d86a4f16e40a', 0, NOW(), NOW()),
('1e321b4c-1b86-4236-bf7a-58433b3c9dc4', 'https://i.scdn.co/image/ab67616d0000b273b54da29c9574a01cbc1e279f', 0, NOW(), NOW()),
('69cfa7ce-5254-449e-8d9f-069ebfa4702e', 'https://i.scdn.co/image/ab67616d0000b27360cc7a4d870aa490db7c1e6a', 0, NOW(), NOW()),
('1a8c18cf-9a4c-470c-859a-ad25b25b8f7a', 'https://i.scdn.co/image/ab67616d0000b273a3af48be414b30ad742a1534', 0, NOW(), NOW()),
('a7247d55-b688-4274-a28a-242d390f8c3c', 'https://i.scdn.co/image/ab67616d0000b2730e80c464fbec55d2c2bdd3d9', 0, NOW(), NOW()),
('1d0b4d53-a44c-466c-beb5-d70ff73b981c', 'https://i.scdn.co/image/ab67616d0000b2737068feb012ae2d35400e149c', 0, NOW(), NOW());



INSERT INTO "Song" ("id", "albumId", "title", "duration", "lyric", "filePathAudio", "privacy", "uploadUserId", "createdAt", "updatedAt") VALUES
('84088702-bb19-4e61-ade7-23f0850805e0', '249c11d8-56fd-4992-83c3-aaf76ac7ca1a', 'Ngày mai em đi', '189242', 'lyric', 'nan', FALSE, NULL, NOW(), NOW()),
('1e9eb28b-34b0-4a78-8728-c85cc3cf4d09', '249c11d8-56fd-4992-83c3-aaf76ac7ca1a', 'Lặng thầm một tình yêu', '288020', 'lyric', 'nan', FALSE, NULL, NOW(), NOW()),
('3ce41286-591d-4ed8-a4e2-0aa44c933d0f', '249c11d8-56fd-4992-83c3-aaf76ac7ca1a', 'Tìm lại giấc mơ', '246015', 'lyric', 'nan', FALSE, NULL, NOW(), NOW()),
('7cc01eb1-796a-425f-82cb-4c66f15d1dba', '249c11d8-56fd-4992-83c3-aaf76ac7ca1a', 'Em ơi Hà Nội phố', '271975', 'lyric', 'nan', FALSE, NULL, NOW(), NOW()),
('98b7d054-9f41-4736-82ea-a94ad73fd029', '249c11d8-56fd-4992-83c3-aaf76ac7ca1a', 'Để nhớ một thời ta đã yêu', '319018', 'lyric', 'nan', FALSE, NULL, NOW(), NOW()),
('a3c2baa6-0806-46dd-95e1-d73215d76e94', '249c11d8-56fd-4992-83c3-aaf76ac7ca1a', 'Như đã dấu yêu', '233407', 'lyric', 'nan', FALSE, NULL, NOW(), NOW()),
('80fd14e2-1523-4333-9c22-b3216d5576d9', '249c11d8-56fd-4992-83c3-aaf76ac7ca1a', 'Anh còn nợ em', '343214', 'lyric', 'nan', FALSE, NULL, NOW(), NOW()),
('6995aa5d-3421-4f9d-8324-7ed02c6ec781', '249c11d8-56fd-4992-83c3-aaf76ac7ca1a', 'Đừng đi', '278778', 'lyric', 'nan', FALSE, NULL, NOW(), NOW()),
('83bf66aa-edf3-49ce-b5f4-11ae38cb9944', '249c11d8-56fd-4992-83c3-aaf76ac7ca1a', 'Niềm đau chôn dấu', '358260', 'lyric', 'nan', FALSE, NULL, NOW(), NOW()),
('0669991e-c652-469e-9f65-1e97f0cab7cc', '249c11d8-56fd-4992-83c3-aaf76ac7ca1a', 'Những lời mê hoặc', '331906', 'lyric', 'nan', FALSE, NULL, NOW(), NOW()),
('b0149e8d-8dbe-459a-932a-00f42394d1d4', '249c11d8-56fd-4992-83c3-aaf76ac7ca1a', 'Khi mình yêu', '174846', 'lyric', 'nan', FALSE, NULL, NOW(), NOW()),
('8c928c58-963a-4858-b1c9-2c68ea241cbe', '249c11d8-56fd-4992-83c3-aaf76ac7ca1a', 'Gửi người yêu cũ', '283585', 'lyric', 'nan', FALSE, NULL, NOW(), NOW()),
('bba492b2-144c-4fd0-b18a-1ebc48a14c53', '249c11d8-56fd-4992-83c3-aaf76ac7ca1a', 'LK Đành như thế thôi', '545367', 'lyric', 'nan', FALSE, NULL, NOW(), NOW()),
('57c5db20-b15d-4923-96d7-3d11d14964f4', '249c11d8-56fd-4992-83c3-aaf76ac7ca1a', 'LK: Giấc mơ chỉ là giấc mơ - Đêm nghe tiếng mưa - Yêu thương mong manh', '604554', 'lyric', 'nan', FALSE, NULL, NOW(), NOW()),
('91436720-606f-4fca-8919-b8f6f23abf2d', '249c11d8-56fd-4992-83c3-aaf76ac7ca1a', 'LK: Một lần cuối thôi - Hãy nói với em - Sao ta lặng im', '374979', 'lyric', 'nan', FALSE, NULL, NOW(), NOW()),
('8f6677f2-0f91-4211-8c6b-014c2d9beea8', '249c11d8-56fd-4992-83c3-aaf76ac7ca1a', 'Tội lỗi', '284421', 'lyric', 'nan', FALSE, NULL, NOW(), NOW()),
('7ac89015-8f84-4656-b89d-21111fd2dc59', '249c11d8-56fd-4992-83c3-aaf76ac7ca1a', 'LK: Xa em - Nỗi nhớ đầy vơi - Tình về nơi đâu', '522634', 'lyric', 'nan', FALSE, NULL, NOW(), NOW()),
('cfd00f14-1171-45d7-b587-555d2a14e780', '249c11d8-56fd-4992-83c3-aaf76ac7ca1a', 'Bang Bang', '283051', 'lyric', 'nan', FALSE, NULL, NOW(), NOW()),
('f325cc88-044f-4af9-a47b-91115c796d13', '249c11d8-56fd-4992-83c3-aaf76ac7ca1a', 'LK: What is love - Em đi tìm anh - Em không cần anh', '345745', 'lyric', 'nan', FALSE, NULL, NOW(), NOW()),
('02dfccf0-3a6e-4802-a9cc-8e593d6a6227', '3a4ccf84-f948-4f93-83dc-81f0edd25164', '100% Yêu Em - Remixed at Hòa Âm Ánh Sáng 2016', '279980', 'lyric', 'https://audiomelodies.nyc3.digitaloceanspaces.com/LOC/NooPhuocThinh/HanhTrinhTroThanhQuanQuanHoaAmAnhSangCuaTeamNooPhuocThinh/100YeuEmRemixedatHoaAmAnhSang2016.m4a', FALSE, NULL, NOW(), NOW()),
('25b948f9-1a51-4d76-a0f5-8a78677e0dce', '3a4ccf84-f948-4f93-83dc-81f0edd25164', 'Chôn Giấu Giấc Mơ - Remixed at Hòa Âm Ánh Sáng 2016', '195540', 'lyric', 'https://audiomelodies.nyc3.digitaloceanspaces.com/LOC/NooPhuocThinh/HanhTrinhTroThanhQuanQuanHoaAmAnhSangCuaTeamNooPhuocThinh/ChonGiauGiacMoRemixedatHoaAmAnhSang2016.m4a', FALSE, NULL, NOW(), NOW()),
('14685e6a-6652-49cc-a364-36408e7190e1', '3a4ccf84-f948-4f93-83dc-81f0edd25164', 'Chợt Thấy Em Khóc - Remixed at Hòa Âm Ánh Sáng 2016', '251376', 'lyric', 'https://audiomelodies.nyc3.digitaloceanspaces.com/LOC/NooPhuocThinh/HanhTrinhTroThanhQuanQuanHoaAmAnhSangCuaTeamNooPhuocThinh/ChotThayEmKhocRemixedatHoaAmAnhSang2016.m4a', FALSE, NULL, NOW(), NOW()),
('b62d8a9c-2818-4789-8c3a-da67bac56791', '3a4ccf84-f948-4f93-83dc-81f0edd25164', 'Dù Cho Ta Già (Never Let You Down) - Remixed at Hòa Âm Ánh Sáng 2016', '300161', 'lyric', 'https://audiomelodies.nyc3.digitaloceanspaces.com/LOC/NooPhuocThinh/HanhTrinhTroThanhQuanQuanHoaAmAnhSangCuaTeamNooPhuocThinh/DuChoTaGiaNeverLetYouDownRemixedatHoaAmAnhSang2016.m4a', FALSE, NULL, NOW(), NOW()),
('40917066-a232-48b8-bb34-af9eb235b75d', '3a4ccf84-f948-4f93-83dc-81f0edd25164', 'Gạt Đi Nước Mắt - Remixed at Hòa Âm Ánh Sáng 2016', '270456', 'lyric', 'https://audiomelodies.nyc3.digitaloceanspaces.com/LOC/NooPhuocThinh/HanhTrinhTroThanhQuanQuanHoaAmAnhSangCuaTeamNooPhuocThinh/GatDiNuocMatRemixedatHoaAmAnhSang2016.m4a', FALSE, NULL, NOW(), NOW()),
('1831b5df-68c5-41e8-b3cc-82fd8a15a71e', '3a4ccf84-f948-4f93-83dc-81f0edd25164', 'Giấc Mơ Đánh Mất - Remixed at Hòa Âm Ánh Sáng 2016', '308650', 'lyric', 'https://audiomelodies.nyc3.digitaloceanspaces.com/LOC/NooPhuocThinh/HanhTrinhTroThanhQuanQuanHoaAmAnhSangCuaTeamNooPhuocThinh/GiacMoDanhMatRemixedatHoaAmAnhSang2016.m4a', FALSE, NULL, NOW(), NOW()),
('5018a6b8-5f2d-462c-a949-f18b4d0fb5be', '3a4ccf84-f948-4f93-83dc-81f0edd25164', 'Giấc Mơ - Remixed at Hòa Âm Ánh Sáng 2016', '211539', 'lyric', 'https://audiomelodies.nyc3.digitaloceanspaces.com/LOC/NooPhuocThinh/HanhTrinhTroThanhQuanQuanHoaAmAnhSangCuaTeamNooPhuocThinh/GiacMoRemixedatHoaAmAnhSang2016.m4a', FALSE, NULL, NOW(), NOW()),
('d0db8d7d-05c4-4757-a907-f94ac7477d7d', '3a4ccf84-f948-4f93-83dc-81f0edd25164', 'Nếu - Remixed at Hòa Âm Ánh Sáng 2016', '239151', 'lyric', 'https://audiomelodies.nyc3.digitaloceanspaces.com/LOC/NooPhuocThinh/HanhTrinhTroThanhQuanQuanHoaAmAnhSangCuaTeamNooPhuocThinh/NeuRemixedatHoaAmAnhSang2016.m4a', FALSE, NULL, NOW(), NOW()),
('b12d212b-c13e-49ee-bd72-ab090bdc4f75', '3a4ccf84-f948-4f93-83dc-81f0edd25164', 'Ngôi Nhà Hạnh Phúc - Remixed at Hòa Âm Ánh Sáng 2016', '199967', 'lyric', 'https://audiomelodies.nyc3.digitaloceanspaces.com/LOC/NooPhuocThinh/HanhTrinhTroThanhQuanQuanHoaAmAnhSangCuaTeamNooPhuocThinh/NgoiNhaHanhPhucRemixedatHoaAmAnhSang2016.m4a', FALSE, NULL, NOW(), NOW()),
('5d59d28d-a854-4d8f-99e8-cd6a63eb8a3e', '3a4ccf84-f948-4f93-83dc-81f0edd25164', 'Như Một Thói Quen - Remixed at Hòa Âm Ánh Sáng 2016', '228623', 'lyric', 'https://audiomelodies.nyc3.digitaloceanspaces.com/LOC/NooPhuocThinh/HanhTrinhTroThanhQuanQuanHoaAmAnhSangCuaTeamNooPhuocThinh/NhuMotThoiQuenRemixedatHoaAmAnhSang2016.m4a', FALSE, NULL, NOW(), NOW()),
('96ea7ffa-7545-49a8-b688-18cdbe532936', '3a4ccf84-f948-4f93-83dc-81f0edd25164', 'Phôi Phai - Remixed at Hòa Âm Ánh Sáng 2016', '348917', 'lyric', 'https://audiomelodies.nyc3.digitaloceanspaces.com/LOC/NooPhuocThinh/HanhTrinhTroThanhQuanQuanHoaAmAnhSangCuaTeamNooPhuocThinh/PhoiPhaiRemixedatHoaAmAnhSang2016.m4a', FALSE, NULL, NOW(), NOW()),
('2dcd3b18-0f07-4e49-846c-c1f5942826e3', '3a4ccf84-f948-4f93-83dc-81f0edd25164', 'Qua Cầu Rằng Rí (Instrumental) - Remixed at Hòa Âm Ánh Sáng 2016', '281454', 'lyric', 'https://audiomelodies.nyc3.digitaloceanspaces.com/LOC/NooPhuocThinh/HanhTrinhTroThanhQuanQuanHoaAmAnhSangCuaTeamNooPhuocThinh/QuaCauRangRiInstrumentalRemixedatHoaAmAnhSang2016.m4a', FALSE, NULL, NOW(), NOW()),
('60b6075e-f026-49e9-a8e6-054bbeca238f', '3a4ccf84-f948-4f93-83dc-81f0edd25164', 'Qua Cầu Rằng Rí - Remixed at Hòa Âm Ánh Sáng 2016', '281483', 'lyric', 'https://audiomelodies.nyc3.digitaloceanspaces.com/LOC/NooPhuocThinh/HanhTrinhTroThanhQuanQuanHoaAmAnhSangCuaTeamNooPhuocThinh/QuaCauRangRiRemixedatHoaAmAnhSang2016.m4a', FALSE, NULL, NOW(), NOW()),
('010b8949-1491-4e68-8645-41a824d28051', '3a4ccf84-f948-4f93-83dc-81f0edd25164', 'Quên - Remixed at Hòa Âm Ánh Sáng 2016', '217913', 'lyric', 'https://audiomelodies.nyc3.digitaloceanspaces.com/LOC/NooPhuocThinh/HanhTrinhTroThanhQuanQuanHoaAmAnhSangCuaTeamNooPhuocThinh/QuenRemixedatHoaAmAnhSang2016.m4a', FALSE, NULL, NOW(), NOW()),
('abb18ad3-365f-4dfd-8acc-fbfc8fd892f6', '3a4ccf84-f948-4f93-83dc-81f0edd25164', 'Tình Ca (Epic) - Remixed at Hòa Âm Ánh Sáng 2016', '273411', 'lyric', 'https://audiomelodies.nyc3.digitaloceanspaces.com/LOC/NooPhuocThinh/HanhTrinhTroThanhQuanQuanHoaAmAnhSangCuaTeamNooPhuocThinh/TinhCaEpicRemixedatHoaAmAnhSang2016.m4a', FALSE, NULL, NOW(), NOW()),
('f633c6d4-9fc9-4b22-8f80-86781a399489', '3a4ccf84-f948-4f93-83dc-81f0edd25164', 'Tình Ca (Epic Instrumental) - Remixed at Hòa Âm Ánh Sáng 2016', '274869', 'lyric', 'https://audiomelodies.nyc3.digitaloceanspaces.com/LOC/NooPhuocThinh/HanhTrinhTroThanhQuanQuanHoaAmAnhSangCuaTeamNooPhuocThinh/TinhCaEpicInstrumentalRemixedatHoaAmAnhSang2016.m4a', FALSE, NULL, NOW(), NOW()),
('06dc9bd1-32d4-4684-9252-50c58f69c0c7', '3a4ccf84-f948-4f93-83dc-81f0edd25164', 'Xa Em - Remixed at Hòa Âm Ánh Sáng 2016', '251533', 'lyric', 'https://audiomelodies.nyc3.digitaloceanspaces.com/LOC/NooPhuocThinh/HanhTrinhTroThanhQuanQuanHoaAmAnhSangCuaTeamNooPhuocThinh/XaEmRemixedatHoaAmAnhSang2016.m4a', FALSE, NULL, NOW(), NOW()),
('df6766ba-b104-474e-9306-ee791dae7bb9', '3a4ccf84-f948-4f93-83dc-81f0edd25164', 'Xa Em (Instrumental) - Remixed at Hòa Âm Ánh Sáng 2016', '344973', 'lyric', 'https://audiomelodies.nyc3.digitaloceanspaces.com/LOC/NooPhuocThinh/HanhTrinhTroThanhQuanQuanHoaAmAnhSangCuaTeamNooPhuocThinh/XaEmInstrumentalRemixedatHoaAmAnhSang2016.m4a', FALSE, NULL, NOW(), NOW()),
('ec2080ce-1485-408d-94e1-e84d4593b397', '3a4ccf84-f948-4f93-83dc-81f0edd25164', 'Yêu Là Đau - Remixed at Hòa Âm Ánh Sáng 2016', '230739', 'lyric', 'https://audiomelodies.nyc3.digitaloceanspaces.com/LOC/NooPhuocThinh/HanhTrinhTroThanhQuanQuanHoaAmAnhSangCuaTeamNooPhuocThinh/YeuLaDauRemixedatHoaAmAnhSang2016.m4a', FALSE, NULL, NOW(), NOW()),
('1c2a76e7-93e4-4923-91a4-74e06aeccd2d', 'b802b63e-5576-4437-a444-da650e91932c', 'Tìm Em', '251453', 'lyric', 'https://audiomelodies.nyc3.digitaloceanspaces.com/LOC/NooPhuocThinh/Em/TimEm.m4a', FALSE, NULL, NOW(), NOW()),
('5137b458-df42-4932-862a-5d8c912b2fa7', 'b802b63e-5576-4437-a444-da650e91932c', 'Chợt Thấy Em Khóc', '312813', 'lyric', 'https://audiomelodies.nyc3.digitaloceanspaces.com/LOC/NooPhuocThinh/Em/ChotThayEmKhoc.m4a', FALSE, NULL, NOW(), NOW()),
('c8a6cfc2-7968-48b0-92e2-6e3be1ab0a0e', 'b802b63e-5576-4437-a444-da650e91932c', 'Níu Kéo', '245413', 'lyric', 'https://audiomelodies.nyc3.digitaloceanspaces.com/LOC/NooPhuocThinh/Em/NiuKeo.m4a', FALSE, NULL, NOW(), NOW()),
('dfe98cd3-f7d1-4f0c-bbec-8ea2d95f01a9', 'b802b63e-5576-4437-a444-da650e91932c', 'Xa Em', '349373', 'lyric', 'https://audiomelodies.nyc3.digitaloceanspaces.com/LOC/NooPhuocThinh/Em/XaEm.m4a', FALSE, NULL, NOW(), NOW()),
('ec1cd18e-ad90-47dc-ad62-f014110dd81d', 'b802b63e-5576-4437-a444-da650e91932c', 'Ký Ức Xa Xôi', '269146', 'lyric', 'https://audiomelodies.nyc3.digitaloceanspaces.com/LOC/NooPhuocThinh/BaCham/KyUcXaXoi.m4a', FALSE, NULL, NOW(), NOW()),
('56e85f7e-260e-4e39-9b26-65213d74f80f', 'b802b63e-5576-4437-a444-da650e91932c', 'Vì Quá Yêu Em', '269666', 'lyric', 'https://audiomelodies.nyc3.digitaloceanspaces.com/LOC/NooPhuocThinh/Em/ViQuaYeuEm.m4a', FALSE, NULL, NOW(), NOW()),
('9b0ad2c3-dcc4-45db-9f51-c7320e0b676d', 'b802b63e-5576-4437-a444-da650e91932c', 'Xin Lỗi Em', '303506', 'lyric', 'https://audiomelodies.nyc3.digitaloceanspaces.com/LOC/NooPhuocThinh/Em/XinLoiEm.m4a', FALSE, NULL, NOW(), NOW()),
('e41f3c8d-0c85-49fc-b243-6ea37d229433', 'b802b63e-5576-4437-a444-da650e91932c', 'Ước Mơ Tôi - From “Thiên Trà” Original Soundtrack', '178600', 'lyric', 'https://audiomelodies.nyc3.digitaloceanspaces.com/LOC/NooPhuocThinh/Em/UocMoToiFromThienTraOriginalSoundtrack.m4a', FALSE, NULL, NOW(), NOW()),
('a93507f6-2bab-4292-8ad8-a6f8121e08be', '714722e8-cbad-4dc5-83be-4f18e86d031a', 'Lạc Bước Trong Đêm', '249453', 'lyric', 'https://audiomelodies.nyc3.digitaloceanspaces.com/LOC/NooPhuocThinh/LacBuocTrongem/LacBuocTrongDem.m4a', FALSE, NULL, NOW(), NOW()),
('d4e99490-d358-42f5-871e-2f1b0cc2ee3c', '714722e8-cbad-4dc5-83be-4f18e86d031a', 'Ghen', '228333', 'lyric', 'https://audiomelodies.nyc3.digitaloceanspaces.com/LOC/NooPhuocThinh/LacBuocTrongem/Ghen.m4a', FALSE, NULL, NOW(), NOW()),
('73e66429-08b1-48c9-af2b-4b27f8fc14c2', '714722e8-cbad-4dc5-83be-4f18e86d031a', 'Đừng Bận Tâm Anh', '240933', 'lyric', 'https://audiomelodies.nyc3.digitaloceanspaces.com/LOC/NooPhuocThinh/LacBuocTrongem/DungBanTamAnh.m4a', FALSE, NULL, NOW(), NOW()),
('c360477f-0d73-4426-9722-eb48c841606c', '714722e8-cbad-4dc5-83be-4f18e86d031a', 'Phôi Phai', '249600', 'lyric', 'https://audiomelodies.nyc3.digitaloceanspaces.com/LOC/NooPhuocThinh/LacBuocTrongem/PhoiPhai.m4a', FALSE, NULL, NOW(), NOW()),
('c49ec0d8-289f-49f1-a5b4-71600c9f7256', '714722e8-cbad-4dc5-83be-4f18e86d031a', 'Đã Bao Lần Anh Khóc', '224966', 'lyric', 'https://audiomelodies.nyc3.digitaloceanspaces.com/LOC/NooPhuocThinh/LacBuocTrongem/DaBaoLanAnhKhoc.m4a', FALSE, NULL, NOW(), NOW()),
('b3afa0f2-ce34-4f58-bede-50552a3ad7f5', '714722e8-cbad-4dc5-83be-4f18e86d031a', 'Chỉ Mình Anh Đau', '250066', 'lyric', 'https://audiomelodies.nyc3.digitaloceanspaces.com/LOC/NooPhuocThinh/LacBuocTrongem/ChiMinhAnhDau.m4a', FALSE, NULL, NOW(), NOW()),
('92b89d88-097b-455b-8e7c-f2a4e7dbc56c', '714722e8-cbad-4dc5-83be-4f18e86d031a', 'Trở Về', '270093', 'lyric', 'https://audiomelodies.nyc3.digitaloceanspaces.com/LOC/NooPhuocThinh/LacBuocTrongem/TroVe.m4a', FALSE, NULL, NOW(), NOW()),
('5e5793cb-36ec-4f61-a980-d2caaf4bc801', '714722e8-cbad-4dc5-83be-4f18e86d031a', 'Tiếc Nuối', '296186', 'lyric', 'https://audiomelodies.nyc3.digitaloceanspaces.com/LOC/NooPhuocThinh/LacBuocTrongem/TiecNuoi.m4a', FALSE, NULL, NOW(), NOW()),
('f3732538-b33b-42c3-9362-b07d601f41ca', '714722e8-cbad-4dc5-83be-4f18e86d031a', 'Còn Mãi Trong Anh', '256359', 'lyric', 'https://audiomelodies.nyc3.digitaloceanspaces.com/LOC/NooPhuocThinh/LacBuocTrongem/ConMaiTrongAnh.m4a', FALSE, NULL, NOW(), NOW()),
('3c4f9ce2-0a2c-49b6-bbaf-97e735a1d4cb', '432b535c-e6a4-4fbc-9e62-f1294a353b28', 'Lặng Thầm', '200013', 'lyric', 'https://audiomelodies.nyc3.digitaloceanspaces.com/LOC/NooPhuocThinh/BaCham/LangTham.m4a', FALSE, NULL, NOW(), NOW()),
('458953fa-84c7-4bc7-9e41-2ac103b8d4f4', '432b535c-e6a4-4fbc-9e62-f1294a353b28', 'Quay Về Đi', '233680', 'lyric', 'https://audiomelodies.nyc3.digitaloceanspaces.com/LOC/NooPhuocThinh/BaCham/QuayVeDi.m4a', FALSE, NULL, NOW(), NOW()),
('e1446826-ceb7-409f-a6ef-8a4d9e878836', '432b535c-e6a4-4fbc-9e62-f1294a353b28', 'Biệt Ly', '259552', 'lyric', 'https://audiomelodies.nyc3.digitaloceanspaces.com/LOC/NooPhuocThinh/BaCham/BietLy.m4a', FALSE, NULL, NOW(), NOW()),
('1485c703-d338-4467-9585-5dca51afe1de', '432b535c-e6a4-4fbc-9e62-f1294a353b28', 'Đến Suốt Kiếp Vẫn Chờ', '227946', 'lyric', 'https://audiomelodies.nyc3.digitaloceanspaces.com/LOC/NooPhuocThinh/BaCham/DenSuotKiepVanCho.m4a', FALSE, NULL, NOW(), NOW()),
('172d7e79-c288-4d8a-bd06-414ebb00564e', '432b535c-e6a4-4fbc-9e62-f1294a353b28', 'Nếu', '205733', 'lyric', 'https://audiomelodies.nyc3.digitaloceanspaces.com/LOC/NooPhuocThinh/BaCham/Neu.m4a', FALSE, NULL, NOW(), NOW()),
('bec98c35-bdb5-44a0-a7a1-37aac1f41762', '432b535c-e6a4-4fbc-9e62-f1294a353b28', 'Ký Ức (feat. Thu Thủy)', '205253', 'lyric', 'https://audiomelodies.nyc3.digitaloceanspaces.com/LOC/NooPhuocThinh/BaCham/KyUcfeatThuThuy.m4a', FALSE, NULL, NOW(), NOW()),
('e92010e2-3870-4c2a-b6c4-9a7a3fec8b59', '432b535c-e6a4-4fbc-9e62-f1294a353b28', 'Yêu Là Đau', '250200', 'lyric', 'https://audiomelodies.nyc3.digitaloceanspaces.com/LOC/NooPhuocThinh/BaCham/YeuLaDau.m4a', FALSE, NULL, NOW(), NOW()),
('48a5e8db-2417-4623-a3ba-852ddb6f362f', '432b535c-e6a4-4fbc-9e62-f1294a353b28', 'Quên', '265160', 'lyric', 'https://audiomelodies.nyc3.digitaloceanspaces.com/LOC/NooPhuocThinh/BaCham/Quen.m4a', FALSE, NULL, NOW(), NOW()),
('fd9ad96b-5286-4476-96fe-edfffde8efa8', '432b535c-e6a4-4fbc-9e62-f1294a353b28', 'Như Một Thói Quen', '248520', 'lyric', 'https://audiomelodies.nyc3.digitaloceanspaces.com/LOC/NooPhuocThinh/BaCham/NhuMotThoiQuen.m4a', FALSE, NULL, NOW(), NOW()),
('23fabc01-0389-4c27-8911-3aa493d2496e', '432b535c-e6a4-4fbc-9e62-f1294a353b28', 'Giấc Mơ Thiên Đường', '212173', 'lyric', 'https://audiomelodies.nyc3.digitaloceanspaces.com/LOC/NooPhuocThinh/BaCham/GiacMoThienDuong.m4a', FALSE, NULL, NOW(), NOW()),
('43825d70-6fb0-4300-9bc1-6d3df8c05b68', '6d0b17bb-1935-41b0-9ee4-80f55988e400', 'Tự Nguyện - Live', '410087', 'lyric', 'https://audiomelodies.nyc3.digitaloceanspaces.com/LOC/NooPhuocThinh/TuNguyenLive/TuNguyenLive.m4a', FALSE, NULL, NOW(), NOW()),
('325476a0-2333-4a9e-8485-34416378b3c0', 'e9a155c3-0a8f-4c5b-be57-913ae09e0c66', 'ĐÙA ANH ĐAU ĐẤY MASHUP - Live', '264097', 'lyric', 'https://audiomelodies.nyc3.digitaloceanspaces.com/LOC/NooPhuocThinh/UAANHAUAYMASHUPLive/DUAANHDAUDAYMASHUPLive.m4a', FALSE, NULL, NOW(), NOW()),
('cea7715d-9f71-4e78-866f-d028f8c9ed7a', 'f649d989-8cde-4269-af9f-adfa383c0f2f', 'Đùa Anh Đau Đấy', '246121', 'lyric', 'https://audiomelodies.nyc3.digitaloceanspaces.com/LOC/NooPhuocThinh/uaAnhauay/DuaAnhDauDay.m4a', FALSE, NULL, NOW(), NOW()),
('54e5fef4-82f6-4f7c-bfb4-737b4bb31325', '8d3aa663-048b-4698-9041-16f1a20deec4', 'Ai Chung Tình Bằng Cô Đơn - Trung Ngon Remix', '214285', 'lyric', 'nan', FALSE, NULL, NOW(), NOW()),
('660f6a07-4b15-4aa6-97de-5966dda0bec7', '7c0302f7-f67f-4cc5-83b0-b6ffdfd32599', 'B52', '216000', 'lyric', 'nan', FALSE, NULL, NOW(), NOW()),
('d1af79db-def4-4b19-9f7b-75ff82e49d58', '2d9d7190-ebde-4186-9516-c66a72d49f34', 'Ai Chung Tình Bằng Cô Đơn', '241575', 'lyric', 'nan', FALSE, NULL, NOW(), NOW()),
('5b1971d5-104a-4a45-a27e-834331a097f7', '5ff5f228-352a-4f35-ae7d-4c0b1b1cd101', 'Noo''s Chill Night 3 - Bức Thư Tình Đầu Tiên - Live Version', '346111', 'lyric', 'https://audiomelodies.nyc3.digitaloceanspaces.com/LOC/NooPhuocThinh/NoosChillNight3BucThuTinhauTienLiveVersion/NoosChillNight3BucThuTinhDauTienLiveVersion.m4a', FALSE, NULL, NOW(), NOW()),
('0a19b24c-4e3c-43f4-9a12-d52a38f0b70e', '17c44b03-a8c5-4842-a096-c6b3d5a93754', 'Noo''s Chill Night 3 - Mất Cả Thế Giới - Live Version', '267618', 'lyric', 'https://audiomelodies.nyc3.digitaloceanspaces.com/LOC/NooPhuocThinh/NoosChillNight3MatCaTheGioiLiveVersion/NoosChillNight3MatCaTheGioiLiveVersion.m4a', FALSE, NULL, NOW(), NOW()),
('81f97a2d-6346-44a8-9462-05f32e1f2d64', '4eab2ef4-b99f-400d-8181-c4a931a9b8a3', 'Những Ngày Xuân Rực Rỡ', '222052', 'lyric', 'https://audiomelodies.nyc3.digitaloceanspaces.com/LOC/NooPhuocThinh/NhungNgayXuanRucRo/NhungNgayXuanRucRo.m4a', FALSE, NULL, NOW(), NOW()),
('1dbef6f6-7306-4ab7-86ea-a24a3ab596ec', '2fbba1ca-86a3-4c71-802f-f8e8c9c33879', 'Cause I Love You', '269537', 'lyric', 'https://audiomelodies.nyc3.digitaloceanspaces.com/LOC/NooPhuocThinh/CauseILoveYou/CauseILoveYou.m4a', FALSE, NULL, NOW(), NOW()),
('b747d78d-a0b9-4987-b551-658d9d185975', '11d70688-8c1f-44ac-86c7-f82a86486f91', 'Noo''s Chill Night Ep3 - Chạm Khẽ Tim Anh Một Chút Thôi - Live Version', '363178', 'lyric', 'https://audiomelodies.nyc3.digitaloceanspaces.com/LOC/NooPhuocThinh/NoosChillNightEp3ChamKheTimAnhMotChutThoiLiveVersion/NoosChillNightEp3ChamKheTimAnhMotChutThoiLiveVersion.m4a', FALSE, NULL, NOW(), NOW()),
('78558494-1d52-413e-96bb-a73a337cf004', '467b0db9-43a6-41e5-811f-589ed71b591b', 'Noo''s Chill Night ep 3 - Dòng Thời Gian - Live Version', '292713', 'lyric', 'nan', FALSE, NULL, NOW(), NOW()),
('076151dd-f6eb-4f43-bf06-550f5162c243', 'f6ec4bb4-07c0-47e3-ac41-e877d3e8d7fd', 'Yêu Một Người Sao Buồn Đến Thế', '299028', 'lyric', 'https://audiomelodies.nyc3.digitaloceanspaces.com/LOC/NooPhuocThinh/YeuMotNguoiSaoBuonenThe/YeuMotNguoiSaoBuonDenThe.m4a', FALSE, NULL, NOW(), NOW()),
('e62e48d9-160f-4e1f-9a0d-a987adc88679', '1a27b7be-1bc0-4e17-9c04-41e2aa805a77', 'Em Đã Thương Người Ta Hơn Anh (Beat)', '297118', 'lyric', 'https://audiomelodies.nyc3.digitaloceanspaces.com/LOC/NooPhuocThinh/EmaThuongNguoiTaHonAnhBeat/EmDaThuongNguoiTaHonAnhBeat.m4a', FALSE, NULL, NOW(), NOW()),
('80ce70b3-db8f-4173-84dd-0df564ee3166', 'aa84c383-494b-489a-831e-75259bee7c29', 'Em Đã Thương Người Ta Hơn Anh', '291781', 'lyric', 'https://audiomelodies.nyc3.digitaloceanspaces.com/LOC/NooPhuocThinh/EmaThuongNguoiTaHonAnh/EmDaThuongNguoiTaHonAnh.m4a', FALSE, NULL, NOW(), NOW()),
('1ce28476-8065-4e72-8588-968853281e21', '2c97b1a1-451c-4fc6-a3de-901292bbaeb5', 'Thank You - Những Chiến Binh Thầm Lặng', '200100', 'lyric', 'nan', FALSE, NULL, NOW(), NOW()),
('b486ed5c-7427-41eb-b4de-b6635409b8a3', '2c97b1a1-451c-4fc6-a3de-901292bbaeb5', 'Thank You - Những Chiến Binh Thầm Lặng - Instrumental', '205466', 'lyric', 'nan', FALSE, NULL, NOW(), NOW()),
('e4f8be5a-118a-41f3-83cc-abf03879dadb', 'a527cb0f-117e-4628-bb6c-f2e23f42e849', 'I''m Still Loving You', '200000', 'lyric', 'https://audiomelodies.nyc3.digitaloceanspaces.com/LOC/NooPhuocThinh/ImStillLovingYou/ImStillLovingYou.m4a', FALSE, NULL, NOW(), NOW()),
('550bccf3-8806-4a6e-9f7a-a1e63141da6e', 'e25f01cf-b0b2-44c4-83dc-27a410d5d6ae', 'Đến Suốt Kiếp Vẫn Chờ', '227946', 'lyric', 'nan', FALSE, NULL, NOW(), NOW()),
('dfbd7573-2dbf-4bee-8df2-6e35a789aa67', 'e25f01cf-b0b2-44c4-83dc-27a410d5d6ae', 'Giấc Mơ Thiên Đường', '212173', 'lyric', 'nan', FALSE, NULL, NOW(), NOW()),
('eae36af9-57e7-48dc-bcdc-0a01ac47d688', 'e25f01cf-b0b2-44c4-83dc-27a410d5d6ae', 'Ký Ức Mùa Đông', '221701', 'lyric', 'https://audiomelodies.nyc3.digitaloceanspaces.com/LOC/NooPhuocThinh/BaCham/KyUcMuaDong.m4a', FALSE, NULL, NOW(), NOW()),
('62abbd33-9532-4e3f-9452-d1afcef3ebd0', 'e25f01cf-b0b2-44c4-83dc-27a410d5d6ae', 'Ký Ức Xa Xôi', '269146', 'lyric', 'https://audiomelodies.nyc3.digitaloceanspaces.com/LOC/NooPhuocThinh/Em/KyUcXaXoi.m4a', FALSE, NULL, NOW(), NOW()),
('665d0dd4-22e9-4070-a606-919e33de8b2d', 'e25f01cf-b0b2-44c4-83dc-27a410d5d6ae', 'Nếu - Duet Version', '248595', 'lyric', 'nan', FALSE, NULL, NOW(), NOW()),
('dc271bb9-4184-4cc6-9f29-8ecfbed3c29e', '735264aa-00be-4721-815f-f574b77dc881', 'Phút Giây Gần Kề', '172996', 'lyric', 'https://audiomelodies.nyc3.digitaloceanspaces.com/LOC/NooPhuocThinh/PhutGiayGanKe/PhutGiayGanKe.m4a', FALSE, NULL, NOW(), NOW()),
('13a6e454-70b0-4d06-b88d-ebadf840f80e', 'f5fd9845-fbc4-4bce-a1a8-722b64f57a4d', 'Gọi Tên Mùa Xuân', '217967', 'lyric', 'https://audiomelodies.nyc3.digitaloceanspaces.com/LOC/NooPhuocThinh/GoiTenMuaXuan/GoiTenMuaXuan.m4a', FALSE, NULL, NOW(), NOW()),
('e4225aed-4339-4534-b4fe-e453b49a9bc5', '58b77f96-4fd5-4300-8a07-f4ebd0fb8661', 'Dấu Yêu Một Thời', '267540', 'lyric', 'https://audiomelodies.nyc3.digitaloceanspaces.com/LOC/NooPhuocThinh/DauYeuMotThoi/DauYeuMotThoi.m4a', FALSE, NULL, NOW(), NOW()),
('85f22700-b1f3-4ff1-8284-c09d612b4a67', '88da6298-6dfa-4349-a6eb-a58eeb62e73e', 'Thương Em Là Điều Anh Không Thể Ngờ', '308458', 'lyric', 'https://audiomelodies.nyc3.digitaloceanspaces.com/LOC/NooPhuocThinh/ThuongEmLaieuAnhKhongTheNgo/ThuongEmLaDieuAnhKhongTheNgo.m4a', FALSE, NULL, NOW(), NOW()),
('d60d4d6b-21f7-4193-8bdb-d8ecd9081902', '6979287d-b911-45bf-9802-4eff6f85b6c4', 'Những Kẻ Mộng Mơ', '253775', 'lyric', 'https://audiomelodies.nyc3.digitaloceanspaces.com/LOC/NooPhuocThinh/NhungKeMongMo/NhungKeMongMo.m4a', FALSE, NULL, NOW(), NOW()),
('ea6bb5a3-9c62-4db7-97e8-b759265ac439', '13a8b3f6-71e2-4293-a91b-31428d3896d6', 'Tình Như Chocopie', '165398', 'lyric', 'https://audiomelodies.nyc3.digitaloceanspaces.com/LOC/NooPhuocThinh/TinhNhuChocopie/TinhNhuChocopie.m4a', FALSE, NULL, NOW(), NOW()),
('50ffd89d-5611-44bc-82d5-ba2c3e56c75d', 'bfb5d1df-a5b3-49e5-8cf0-914f46c84a35', 'Mình Anh (feat. Nguyễn Hoàng Duy)', '232947', 'lyric', 'https://audiomelodies.nyc3.digitaloceanspaces.com/LOC/NooPhuocThinh/MinhAnhfeatNguyenHoangDuy/MinhAnhfeatNguyenHoangDuy.m4a', FALSE, NULL, NOW(), NOW()),
('c89a37a1-ea1d-422b-b2d9-b0bf0f6c1026', '55bbe0f2-dfa6-474c-b7ac-a96fb336a9f8', 'Lost', '264556', 'lyric', 'nan', FALSE, NULL, NOW(), NOW()),
('8faf41bb-7a43-449d-9c46-cda88af153fd', '55bbe0f2-dfa6-474c-b7ac-a96fb336a9f8', 'Lost (Beat) - Instrumental', '264456', 'lyric', 'https://audiomelodies.nyc3.digitaloceanspaces.com/LOC/NooPhuocThinh/Lost/LostBeatInstrumental.m4a', FALSE, NULL, NOW(), NOW()),
('ab7a8aeb-c7d8-4055-b5a1-769ad65475e8', '6b1cd70f-4b0c-4d7e-bc5a-4c1dbad47c03', 'Yes I Love You', '232500', 'lyric', 'https://audiomelodies.nyc3.digitaloceanspaces.com/LOC/NooPhuocThinh/YesILoveYou/YesILoveYou.m4a', FALSE, NULL, NOW(), NOW()),
('b93e11fa-1d07-4bd3-9a13-6914a1287867', '38024b01-834b-43ca-8c6e-9ca6bd019e49', 'Dream Team (feat. Anh Đạt, Hiền Mai, Anh Phong, Han Sara, Lương Minh Trí & Thanh Nga)', '227190', 'lyric', 'nan', FALSE, NULL, NOW(), NOW()),
('326c5e08-af22-4757-9f60-e782ee45ef7b', '682b23cb-b6a1-4d52-a5c6-15ab0754b6c2', 'Thương Mấy Cũng Là Người Dưng', '242815', 'lyric', 'https://audiomelodies.nyc3.digitaloceanspaces.com/LOC/NooPhuocThinh/ThuongMayCungLaNguoiDung/ThuongMayCungLaNguoiDung.m4a', FALSE, NULL, NOW(), NOW()),
('ed37f47e-b9eb-4da6-8bd4-96a288bedb4f', '682b23cb-b6a1-4d52-a5c6-15ab0754b6c2', 'Thương Mấy Cũng Là Người Dưng - Instrumental', '246176', 'lyric', 'https://audiomelodies.nyc3.digitaloceanspaces.com/LOC/NooPhuocThinh/ThuongMayCungLaNguoiDung/ThuongMayCungLaNguoiDungInstrumental.m4a', FALSE, NULL, NOW(), NOW()),
('502206fd-3039-4ed0-81d2-124eec7da1ea', '423b5b82-cd84-40e2-b798-72b3215fb4c8', 'Lặng Thầm - Remix', '150935', 'lyric', 'https://audiomelodies.nyc3.digitaloceanspaces.com/LOC/NooPhuocThinh/LangThamSlimVMix/LangThamRemix.m4a', FALSE, NULL, NOW(), NOW()),
('e3768f1e-c908-4bad-a46e-882e0a637061', '423b5b82-cd84-40e2-b798-72b3215fb4c8', 'Lặng Thầm - DJ SlimV Remix', '245042', 'lyric', 'https://audiomelodies.nyc3.digitaloceanspaces.com/LOC/NooPhuocThinh/LangThamSlimVMix/LangThamDJSlimVRemix.m4a', FALSE, NULL, NOW(), NOW()),
('6289f33f-9c8e-4331-a05d-1dcae2fc3a20', '423b5b82-cd84-40e2-b798-72b3215fb4c8', 'Lặng Thầm - DJ SlimV Remix Instrumental', '201540', 'lyric', 'https://audiomelodies.nyc3.digitaloceanspaces.com/LOC/NooPhuocThinh/LangThamSlimVMix/LangThamDJSlimVRemixInstrumental.m4a', FALSE, NULL, NOW(), NOW()),
('737828d3-992a-4d38-b28a-ea6941970fc8', '1766a8e9-edda-4db8-952a-e2479c4283a5', 'Lạc Bước Trong Đêm', '249453', 'lyric', 'nan', FALSE, NULL, NOW(), NOW()),
('7e5ed285-28a1-436f-b670-a584b5e33e26', '823f0725-1f63-4fe8-962b-786374bdf437', 'Hạnh Phúc Xuân Ngời', '234540', 'lyric', 'https://audiomelodies.nyc3.digitaloceanspaces.com/LOC/NooPhuocThinh/HanhPhucXuanNgoi/HanhPhucXuanNgoi.m4a', FALSE, NULL, NOW(), NOW()),
('0b027000-bb5f-4673-9e4d-d05bc2c7b130', '407fed48-4277-4cae-a266-f01d62981170', 'Mình Thích Thì Mình Yêu Thôi (feat.Hồ Ngọc Hà )', '229774', 'lyric', 'https://audiomelodies.nyc3.digitaloceanspaces.com/LOC/NooPhuocThinh/MinhThichThiMinhYeuThoifeatHoNgocHa/MinhThichThiMinhYeuThoifeatHoNgocHa.m4a', FALSE, NULL, NOW(), NOW()),
('c0d74219-be31-4df0-bc0a-11b5d435727c', 'b0993be6-ecba-4364-8e66-a891af8b39da', 'I Don''t Believe in You (feat. Basick)', '210627', 'lyric', 'https://audiomelodies.nyc3.digitaloceanspaces.com/LOC/NooPhuocThinh/IDontBelieveinYoufeatBasick/IDontBelieveinYoufeatBasick.m4a', FALSE, NULL, NOW(), NOW()),
('448002b3-a185-4067-90ca-198b18261cc9', 'ef08b656-9d6c-4890-afb5-6c4c8af8f7b2', 'Dòng thời gian - Live', '293035', 'lyric', 'https://audiomelodies.nyc3.digitaloceanspaces.com/LOC/NooPhuocThinh/DongthoigianLive/DongthoigianLive.m4a', FALSE, NULL, NOW(), NOW()),
('82cc8535-1926-46c6-b058-be4e6bae475e', '6e5ca1e5-db66-4599-989b-ce06a1714abf', 'Những Ngày Xuân Rực Rỡ', '223448', 'lyric', 'nan', FALSE, NULL, NOW(), NOW()),
('10f23329-144b-473f-9e40-5720eee4a528', '0f4ace4a-cf9d-40bd-bb77-4cf53bbc0c4e', 'Như Phút Ban Đầu', '256000', 'lyric', 'https://audiomelodies.nyc3.digitaloceanspaces.com/LOC/NooPhuocThinh/NhuPhutBanau/NhuPhutBanDau.m4a', FALSE, NULL, NOW(), NOW()),
('4849fc2b-cbba-4e56-b5aa-badc2927b29a', 'dc593ab0-4984-4a2f-a26d-5259817dc1cd', 'Cause I Love You', '285333', 'lyric', 'nan', FALSE, NULL, NOW(), NOW()),
('a8e722f9-c9c4-42e8-bcaf-72b262960bc8', 'dc593ab0-4984-4a2f-a26d-5259817dc1cd', 'Cause I Love You - Instrumental', '283188', 'lyric', 'https://audiomelodies.nyc3.digitaloceanspaces.com/LOC/NooPhuocThinh/CauseILoveYou/CauseILoveYouInstrumental.m4a', FALSE, NULL, NOW(), NOW()),
('48a2a30f-be22-44c8-978c-f585b236d12e', '807b064b-7889-488d-a7ec-0a477f45ea63', 'Really Love You', '229000', 'lyric', 'https://audiomelodies.nyc3.digitaloceanspaces.com/LOC/NooPhuocThinh/ReallyLoveYou/ReallyLoveYou.m4a', FALSE, NULL, NOW(), NOW()),
('305d7837-7b1c-488a-b310-1a5510951b95', 'cf00bcf8-06a6-4f46-87ea-a313585a2b2b', 'Như Vậy Mãi Thôi', '274692', 'lyric', 'https://audiomelodies.nyc3.digitaloceanspaces.com/LOC/NooPhuocThinh/NhuVayMaiThoi/NhuVayMaiThoi.m4a', FALSE, NULL, NOW(), NOW()),
('51d3c546-76bf-4182-a64d-f734766ced05', 'cf00bcf8-06a6-4f46-87ea-a313585a2b2b', 'Như Vậy Mãi Thôi - Instrumental', '283284', 'lyric', 'https://audiomelodies.nyc3.digitaloceanspaces.com/LOC/NooPhuocThinh/NhuVayMaiThoi/NhuVayMaiThoiInstrumental.m4a', FALSE, NULL, NOW(), NOW()),
('29e9aa3b-e9ba-413c-98e1-4a16ef3544b0', '9959b7ad-c337-4456-95cf-3e490925da15', 'Đừng Nhìn Lại', '236329', 'lyric', 'https://audiomelodies.nyc3.digitaloceanspaces.com/LOC/NooPhuocThinh/ungNhinLai/DungNhinLai.m4a', FALSE, NULL, NOW(), NOW()),
('939836d1-2faa-4505-816a-e9a071f5a8a6', '9959b7ad-c337-4456-95cf-3e490925da15', 'Em Sẽ Hạnh Phúc', '245446', 'lyric', 'https://audiomelodies.nyc3.digitaloceanspaces.com/LOC/NooPhuocThinh/EmSeHanhPhuc/EmSeHanhPhuc.m4a', FALSE, NULL, NOW(), NOW()),
('0ad18a0e-690c-41d7-b33d-69d9376ec5db', 'd79b4bf6-80e4-48b0-b843-50f9d86f16e2', 'Đổi Thay', '227787', 'lyric', 'https://audiomelodies.nyc3.digitaloceanspaces.com/LOC/NooPhuocThinh/oiThay/DoiThay.m4a', FALSE, NULL, NOW(), NOW()),
('a72d119e-8a39-44d6-8e16-920d6ecd8564', 'd79b4bf6-80e4-48b0-b843-50f9d86f16e2', 'Hạnh Phúc Thoáng Qua', '214778', 'lyric', 'https://audiomelodies.nyc3.digitaloceanspaces.com/LOC/NooPhuocThinh/oiThay/HanhPhucThoangQua.m4a', FALSE, NULL, NOW(), NOW()),
('da933137-2b08-44e6-858a-b10dce88b84a', 'd79b4bf6-80e4-48b0-b843-50f9d86f16e2', 'Too Late', '235911', 'lyric', 'https://audiomelodies.nyc3.digitaloceanspaces.com/LOC/NooPhuocThinh/oiThay/TooLate.m4a', FALSE, NULL, NOW(), NOW()),
('3ae8b68c-03b6-4f07-b46b-ef80f9825c05', 'd79b4bf6-80e4-48b0-b843-50f9d86f16e2', 'Yêu Làm Chi', '231862', 'lyric', 'https://audiomelodies.nyc3.digitaloceanspaces.com/LOC/NooPhuocThinh/oiThay/YeuLamChi.m4a', FALSE, NULL, NOW(), NOW()),
('f448b36e-d20b-490f-93dc-45c8035767f7', 'fe0c2a6a-9a2f-4771-8ff7-f8786e46fce6', 'Tìm Em Trong Ký Ức', '248189', 'lyric', 'https://audiomelodies.nyc3.digitaloceanspaces.com/LOC/NooPhuocThinh/TimEmTrongKyUc/TimEmTrongKyUc.m4a', FALSE, NULL, NOW(), NOW()),
('9a017e29-e506-4570-9388-cae548df52a5', 'fe0c2a6a-9a2f-4771-8ff7-f8786e46fce6', 'Tìm Em Trong Ký Ức (Acoustic Version)', '221126', 'lyric', 'https://audiomelodies.nyc3.digitaloceanspaces.com/LOC/NooPhuocThinh/TimEmTrongKyUc/TimEmTrongKyUcAcousticVersion.m4a', FALSE, NULL, NOW(), NOW()),
('4e20700e-67ff-4642-a694-7af9f091fd25', '543e858d-93eb-4c7b-8361-06d6bfc6622e', 'Em Đi Tìm Anh', '273367', 'lyric', 'nan', FALSE, NULL, NOW(), NOW()),
('54f0ee03-7b4e-46d6-95af-3241d36fd2e3', '960148a9-bfdf-4374-86da-0f6fb3c45d2c', 'Ước Mơ Tôi - From “Thiên Trà” Original Soundtrack', '178600', 'lyric', 'https://audiomelodies.nyc3.digitaloceanspaces.com/LOC/NooPhuocThinh/UocMoToi/UocMoToiFromThienTraOriginalSoundtrack.m4a', FALSE, NULL, NOW(), NOW()),
('5720d358-506a-446d-94f5-b8d67aa1d738', '960148a9-bfdf-4374-86da-0f6fb3c45d2c', 'Ước Mơ Tôi - Instrumental', '180520', 'lyric', 'https://audiomelodies.nyc3.digitaloceanspaces.com/LOC/NooPhuocThinh/UocMoToi/UocMoToiInstrumental.m4a', FALSE, NULL, NOW(), NOW()),
('13a2d360-d78b-4352-985f-26ae94c79e06', 'c5740bbc-c07f-4e2c-b11a-9438be43c1d3', 'Xa Em', '349373', 'lyric', 'nan', FALSE, NULL, NOW(), NOW()),
('49822056-b57e-4c0a-800c-a0c33ec0bfec', 'c5740bbc-c07f-4e2c-b11a-9438be43c1d3', 'Xin Lỗi Em', '303506', 'lyric', 'https://audiomelodies.nyc3.digitaloceanspaces.com/LOC/NooPhuocThinh/XinLoiEm/XinLoiEm.m4a', FALSE, NULL, NOW(), NOW()),
('3147f1de-6523-4604-bece-75e6d4102f76', '10aeebf3-9dbb-425c-b9b9-716e89e10d47', 'Merino Icecream Land', '183849', 'lyric', 'https://audiomelodies.nyc3.digitaloceanspaces.com/LOC/NooPhuocThinh/MerinoIcecreamLand/MerinoIcecreamLand.m4a', FALSE, NULL, NOW(), NOW()),
('0e4b8c7c-b5ca-4778-b9bd-ee767a129cd8', 'ef851d64-b480-400b-94b1-b4a1bc5dcf16', 'Mãi Mãi Bên Nhau', '268437', 'lyric', 'https://audiomelodies.nyc3.digitaloceanspaces.com/LOC/NooPhuocThinh/MaiMaiBenNhau/MaiMaiBenNhau.m4a', FALSE, NULL, NOW(), NOW()),
('c0643570-f680-4a89-bb3c-bccca5aa04d6', 'ef851d64-b480-400b-94b1-b4a1bc5dcf16', 'Mãi Mãi Bên Nhau - Remix', '323592', 'lyric', 'https://audiomelodies.nyc3.digitaloceanspaces.com/LOC/NooPhuocThinh/MaiMaiBenNhau/MaiMaiBenNhauRemix.m4a', FALSE, NULL, NOW(), NOW()),
('e1eeb00f-b1ba-44b9-9225-0834caa86350', 'ef851d64-b480-400b-94b1-b4a1bc5dcf16', 'Mãi Mãi Bên Nhau - Instrumental', '268526', 'lyric', 'https://audiomelodies.nyc3.digitaloceanspaces.com/LOC/NooPhuocThinh/MaiMaiBenNhau/MaiMaiBenNhauInstrumental.m4a', FALSE, NULL, NOW(), NOW()),
('61dc96fa-cc0b-43a7-b84b-c801676a928e', '06509ba4-5250-4efe-b8ff-053576b0d14c', 'Đừng Nhìn Lại - Just Wanna Say Goodbye', '236343', 'lyric', 'https://audiomelodies.nyc3.digitaloceanspaces.com/LOC/NooPhuocThinh/ungNhinLai/DungNhinLaiJustWannaSayGoodbye.m4a', FALSE, NULL, NOW(), NOW()),
('56371fae-1ae6-4466-bd76-8874db00ca7a', '06509ba4-5250-4efe-b8ff-053576b0d14c', 'Mashup Đừng Nhìn Lại - Chôn Giấu Giấc Mơ', '458410', 'lyric', 'https://audiomelodies.nyc3.digitaloceanspaces.com/LOC/NooPhuocThinh/ungNhinLai/MashupDungNhinLaiChonGiauGiacMo.m4a', FALSE, NULL, NOW(), NOW()),
('b75fc7fe-e8d2-4548-8806-492189dbbe90', '06509ba4-5250-4efe-b8ff-053576b0d14c', 'Đừng Nhìn Lại (Just Wanna Say Goodbye) - Remix', '235716', 'lyric', 'https://audiomelodies.nyc3.digitaloceanspaces.com/LOC/NooPhuocThinh/ungNhinLai/DungNhinLaiJustWannaSayGoodbyeRemix.m4a', FALSE, NULL, NOW(), NOW()),
('3d773311-d484-4f71-b208-284188cbee60', 'b1a1517c-9625-4199-94f9-672377234cb2', 'Gạt Đi Nước Mắt (feat. Tonny Việt)', '258861', 'lyric', 'https://audiomelodies.nyc3.digitaloceanspaces.com/LOC/NooPhuocThinh/GatiNuocMat/GatDiNuocMatfeatTonnyViet.m4a', FALSE, NULL, NOW(), NOW()),
('f1c26f10-40aa-438e-b8c5-c5b3cfae605b', 'b1a1517c-9625-4199-94f9-672377234cb2', 'Gạt Đi Nước Mắt - Ballad Version', '246949', 'lyric', 'https://audiomelodies.nyc3.digitaloceanspaces.com/LOC/NooPhuocThinh/GatiNuocMat/GatDiNuocMatBalladVersion.m4a', FALSE, NULL, NOW(), NOW()),
('e1e70fb9-cc06-4a63-996e-ff0ab0d1a54e', 'b1a1517c-9625-4199-94f9-672377234cb2', 'Gạt Đi Nước Mắt - Ballad Instrumental', '241124', 'lyric', 'https://audiomelodies.nyc3.digitaloceanspaces.com/LOC/NooPhuocThinh/GatiNuocMat/GatDiNuocMatBalladInstrumental.m4a', FALSE, NULL, NOW(), NOW()),
('c8d89687-28b1-4d80-88f9-692694a60e31', 'b1a1517c-9625-4199-94f9-672377234cb2', 'Gạt Đi Nước Mắt - Dance Instrumental', '259644', 'lyric', 'https://audiomelodies.nyc3.digitaloceanspaces.com/LOC/NooPhuocThinh/GatiNuocMat/GatDiNuocMatDanceInstrumental.m4a', FALSE, NULL, NOW(), NOW()),
('24904932-d46b-4109-b16f-b4355dde7eee', '8b9d282f-d5ca-4429-81da-9033f546942e', 'Mashup Mãi mãi bên nhau / Như phút ban đầu - Live', '384197', 'lyric', 'https://audiomelodies.nyc3.digitaloceanspaces.com/LOC/NooPhuocThinh/MashupMaimaibennhauNhuphutbanauLive/MashupMaimaibennhauNhuphutbandauLive.m4a', FALSE, NULL, NOW(), NOW()),
('30e1515a-835c-46d1-9400-df561c13a037', '1b9187be-d157-4a14-bee9-a1dad9ba8423', 'Em Sẽ Hạnh Phúc', '245434', 'lyric', 'https://audiomelodies.nyc3.digitaloceanspaces.com/LOC/NooPhuocThinh/ungNhinLai/EmSeHanhPhuc.m4a', FALSE, NULL, NOW(), NOW()),
('09a24d2f-227d-4d5c-852a-e60a7f0c4c0c', '1b9187be-d157-4a14-bee9-a1dad9ba8423', 'Em Sẽ Hạnh Phúc - Remix', '224458', 'lyric', 'https://audiomelodies.nyc3.digitaloceanspaces.com/LOC/NooPhuocThinh/EmSeHanhPhuc/EmSeHanhPhucRemix.m4a', FALSE, NULL, NOW(), NOW()),
('19fcbd26-6849-4b5c-ad7f-3f6f4523f0fd', '1b9187be-d157-4a14-bee9-a1dad9ba8423', 'Em Sẽ Hạnh Phúc - Instrumental', '245539', 'lyric', 'https://audiomelodies.nyc3.digitaloceanspaces.com/LOC/NooPhuocThinh/EmSeHanhPhuc/EmSeHanhPhucInstrumental.m4a', FALSE, NULL, NOW(), NOW()),
('b9c8684f-da28-422a-932d-6050a741fb80', '54e25122-2004-4a69-969b-77ecfa70f033', 'Tìm Em', '251453', 'lyric', 'https://audiomelodies.nyc3.digitaloceanspaces.com/LOC/NooPhuocThinh/TimEmTrongKyUc/TimEm.m4a', FALSE, NULL, NOW(), NOW()),
('38069a10-dd5a-4208-b309-1d515256f7af', '54e25122-2004-4a69-969b-77ecfa70f033', 'Tìm Em Trong Ký Ức', '248424', 'lyric', 'nan', FALSE, NULL, NOW(), NOW()),
('92ef3232-42b4-4e48-a7f8-81b11ef352fc', '54e25122-2004-4a69-969b-77ecfa70f033', 'Tìm Em Trong Ký Ức - Acoustic Version', '221152', 'lyric', 'nan', FALSE, NULL, NOW(), NOW()),
('c582c66a-6a1b-4ad5-9357-1a757441ac09', '54e25122-2004-4a69-969b-77ecfa70f033', 'Tìm Em Trong Ký Ức - Instrumental', '289280', 'lyric', 'https://audiomelodies.nyc3.digitaloceanspaces.com/LOC/NooPhuocThinh/TimEmTrongKyUc/TimEmTrongKyUcInstrumental.m4a', FALSE, NULL, NOW(), NOW()),
('b272113d-abb8-4cba-835b-58a9391d019d', 'bc1cb32b-39cf-46c6-81da-7fa118850ec1', 'Chờ Ngày Mưa Tan (feat. Tonny Việt)', '212388', 'lyric', 'https://audiomelodies.nyc3.digitaloceanspaces.com/LOC/NooPhuocThinh/ChoNgayMuaTan/ChoNgayMuaTanfeatTonnyViet.m4a', FALSE, NULL, NOW(), NOW()),
('4766d0ca-11cd-49c4-a6f0-c19175e01158', 'bc1cb32b-39cf-46c6-81da-7fa118850ec1', 'Chờ Ngày Mưa Tan (feat. Tonny Việt) - DJ Duy Remix', '351596', 'lyric', 'https://audiomelodies.nyc3.digitaloceanspaces.com/LOC/NooPhuocThinh/ChoNgayMuaTan/ChoNgayMuaTanfeatTonnyVietDJDuyRemix.m4a', FALSE, NULL, NOW(), NOW()),
('a739ffa8-1d4d-4785-b273-405ce255499b', 'bc1cb32b-39cf-46c6-81da-7fa118850ec1', 'Chờ Ngày Mưa Tan (feat. Tonny Việt) - Instrumental', '212494', 'lyric', 'https://audiomelodies.nyc3.digitaloceanspaces.com/LOC/NooPhuocThinh/ChoNgayMuaTan/ChoNgayMuaTanfeatTonnyVietInstrumental.m4a', FALSE, NULL, NOW(), NOW()),
('b51caeae-40c9-441d-8549-3a1dcf737ee2', '1c86a47c-9c24-4784-a9b6-e70445cc5ec7', 'Anh Sẽ Quên', '243748', 'lyric', 'https://audiomelodies.nyc3.digitaloceanspaces.com/LOC/NooPhuocThinh/ChoNgayMuaTan/AnhSeQuen.m4a', FALSE, NULL, NOW(), NOW()),
('e6879ca7-ca15-4008-ae27-cec65d57e8ba', '1c86a47c-9c24-4784-a9b6-e70445cc5ec7', 'Chờ Ngày Mưa Tan', '212351', 'lyric', 'https://audiomelodies.nyc3.digitaloceanspaces.com/LOC/NooPhuocThinh/ChoNgayMuaTan/ChoNgayMuaTan.m4a', FALSE, NULL, NOW(), NOW()),
('63031ef0-1022-4ef1-9925-818086af4fe6', '1c86a47c-9c24-4784-a9b6-e70445cc5ec7', 'Vắng Em', '239908', 'lyric', 'https://audiomelodies.nyc3.digitaloceanspaces.com/LOC/NooPhuocThinh/ChoNgayMuaTan/VangEm.m4a', FALSE, NULL, NOW(), NOW()),
('a7bd0231-dfe2-4e43-ad26-db4c268dd44b', 'd104664d-4992-402a-9668-ac0eba27acc9', 'Xin Lỗi Em', '303621', 'lyric', 'nan', FALSE, NULL, NOW(), NOW()),
('507f83a9-7fe8-4a14-9759-b1cffe629373', '1e321b4c-1b86-4236-bf7a-58433b3c9dc4', 'Nỗi Nhớ Đầy Vơi', '262978', 'lyric', 'nan', FALSE, NULL, NOW(), NOW()),
('f25aec78-4c4c-4a58-a15f-32e5234b437b', '1e321b4c-1b86-4236-bf7a-58433b3c9dc4', 'Nỗi Nhớ Đầy Vơi - Ballad Version', '252613', 'lyric', 'nan', FALSE, NULL, NOW(), NOW()),
('82bc1716-1f53-42f3-8fca-5820cecc55c3', '1e321b4c-1b86-4236-bf7a-58433b3c9dc4', 'Nỗi Nhớ Đầy Vơi - Dance Version', '203520', 'lyric', 'nan', FALSE, NULL, NOW(), NOW()),
('ecece23e-632e-4ecf-bcea-42f1bbad61ee', '1e321b4c-1b86-4236-bf7a-58433b3c9dc4', 'Chỉ Là Giấc Mơ', '253626', 'lyric', 'nan', FALSE, NULL, NOW(), NOW()),
('23d89a8e-74a9-4474-924b-cdd3ba059bee', '1e321b4c-1b86-4236-bf7a-58433b3c9dc4', 'Chỉ Là - R&B Version', '203960', 'lyric', 'nan', FALSE, NULL, NOW(), NOW()),
('5639be4e-ce31-46f7-8719-eb7385c89c80', '69cfa7ce-5254-449e-8d9f-069ebfa4702e', 'Đổi Thay', '227760', 'lyric', 'nan', FALSE, NULL, NOW(), NOW()),
('b234067f-9e5e-46e6-9213-463da23d157b', '69cfa7ce-5254-449e-8d9f-069ebfa4702e', 'Đổi Thay - Remix', '215040', 'lyric', 'https://audiomelodies.nyc3.digitaloceanspaces.com/LOC/NooPhuocThinh/oiThay/DoiThayRemix.m4a', FALSE, NULL, NOW(), NOW()),
('bc8307c8-da58-432f-8791-ca0a5fe4e820', '69cfa7ce-5254-449e-8d9f-069ebfa4702e', 'Đổi Thay - Instrumental', '228022', 'lyric', 'https://audiomelodies.nyc3.digitaloceanspaces.com/LOC/NooPhuocThinh/oiThay/DoiThayInstrumental.m4a', FALSE, NULL, NOW(), NOW()),
('71bdecf0-2afb-4920-b99d-824f0997ecfc', '1a8c18cf-9a4c-470c-859a-ad25b25b8f7a', 'cơn mưa băng giá - Live', '280427', 'lyric', 'https://audiomelodies.nyc3.digitaloceanspaces.com/LOC/NooPhuocThinh/conmuabanggiaLive/conmuabanggiaLive.m4a', FALSE, NULL, NOW(), NOW()),
('7f8775b8-8257-40ce-997f-b1fbfbb6034d', 'a7247d55-b688-4274-a28a-242d390f8c3c', 'Tôi Là Một Ngôi Sao', '297130', 'lyric', 'https://audiomelodies.nyc3.digitaloceanspaces.com/LOC/NooPhuocThinh/ToiLaMotNgoiSaooriginal/ToiLaMotNgoiSao.m4a', FALSE, NULL, NOW(), NOW()),
('b535ec31-0fe5-45a9-9e19-37a161e97f3f', 'a7247d55-b688-4274-a28a-242d390f8c3c', 'Tôi Là Một Ngôi Sao Beat', '276303', 'lyric', 'https://audiomelodies.nyc3.digitaloceanspaces.com/LOC/NooPhuocThinh/ToiLaMotNgoiSaooriginal/ToiLaMotNgoiSaoBeat.m4a', FALSE, NULL, NOW(), NOW()),
('653b58f4-20b3-40e2-9e37-d7cc30936c8b', '1d0b4d53-a44c-466c-beb5-d70ff73b981c', 'Dream Team', '227190', 'lyric', 'nan', FALSE, NULL, NOW(), NOW());



INSERT INTO "ArtistSong" ("songId", "artistId", "main", "createdAt", "updatedAt") VALUES
('84088702-bb19-4e61-ade7-23f0850805e0',  '1c5b6664-2b54-4db6-a3be-81f2981d3cca', TRUE, NOW(), NOW()),
('1e9eb28b-34b0-4a78-8728-c85cc3cf4d09',  '1c5b6664-2b54-4db6-a3be-81f2981d3cca', TRUE, NOW(), NOW()),
('3ce41286-591d-4ed8-a4e2-0aa44c933d0f',  '1c5b6664-2b54-4db6-a3be-81f2981d3cca', TRUE, NOW(), NOW()),
('7cc01eb1-796a-425f-82cb-4c66f15d1dba',  '1c5b6664-2b54-4db6-a3be-81f2981d3cca', TRUE, NOW(), NOW()),
('98b7d054-9f41-4736-82ea-a94ad73fd029', '1c5b6664-2b54-4db6-a3be-81f2981d3cca', TRUE, NOW(), NOW()),
('98b7d054-9f41-4736-82ea-a94ad73fd029', '9ec3feb4-be7e-4871-be48-c0c3e11a1aee', FALSE, NOW(), NOW()),
('a3c2baa6-0806-46dd-95e1-d73215d76e94',  '9ec3feb4-be7e-4871-be48-c0c3e11a1aee', TRUE, NOW(), NOW()),
('80fd14e2-1523-4333-9c22-b3216d5576d9',  '1c5b6664-2b54-4db6-a3be-81f2981d3cca', TRUE, NOW(), NOW()),
('6995aa5d-3421-4f9d-8324-7ed02c6ec781',  '1c5b6664-2b54-4db6-a3be-81f2981d3cca', TRUE, NOW(), NOW()),
('83bf66aa-edf3-49ce-b5f4-11ae38cb9944', '1c5b6664-2b54-4db6-a3be-81f2981d3cca', TRUE, NOW(), NOW()),
('83bf66aa-edf3-49ce-b5f4-11ae38cb9944', '9ec3feb4-be7e-4871-be48-c0c3e11a1aee', FALSE, NOW(), NOW()),
('0669991e-c652-469e-9f65-1e97f0cab7cc',  '1c5b6664-2b54-4db6-a3be-81f2981d3cca', TRUE, NOW(), NOW()),
('b0149e8d-8dbe-459a-932a-00f42394d1d4',  '1c5b6664-2b54-4db6-a3be-81f2981d3cca', TRUE, NOW(), NOW()),
('8c928c58-963a-4858-b1c9-2c68ea241cbe',  '1c5b6664-2b54-4db6-a3be-81f2981d3cca', TRUE, NOW(), NOW()),
('bba492b2-144c-4fd0-b18a-1ebc48a14c53',  '1c5b6664-2b54-4db6-a3be-81f2981d3cca', TRUE, NOW(), NOW()),
('57c5db20-b15d-4923-96d7-3d11d14964f4',  '1c5b6664-2b54-4db6-a3be-81f2981d3cca', TRUE, NOW(), NOW()),
('91436720-606f-4fca-8919-b8f6f23abf2d',  '1c5b6664-2b54-4db6-a3be-81f2981d3cca', TRUE, NOW(), NOW()),
('8f6677f2-0f91-4211-8c6b-014c2d9beea8',  '1c5b6664-2b54-4db6-a3be-81f2981d3cca', TRUE, NOW(), NOW()),
('7ac89015-8f84-4656-b89d-21111fd2dc59', '1c5b6664-2b54-4db6-a3be-81f2981d3cca', TRUE, NOW(), NOW()),
('7ac89015-8f84-4656-b89d-21111fd2dc59', '7d696e0b-d7fa-49ad-bb17-e430f31c758a', FALSE, NOW(), NOW()),
('cfd00f14-1171-45d7-b587-555d2a14e780',  '1c5b6664-2b54-4db6-a3be-81f2981d3cca', TRUE, NOW(), NOW()),
('f325cc88-044f-4af9-a47b-91115c796d13',  '1c5b6664-2b54-4db6-a3be-81f2981d3cca', TRUE, NOW(), NOW()),
('02dfccf0-3a6e-4802-a9cc-8e593d6a6227',  '7d696e0b-d7fa-49ad-bb17-e430f31c758a', TRUE, NOW(), NOW()),
('25b948f9-1a51-4d76-a0f5-8a78677e0dce',  '7d696e0b-d7fa-49ad-bb17-e430f31c758a', TRUE, NOW(), NOW()),
('14685e6a-6652-49cc-a364-36408e7190e1',  '7d696e0b-d7fa-49ad-bb17-e430f31c758a', TRUE, NOW(), NOW()),
('b62d8a9c-2818-4789-8c3a-da67bac56791', '7d696e0b-d7fa-49ad-bb17-e430f31c758a', TRUE, NOW(), NOW()),
('b62d8a9c-2818-4789-8c3a-da67bac56791', 'fdc1b859-f3a5-4f4d-a481-33a3f9264945', FALSE, NOW(), NOW()),
('40917066-a232-48b8-bb34-af9eb235b75d',  '7d696e0b-d7fa-49ad-bb17-e430f31c758a', TRUE, NOW(), NOW()),
('1831b5df-68c5-41e8-b3cc-82fd8a15a71e',  '7d696e0b-d7fa-49ad-bb17-e430f31c758a', TRUE, NOW(), NOW()),
('5018a6b8-5f2d-462c-a949-f18b4d0fb5be',  '7d696e0b-d7fa-49ad-bb17-e430f31c758a', TRUE, NOW(), NOW()),
('d0db8d7d-05c4-4757-a907-f94ac7477d7d',  '7d696e0b-d7fa-49ad-bb17-e430f31c758a', TRUE, NOW(), NOW()),
('b12d212b-c13e-49ee-bd72-ab090bdc4f75',  '7d696e0b-d7fa-49ad-bb17-e430f31c758a', TRUE, NOW(), NOW()),
('5d59d28d-a854-4d8f-99e8-cd6a63eb8a3e',  '7d696e0b-d7fa-49ad-bb17-e430f31c758a', TRUE, NOW(), NOW()),
('96ea7ffa-7545-49a8-b688-18cdbe532936',  '7d696e0b-d7fa-49ad-bb17-e430f31c758a', TRUE, NOW(), NOW()),
('2dcd3b18-0f07-4e49-846c-c1f5942826e3',  '7d696e0b-d7fa-49ad-bb17-e430f31c758a', TRUE, NOW(), NOW()),
('60b6075e-f026-49e9-a8e6-054bbeca238f', '7d696e0b-d7fa-49ad-bb17-e430f31c758a', TRUE, NOW(), NOW()),
('60b6075e-f026-49e9-a8e6-054bbeca238f', 'fdc1b859-f3a5-4f4d-a481-33a3f9264945', FALSE, NOW(), NOW()),
('010b8949-1491-4e68-8645-41a824d28051',  '7d696e0b-d7fa-49ad-bb17-e430f31c758a', TRUE, NOW(), NOW()),
('abb18ad3-365f-4dfd-8acc-fbfc8fd892f6', '7d696e0b-d7fa-49ad-bb17-e430f31c758a', TRUE, NOW(), NOW()),
('abb18ad3-365f-4dfd-8acc-fbfc8fd892f6', 'fdc1b859-f3a5-4f4d-a481-33a3f9264945', FALSE, NOW(), NOW()),
('f633c6d4-9fc9-4b22-8f80-86781a399489', '7d696e0b-d7fa-49ad-bb17-e430f31c758a', TRUE, NOW(), NOW()),
('f633c6d4-9fc9-4b22-8f80-86781a399489', 'fdc1b859-f3a5-4f4d-a481-33a3f9264945', FALSE, NOW(), NOW()),
('06dc9bd1-32d4-4684-9252-50c58f69c0c7',  '7d696e0b-d7fa-49ad-bb17-e430f31c758a', TRUE, NOW(), NOW()),
('df6766ba-b104-474e-9306-ee791dae7bb9',  '7d696e0b-d7fa-49ad-bb17-e430f31c758a', TRUE, NOW(), NOW()),
('ec2080ce-1485-408d-94e1-e84d4593b397',  '7d696e0b-d7fa-49ad-bb17-e430f31c758a', TRUE, NOW(), NOW()),
('1c2a76e7-93e4-4923-91a4-74e06aeccd2d',  '7d696e0b-d7fa-49ad-bb17-e430f31c758a', TRUE, NOW(), NOW()),
('5137b458-df42-4932-862a-5d8c912b2fa7',  '7d696e0b-d7fa-49ad-bb17-e430f31c758a', TRUE, NOW(), NOW()),
('c8a6cfc2-7968-48b0-92e2-6e3be1ab0a0e',  '7d696e0b-d7fa-49ad-bb17-e430f31c758a', TRUE, NOW(), NOW()),
('dfe98cd3-f7d1-4f0c-bbec-8ea2d95f01a9',  '7d696e0b-d7fa-49ad-bb17-e430f31c758a', TRUE, NOW(), NOW()),
('ec1cd18e-ad90-47dc-ad62-f014110dd81d',  '7d696e0b-d7fa-49ad-bb17-e430f31c758a', TRUE, NOW(), NOW()),
('56e85f7e-260e-4e39-9b26-65213d74f80f',  '7d696e0b-d7fa-49ad-bb17-e430f31c758a', TRUE, NOW(), NOW()),
('9b0ad2c3-dcc4-45db-9f51-c7320e0b676d',  '7d696e0b-d7fa-49ad-bb17-e430f31c758a', TRUE, NOW(), NOW()),
('e41f3c8d-0c85-49fc-b243-6ea37d229433',  '7d696e0b-d7fa-49ad-bb17-e430f31c758a', TRUE, NOW(), NOW()),
('a93507f6-2bab-4292-8ad8-a6f8121e08be',  '7d696e0b-d7fa-49ad-bb17-e430f31c758a', TRUE, NOW(), NOW()),
('d4e99490-d358-42f5-871e-2f1b0cc2ee3c',  '7d696e0b-d7fa-49ad-bb17-e430f31c758a', TRUE, NOW(), NOW()),
('73e66429-08b1-48c9-af2b-4b27f8fc14c2',  '7d696e0b-d7fa-49ad-bb17-e430f31c758a', TRUE, NOW(), NOW()),
('c360477f-0d73-4426-9722-eb48c841606c',  '7d696e0b-d7fa-49ad-bb17-e430f31c758a', TRUE, NOW(), NOW()),
('c49ec0d8-289f-49f1-a5b4-71600c9f7256',  '7d696e0b-d7fa-49ad-bb17-e430f31c758a', TRUE, NOW(), NOW()),
('b3afa0f2-ce34-4f58-bede-50552a3ad7f5',  '7d696e0b-d7fa-49ad-bb17-e430f31c758a', TRUE, NOW(), NOW()),
('92b89d88-097b-455b-8e7c-f2a4e7dbc56c',  '7d696e0b-d7fa-49ad-bb17-e430f31c758a', TRUE, NOW(), NOW()),
('5e5793cb-36ec-4f61-a980-d2caaf4bc801',  '7d696e0b-d7fa-49ad-bb17-e430f31c758a', TRUE, NOW(), NOW()),
('f3732538-b33b-42c3-9362-b07d601f41ca',  '7d696e0b-d7fa-49ad-bb17-e430f31c758a', TRUE, NOW(), NOW()),
('3c4f9ce2-0a2c-49b6-bbaf-97e735a1d4cb',  '7d696e0b-d7fa-49ad-bb17-e430f31c758a', TRUE, NOW(), NOW()),
('458953fa-84c7-4bc7-9e41-2ac103b8d4f4', '7d696e0b-d7fa-49ad-bb17-e430f31c758a', TRUE, NOW(), NOW()),
('e1446826-ceb7-409f-a6ef-8a4d9e878836',  '7d696e0b-d7fa-49ad-bb17-e430f31c758a', TRUE, NOW(), NOW()),
('1485c703-d338-4467-9585-5dca51afe1de',  '7d696e0b-d7fa-49ad-bb17-e430f31c758a', TRUE, NOW(), NOW()),
('172d7e79-c288-4d8a-bd06-414ebb00564e',  '7d696e0b-d7fa-49ad-bb17-e430f31c758a', TRUE, NOW(), NOW()),
('bec98c35-bdb5-44a0-a7a1-37aac1f41762', '7d696e0b-d7fa-49ad-bb17-e430f31c758a', TRUE, NOW(), NOW()),
('e92010e2-3870-4c2a-b6c4-9a7a3fec8b59',  '7d696e0b-d7fa-49ad-bb17-e430f31c758a', TRUE, NOW(), NOW()),
('48a5e8db-2417-4623-a3ba-852ddb6f362f',  '7d696e0b-d7fa-49ad-bb17-e430f31c758a', TRUE, NOW(), NOW()),
('fd9ad96b-5286-4476-96fe-edfffde8efa8',  '7d696e0b-d7fa-49ad-bb17-e430f31c758a', TRUE, NOW(), NOW()),
('23fabc01-0389-4c27-8911-3aa493d2496e',  '7d696e0b-d7fa-49ad-bb17-e430f31c758a', TRUE, NOW(), NOW()),
('43825d70-6fb0-4300-9bc1-6d3df8c05b68',  '7d696e0b-d7fa-49ad-bb17-e430f31c758a', TRUE, NOW(), NOW()),
('325476a0-2333-4a9e-8485-34416378b3c0',  '7d696e0b-d7fa-49ad-bb17-e430f31c758a', TRUE, NOW(), NOW()),
('cea7715d-9f71-4e78-866f-d028f8c9ed7a',  '7d696e0b-d7fa-49ad-bb17-e430f31c758a', TRUE, NOW(), NOW()),
('54e5fef4-82f6-4f7c-bfb4-737b4bb31325', '1c5b6664-2b54-4db6-a3be-81f2981d3cca', TRUE, NOW(), NOW()),
('54e5fef4-82f6-4f7c-bfb4-737b4bb31325', '7d696e0b-d7fa-49ad-bb17-e430f31c758a', FALSE, NOW(), NOW()),
('54e5fef4-82f6-4f7c-bfb4-737b4bb31325', '60495f97-0ca3-483e-acb4-5fa5b636d66a', FALSE, NOW(), NOW()),
('660f6a07-4b15-4aa6-97de-5966dda0bec7', 'f0415472-4177-4256-9db2-e25ae94c30ea', TRUE, NOW(), NOW()),
('660f6a07-4b15-4aa6-97de-5966dda0bec7', '7d696e0b-d7fa-49ad-bb17-e430f31c758a', FALSE, NOW(), NOW()),
('d1af79db-def4-4b19-9f7b-75ff82e49d58', '1c5b6664-2b54-4db6-a3be-81f2981d3cca', TRUE, NOW(), NOW()),
('d1af79db-def4-4b19-9f7b-75ff82e49d58', '7d696e0b-d7fa-49ad-bb17-e430f31c758a', FALSE, NOW(), NOW()),
('5b1971d5-104a-4a45-a27e-834331a097f7',  '7d696e0b-d7fa-49ad-bb17-e430f31c758a', TRUE, NOW(), NOW()),
('0a19b24c-4e3c-43f4-9a12-d52a38f0b70e',  '7d696e0b-d7fa-49ad-bb17-e430f31c758a', TRUE, NOW(), NOW()),
('81f97a2d-6346-44a8-9462-05f32e1f2d64',  '7d696e0b-d7fa-49ad-bb17-e430f31c758a', TRUE, NOW(), NOW()),
('1dbef6f6-7306-4ab7-86ea-a24a3ab596ec',  '7d696e0b-d7fa-49ad-bb17-e430f31c758a', TRUE, NOW(), NOW()),
('b747d78d-a0b9-4987-b551-658d9d185975',  '7d696e0b-d7fa-49ad-bb17-e430f31c758a', TRUE, NOW(), NOW()),
('78558494-1d52-413e-96bb-a73a337cf004',  '7d696e0b-d7fa-49ad-bb17-e430f31c758a', TRUE, NOW(), NOW()),
('076151dd-f6eb-4f43-bf06-550f5162c243',  '7d696e0b-d7fa-49ad-bb17-e430f31c758a', TRUE, NOW(), NOW()),
('e62e48d9-160f-4e1f-9a0d-a987adc88679',  '7d696e0b-d7fa-49ad-bb17-e430f31c758a', TRUE, NOW(), NOW()),
('80ce70b3-db8f-4173-84dd-0df564ee3166',  '7d696e0b-d7fa-49ad-bb17-e430f31c758a', TRUE, NOW(), NOW()),
('1ce28476-8065-4e72-8588-968853281e21', '1c5b6664-2b54-4db6-a3be-81f2981d3cca', TRUE, NOW(), NOW()),
('1ce28476-8065-4e72-8588-968853281e21', '69cd9fa3-972e-45b9-b469-00ee2c529371', FALSE, NOW(), NOW()),
('1ce28476-8065-4e72-8588-968853281e21', '7d696e0b-d7fa-49ad-bb17-e430f31c758a', FALSE, NOW(), NOW()),
('1ce28476-8065-4e72-8588-968853281e21', 'd4f382d8-2b93-47ec-8240-10a45a92b9d9', FALSE, NOW(), NOW()),
('b486ed5c-7427-41eb-b4de-b6635409b8a3', '1c5b6664-2b54-4db6-a3be-81f2981d3cca', TRUE, NOW(), NOW()),
('b486ed5c-7427-41eb-b4de-b6635409b8a3', '69cd9fa3-972e-45b9-b469-00ee2c529371', FALSE, NOW(), NOW()),
('b486ed5c-7427-41eb-b4de-b6635409b8a3', '7d696e0b-d7fa-49ad-bb17-e430f31c758a', FALSE, NOW(), NOW()),
('b486ed5c-7427-41eb-b4de-b6635409b8a3', 'd4f382d8-2b93-47ec-8240-10a45a92b9d9', FALSE, NOW(), NOW()),
('e4f8be5a-118a-41f3-83cc-abf03879dadb',  '7d696e0b-d7fa-49ad-bb17-e430f31c758a', TRUE, NOW(), NOW()),
('550bccf3-8806-4a6e-9f7a-a1e63141da6e',  '7d696e0b-d7fa-49ad-bb17-e430f31c758a', TRUE, NOW(), NOW()),
('dfbd7573-2dbf-4bee-8df2-6e35a789aa67',  '7d696e0b-d7fa-49ad-bb17-e430f31c758a', TRUE, NOW(), NOW()),
('eae36af9-57e7-48dc-bcdc-0a01ac47d688',  '7d696e0b-d7fa-49ad-bb17-e430f31c758a', TRUE, NOW(), NOW()),
('62abbd33-9532-4e3f-9452-d1afcef3ebd0',  '7d696e0b-d7fa-49ad-bb17-e430f31c758a', TRUE, NOW(), NOW()),
('665d0dd4-22e9-4070-a606-919e33de8b2d', '69cd9fa3-972e-45b9-b469-00ee2c529371', TRUE, NOW(), NOW()),
('665d0dd4-22e9-4070-a606-919e33de8b2d', '7d696e0b-d7fa-49ad-bb17-e430f31c758a', FALSE, NOW(), NOW()),
('dc271bb9-4184-4cc6-9f29-8ecfbed3c29e',  '7d696e0b-d7fa-49ad-bb17-e430f31c758a', TRUE, NOW(), NOW()),
('13a6e454-70b0-4d06-b88d-ebadf840f80e',  '7d696e0b-d7fa-49ad-bb17-e430f31c758a', TRUE, NOW(), NOW()),
('e4225aed-4339-4534-b4fe-e453b49a9bc5',  '7d696e0b-d7fa-49ad-bb17-e430f31c758a', TRUE, NOW(), NOW()),
('85f22700-b1f3-4ff1-8284-c09d612b4a67',  '7d696e0b-d7fa-49ad-bb17-e430f31c758a', TRUE, NOW(), NOW()),
('d60d4d6b-21f7-4193-8bdb-d8ecd9081902',  '7d696e0b-d7fa-49ad-bb17-e430f31c758a', TRUE, NOW(), NOW()),
('ea6bb5a3-9c62-4db7-97e8-b759265ac439',  '7d696e0b-d7fa-49ad-bb17-e430f31c758a', TRUE, NOW(), NOW()),
('50ffd89d-5611-44bc-82d5-ba2c3e56c75d', '7d696e0b-d7fa-49ad-bb17-e430f31c758a', TRUE, NOW(), NOW()),
('50ffd89d-5611-44bc-82d5-ba2c3e56c75d', 'ed601456-6063-4888-b686-20a44afe76f7', FALSE, NOW(), NOW()),
('c89a37a1-ea1d-422b-b2d9-b0bf0f6c1026', '7d696e0b-d7fa-49ad-bb17-e430f31c758a', TRUE, NOW(), NOW()),
('c89a37a1-ea1d-422b-b2d9-b0bf0f6c1026', 'fdc1b859-f3a5-4f4d-a481-33a3f9264945', FALSE, NOW(), NOW()),
('8faf41bb-7a43-449d-9c46-cda88af153fd', '7d696e0b-d7fa-49ad-bb17-e430f31c758a', TRUE, NOW(), NOW()),
('8faf41bb-7a43-449d-9c46-cda88af153fd', 'fdc1b859-f3a5-4f4d-a481-33a3f9264945', FALSE, NOW(), NOW()),
('ab7a8aeb-c7d8-4055-b5a1-769ad65475e8',  '7d696e0b-d7fa-49ad-bb17-e430f31c758a', TRUE, NOW(), NOW()),
('b93e11fa-1d07-4bd3-9a13-6914a1287867', '7d696e0b-d7fa-49ad-bb17-e430f31c758a', TRUE, NOW(), NOW()),
('326c5e08-af22-4757-9f60-e782ee45ef7b',  '7d696e0b-d7fa-49ad-bb17-e430f31c758a', TRUE, NOW(), NOW()),
('ed37f47e-b9eb-4da6-8bd4-96a288bedb4f',  '7d696e0b-d7fa-49ad-bb17-e430f31c758a', TRUE, NOW(), NOW()),
('502206fd-3039-4ed0-81d2-124eec7da1ea', '7d696e0b-d7fa-49ad-bb17-e430f31c758a', TRUE, NOW(), NOW()),
('502206fd-3039-4ed0-81d2-124eec7da1ea', 'fdc1b859-f3a5-4f4d-a481-33a3f9264945', FALSE, NOW(), NOW()),
('e3768f1e-c908-4bad-a46e-882e0a637061', '7d696e0b-d7fa-49ad-bb17-e430f31c758a', TRUE, NOW(), NOW()),
('e3768f1e-c908-4bad-a46e-882e0a637061', 'fdc1b859-f3a5-4f4d-a481-33a3f9264945', FALSE, NOW(), NOW()),
('6289f33f-9c8e-4331-a05d-1dcae2fc3a20', '7d696e0b-d7fa-49ad-bb17-e430f31c758a', TRUE, NOW(), NOW()),
('6289f33f-9c8e-4331-a05d-1dcae2fc3a20', 'fdc1b859-f3a5-4f4d-a481-33a3f9264945', FALSE, NOW(), NOW()),
('737828d3-992a-4d38-b28a-ea6941970fc8',  '7d696e0b-d7fa-49ad-bb17-e430f31c758a', TRUE, NOW(), NOW()),
('7e5ed285-28a1-436f-b670-a584b5e33e26',  '7d696e0b-d7fa-49ad-bb17-e430f31c758a', TRUE, NOW(), NOW()),
('0b027000-bb5f-4673-9e4d-d05bc2c7b130', '7d696e0b-d7fa-49ad-bb17-e430f31c758a', TRUE, NOW(), NOW()),
('0b027000-bb5f-4673-9e4d-d05bc2c7b130', '1c5b6664-2b54-4db6-a3be-81f2981d3cca', FALSE, NOW(), NOW()),
('c0d74219-be31-4df0-bc0a-11b5d435727c', '7d696e0b-d7fa-49ad-bb17-e430f31c758a', TRUE, NOW(), NOW()),
('c0d74219-be31-4df0-bc0a-11b5d435727c', '5a7b20df-207f-40cd-a71c-fdeb48786bd9', FALSE, NOW(), NOW()),
('448002b3-a185-4067-90ca-198b18261cc9',  '7d696e0b-d7fa-49ad-bb17-e430f31c758a', TRUE, NOW(), NOW()),
('82cc8535-1926-46c6-b058-be4e6bae475e',  '7d696e0b-d7fa-49ad-bb17-e430f31c758a', TRUE, NOW(), NOW()),
('10f23329-144b-473f-9e40-5720eee4a528',  '7d696e0b-d7fa-49ad-bb17-e430f31c758a', TRUE, NOW(), NOW()),
('4849fc2b-cbba-4e56-b5aa-badc2927b29a',  '7d696e0b-d7fa-49ad-bb17-e430f31c758a', TRUE, NOW(), NOW()),
('a8e722f9-c9c4-42e8-bcaf-72b262960bc8',  '7d696e0b-d7fa-49ad-bb17-e430f31c758a', TRUE, NOW(), NOW()),
('48a2a30f-be22-44c8-978c-f585b236d12e',  '7d696e0b-d7fa-49ad-bb17-e430f31c758a', TRUE, NOW(), NOW()),
('305d7837-7b1c-488a-b310-1a5510951b95',  '7d696e0b-d7fa-49ad-bb17-e430f31c758a', TRUE, NOW(), NOW()),
('51d3c546-76bf-4182-a64d-f734766ced05',  '7d696e0b-d7fa-49ad-bb17-e430f31c758a', TRUE, NOW(), NOW()),
('29e9aa3b-e9ba-413c-98e1-4a16ef3544b0',  '7d696e0b-d7fa-49ad-bb17-e430f31c758a', TRUE, NOW(), NOW()),
('939836d1-2faa-4505-816a-e9a071f5a8a6',  '7d696e0b-d7fa-49ad-bb17-e430f31c758a', TRUE, NOW(), NOW()),
('0ad18a0e-690c-41d7-b33d-69d9376ec5db',  '7d696e0b-d7fa-49ad-bb17-e430f31c758a', TRUE, NOW(), NOW()),
('a72d119e-8a39-44d6-8e16-920d6ecd8564',  '7d696e0b-d7fa-49ad-bb17-e430f31c758a', TRUE, NOW(), NOW()),
('da933137-2b08-44e6-858a-b10dce88b84a',  '7d696e0b-d7fa-49ad-bb17-e430f31c758a', TRUE, NOW(), NOW()),
('3ae8b68c-03b6-4f07-b46b-ef80f9825c05', '7d696e0b-d7fa-49ad-bb17-e430f31c758a', TRUE, NOW(), NOW()),
('f448b36e-d20b-490f-93dc-45c8035767f7',  '7d696e0b-d7fa-49ad-bb17-e430f31c758a', TRUE, NOW(), NOW()),
('9a017e29-e506-4570-9388-cae548df52a5',  '7d696e0b-d7fa-49ad-bb17-e430f31c758a', TRUE, NOW(), NOW()),
('4e20700e-67ff-4642-a694-7af9f091fd25', '1c5b6664-2b54-4db6-a3be-81f2981d3cca', TRUE, NOW(), NOW()),
('4e20700e-67ff-4642-a694-7af9f091fd25', '7d696e0b-d7fa-49ad-bb17-e430f31c758a', FALSE, NOW(), NOW()),
('54f0ee03-7b4e-46d6-95af-3241d36fd2e3',  '7d696e0b-d7fa-49ad-bb17-e430f31c758a', TRUE, NOW(), NOW()),
('5720d358-506a-446d-94f5-b8d67aa1d738',  '7d696e0b-d7fa-49ad-bb17-e430f31c758a', TRUE, NOW(), NOW());







--------------------HoangTon



INSERT INTO "Album" ("albumId",  "title", "releaseDate", "albumType", "createdAt", "updatedAt") VALUES
('5cd79514-a376-472b-a8bf-1cdfcab83aa6', 'Chế Độ Silent (Remix Version)', '2024-08-27', 'single', NOW(), NOW()),
('6904a52a-2c4d-4fe0-bb4b-44a0750c5402', 'Chế Độ Silent', '2024-08-20', 'single', NOW(), NOW()),
('fcc13052-8831-48f8-b51e-2c670364a662', 'Trào Dâng', '2024-03-14', 'single', NOW(), NOW()),
('df41ee2c-6699-4a46-a753-dccf00056144', 'Say', '2024-03-07', 'single', NOW(), NOW()),
('4f988421-5fff-4237-8c7c-818890b26794', 'Chỉ Có Em (2024 Version)', '2024-02-07', 'single', NOW(), NOW()),
('d1569450-8c4d-4d14-9a74-f701ca34abf1', 'Tình Yêu Giấu Kín', '2023-11-23', 'single', NOW(), NOW()),
('5fd8bd86-15eb-4da9-9104-6beb65d6fd56', 'Can''t Believe', '2023-11-04', 'single', NOW(), NOW()),
('2548d9b4-923a-4699-b2a4-5ce51c63f1ca', 'Từng Lời Anh Chôn Dấu', '2023-10-26', 'single', NOW(), NOW()),
('0161e7a6-70b8-4a0e-95fb-7de70b15d1c7', 'emconnho ... ???', '2023-08-29', 'ep', NOW(), NOW()),
('50ee2003-2d89-4091-97f8-0f6a802abc0c', 'Hè Sang', '2023-06-01', 'single', NOW(), NOW()),
('7cb787bf-6448-455d-a675-868e6fc29ebd', 'Vì Em Là Cả Thế Giới', '2023-03-31', 'single', NOW(), NOW()),
('064e966c-5ac8-4572-b956-cd5195befb6f', 'Từ Bao Đêm Dài (AKTNTE)', '2022-09-08', 'single', NOW(), NOW()),
('2f2ecde0-4cb1-47cc-a32e-f3c485986dbb', 'Tình Yêu Ngủ Quên (Darrys. Remix)', '2022-08-15', 'single', NOW(), NOW()),
('169546c5-151c-46bf-a5d3-f224794da3b6', 'Vệ Tinh', '2022-08-11', 'single', NOW(), NOW()),
('2467a678-691a-4405-850a-f509d1573bdf', 'CHIM SAU', '2022-08-06', 'ep', NOW(), NOW()),
('bdb4db5a-843e-440a-8d74-ef305ad36c5e', 'Tình Yêu Ngủ Quên (R&B Remix)', '2022-06-15', 'single', NOW(), NOW()),
('a135142a-d1fe-4b2f-bb08-9058aa3519d1', 'Không Cần Phải Nói Nhiều', '2022-05-10', 'single', NOW(), NOW()),
('3ece0ab4-7d92-4b26-b830-f6314811893c', 'Quan Tâm Em Mỗi Ngày', '2022-04-20', 'single', NOW(), NOW()),
('be7e765b-3f29-4595-b98d-0e5ab0a97c75', 'Dinner Time', '2021-11-23', 'ep', NOW(), NOW()),
('564f98a1-a8da-4a97-8fcf-d0a28d92c016', 'Tình Yêu Ngủ Quên (HuyTran Remix)', '2021-11-17', 'single', NOW(), NOW()),
('82c08e99-c81a-42cd-bdbb-9979e8e30b65', 'Tình Yêu Ngủ Quên (Lofi)', '2021-11-14', 'single', NOW(), NOW()),
('b329b126-65c8-4b31-9e8f-d1cfcf8aa480', 'Tình Yêu Ngủ Quên', '2021-06-12', 'single', NOW(), NOW()),
('a5de616c-d5a6-4196-9d6b-329d8874d8ce', 'Tình Yêu Ngủ Quên (Chill Version)', '2021-06-09', 'single', NOW(), NOW()),
('2c682522-ad20-4814-97f6-de0349f634fe', 'Một Ngày Em Sẽ', '2021-06-01', 'single', NOW(), NOW()),
('2eb70870-a9f6-4516-b397-cb2ecf2668a5', 'Em Không Quay Về', '2021-05-01', 'ep', NOW(), NOW()),
('a083790d-2f74-49fe-8ab0-0e301766ea31', 'Em Còn Nhớ Anh Không (Remastered)', '2021-04-26', 'single', NOW(), NOW()),
('e79e77b5-876b-4892-8c09-6f95bd0d5992', 'Sex You Up', '2021-02-14', 'single', NOW(), NOW()),
('dd40260e-5d27-4be9-9141-597e73083a21', 'Nước Hoa', '2021-01-21', 'single', NOW(), NOW()),
('7d4c3d1c-d1d8-4761-b42e-c97f1e519f31', 'Mắt Xanh', '2020-08-18', 'ep', NOW(), NOW()),
('9412a6f8-68d0-4f4c-b1c2-48893ad8c75c', 'Xuân Nghỉ Ngơi', '2020-01-01', 'single', NOW(), NOW()),
('254c57ff-d999-4073-8b48-43bd00eff705', 'I Love You So Much', '2019-11-15', 'single', NOW(), NOW()),
('0b3a3f27-8fd6-4813-8329-02056df0950f', 'What''s Your Name?', '2019-05-28', 'single', NOW(), NOW()),
('e412397d-c443-46f7-abca-c06850dc2d35', 'Yêu Em Rất Nhiều', '2017-09-22', 'single', NOW(), NOW()),
('7f7c36ec-3d5f-4822-b82f-25da0fd7808c', 'Mình Yêu Nhau Bao Lâu', '2014-01-01', 'single', NOW(), NOW()),
('66303144-83a2-4f99-950c-00fbe360b5c9', 'Chút Nắng Chút Mưa', '2014-01-01', 'ep', NOW(), NOW());



INSERT INTO "AlbumImage" ("albumId", "image", "size", "createdAt", "updatedAt") VALUES
('5cd79514-a376-472b-a8bf-1cdfcab83aa6', 'https://i.scdn.co/image/ab67616d0000b27370098d42c24960270166ce2c', '640', NOW(), NOW()),
('5cd79514-a376-472b-a8bf-1cdfcab83aa6', 'https://i.scdn.co/image/ab67616d00001e0270098d42c24960270166ce2c', '300', NOW(), NOW()),
('5cd79514-a376-472b-a8bf-1cdfcab83aa6', 'https://i.scdn.co/image/ab67616d0000485170098d42c24960270166ce2c', '64', NOW(), NOW()),
('6904a52a-2c4d-4fe0-bb4b-44a0750c5402', 'https://i.scdn.co/image/ab67616d0000b273264793bf88bed7c9098a200e', '640', NOW(), NOW()),
('6904a52a-2c4d-4fe0-bb4b-44a0750c5402', 'https://i.scdn.co/image/ab67616d00001e02264793bf88bed7c9098a200e', '300', NOW(), NOW()),
('6904a52a-2c4d-4fe0-bb4b-44a0750c5402', 'https://i.scdn.co/image/ab67616d00004851264793bf88bed7c9098a200e', '64', NOW(), NOW()),
('fcc13052-8831-48f8-b51e-2c670364a662', 'https://i.scdn.co/image/ab67616d0000b273f7acd633c99f69b36487f325', '640', NOW(), NOW()),
('fcc13052-8831-48f8-b51e-2c670364a662', 'https://i.scdn.co/image/ab67616d00001e02f7acd633c99f69b36487f325', '300', NOW(), NOW()),
('fcc13052-8831-48f8-b51e-2c670364a662', 'https://i.scdn.co/image/ab67616d00004851f7acd633c99f69b36487f325', '64', NOW(), NOW()),
('df41ee2c-6699-4a46-a753-dccf00056144', 'https://i.scdn.co/image/ab67616d0000b273cd8edcbfe2d7a92af129df9a', '640', NOW(), NOW()),
('df41ee2c-6699-4a46-a753-dccf00056144', 'https://i.scdn.co/image/ab67616d00001e02cd8edcbfe2d7a92af129df9a', '300', NOW(), NOW()),
('df41ee2c-6699-4a46-a753-dccf00056144', 'https://i.scdn.co/image/ab67616d00004851cd8edcbfe2d7a92af129df9a', '64', NOW(), NOW()),
('4f988421-5fff-4237-8c7c-818890b26794', 'https://i.scdn.co/image/ab67616d0000b27308f667c461d28010a2105548', '640', NOW(), NOW()),
('4f988421-5fff-4237-8c7c-818890b26794', 'https://i.scdn.co/image/ab67616d00001e0208f667c461d28010a2105548', '300', NOW(), NOW()),
('4f988421-5fff-4237-8c7c-818890b26794', 'https://i.scdn.co/image/ab67616d0000485108f667c461d28010a2105548', '64', NOW(), NOW()),
('d1569450-8c4d-4d14-9a74-f701ca34abf1', 'https://i.scdn.co/image/ab67616d0000b2730a70b691689eced1a927129c', '640', NOW(), NOW()),
('d1569450-8c4d-4d14-9a74-f701ca34abf1', 'https://i.scdn.co/image/ab67616d00001e020a70b691689eced1a927129c', '300', NOW(), NOW()),
('d1569450-8c4d-4d14-9a74-f701ca34abf1', 'https://i.scdn.co/image/ab67616d000048510a70b691689eced1a927129c', '64', NOW(), NOW()),
('5fd8bd86-15eb-4da9-9104-6beb65d6fd56', 'https://i.scdn.co/image/ab67616d0000b27389e74c70d03d156be4f0b442', '640', NOW(), NOW()),
('5fd8bd86-15eb-4da9-9104-6beb65d6fd56', 'https://i.scdn.co/image/ab67616d00001e0289e74c70d03d156be4f0b442', '300', NOW(), NOW()),
('5fd8bd86-15eb-4da9-9104-6beb65d6fd56', 'https://i.scdn.co/image/ab67616d0000485189e74c70d03d156be4f0b442', '64', NOW(), NOW()),
('2548d9b4-923a-4699-b2a4-5ce51c63f1ca', 'https://i.scdn.co/image/ab67616d0000b273ca893ae150e089418e45fd47', '640', NOW(), NOW()),
('2548d9b4-923a-4699-b2a4-5ce51c63f1ca', 'https://i.scdn.co/image/ab67616d00001e02ca893ae150e089418e45fd47', '300', NOW(), NOW()),
('2548d9b4-923a-4699-b2a4-5ce51c63f1ca', 'https://i.scdn.co/image/ab67616d00004851ca893ae150e089418e45fd47', '64', NOW(), NOW()),
('0161e7a6-70b8-4a0e-95fb-7de70b15d1c7', 'https://i.scdn.co/image/ab67616d0000b2739c335f3220f6067b9dc2da63', '640', NOW(), NOW()),
('0161e7a6-70b8-4a0e-95fb-7de70b15d1c7', 'https://i.scdn.co/image/ab67616d00001e029c335f3220f6067b9dc2da63', '300', NOW(), NOW()),
('0161e7a6-70b8-4a0e-95fb-7de70b15d1c7', 'https://i.scdn.co/image/ab67616d000048519c335f3220f6067b9dc2da63', '64', NOW(), NOW()),
('50ee2003-2d89-4091-97f8-0f6a802abc0c', 'https://i.scdn.co/image/ab67616d0000b273954bd13d0be555dfaac27d23', '640', NOW(), NOW()),
('50ee2003-2d89-4091-97f8-0f6a802abc0c', 'https://i.scdn.co/image/ab67616d00001e02954bd13d0be555dfaac27d23', '300', NOW(), NOW()),
('50ee2003-2d89-4091-97f8-0f6a802abc0c', 'https://i.scdn.co/image/ab67616d00004851954bd13d0be555dfaac27d23', '64', NOW(), NOW()),
('7cb787bf-6448-455d-a675-868e6fc29ebd', 'https://i.scdn.co/image/ab67616d0000b2731fc11ecdc369b70729f9271c', '640', NOW(), NOW()),
('7cb787bf-6448-455d-a675-868e6fc29ebd', 'https://i.scdn.co/image/ab67616d00001e021fc11ecdc369b70729f9271c', '300', NOW(), NOW()),
('7cb787bf-6448-455d-a675-868e6fc29ebd', 'https://i.scdn.co/image/ab67616d000048511fc11ecdc369b70729f9271c', '64', NOW(), NOW()),
('064e966c-5ac8-4572-b956-cd5195befb6f', 'https://i.scdn.co/image/ab67616d0000b273d805da99a5c18c6045e9f7a7', '640', NOW(), NOW()),
('064e966c-5ac8-4572-b956-cd5195befb6f', 'https://i.scdn.co/image/ab67616d00001e02d805da99a5c18c6045e9f7a7', '300', NOW(), NOW()),
('064e966c-5ac8-4572-b956-cd5195befb6f', 'https://i.scdn.co/image/ab67616d00004851d805da99a5c18c6045e9f7a7', '64', NOW(), NOW()),
('2f2ecde0-4cb1-47cc-a32e-f3c485986dbb', 'https://i.scdn.co/image/ab67616d0000b2731f52bf5bdc18ca3b54ab36f4', '640', NOW(), NOW()),
('2f2ecde0-4cb1-47cc-a32e-f3c485986dbb', 'https://i.scdn.co/image/ab67616d00001e021f52bf5bdc18ca3b54ab36f4', '300', NOW(), NOW()),
('2f2ecde0-4cb1-47cc-a32e-f3c485986dbb', 'https://i.scdn.co/image/ab67616d000048511f52bf5bdc18ca3b54ab36f4', '64', NOW(), NOW()),
('169546c5-151c-46bf-a5d3-f224794da3b6', 'https://i.scdn.co/image/ab67616d0000b273418732879336a88fa4d4b148', '640', NOW(), NOW()),
('169546c5-151c-46bf-a5d3-f224794da3b6', 'https://i.scdn.co/image/ab67616d00001e02418732879336a88fa4d4b148', '300', NOW(), NOW()),
('169546c5-151c-46bf-a5d3-f224794da3b6', 'https://i.scdn.co/image/ab67616d00004851418732879336a88fa4d4b148', '64', NOW(), NOW()),
('2467a678-691a-4405-850a-f509d1573bdf', 'https://i.scdn.co/image/ab67616d0000b273fe425e63760ee61a66e898e0', '640', NOW(), NOW()),
('2467a678-691a-4405-850a-f509d1573bdf', 'https://i.scdn.co/image/ab67616d00001e02fe425e63760ee61a66e898e0', '300', NOW(), NOW()),
('2467a678-691a-4405-850a-f509d1573bdf', 'https://i.scdn.co/image/ab67616d00004851fe425e63760ee61a66e898e0', '64', NOW(), NOW()),
('bdb4db5a-843e-440a-8d74-ef305ad36c5e', 'https://i.scdn.co/image/ab67616d0000b273d079285b209f304bc9b26132', '640', NOW(), NOW()),
('bdb4db5a-843e-440a-8d74-ef305ad36c5e', 'https://i.scdn.co/image/ab67616d00001e02d079285b209f304bc9b26132', '300', NOW(), NOW()),
('bdb4db5a-843e-440a-8d74-ef305ad36c5e', 'https://i.scdn.co/image/ab67616d00004851d079285b209f304bc9b26132', '64', NOW(), NOW()),
('a135142a-d1fe-4b2f-bb08-9058aa3519d1', 'https://i.scdn.co/image/ab67616d0000b2739436d49f19816c46d89efc96', '640', NOW(), NOW()),
('a135142a-d1fe-4b2f-bb08-9058aa3519d1', 'https://i.scdn.co/image/ab67616d00001e029436d49f19816c46d89efc96', '300', NOW(), NOW()),
('a135142a-d1fe-4b2f-bb08-9058aa3519d1', 'https://i.scdn.co/image/ab67616d000048519436d49f19816c46d89efc96', '64', NOW(), NOW()),
('3ece0ab4-7d92-4b26-b830-f6314811893c', 'https://i.scdn.co/image/ab67616d0000b273100f63cef2fc81c6d3de16e1', '640', NOW(), NOW()),
('3ece0ab4-7d92-4b26-b830-f6314811893c', 'https://i.scdn.co/image/ab67616d00001e02100f63cef2fc81c6d3de16e1', '300', NOW(), NOW()),
('3ece0ab4-7d92-4b26-b830-f6314811893c', 'https://i.scdn.co/image/ab67616d00004851100f63cef2fc81c6d3de16e1', '64', NOW(), NOW()),
('be7e765b-3f29-4595-b98d-0e5ab0a97c75', 'https://i.scdn.co/image/ab67616d0000b273ab11ff6c863e234caa964ada', '640', NOW(), NOW()),
('be7e765b-3f29-4595-b98d-0e5ab0a97c75', 'https://i.scdn.co/image/ab67616d00001e02ab11ff6c863e234caa964ada', '300', NOW(), NOW()),
('be7e765b-3f29-4595-b98d-0e5ab0a97c75', 'https://i.scdn.co/image/ab67616d00004851ab11ff6c863e234caa964ada', '64', NOW(), NOW()),
('564f98a1-a8da-4a97-8fcf-d0a28d92c016', 'https://i.scdn.co/image/ab67616d0000b273749fdfba69aaa3eb693ce3a0', '640', NOW(), NOW()),
('564f98a1-a8da-4a97-8fcf-d0a28d92c016', 'https://i.scdn.co/image/ab67616d00001e02749fdfba69aaa3eb693ce3a0', '300', NOW(), NOW()),
('564f98a1-a8da-4a97-8fcf-d0a28d92c016', 'https://i.scdn.co/image/ab67616d00004851749fdfba69aaa3eb693ce3a0', '64', NOW(), NOW()),
('82c08e99-c81a-42cd-bdbb-9979e8e30b65', 'https://i.scdn.co/image/ab67616d0000b273d52eff90ca46592929880b6b', '640', NOW(), NOW()),
('82c08e99-c81a-42cd-bdbb-9979e8e30b65', 'https://i.scdn.co/image/ab67616d00001e02d52eff90ca46592929880b6b', '300', NOW(), NOW()),
('82c08e99-c81a-42cd-bdbb-9979e8e30b65', 'https://i.scdn.co/image/ab67616d00004851d52eff90ca46592929880b6b', '64', NOW(), NOW()),
('b329b126-65c8-4b31-9e8f-d1cfcf8aa480', 'https://i.scdn.co/image/ab67616d0000b2739137c858c1ca7a07e80c0fb4', '640', NOW(), NOW()),
('b329b126-65c8-4b31-9e8f-d1cfcf8aa480', 'https://i.scdn.co/image/ab67616d00001e029137c858c1ca7a07e80c0fb4', '300', NOW(), NOW()),
('b329b126-65c8-4b31-9e8f-d1cfcf8aa480', 'https://i.scdn.co/image/ab67616d000048519137c858c1ca7a07e80c0fb4', '64', NOW(), NOW()),
('a5de616c-d5a6-4196-9d6b-329d8874d8ce', 'https://i.scdn.co/image/ab67616d0000b27348a3db524ec6733cf3caab48', '640', NOW(), NOW()),
('a5de616c-d5a6-4196-9d6b-329d8874d8ce', 'https://i.scdn.co/image/ab67616d00001e0248a3db524ec6733cf3caab48', '300', NOW(), NOW()),
('a5de616c-d5a6-4196-9d6b-329d8874d8ce', 'https://i.scdn.co/image/ab67616d0000485148a3db524ec6733cf3caab48', '64', NOW(), NOW()),
('2c682522-ad20-4814-97f6-de0349f634fe', 'https://i.scdn.co/image/ab67616d0000b2739448a7d1339bcc718515c12a', '640', NOW(), NOW()),
('2c682522-ad20-4814-97f6-de0349f634fe', 'https://i.scdn.co/image/ab67616d00001e029448a7d1339bcc718515c12a', '300', NOW(), NOW()),
('2c682522-ad20-4814-97f6-de0349f634fe', 'https://i.scdn.co/image/ab67616d000048519448a7d1339bcc718515c12a', '64', NOW(), NOW()),
('2eb70870-a9f6-4516-b397-cb2ecf2668a5', 'https://i.scdn.co/image/ab67616d0000b273d7bcae56d1717bcb9ece20ec', '640', NOW(), NOW()),
('2eb70870-a9f6-4516-b397-cb2ecf2668a5', 'https://i.scdn.co/image/ab67616d00001e02d7bcae56d1717bcb9ece20ec', '300', NOW(), NOW()),
('2eb70870-a9f6-4516-b397-cb2ecf2668a5', 'https://i.scdn.co/image/ab67616d00004851d7bcae56d1717bcb9ece20ec', '64', NOW(), NOW()),
('a083790d-2f74-49fe-8ab0-0e301766ea31', 'https://i.scdn.co/image/ab67616d0000b2730f51ab4082005cad23ea985f', '640', NOW(), NOW()),
('a083790d-2f74-49fe-8ab0-0e301766ea31', 'https://i.scdn.co/image/ab67616d00001e020f51ab4082005cad23ea985f', '300', NOW(), NOW()),
('a083790d-2f74-49fe-8ab0-0e301766ea31', 'https://i.scdn.co/image/ab67616d000048510f51ab4082005cad23ea985f', '64', NOW(), NOW()),
('e79e77b5-876b-4892-8c09-6f95bd0d5992', 'https://i.scdn.co/image/ab67616d0000b2736d436f9f14d8ab2fb135150b', '640', NOW(), NOW()),
('e79e77b5-876b-4892-8c09-6f95bd0d5992', 'https://i.scdn.co/image/ab67616d00001e026d436f9f14d8ab2fb135150b', '300', NOW(), NOW()),
('e79e77b5-876b-4892-8c09-6f95bd0d5992', 'https://i.scdn.co/image/ab67616d000048516d436f9f14d8ab2fb135150b', '64', NOW(), NOW()),
('dd40260e-5d27-4be9-9141-597e73083a21', 'https://i.scdn.co/image/ab67616d0000b27367d76ba6c53e7cfa69d399b8', '640', NOW(), NOW()),
('dd40260e-5d27-4be9-9141-597e73083a21', 'https://i.scdn.co/image/ab67616d00001e0267d76ba6c53e7cfa69d399b8', '300', NOW(), NOW()),
('dd40260e-5d27-4be9-9141-597e73083a21', 'https://i.scdn.co/image/ab67616d0000485167d76ba6c53e7cfa69d399b8', '64', NOW(), NOW()),
('7d4c3d1c-d1d8-4761-b42e-c97f1e519f31', 'https://i.scdn.co/image/ab67616d0000b2730c18378f82ddde419b4f9d92', '640', NOW(), NOW()),
('7d4c3d1c-d1d8-4761-b42e-c97f1e519f31', 'https://i.scdn.co/image/ab67616d00001e020c18378f82ddde419b4f9d92', '300', NOW(), NOW()),
('7d4c3d1c-d1d8-4761-b42e-c97f1e519f31', 'https://i.scdn.co/image/ab67616d000048510c18378f82ddde419b4f9d92', '64', NOW(), NOW()),
('9412a6f8-68d0-4f4c-b1c2-48893ad8c75c', 'https://i.scdn.co/image/ab67616d0000b2735cb6a5f9f304f0c309636bf0', '640', NOW(), NOW()),
('9412a6f8-68d0-4f4c-b1c2-48893ad8c75c', 'https://i.scdn.co/image/ab67616d00001e025cb6a5f9f304f0c309636bf0', '300', NOW(), NOW()),
('9412a6f8-68d0-4f4c-b1c2-48893ad8c75c', 'https://i.scdn.co/image/ab67616d000048515cb6a5f9f304f0c309636bf0', '64', NOW(), NOW()),
('254c57ff-d999-4073-8b48-43bd00eff705', 'https://i.scdn.co/image/ab67616d0000b273e5fb6d20244389ec6229381b', '640', NOW(), NOW()),
('254c57ff-d999-4073-8b48-43bd00eff705', 'https://i.scdn.co/image/ab67616d00001e02e5fb6d20244389ec6229381b', '300', NOW(), NOW()),
('254c57ff-d999-4073-8b48-43bd00eff705', 'https://i.scdn.co/image/ab67616d00004851e5fb6d20244389ec6229381b', '64', NOW(), NOW()),
('0b3a3f27-8fd6-4813-8329-02056df0950f', 'https://i.scdn.co/image/ab67616d0000b273ca7a697ed28a4dc757c1034e', '640', NOW(), NOW()),
('0b3a3f27-8fd6-4813-8329-02056df0950f', 'https://i.scdn.co/image/ab67616d00001e02ca7a697ed28a4dc757c1034e', '300', NOW(), NOW()),
('0b3a3f27-8fd6-4813-8329-02056df0950f', 'https://i.scdn.co/image/ab67616d00004851ca7a697ed28a4dc757c1034e', '64', NOW(), NOW()),
('e412397d-c443-46f7-abca-c06850dc2d35', 'https://i.scdn.co/image/ab67616d0000b273c575032829572f76e8e776f2', '640', NOW(), NOW()),
('e412397d-c443-46f7-abca-c06850dc2d35', 'https://i.scdn.co/image/ab67616d00001e02c575032829572f76e8e776f2', '300', NOW(), NOW()),
('e412397d-c443-46f7-abca-c06850dc2d35', 'https://i.scdn.co/image/ab67616d00004851c575032829572f76e8e776f2', '64', NOW(), NOW()),
('7f7c36ec-3d5f-4822-b82f-25da0fd7808c', 'https://i.scdn.co/image/ab67616d0000b273d4370c3be2f80dfde1e40004', '640', NOW(), NOW()),
('7f7c36ec-3d5f-4822-b82f-25da0fd7808c', 'https://i.scdn.co/image/ab67616d00001e02d4370c3be2f80dfde1e40004', '300', NOW(), NOW()),
('7f7c36ec-3d5f-4822-b82f-25da0fd7808c', 'https://i.scdn.co/image/ab67616d00004851d4370c3be2f80dfde1e40004', '64', NOW(), NOW()),
('66303144-83a2-4f99-950c-00fbe360b5c9', 'https://i.scdn.co/image/ab67616d0000b273aa4f73fcc05dc058a55eab1f', '640', NOW(), NOW()),
('66303144-83a2-4f99-950c-00fbe360b5c9', 'https://i.scdn.co/image/ab67616d00001e02aa4f73fcc05dc058a55eab1f', '300', NOW(), NOW()),
('66303144-83a2-4f99-950c-00fbe360b5c9', 'https://i.scdn.co/image/ab67616d00004851aa4f73fcc05dc058a55eab1f', '64', NOW(), NOW());



INSERT INTO "Song" ("id", "albumId", "title", "duration", "lyric", "filePathAudio", "privacy", "uploadUserId", "createdAt", "updatedAt") VALUES
('b26fec9e-c615-4889-850f-841ee075fafc', '5cd79514-a376-472b-a8bf-1cdfcab83aa6', 'Chế Độ Silent (Remix Version)', '246042', 'lyric', 'nan', FALSE, NULL, NOW(), NOW()),
('7f2b2eae-0ac5-43b4-9306-cf633f87319c', '6904a52a-2c4d-4fe0-bb4b-44a0750c5402', 'Chế Độ Silent', '178928', 'lyric', 'nan', FALSE, NULL, NOW(), NOW()),
('a8650ef9-dfbb-403b-a454-f82397fb8f75', 'fcc13052-8831-48f8-b51e-2c670364a662', 'Trào Dâng', '180845', 'lyric', 'https://audiomelodies.nyc3.digitaloceanspaces.com/LOC/HoangTon/TraoDang/TraoDang.m4a', FALSE, NULL, NOW(), NOW()),
('4d7fc825-8bd2-4099-bb70-55f043c2dd1b', 'df41ee2c-6699-4a46-a753-dccf00056144', 'Say', '205632', 'lyric', 'https://audiomelodies.nyc3.digitaloceanspaces.com/LOC/HoangTon/Say/Say.m4a', FALSE, NULL, NOW(), NOW()),
('e6f4aeee-f11d-441f-ba53-ead31265bfb0', '4f988421-5fff-4237-8c7c-818890b26794', 'Chỉ Có Em - 2024 Version', '195428', 'lyric', 'nan', FALSE, NULL, NOW(), NOW()),
('3abc1a4a-e97d-4cc9-b606-01d0a5585d1e', 'd1569450-8c4d-4d14-9a74-f701ca34abf1', 'Tình Yêu Giấu Kín', '246135', 'lyric', 'https://audiomelodies.nyc3.digitaloceanspaces.com/LOC/HoangTon/TinhYeuGiauKin/TinhYeuGiauKin.m4a', FALSE, NULL, NOW(), NOW()),
('8c6d5747-1b05-4a3b-a163-ce6c2ebfb69b', '5fd8bd86-15eb-4da9-9104-6beb65d6fd56', 'Can''t Believe', '225245', 'lyric', 'https://audiomelodies.nyc3.digitaloceanspaces.com/LOC/HoangTon/CantBelieve/CantBelieve.m4a', FALSE, NULL, NOW(), NOW()),
('8fbab72b-2f9c-4d27-aeb0-0d309ffe8d82', '2548d9b4-923a-4699-b2a4-5ce51c63f1ca', 'Từng Lời Anh Chôn Dấu', '225004', 'lyric', 'nan', FALSE, NULL, NOW(), NOW()),
('7baf0179-bfbe-4cce-adfe-5bfa26d7a950', '0161e7a6-70b8-4a0e-95fb-7de70b15d1c7', 'emconnho ... ???', '290349', 'lyric', 'https://audiomelodies.nyc3.digitaloceanspaces.com/LOC/HoangTon/emconnho/emconnho.m4a', FALSE, NULL, NOW(), NOW()),
('a5b58c70-0c46-4492-a696-f5b239e9040b', '0161e7a6-70b8-4a0e-95fb-7de70b15d1c7', 'khade', '244000', 'lyric', 'https://audiomelodies.nyc3.digitaloceanspaces.com/LOC/HoangTon/emconnho/khade.m4a', FALSE, NULL, NOW(), NOW()),
('c391299a-875c-49d4-bb58-8637764ef80f', '50ee2003-2d89-4091-97f8-0f6a802abc0c', 'Hè Sang', '220408', 'lyric', 'nan', FALSE, NULL, NOW(), NOW()),
('d24f9d0a-e7ac-4a87-9866-c4a727bcbf11', '7cb787bf-6448-455d-a675-868e6fc29ebd', 'Vì Em Là Cả Thế Giới', '348148', 'lyric', 'nan', FALSE, NULL, NOW(), NOW()),
('7623b8b2-5e1a-4db6-a24c-0164fb3f5698', '064e966c-5ac8-4572-b956-cd5195befb6f', 'Từ Bao Đêm Dài (AKTNTE)', '185769', 'lyric', 'https://audiomelodies.nyc3.digitaloceanspaces.com/LOC/HoangTon/TuBaoemDaiAKTNTE/TuBaoDemDaiAKTNTE.m4a', FALSE, NULL, NOW(), NOW()),
('61cffb60-a349-4e88-99ca-ca6f24e3b405', '2f2ecde0-4cb1-47cc-a32e-f3c485986dbb', 'Tình Yêu Ngủ Quên - Darrys. Remix', '263195', 'lyric', 'https://audiomelodies.nyc3.digitaloceanspaces.com/LOC/HoangTon/TinhYeuNguQuenDarrysRemix/TinhYeuNguQuenDarrysRemix.m4a', FALSE, NULL, NOW(), NOW()),
('4ec5f258-7690-4e5d-9c8e-08368b0aa0e7', '169546c5-151c-46bf-a5d3-f224794da3b6', 'Vệ Tinh', '219428', 'lyric', 'nan', FALSE, NULL, NOW(), NOW()),
('9aba354d-869b-4017-aaea-4dfa7a25c300', '2467a678-691a-4405-850a-f509d1573bdf', 'CHIM SAU', '206000', 'lyric', 'nan', FALSE, NULL, NOW(), NOW()),
('fe4fe9bd-df8a-458c-80d6-e30422de24dd', '2467a678-691a-4405-850a-f509d1573bdf', 'CHIM SAU (Beat)', '204000', 'lyric', 'nan', FALSE, NULL, NOW(), NOW()),
('610aaa83-390a-4ea8-b75c-df51628d053f', 'bdb4db5a-843e-440a-8d74-ef305ad36c5e', 'Tình Yêu Ngủ Quên - R&B Remix', '174781', 'lyric', 'https://audiomelodies.nyc3.digitaloceanspaces.com/LOC/HoangTon/TinhYeuNguQuenRBRemix/TinhYeuNguQuenRBRemix.m4a', FALSE, NULL, NOW(), NOW()),
('f96da337-ae3b-4125-90c1-129e5526fc4d', 'a135142a-d1fe-4b2f-bb08-9058aa3519d1', 'Không Cần Phải Nói Nhiều', '246271', 'lyric', 'nan', FALSE, NULL, NOW(), NOW()),
('238f8187-66a6-4416-9620-9b1abdbe435c', '3ece0ab4-7d92-4b26-b830-f6314811893c', 'Quan Tâm Em Mỗi Ngày', '247272', 'lyric', 'https://audiomelodies.nyc3.digitaloceanspaces.com/LOC/HoangTon/QuanTamEmMoiNgay/QuanTamEmMoiNgay.m4a', FALSE, NULL, NOW(), NOW()),
('815de0c6-90b7-4f27-bea5-a5902d33c78f', 'be7e765b-3f29-4595-b98d-0e5ab0a97c75', 'Dinner Time', '208831', 'lyric', 'nan', FALSE, NULL, NOW(), NOW()),
('37d3ba3b-aa42-407b-9221-46f802f37565', 'be7e765b-3f29-4595-b98d-0e5ab0a97c75', 'Dinner Time - Beat', '215381', 'lyric', 'nan', FALSE, NULL, NOW(), NOW()),
('c74c5d85-abbd-4da4-8ae8-41b99ef3f96e', '564f98a1-a8da-4a97-8fcf-d0a28d92c016', 'Tình Yêu Ngủ Quên - HuyTran Remix', '165210', 'lyric', 'https://audiomelodies.nyc3.digitaloceanspaces.com/LOC/HoangTon/TinhYeuNguQuenHuyTranRemix/TinhYeuNguQuenHuyTranRemix.m4a', FALSE, NULL, NOW(), NOW()),
('137e32bb-3aa5-493d-92a6-7146b58a4b85', '82c08e99-c81a-42cd-bdbb-9979e8e30b65', 'Tình Yêu Ngủ Quên - Lofi', '155893', 'lyric', 'https://audiomelodies.nyc3.digitaloceanspaces.com/LOC/HoangTon/TinhYeuNguQuenLofi/TinhYeuNguQuenLofi.m4a', FALSE, NULL, NOW(), NOW()),
('58c13a17-d578-485a-8bb7-fdf71e110c22', 'b329b126-65c8-4b31-9e8f-d1cfcf8aa480', 'Tình Yêu Ngủ Quên', '177600', 'lyric', 'https://audiomelodies.nyc3.digitaloceanspaces.com/LOC/HoangTon/TinhYeuNguQuen/TinhYeuNguQuen.m4a', FALSE, NULL, NOW(), NOW()),
('72434aeb-7a39-4ffb-8c11-63bcd4cc7dac', 'a5de616c-d5a6-4196-9d6b-329d8874d8ce', 'Tình Yêu Ngủ Quên - Chill Version', '173999', 'lyric', 'https://audiomelodies.nyc3.digitaloceanspaces.com/LOC/HoangTon/TinhYeuNguQuenChillVersion/TinhYeuNguQuenChillVersion.m4a', FALSE, NULL, NOW(), NOW()),
('5e93b922-1a2c-476e-9226-e475764697b2', '2c682522-ad20-4814-97f6-de0349f634fe', 'Một Ngày Em Sẽ', '256487', 'lyric', 'https://audiomelodies.nyc3.digitaloceanspaces.com/LOC/HoangTon/MotNgayEmSe/MotNgayEmSe.m4a', FALSE, NULL, NOW(), NOW()),
('ef050692-424c-48be-8910-2235118e5554', '2eb70870-a9f6-4516-b397-cb2ecf2668a5', 'Em Không Quay Về', '276108', 'lyric', 'https://audiomelodies.nyc3.digitaloceanspaces.com/LOC/HoangTon/EmKhongQuayVe/EmKhongQuayVe.m4a', FALSE, NULL, NOW(), NOW()),
('40f21c44-8501-4507-ba96-d351b5a8298f', '2eb70870-a9f6-4516-b397-cb2ecf2668a5', 'Em Không Quay Về - Part 2', '249196', 'lyric', 'https://audiomelodies.nyc3.digitaloceanspaces.com/LOC/HoangTon/EmKhongQuayVe/EmKhongQuayVePart2.m4a', FALSE, NULL, NOW(), NOW()),
('8b4daa9c-db61-490e-894d-116626e86e96', 'a083790d-2f74-49fe-8ab0-0e301766ea31', 'Em Còn Nhớ Anh Không - Remastered', '251786', 'lyric', 'https://audiomelodies.nyc3.digitaloceanspaces.com/LOC/HoangTon/EmConNhoAnhKhongRemastered/EmConNhoAnhKhongRemastered.m4a', FALSE, NULL, NOW(), NOW()),
('208835a5-e70f-4619-8291-6ad2fbe78c9b', 'e79e77b5-876b-4892-8c09-6f95bd0d5992', 'Sex You Up', '166921', 'lyric', 'https://audiomelodies.nyc3.digitaloceanspaces.com/LOC/HoangTon/SexYouUp/SexYouUp.m4a', FALSE, NULL, NOW(), NOW()),
('c0f22688-1a91-4676-9fb1-92c58e1a7380', 'dd40260e-5d27-4be9-9141-597e73083a21', 'Nước Hoa', '235636', 'lyric', 'https://audiomelodies.nyc3.digitaloceanspaces.com/LOC/HoangTon/NuocHoa/NuocHoa.m4a', FALSE, NULL, NOW(), NOW()),
('65f0cdf5-c146-445a-b49a-d808b8080ee2', '7d4c3d1c-d1d8-4761-b42e-c97f1e519f31', 'Mắt Xanh', '214922', 'lyric', 'nan', FALSE, NULL, NOW(), NOW()),
('a89d0476-ed0c-4bd6-aff8-b056e8e9d3a1', '7d4c3d1c-d1d8-4761-b42e-c97f1e519f31', 'Mắt Xanh - Beat Version', '214922', 'lyric', 'nan', FALSE, NULL, NOW(), NOW()),
('49bb6f92-3f0d-40e5-980f-4761681ae871', '9412a6f8-68d0-4f4c-b1c2-48893ad8c75c', 'Xuân Nghỉ Ngơi', '196800', 'lyric', 'https://audiomelodies.nyc3.digitaloceanspaces.com/LOC/HoangTon/XuanNghiNgoi/XuanNghiNgoi.m4a', FALSE, NULL, NOW(), NOW()),
('cdbdc8d9-386c-407a-9c2d-17e4fc95d561', '254c57ff-d999-4073-8b48-43bd00eff705', 'I Love You So Much', '248917', 'lyric', 'https://audiomelodies.nyc3.digitaloceanspaces.com/LOC/HoangTon/ILoveYouSoMuch/ILoveYouSoMuch.m4a', FALSE, NULL, NOW(), NOW()),
('4a12a4a2-5eae-44be-99c7-3b0814dafc16', '0b3a3f27-8fd6-4813-8329-02056df0950f', 'What''s Your Name?', '235200', 'lyric', 'https://audiomelodies.nyc3.digitaloceanspaces.com/LOC/HoangTon/WhatsYourName/WhatsYourName.m4a', FALSE, NULL, NOW(), NOW()),
('30a9dae0-095a-4f0d-995e-e85b169a5391', 'e412397d-c443-46f7-abca-c06850dc2d35', 'Yêu Em Rất Nhiều', '269960', 'lyric', 'https://audiomelodies.nyc3.digitaloceanspaces.com/LOC/HoangTon/YeuEmRatNhieu/YeuEmRatNhieu.m4a', FALSE, NULL, NOW(), NOW()),
('928e7d43-b7f8-4fd7-9809-16994d64f446', '7f7c36ec-3d5f-4822-b82f-25da0fd7808c', 'Mình Yêu Nhau Bao Lâu', '242804', 'lyric', 'nan', FALSE, NULL, NOW(), NOW()),
('c428ce8b-f8f9-4c27-8f7c-b8c1a6031086', '66303144-83a2-4f99-950c-00fbe360b5c9', 'Em Đến', '251426', 'lyric', 'https://audiomelodies.nyc3.digitaloceanspaces.com/LOC/HoangTon/ChutNangChutMua/EmDen.m4a', FALSE, NULL, NOW(), NOW()),
('afee64ff-803f-446d-96fe-7c2cccf90fa6', '66303144-83a2-4f99-950c-00fbe360b5c9', 'Feel Your Love', '307120', 'lyric', 'https://audiomelodies.nyc3.digitaloceanspaces.com/LOC/HoangTon/ChutNangChutMua/FeelYourLove.m4a', FALSE, NULL, NOW(), NOW()),
('75e7478b-2ba8-4397-bcec-517292e96905', '66303144-83a2-4f99-950c-00fbe360b5c9', 'Chỉ Có Thể Là Tình Yêu', '240706', 'lyric', 'https://audiomelodies.nyc3.digitaloceanspaces.com/LOC/HoangTon/ChutNangChutMua/ChiCoTheLaTinhYeu.m4a', FALSE, NULL, NOW(), NOW());



INSERT INTO "ArtistSong" ("songId", "artistId", "main", "createdAt", "updatedAt") VALUES
('b26fec9e-c615-4889-850f-841ee075fafc', 'aca186c1-fb36-4cd3-ab72-f795e2ec7af9', TRUE, NOW(), NOW()),
('b26fec9e-c615-4889-850f-841ee075fafc', '678ffcb2-32b8-448f-8679-a32d0df442a6', FALSE, NOW(), NOW()),
('7f2b2eae-0ac5-43b4-9306-cf633f87319c', 'aca186c1-fb36-4cd3-ab72-f795e2ec7af9', TRUE, NOW(), NOW()),
('7f2b2eae-0ac5-43b4-9306-cf633f87319c', '678ffcb2-32b8-448f-8679-a32d0df442a6', FALSE, NOW(), NOW()),
('a8650ef9-dfbb-403b-a454-f82397fb8f75', '678ffcb2-32b8-448f-8679-a32d0df442a6', TRUE, NOW(), NOW()),
('a8650ef9-dfbb-403b-a454-f82397fb8f75', 'c8adf237-bbb3-49a5-a0fc-bfc1314bee40', FALSE, NOW(), NOW()),
('4d7fc825-8bd2-4099-bb70-55f043c2dd1b', '678ffcb2-32b8-448f-8679-a32d0df442a6', TRUE, NOW(), NOW()),
('4d7fc825-8bd2-4099-bb70-55f043c2dd1b', 'c8adf237-bbb3-49a5-a0fc-bfc1314bee40', FALSE, NOW(), NOW()),
('e6f4aeee-f11d-441f-ba53-ead31265bfb0', '2f0daf0c-df61-4624-ac86-0d2f7bcda3ea', TRUE, NOW(), NOW()),
('e6f4aeee-f11d-441f-ba53-ead31265bfb0', '678ffcb2-32b8-448f-8679-a32d0df442a6', FALSE, NOW(), NOW()),
('3abc1a4a-e97d-4cc9-b606-01d0a5585d1e',  '678ffcb2-32b8-448f-8679-a32d0df442a6', TRUE, NOW(), NOW()),
('8c6d5747-1b05-4a3b-a163-ce6c2ebfb69b', '678ffcb2-32b8-448f-8679-a32d0df442a6', TRUE, NOW(), NOW()),
('8c6d5747-1b05-4a3b-a163-ce6c2ebfb69b', 'a0ff6dfb-150d-4cdd-b82c-ea3b17b53562', FALSE, NOW(), NOW()),
('8c6d5747-1b05-4a3b-a163-ce6c2ebfb69b', '81102a40-0c05-4e70-a5fa-82949181a7ca', FALSE, NOW(), NOW()),
('8fbab72b-2f9c-4d27-aeb0-0d309ffe8d82', '2f0daf0c-df61-4624-ac86-0d2f7bcda3ea', TRUE, NOW(), NOW()),
('8fbab72b-2f9c-4d27-aeb0-0d309ffe8d82', '678ffcb2-32b8-448f-8679-a32d0df442a6', FALSE, NOW(), NOW()),
('8fbab72b-2f9c-4d27-aeb0-0d309ffe8d82', '3661b13c-74a3-467f-81ce-79d88e6d02d5', FALSE, NOW(), NOW()),
('7baf0179-bfbe-4cce-adfe-5bfa26d7a950',  '678ffcb2-32b8-448f-8679-a32d0df442a6', TRUE, NOW(), NOW()),
('a5b58c70-0c46-4492-a696-f5b239e9040b', '678ffcb2-32b8-448f-8679-a32d0df442a6', TRUE, NOW(), NOW()),
('a5b58c70-0c46-4492-a696-f5b239e9040b', '552486fd-2755-4ca3-8324-1c53a653259d', FALSE, NOW(), NOW()),
('c391299a-875c-49d4-bb58-8637764ef80f', '0e0483a0-9029-4e6b-9a1d-2fa0584a1093', TRUE, NOW(), NOW()),
('c391299a-875c-49d4-bb58-8637764ef80f', '678ffcb2-32b8-448f-8679-a32d0df442a6', FALSE, NOW(), NOW()),
('c391299a-875c-49d4-bb58-8637764ef80f', 'a55b5b4f-9044-4d1e-91e3-a0e1c7aed905', FALSE, NOW(), NOW()),
('d24f9d0a-e7ac-4a87-9866-c4a727bcbf11', '51a41bb5-551c-493f-9d2d-38d67bb412bb', TRUE, NOW(), NOW()),
('d24f9d0a-e7ac-4a87-9866-c4a727bcbf11', '678ffcb2-32b8-448f-8679-a32d0df442a6', FALSE, NOW(), NOW()),
('d24f9d0a-e7ac-4a87-9866-c4a727bcbf11', 'b6ad8b97-705a-4caa-a08c-ba150c6256ce', FALSE, NOW(), NOW()),
('7623b8b2-5e1a-4db6-a24c-0164fb3f5698',  '678ffcb2-32b8-448f-8679-a32d0df442a6', TRUE, NOW(), NOW()),
('61cffb60-a349-4e88-99ca-ca6f24e3b405', '678ffcb2-32b8-448f-8679-a32d0df442a6', TRUE, NOW(), NOW()),
('61cffb60-a349-4e88-99ca-ca6f24e3b405', '4d15e47a-c022-47a1-80c5-3c11b1c00c29', FALSE, NOW(), NOW()),
('61cffb60-a349-4e88-99ca-ca6f24e3b405', 'a60d0cf8-5783-4acf-a2b4-d1c13bba9284', FALSE, NOW(), NOW()),
('4ec5f258-7690-4e5d-9c8e-08368b0aa0e7', 'cb2f5818-467f-4a2f-a88e-419ead08c8e2', TRUE, NOW(), NOW()),
('4ec5f258-7690-4e5d-9c8e-08368b0aa0e7', '678ffcb2-32b8-448f-8679-a32d0df442a6', FALSE, NOW(), NOW()),
('4ec5f258-7690-4e5d-9c8e-08368b0aa0e7', '894f8b32-7b0c-41bf-8b6e-b3cb4cb2a770', FALSE, NOW(), NOW()),
('9aba354d-869b-4017-aaea-4dfa7a25c300', '552486fd-2755-4ca3-8324-1c53a653259d', TRUE, NOW(), NOW()),
('9aba354d-869b-4017-aaea-4dfa7a25c300', '678ffcb2-32b8-448f-8679-a32d0df442a6', FALSE, NOW(), NOW()),
('fe4fe9bd-df8a-458c-80d6-e30422de24dd', '552486fd-2755-4ca3-8324-1c53a653259d', TRUE, NOW(), NOW()),
('fe4fe9bd-df8a-458c-80d6-e30422de24dd', '678ffcb2-32b8-448f-8679-a32d0df442a6', FALSE, NOW(), NOW()),
('610aaa83-390a-4ea8-b75c-df51628d053f', '678ffcb2-32b8-448f-8679-a32d0df442a6', TRUE, NOW(), NOW()),
('610aaa83-390a-4ea8-b75c-df51628d053f', '4155c153-3bac-4df3-be0b-992808751294', FALSE, NOW(), NOW()),
('610aaa83-390a-4ea8-b75c-df51628d053f', '4d15e47a-c022-47a1-80c5-3c11b1c00c29', FALSE, NOW(), NOW()),
('f96da337-ae3b-4125-90c1-129e5526fc4d', '0b56f889-ef10-4da9-ac5a-48f871cda9f7', TRUE, NOW(), NOW()),
('f96da337-ae3b-4125-90c1-129e5526fc4d', '678ffcb2-32b8-448f-8679-a32d0df442a6', FALSE, NOW(), NOW()),
('238f8187-66a6-4416-9620-9b1abdbe435c',  '678ffcb2-32b8-448f-8679-a32d0df442a6', TRUE, NOW(), NOW()),
('815de0c6-90b7-4f27-bea5-a5902d33c78f', 'd8f10cc3-7452-4121-b73f-b59f2abca0df', TRUE, NOW(), NOW()),
('815de0c6-90b7-4f27-bea5-a5902d33c78f', '678ffcb2-32b8-448f-8679-a32d0df442a6', FALSE, NOW(), NOW()),
('37d3ba3b-aa42-407b-9221-46f802f37565', 'd8f10cc3-7452-4121-b73f-b59f2abca0df', TRUE, NOW(), NOW()),
('37d3ba3b-aa42-407b-9221-46f802f37565', '678ffcb2-32b8-448f-8679-a32d0df442a6', FALSE, NOW(), NOW()),
('c74c5d85-abbd-4da4-8ae8-41b99ef3f96e', '678ffcb2-32b8-448f-8679-a32d0df442a6', TRUE, NOW(), NOW()),
('c74c5d85-abbd-4da4-8ae8-41b99ef3f96e', '4d15e47a-c022-47a1-80c5-3c11b1c00c29', FALSE, NOW(), NOW()),
('137e32bb-3aa5-493d-92a6-7146b58a4b85', '678ffcb2-32b8-448f-8679-a32d0df442a6', TRUE, NOW(), NOW()),
('137e32bb-3aa5-493d-92a6-7146b58a4b85', '4d15e47a-c022-47a1-80c5-3c11b1c00c29', FALSE, NOW(), NOW()),
('58c13a17-d578-485a-8bb7-fdf71e110c22', '678ffcb2-32b8-448f-8679-a32d0df442a6', TRUE, NOW(), NOW()),
('58c13a17-d578-485a-8bb7-fdf71e110c22', '4d15e47a-c022-47a1-80c5-3c11b1c00c29', FALSE, NOW(), NOW()),
('72434aeb-7a39-4ffb-8c11-63bcd4cc7dac', '678ffcb2-32b8-448f-8679-a32d0df442a6', TRUE, NOW(), NOW()),
('72434aeb-7a39-4ffb-8c11-63bcd4cc7dac', '4d15e47a-c022-47a1-80c5-3c11b1c00c29', FALSE, NOW(), NOW()),
('5e93b922-1a2c-476e-9226-e475764697b2', '678ffcb2-32b8-448f-8679-a32d0df442a6', TRUE, NOW(), NOW()),
('ef050692-424c-48be-8910-2235118e5554', '678ffcb2-32b8-448f-8679-a32d0df442a6', TRUE, NOW(), NOW()),
('40f21c44-8501-4507-ba96-d351b5a8298f', '678ffcb2-32b8-448f-8679-a32d0df442a6', TRUE, NOW(), NOW()),
('8b4daa9c-db61-490e-894d-116626e86e96', '678ffcb2-32b8-448f-8679-a32d0df442a6', TRUE, NOW(), NOW()),
('208835a5-e70f-4619-8291-6ad2fbe78c9b',  '678ffcb2-32b8-448f-8679-a32d0df442a6', TRUE, NOW(), NOW()),
('c0f22688-1a91-4676-9fb1-92c58e1a7380',  '678ffcb2-32b8-448f-8679-a32d0df442a6', TRUE, NOW(), NOW()),
('65f0cdf5-c146-445a-b49a-d808b8080ee2', 'ab76c0a0-c332-423c-b90d-d4e0bd1b4b01', TRUE, NOW(), NOW()),
('65f0cdf5-c146-445a-b49a-d808b8080ee2', '678ffcb2-32b8-448f-8679-a32d0df442a6', FALSE, NOW(), NOW()),
('a89d0476-ed0c-4bd6-aff8-b056e8e9d3a1', 'ab76c0a0-c332-423c-b90d-d4e0bd1b4b01', TRUE, NOW(), NOW()),
('a89d0476-ed0c-4bd6-aff8-b056e8e9d3a1', '678ffcb2-32b8-448f-8679-a32d0df442a6', FALSE, NOW(), NOW()),
('49bb6f92-3f0d-40e5-980f-4761681ae871',  '678ffcb2-32b8-448f-8679-a32d0df442a6', TRUE, NOW(), NOW()),
('cdbdc8d9-386c-407a-9c2d-17e4fc95d561',  '678ffcb2-32b8-448f-8679-a32d0df442a6', TRUE, NOW(), NOW()),
('4a12a4a2-5eae-44be-99c7-3b0814dafc16', '678ffcb2-32b8-448f-8679-a32d0df442a6', TRUE, NOW(), NOW()),
('4a12a4a2-5eae-44be-99c7-3b0814dafc16', '2ee84b4d-cde1-4e77-a2fd-136c029548b7', FALSE, NOW(), NOW()),
('4a12a4a2-5eae-44be-99c7-3b0814dafc16', '552486fd-2755-4ca3-8324-1c53a653259d', FALSE, NOW(), NOW()),
('30a9dae0-095a-4f0d-995e-e85b169a5391',  '678ffcb2-32b8-448f-8679-a32d0df442a6', TRUE, NOW(), NOW()),
('928e7d43-b7f8-4fd7-9809-16994d64f446', 'd4f382d8-2b93-47ec-8240-10a45a92b9d9', TRUE, NOW(), NOW()),
('928e7d43-b7f8-4fd7-9809-16994d64f446', '678ffcb2-32b8-448f-8679-a32d0df442a6', FALSE, NOW(), NOW()),
('c428ce8b-f8f9-4c27-8f7c-b8c1a6031086',  '678ffcb2-32b8-448f-8679-a32d0df442a6', TRUE, NOW(), NOW()),
('afee64ff-803f-446d-96fe-7c2cccf90fa6', '678ffcb2-32b8-448f-8679-a32d0df442a6', TRUE, NOW(), NOW()),
('afee64ff-803f-446d-96fe-7c2cccf90fa6', 'ead29fb1-68d7-4b63-97d9-b226623699d2', FALSE, NOW(), NOW()),
('75e7478b-2ba8-4397-bcec-517292e96905',  '678ffcb2-32b8-448f-8679-a32d0df442a6', TRUE, NOW(), NOW());







--------------------HoangThuyLinh



INSERT INTO "Album" ("albumId",  "title", "releaseDate", "albumType", "createdAt", "updatedAt") VALUES
('60f520e3-a2fa-4c01-8c60-ce5cf61963dc', 'LINK', '2022-08-11', 'album', NOW(), NOW()),
('f7a7dbe1-3d15-40a7-bd67-003258a00bd3', 'Hoàng', '2019-10-20', 'album', NOW(), NOW()),
('9340da54-df67-47b6-ac2c-29b280d1b687', 'The Ballad Hit', '2017-03-21', 'album', NOW(), NOW()),
('d5e047e8-72c5-42c3-ad76-9513d6804c49', 'Đừng Vội Vàng', '2011-05-17', 'album', NOW(), NOW()),
('263b48bd-6aea-4d6a-a518-1b160cae729f', 'Nhịp Đập Giấc Mơ', '2010-03-30', 'album', NOW(), NOW()),
('1bac4d94-37aa-48f6-90e3-5f95688da4a8', 'Trái đất ôm Mặt trời', '2023-12-18', 'single', NOW(), NOW()),
('4ef2807f-7844-429f-b19b-187a3dbce846', 'Miền Đất Hứa', '2023-11-27', 'single', NOW(), NOW()),
('7bac78f6-2d5c-4ef4-9612-6f48f5b754a3', 'Hoàng Thùy Linh - Vietnamese concert liners', '2023-09-20', 'ep', NOW(), NOW()),
('d9c41b02-41bb-45c5-9309-bf2df114c3bb', 'CHẤT ÊM. MY GAME', '2023-05-25', 'single', NOW(), NOW()),
('78fe8955-03f0-4028-9d89-3674cd18cc68', 'Đợi Chờ Đừng Cáu', '2023-01-16', 'single', NOW(), NOW()),
('daae507a-1d5a-4d14-8f4d-8643ac107956', 'Kiềng 3 Chân', '2022-10-04', 'single', NOW(), NOW()),
('26211a58-f252-4f31-8ed4-5ee950182011', 'Đánh Đố (feat. Thanh Lam & Tùng Dương)', '2022-06-01', 'single', NOW(), NOW()),
('7f8caae5-ff68-4300-82e7-31096546e18a', 'Đánh Đố (Teaser)', '2022-05-27', 'single', NOW(), NOW()),
('90652acb-6c79-434d-a54a-fbc789dbfc77', 'See Tình (Speed Up Version)', '2022-05-05', 'single', NOW(), NOW()),
('5bcb2e62-4d8f-41b0-9c89-0432aff10395', 'See Tình (Cukak Remix)', '2022-05-05', 'single', NOW(), NOW()),
('df07f4ff-8dd2-4dc8-9c6d-82c43957e5f7', 'Việt Nam Hết Mình', '2022-05-03', 'single', NOW(), NOW()),
('0f0b814f-f8b9-4a75-a895-154065a1fb64', 'See Tình', '2022-02-20', 'single', NOW(), NOW()),
('31ed2dc8-164a-4890-b1c2-1fa5169f7588', 'Gieo Quẻ (Dance Performance)', '2022-01-13', 'single', NOW(), NOW()),
('7e5446f4-3d73-4796-8763-85a62d26032e', 'Gieo Quẻ (feat. Đen)', '2022-01-01', 'single', NOW(), NOW()),
('02a658d8-8326-4378-9554-4161a629ab46', 'LK Để Mị Nói Cho Mà Nghe, Duyên Âm (Live At Tết Tân Thời)', '2021-02-24', 'single', NOW(), NOW()),
('1144dea8-6d94-4589-9ccb-ac826a2f1aab', 'Kẻ Cắp Gặp Bà Già (Live At Tết Tân Thời)', '2021-02-24', 'single', NOW(), NOW()),
('5f4f484a-1233-4add-b0a1-278922f56308', 'Kẻ Cắp Gặp Bà Già (Live At Tết Tân Thời)', '2021-02-21', 'single', NOW(), NOW()),
('66695e88-403c-42c2-816b-031a4b4e8cf1', 'Cánh Cửa Diệu Kỳ', '2021-01-20', 'single', NOW(), NOW()),
('fbe55114-a514-46b0-a469-0b23948c12c8', 'Khi Tình Yêu Đủ Lớn (feat. Rtee)', '2020-12-10', 'single', NOW(), NOW()),
('5670d178-63d5-4005-aafc-fc5c81aa5511', 'Việt Nam Tử Tế', '2020-05-05', 'ep', NOW(), NOW()),
('9a35b3b1-5987-4bfd-97ce-190a3f29a08f', 'Làm Gì Phải Hốt', '2020-01-05', 'single', NOW(), NOW()),
('67678f86-8052-4aad-b5ae-7221d83ee44e', 'Tứ Phủ', '2019-08-08', 'single', NOW(), NOW()),
('21bc5cd7-6086-4165-9cd0-4b0cc5aec669', 'Để Mị Nói Cho Mà Nghe', '2019-06-23', 'single', NOW(), NOW()),
('c31d1af2-b3dc-4091-994f-801747d0ebc2', 'Fall In Love', '2018-10-15', 'ep', NOW(), NOW()),
('0b3c9e3d-2048-4760-892d-36f3bbea62c4', 'Fall In Love', '2018-10-10', 'single', NOW(), NOW()),
('cbc5f965-eb07-44ab-934e-c6180aa8bdec', 'S.I.X', '2016-06-15', 'ep', NOW(), NOW()),
('530cdb18-523d-4704-a64d-0a94d6d6786e', 'Just You', '2015-01-05', 'ep', NOW(), NOW()),
('1bfe4e2e-70d8-4f84-9f9b-b0ac455c5792', 'Rơi (2014 Dance Version)', '2014-08-11', 'single', NOW(), NOW()),
('3a103091-c102-40f5-b8d0-d663f8244f9c', 'EP 2013', '2013-05-15', 'ep', NOW(), NOW()),
('7c5dabe3-da71-4e0d-8903-1a217d94fb0f', 'Mini Album 2012', '2012-06-11', 'ep', NOW(), NOW()),
('9a88ca01-af66-4ed4-ae7c-80b294623525', 'Tiếng Đêm/Hãy Cứ Đón Lấy', '2012-01-01', 'ep', NOW(), NOW()),
('e7381ee1-c5fa-4ea4-b158-2ccada0a16e3', 'Hờn Dỗi', '2012-01-01', 'single', NOW(), NOW());



INSERT INTO "AlbumImage" ("albumId", "image", "size", "createdAt", "updatedAt") VALUES
('60f520e3-a2fa-4c01-8c60-ce5cf61963dc', 'https://i.scdn.co/image/ab67616d0000b273be0ac2aa3ed0047463210db1', '640', NOW(), NOW()),
('60f520e3-a2fa-4c01-8c60-ce5cf61963dc', 'https://i.scdn.co/image/ab67616d00001e02be0ac2aa3ed0047463210db1', '300', NOW(), NOW()),
('60f520e3-a2fa-4c01-8c60-ce5cf61963dc', 'https://i.scdn.co/image/ab67616d00004851be0ac2aa3ed0047463210db1', '64', NOW(), NOW()),
('f7a7dbe1-3d15-40a7-bd67-003258a00bd3', 'https://i.scdn.co/image/ab67616d0000b27300a928ccf7c014c3f6a95d54', '640', NOW(), NOW()),
('f7a7dbe1-3d15-40a7-bd67-003258a00bd3', 'https://i.scdn.co/image/ab67616d00001e0200a928ccf7c014c3f6a95d54', '300', NOW(), NOW()),
('f7a7dbe1-3d15-40a7-bd67-003258a00bd3', 'https://i.scdn.co/image/ab67616d0000485100a928ccf7c014c3f6a95d54', '64', NOW(), NOW()),
('9340da54-df67-47b6-ac2c-29b280d1b687', 'https://i.scdn.co/image/ab67616d0000b27345cdcbb5d6e2676c6582f3cc', '640', NOW(), NOW()),
('9340da54-df67-47b6-ac2c-29b280d1b687', 'https://i.scdn.co/image/ab67616d00001e0245cdcbb5d6e2676c6582f3cc', '300', NOW(), NOW()),
('9340da54-df67-47b6-ac2c-29b280d1b687', 'https://i.scdn.co/image/ab67616d0000485145cdcbb5d6e2676c6582f3cc', '64', NOW(), NOW()),
('d5e047e8-72c5-42c3-ad76-9513d6804c49', 'https://i.scdn.co/image/ab67616d0000b2737bf447655ddd96dd7b2fdc0c', '640', NOW(), NOW()),
('d5e047e8-72c5-42c3-ad76-9513d6804c49', 'https://i.scdn.co/image/ab67616d00001e027bf447655ddd96dd7b2fdc0c', '300', NOW(), NOW()),
('d5e047e8-72c5-42c3-ad76-9513d6804c49', 'https://i.scdn.co/image/ab67616d000048517bf447655ddd96dd7b2fdc0c', '64', NOW(), NOW()),
('263b48bd-6aea-4d6a-a518-1b160cae729f', 'https://i.scdn.co/image/ab67616d0000b273a349682d76bbf1550d9e7262', '640', NOW(), NOW()),
('263b48bd-6aea-4d6a-a518-1b160cae729f', 'https://i.scdn.co/image/ab67616d00001e02a349682d76bbf1550d9e7262', '300', NOW(), NOW()),
('263b48bd-6aea-4d6a-a518-1b160cae729f', 'https://i.scdn.co/image/ab67616d00004851a349682d76bbf1550d9e7262', '64', NOW(), NOW()),
('1bac4d94-37aa-48f6-90e3-5f95688da4a8', 'https://i.scdn.co/image/ab67616d0000b273d87bab55adfd573aa344c6c2', '640', NOW(), NOW()),
('1bac4d94-37aa-48f6-90e3-5f95688da4a8', 'https://i.scdn.co/image/ab67616d00001e02d87bab55adfd573aa344c6c2', '300', NOW(), NOW()),
('1bac4d94-37aa-48f6-90e3-5f95688da4a8', 'https://i.scdn.co/image/ab67616d00004851d87bab55adfd573aa344c6c2', '64', NOW(), NOW()),
('4ef2807f-7844-429f-b19b-187a3dbce846', 'https://i.scdn.co/image/ab67616d0000b2735955a6d0a2704553072888cd', '640', NOW(), NOW()),
('4ef2807f-7844-429f-b19b-187a3dbce846', 'https://i.scdn.co/image/ab67616d00001e025955a6d0a2704553072888cd', '300', NOW(), NOW()),
('4ef2807f-7844-429f-b19b-187a3dbce846', 'https://i.scdn.co/image/ab67616d000048515955a6d0a2704553072888cd', '64', NOW(), NOW()),
('7bac78f6-2d5c-4ef4-9612-6f48f5b754a3', 'https://i.scdn.co/image/ab67616d0000b273fa2b2c12d3d2289427821b5c', '640', NOW(), NOW()),
('7bac78f6-2d5c-4ef4-9612-6f48f5b754a3', 'https://i.scdn.co/image/ab67616d00001e02fa2b2c12d3d2289427821b5c', '300', NOW(), NOW()),
('7bac78f6-2d5c-4ef4-9612-6f48f5b754a3', 'https://i.scdn.co/image/ab67616d00004851fa2b2c12d3d2289427821b5c', '64', NOW(), NOW()),
('d9c41b02-41bb-45c5-9309-bf2df114c3bb', 'https://i.scdn.co/image/ab67616d0000b2732761a74e49379d3d57b3eb22', '640', NOW(), NOW()),
('d9c41b02-41bb-45c5-9309-bf2df114c3bb', 'https://i.scdn.co/image/ab67616d00001e022761a74e49379d3d57b3eb22', '300', NOW(), NOW()),
('d9c41b02-41bb-45c5-9309-bf2df114c3bb', 'https://i.scdn.co/image/ab67616d000048512761a74e49379d3d57b3eb22', '64', NOW(), NOW()),
('78fe8955-03f0-4028-9d89-3674cd18cc68', 'https://i.scdn.co/image/ab67616d0000b2730f7b76d57dcd8b0c357a810d', '640', NOW(), NOW()),
('78fe8955-03f0-4028-9d89-3674cd18cc68', 'https://i.scdn.co/image/ab67616d00001e020f7b76d57dcd8b0c357a810d', '300', NOW(), NOW()),
('78fe8955-03f0-4028-9d89-3674cd18cc68', 'https://i.scdn.co/image/ab67616d000048510f7b76d57dcd8b0c357a810d', '64', NOW(), NOW()),
('daae507a-1d5a-4d14-8f4d-8643ac107956', 'https://i.scdn.co/image/ab67616d0000b2737f3ec7b900476a81367559f2', '640', NOW(), NOW()),
('daae507a-1d5a-4d14-8f4d-8643ac107956', 'https://i.scdn.co/image/ab67616d00001e027f3ec7b900476a81367559f2', '300', NOW(), NOW()),
('daae507a-1d5a-4d14-8f4d-8643ac107956', 'https://i.scdn.co/image/ab67616d000048517f3ec7b900476a81367559f2', '64', NOW(), NOW()),
('26211a58-f252-4f31-8ed4-5ee950182011', 'https://i.scdn.co/image/ab67616d0000b273058d6bfd717be84772cf1666', '640', NOW(), NOW()),
('26211a58-f252-4f31-8ed4-5ee950182011', 'https://i.scdn.co/image/ab67616d00001e02058d6bfd717be84772cf1666', '300', NOW(), NOW()),
('26211a58-f252-4f31-8ed4-5ee950182011', 'https://i.scdn.co/image/ab67616d00004851058d6bfd717be84772cf1666', '64', NOW(), NOW()),
('7f8caae5-ff68-4300-82e7-31096546e18a', 'https://i.scdn.co/image/ab67616d0000b273a40ab692b72e1b7550946992', '640', NOW(), NOW()),
('7f8caae5-ff68-4300-82e7-31096546e18a', 'https://i.scdn.co/image/ab67616d00001e02a40ab692b72e1b7550946992', '300', NOW(), NOW()),
('7f8caae5-ff68-4300-82e7-31096546e18a', 'https://i.scdn.co/image/ab67616d00004851a40ab692b72e1b7550946992', '64', NOW(), NOW()),
('90652acb-6c79-434d-a54a-fbc789dbfc77', 'https://i.scdn.co/image/ab67616d0000b273f5cacb11a1dd052308fc3d22', '640', NOW(), NOW()),
('90652acb-6c79-434d-a54a-fbc789dbfc77', 'https://i.scdn.co/image/ab67616d00001e02f5cacb11a1dd052308fc3d22', '300', NOW(), NOW()),
('90652acb-6c79-434d-a54a-fbc789dbfc77', 'https://i.scdn.co/image/ab67616d00004851f5cacb11a1dd052308fc3d22', '64', NOW(), NOW()),
('5bcb2e62-4d8f-41b0-9c89-0432aff10395', 'https://i.scdn.co/image/ab67616d0000b2735222f0e7e1c915b0f9511135', '640', NOW(), NOW()),
('5bcb2e62-4d8f-41b0-9c89-0432aff10395', 'https://i.scdn.co/image/ab67616d00001e025222f0e7e1c915b0f9511135', '300', NOW(), NOW()),
('5bcb2e62-4d8f-41b0-9c89-0432aff10395', 'https://i.scdn.co/image/ab67616d000048515222f0e7e1c915b0f9511135', '64', NOW(), NOW()),
('df07f4ff-8dd2-4dc8-9c6d-82c43957e5f7', 'https://i.scdn.co/image/ab67616d0000b27332021048861e2c1cc08f372a', '640', NOW(), NOW()),
('df07f4ff-8dd2-4dc8-9c6d-82c43957e5f7', 'https://i.scdn.co/image/ab67616d00001e0232021048861e2c1cc08f372a', '300', NOW(), NOW()),
('df07f4ff-8dd2-4dc8-9c6d-82c43957e5f7', 'https://i.scdn.co/image/ab67616d0000485132021048861e2c1cc08f372a', '64', NOW(), NOW()),
('0f0b814f-f8b9-4a75-a895-154065a1fb64', 'https://i.scdn.co/image/ab67616d0000b2738b302a279cfab9f1a28d2d35', '640', NOW(), NOW()),
('0f0b814f-f8b9-4a75-a895-154065a1fb64', 'https://i.scdn.co/image/ab67616d00001e028b302a279cfab9f1a28d2d35', '300', NOW(), NOW()),
('0f0b814f-f8b9-4a75-a895-154065a1fb64', 'https://i.scdn.co/image/ab67616d000048518b302a279cfab9f1a28d2d35', '64', NOW(), NOW()),
('31ed2dc8-164a-4890-b1c2-1fa5169f7588', 'https://i.scdn.co/image/ab67616d0000b273f6840265816dece7ca297732', '640', NOW(), NOW()),
('31ed2dc8-164a-4890-b1c2-1fa5169f7588', 'https://i.scdn.co/image/ab67616d00001e02f6840265816dece7ca297732', '300', NOW(), NOW()),
('31ed2dc8-164a-4890-b1c2-1fa5169f7588', 'https://i.scdn.co/image/ab67616d00004851f6840265816dece7ca297732', '64', NOW(), NOW()),
('7e5446f4-3d73-4796-8763-85a62d26032e', 'https://i.scdn.co/image/ab67616d0000b2737ea0d3614e0e4d0213451798', '640', NOW(), NOW()),
('7e5446f4-3d73-4796-8763-85a62d26032e', 'https://i.scdn.co/image/ab67616d00001e027ea0d3614e0e4d0213451798', '300', NOW(), NOW()),
('7e5446f4-3d73-4796-8763-85a62d26032e', 'https://i.scdn.co/image/ab67616d000048517ea0d3614e0e4d0213451798', '64', NOW(), NOW()),
('02a658d8-8326-4378-9554-4161a629ab46', 'https://i.scdn.co/image/ab67616d0000b2732d9e6cd31e43bd55ff9d6ee7', '640', NOW(), NOW()),
('02a658d8-8326-4378-9554-4161a629ab46', 'https://i.scdn.co/image/ab67616d00001e022d9e6cd31e43bd55ff9d6ee7', '300', NOW(), NOW()),
('02a658d8-8326-4378-9554-4161a629ab46', 'https://i.scdn.co/image/ab67616d000048512d9e6cd31e43bd55ff9d6ee7', '64', NOW(), NOW()),
('1144dea8-6d94-4589-9ccb-ac826a2f1aab', 'https://i.scdn.co/image/ab67616d0000b273ee39965699d77028f77a7a8f', '640', NOW(), NOW()),
('1144dea8-6d94-4589-9ccb-ac826a2f1aab', 'https://i.scdn.co/image/ab67616d00001e02ee39965699d77028f77a7a8f', '300', NOW(), NOW()),
('1144dea8-6d94-4589-9ccb-ac826a2f1aab', 'https://i.scdn.co/image/ab67616d00004851ee39965699d77028f77a7a8f', '64', NOW(), NOW()),
('5f4f484a-1233-4add-b0a1-278922f56308', 'https://i.scdn.co/image/ab67616d0000b273adc1ef809fab0ba5f7dfe542', '640', NOW(), NOW()),
('5f4f484a-1233-4add-b0a1-278922f56308', 'https://i.scdn.co/image/ab67616d00001e02adc1ef809fab0ba5f7dfe542', '300', NOW(), NOW()),
('5f4f484a-1233-4add-b0a1-278922f56308', 'https://i.scdn.co/image/ab67616d00004851adc1ef809fab0ba5f7dfe542', '64', NOW(), NOW()),
('66695e88-403c-42c2-816b-031a4b4e8cf1', 'https://i.scdn.co/image/ab67616d0000b2739d64b4fbd2bd333b3002e38d', '640', NOW(), NOW()),
('66695e88-403c-42c2-816b-031a4b4e8cf1', 'https://i.scdn.co/image/ab67616d00001e029d64b4fbd2bd333b3002e38d', '300', NOW(), NOW()),
('66695e88-403c-42c2-816b-031a4b4e8cf1', 'https://i.scdn.co/image/ab67616d000048519d64b4fbd2bd333b3002e38d', '64', NOW(), NOW()),
('fbe55114-a514-46b0-a469-0b23948c12c8', 'https://i.scdn.co/image/ab67616d0000b273b94c970b96964673650a3b72', '640', NOW(), NOW()),
('fbe55114-a514-46b0-a469-0b23948c12c8', 'https://i.scdn.co/image/ab67616d00001e02b94c970b96964673650a3b72', '300', NOW(), NOW()),
('fbe55114-a514-46b0-a469-0b23948c12c8', 'https://i.scdn.co/image/ab67616d00004851b94c970b96964673650a3b72', '64', NOW(), NOW()),
('5670d178-63d5-4005-aafc-fc5c81aa5511', 'https://i.scdn.co/image/ab67616d0000b2730b5148449dfa725362d59f8f', '640', NOW(), NOW()),
('5670d178-63d5-4005-aafc-fc5c81aa5511', 'https://i.scdn.co/image/ab67616d00001e020b5148449dfa725362d59f8f', '300', NOW(), NOW()),
('5670d178-63d5-4005-aafc-fc5c81aa5511', 'https://i.scdn.co/image/ab67616d000048510b5148449dfa725362d59f8f', '64', NOW(), NOW()),
('9a35b3b1-5987-4bfd-97ce-190a3f29a08f', 'https://i.scdn.co/image/ab67616d0000b273c4b372e4b3dc821ce9f3584d', '640', NOW(), NOW()),
('9a35b3b1-5987-4bfd-97ce-190a3f29a08f', 'https://i.scdn.co/image/ab67616d00001e02c4b372e4b3dc821ce9f3584d', '300', NOW(), NOW()),
('9a35b3b1-5987-4bfd-97ce-190a3f29a08f', 'https://i.scdn.co/image/ab67616d00004851c4b372e4b3dc821ce9f3584d', '64', NOW(), NOW()),
('67678f86-8052-4aad-b5ae-7221d83ee44e', 'https://i.scdn.co/image/ab67616d0000b27391e3dea5b2df1352db8091aa', '640', NOW(), NOW()),
('67678f86-8052-4aad-b5ae-7221d83ee44e', 'https://i.scdn.co/image/ab67616d00001e0291e3dea5b2df1352db8091aa', '300', NOW(), NOW()),
('67678f86-8052-4aad-b5ae-7221d83ee44e', 'https://i.scdn.co/image/ab67616d0000485191e3dea5b2df1352db8091aa', '64', NOW(), NOW()),
('21bc5cd7-6086-4165-9cd0-4b0cc5aec669', 'https://i.scdn.co/image/ab67616d0000b2731749c3c9da81ecff9cc73b67', '640', NOW(), NOW()),
('21bc5cd7-6086-4165-9cd0-4b0cc5aec669', 'https://i.scdn.co/image/ab67616d00001e021749c3c9da81ecff9cc73b67', '300', NOW(), NOW()),
('21bc5cd7-6086-4165-9cd0-4b0cc5aec669', 'https://i.scdn.co/image/ab67616d000048511749c3c9da81ecff9cc73b67', '64', NOW(), NOW()),
('c31d1af2-b3dc-4091-994f-801747d0ebc2', 'https://i.scdn.co/image/ab67616d0000b2735a8cb05f3f234224b118b9d8', '640', NOW(), NOW()),
('c31d1af2-b3dc-4091-994f-801747d0ebc2', 'https://i.scdn.co/image/ab67616d00001e025a8cb05f3f234224b118b9d8', '300', NOW(), NOW()),
('c31d1af2-b3dc-4091-994f-801747d0ebc2', 'https://i.scdn.co/image/ab67616d000048515a8cb05f3f234224b118b9d8', '64', NOW(), NOW()),
('0b3c9e3d-2048-4760-892d-36f3bbea62c4', 'https://i.scdn.co/image/ab67616d0000b273ab11002d0e1ca5ecab7df0a3', '640', NOW(), NOW()),
('0b3c9e3d-2048-4760-892d-36f3bbea62c4', 'https://i.scdn.co/image/ab67616d00001e02ab11002d0e1ca5ecab7df0a3', '300', NOW(), NOW()),
('0b3c9e3d-2048-4760-892d-36f3bbea62c4', 'https://i.scdn.co/image/ab67616d00004851ab11002d0e1ca5ecab7df0a3', '64', NOW(), NOW()),
('cbc5f965-eb07-44ab-934e-c6180aa8bdec', 'https://i.scdn.co/image/ab67616d0000b27357702c039c0b97d3a203f0b2', '640', NOW(), NOW()),
('cbc5f965-eb07-44ab-934e-c6180aa8bdec', 'https://i.scdn.co/image/ab67616d00001e0257702c039c0b97d3a203f0b2', '300', NOW(), NOW()),
('cbc5f965-eb07-44ab-934e-c6180aa8bdec', 'https://i.scdn.co/image/ab67616d0000485157702c039c0b97d3a203f0b2', '64', NOW(), NOW()),
('530cdb18-523d-4704-a64d-0a94d6d6786e', 'https://i.scdn.co/image/ab67616d0000b2731d0f062474f7e23cd332c447', '640', NOW(), NOW()),
('530cdb18-523d-4704-a64d-0a94d6d6786e', 'https://i.scdn.co/image/ab67616d00001e021d0f062474f7e23cd332c447', '300', NOW(), NOW()),
('530cdb18-523d-4704-a64d-0a94d6d6786e', 'https://i.scdn.co/image/ab67616d000048511d0f062474f7e23cd332c447', '64', NOW(), NOW()),
('1bfe4e2e-70d8-4f84-9f9b-b0ac455c5792', 'https://i.scdn.co/image/ab67616d0000b273ad5da3d58eaadda4b5f47204', '640', NOW(), NOW()),
('1bfe4e2e-70d8-4f84-9f9b-b0ac455c5792', 'https://i.scdn.co/image/ab67616d00001e02ad5da3d58eaadda4b5f47204', '300', NOW(), NOW()),
('1bfe4e2e-70d8-4f84-9f9b-b0ac455c5792', 'https://i.scdn.co/image/ab67616d00004851ad5da3d58eaadda4b5f47204', '64', NOW(), NOW()),
('3a103091-c102-40f5-b8d0-d663f8244f9c', 'https://i.scdn.co/image/ab67616d0000b273eab30a5888a74a62870678a8', '640', NOW(), NOW()),
('3a103091-c102-40f5-b8d0-d663f8244f9c', 'https://i.scdn.co/image/ab67616d00001e02eab30a5888a74a62870678a8', '300', NOW(), NOW()),
('3a103091-c102-40f5-b8d0-d663f8244f9c', 'https://i.scdn.co/image/ab67616d00004851eab30a5888a74a62870678a8', '64', NOW(), NOW()),
('7c5dabe3-da71-4e0d-8903-1a217d94fb0f', 'https://i.scdn.co/image/ab67616d0000b2734a7b54bad11e2551235fa4c2', '640', NOW(), NOW()),
('7c5dabe3-da71-4e0d-8903-1a217d94fb0f', 'https://i.scdn.co/image/ab67616d00001e024a7b54bad11e2551235fa4c2', '300', NOW(), NOW()),
('7c5dabe3-da71-4e0d-8903-1a217d94fb0f', 'https://i.scdn.co/image/ab67616d000048514a7b54bad11e2551235fa4c2', '64', NOW(), NOW()),
('9a88ca01-af66-4ed4-ae7c-80b294623525', 'https://i.scdn.co/image/ab67616d0000b273506f0dd571b151619af04930', '640', NOW(), NOW()),
('9a88ca01-af66-4ed4-ae7c-80b294623525', 'https://i.scdn.co/image/ab67616d00001e02506f0dd571b151619af04930', '300', NOW(), NOW()),
('9a88ca01-af66-4ed4-ae7c-80b294623525', 'https://i.scdn.co/image/ab67616d00004851506f0dd571b151619af04930', '64', NOW(), NOW()),
('e7381ee1-c5fa-4ea4-b158-2ccada0a16e3', 'https://i.scdn.co/image/ab67616d0000b273dae6af78457a0b382f8104a5', '640', NOW(), NOW()),
('e7381ee1-c5fa-4ea4-b158-2ccada0a16e3', 'https://i.scdn.co/image/ab67616d00001e02dae6af78457a0b382f8104a5', '300', NOW(), NOW()),
('e7381ee1-c5fa-4ea4-b158-2ccada0a16e3', 'https://i.scdn.co/image/ab67616d00004851dae6af78457a0b382f8104a5', '64', NOW(), NOW());



INSERT INTO "Song" ("id", "albumId", "title", "duration", "lyric", "filePathAudio", "privacy", "uploadUserId", "createdAt", "updatedAt") VALUES
('4a9b8140-92c7-4e18-9365-7871caaadaf6', '60f520e3-a2fa-4c01-8c60-ce5cf61963dc', 'Gieo Quẻ (feat. Đen)', '198947', 'lyric', 'https://audiomelodies.nyc3.digitaloceanspaces.com/LOC/HoangThuyLinh/LINK/GieoQuefeatDen.m4a', FALSE, NULL, NOW(), NOW()),
('a8b07d8a-1d0b-4918-9b18-ef3dcdbaaf97', '60f520e3-a2fa-4c01-8c60-ce5cf61963dc', 'See Tình', '185002', 'lyric', 'https://audiomelodies.nyc3.digitaloceanspaces.com/LOC/HoangThuyLinh/LINK/SeeTinh.m4a', FALSE, NULL, NOW(), NOW()),
('d6b7d944-b1d3-47c3-839a-51245f3caa35', '60f520e3-a2fa-4c01-8c60-ce5cf61963dc', 'Lúc Thấy Lúc Không', '173000', 'lyric', 'https://audiomelodies.nyc3.digitaloceanspaces.com/LOC/HoangThuyLinh/LINK/LucThayLucKhong.m4a', FALSE, NULL, NOW(), NOW()),
('ceec6270-8de1-4cc6-a739-71597890755c', '60f520e3-a2fa-4c01-8c60-ce5cf61963dc', 'Bắt Vía (feat. Wren Evans & Mew Amazing)', '204000', 'lyric', 'https://audiomelodies.nyc3.digitaloceanspaces.com/LOC/HoangThuyLinh/LINK/BatViafeatWrenEvansMewAmazing.m4a', FALSE, NULL, NOW(), NOW()),
('52060115-f70b-4162-b8ae-1f6f91a6c9a8', '60f520e3-a2fa-4c01-8c60-ce5cf61963dc', 'không một bài hát nào có thể diễn tả cảm xúc của em lúc này. (feat. Thanh Bui)', '240500', 'lyric', 'https://audiomelodies.nyc3.digitaloceanspaces.com/LOC/HoangThuyLinh/LINK/khongmotbaihatnaocothedientacamxuccuaemlucnayfeatThanhBui.m4a', FALSE, NULL, NOW(), NOW()),
('e41cf298-7505-4bc0-981e-89a950d67d2f', '60f520e3-a2fa-4c01-8c60-ce5cf61963dc', 'Bo Xì Bo', '172000', 'lyric', 'https://audiomelodies.nyc3.digitaloceanspaces.com/LOC/HoangThuyLinh/LINK/BoXiBo.m4a', FALSE, NULL, NOW(), NOW()),
('6f57ee86-f9c7-429c-9c32-f87aa9961ead', '60f520e3-a2fa-4c01-8c60-ce5cf61963dc', 'Trưởng Nữ Chạy Trốn', '195008', 'lyric', 'https://audiomelodies.nyc3.digitaloceanspaces.com/LOC/HoangThuyLinh/LINK/TruongNuChayTron.m4a', FALSE, NULL, NOW(), NOW()),
('08f01a8a-a27a-456a-b387-fd460e4a66cf', '60f520e3-a2fa-4c01-8c60-ce5cf61963dc', 'Đánh Đố (feat. Thanh Lam & Tùng Dương)', '268235', 'lyric', 'https://audiomelodies.nyc3.digitaloceanspaces.com/LOC/HoangThuyLinh/LINK/DanhDofeatThanhLamTungDuong.m4a', FALSE, NULL, NOW(), NOW()),
('f9c9b2b6-1b61-4d86-b4ca-805c800fb1dd', '60f520e3-a2fa-4c01-8c60-ce5cf61963dc', 'Hạ Phỏm', '195750', 'lyric', 'https://audiomelodies.nyc3.digitaloceanspaces.com/LOC/HoangThuyLinh/LINK/HaPhom.m4a', FALSE, NULL, NOW(), NOW()),
('7b83abed-7574-4406-b6d6-23538ee00484', 'f7a7dbe1-3d15-40a7-bd67-003258a00bd3', 'Khởi Đầu', '34858', 'lyric', 'https://audiomelodies.nyc3.digitaloceanspaces.com/LOC/HoangThuyLinh/Hoang/KhoiDau.m4a', FALSE, NULL, NOW(), NOW()),
('3424fc89-2c77-46fb-9be6-cd8d9919580e', 'f7a7dbe1-3d15-40a7-bd67-003258a00bd3', 'Để Mị Nói Cho Mà Nghe', '193877', 'lyric', 'https://audiomelodies.nyc3.digitaloceanspaces.com/LOC/HoangThuyLinh/eMiNoiChoMaNghe/DeMiNoiChoMaNghe.m4a', FALSE, NULL, NOW(), NOW()),
('c29d0280-6da9-499c-8187-602598205083', 'f7a7dbe1-3d15-40a7-bd67-003258a00bd3', 'Duyên Âm', '179541', 'lyric', 'https://audiomelodies.nyc3.digitaloceanspaces.com/LOC/HoangThuyLinh/Hoang/DuyenAm.m4a', FALSE, NULL, NOW(), NOW()),
('ee91e983-4600-421f-b159-ade9d4363e42', 'f7a7dbe1-3d15-40a7-bd67-003258a00bd3', 'Em Đây Chẳng Phải Thúy Kiều', '214499', 'lyric', 'https://audiomelodies.nyc3.digitaloceanspaces.com/LOC/HoangThuyLinh/Hoang/EmDayChangPhaiThuyKieu.m4a', FALSE, NULL, NOW(), NOW()),
('70a21ed8-4112-4834-b22f-2aca48133422', 'f7a7dbe1-3d15-40a7-bd67-003258a00bd3', 'Lắm Mối Tối Ngồi Không', '194645', 'lyric', 'https://audiomelodies.nyc3.digitaloceanspaces.com/LOC/HoangThuyLinh/Hoang/LamMoiToiNgoiKhong.m4a', FALSE, NULL, NOW(), NOW()),
('3a540af9-cfab-4b3a-8616-2cf74c5b94fc', 'f7a7dbe1-3d15-40a7-bd67-003258a00bd3', 'Kẽo Cà Kẽo Kẹt', '195455', 'lyric', 'https://audiomelodies.nyc3.digitaloceanspaces.com/LOC/HoangThuyLinh/Hoang/KeoCaKeoKet.m4a', FALSE, NULL, NOW(), NOW()),
('504fcf1d-bcc9-4909-b569-d2f2ce9fb575', 'f7a7dbe1-3d15-40a7-bd67-003258a00bd3', 'Tứ Phủ', '264566', 'lyric', 'https://audiomelodies.nyc3.digitaloceanspaces.com/LOC/HoangThuyLinh/Hoang/TuPhu.m4a', FALSE, NULL, NOW(), NOW()),
('667e6fdc-0b47-4219-9a01-4bb18457bdc6', 'f7a7dbe1-3d15-40a7-bd67-003258a00bd3', 'Kẻ Cắp Gặp Bà Già (feat. Binz)', '231504', 'lyric', 'https://audiomelodies.nyc3.digitaloceanspaces.com/LOC/HoangThuyLinh/Hoang/KeCapGapBaGiafeatBinz.m4a', FALSE, NULL, NOW(), NOW()),
('a9349a05-1376-48b1-ba8a-4f504ba734fc', 'f7a7dbe1-3d15-40a7-bd67-003258a00bd3', 'Giải Kết', '75434', 'lyric', 'https://audiomelodies.nyc3.digitaloceanspaces.com/LOC/HoangThuyLinh/Hoang/GiaiKet.m4a', FALSE, NULL, NOW(), NOW()),
('aa0127b7-0ee8-4512-af63-6e2a1c073852', '9340da54-df67-47b6-ac2c-29b280d1b687', 'Chuyện Tình Lá Gió', '306363', 'lyric', 'https://audiomelodies.nyc3.digitaloceanspaces.com/LOC/HoangThuyLinh/TheBalladHit/ChuyenTinhLaGio.m4a', FALSE, NULL, NOW(), NOW()),
('86736036-780e-471f-bc3f-67452bef4158', '9340da54-df67-47b6-ac2c-29b280d1b687', 'Cho Nhau Lối Đi Riêng', '222773', 'lyric', 'https://audiomelodies.nyc3.digitaloceanspaces.com/LOC/HoangThuyLinh/NhipapGiacMo/ChoNhauLoiDiRieng.m4a', FALSE, NULL, NOW(), NOW()),
('e17fb793-576a-4fa9-a1d6-c14116364017', '9340da54-df67-47b6-ac2c-29b280d1b687', 'Yêu Anh', '241746', 'lyric', 'https://audiomelodies.nyc3.digitaloceanspaces.com/LOC/HoangThuyLinh/MiniAlbum2012/YeuAnh.m4a', FALSE, NULL, NOW(), NOW()),
('be4e8335-a33b-4f93-b40e-1a4885ca714d', '9340da54-df67-47b6-ac2c-29b280d1b687', 'Em Sẽ Là Giấc Mơ', '233386', 'lyric', 'https://audiomelodies.nyc3.digitaloceanspaces.com/LOC/HoangThuyLinh/TheBalladHit/EmSeLaGiacMo.m4a', FALSE, NULL, NOW(), NOW()),
('cfeb0b87-edbf-47b8-8bba-cde35051361b', '9340da54-df67-47b6-ac2c-29b280d1b687', 'Lại Lần Nữa', '285866', 'lyric', 'https://audiomelodies.nyc3.digitaloceanspaces.com/LOC/HoangThuyLinh/TheBalladHit/LaiLanNua.m4a', FALSE, NULL, NOW(), NOW()),
('75bd4f40-d8e8-44ef-aa3b-04a4aa083298', '9340da54-df67-47b6-ac2c-29b280d1b687', 'Anh Có Nhớ Gì', '300160', 'lyric', 'https://audiomelodies.nyc3.digitaloceanspaces.com/LOC/HoangThuyLinh/NhipapGiacMo/AnhCoNhoGi.m4a', FALSE, NULL, NOW(), NOW()),
('1e8b2e04-7a95-47da-9ffe-5ac8d1a5cc7d', '9340da54-df67-47b6-ac2c-29b280d1b687', 'Cô Đơn Là Nỗi Đau', '260480', 'lyric', 'https://audiomelodies.nyc3.digitaloceanspaces.com/LOC/HoangThuyLinh/TheBalladHit/CoDonLaNoiDau.m4a', FALSE, NULL, NOW(), NOW()),
('9a9ea3d6-0c7c-4ecf-84ff-2fb323c394f1', '9340da54-df67-47b6-ac2c-29b280d1b687', 'Đôi Khi Em Muốn Khóc', '259127', 'lyric', 'https://audiomelodies.nyc3.digitaloceanspaces.com/LOC/HoangThuyLinh/TheBalladHit/DoiKhiEmMuonKhoc.m4a', FALSE, NULL, NOW(), NOW()),
('54059a83-4f48-454a-ba62-aa2557d576c3', '9340da54-df67-47b6-ac2c-29b280d1b687', 'Cảm Ơn Vì Yêu Em', '290026', 'lyric', 'https://audiomelodies.nyc3.digitaloceanspaces.com/LOC/HoangThuyLinh/NhipapGiacMo/CamOnViYeuEm.m4a', FALSE, NULL, NOW(), NOW()),
('1693bbc1-1b80-4ab4-92e7-ec021ea56b24', 'd5e047e8-72c5-42c3-ad76-9513d6804c49', 'Ngày Không Anh', '214466', 'lyric', 'https://audiomelodies.nyc3.digitaloceanspaces.com/LOC/HoangThuyLinh/ungVoiVang/NgayKhongAnh.m4a', FALSE, NULL, NOW(), NOW()),
('e203c65a-0e4d-4dcf-b23a-72ab18dcc386', 'd5e047e8-72c5-42c3-ad76-9513d6804c49', 'Chạy Trốn', '173360', 'lyric', 'https://audiomelodies.nyc3.digitaloceanspaces.com/LOC/HoangThuyLinh/ungVoiVang/ChayTron.m4a', FALSE, NULL, NOW(), NOW()),
('a577d317-9f84-4477-9e82-eb396ed171fd', 'd5e047e8-72c5-42c3-ad76-9513d6804c49', 'Lại Lần Nữa', '285866', 'lyric', 'https://audiomelodies.nyc3.digitaloceanspaces.com/LOC/HoangThuyLinh/ungVoiVang/LaiLanNua.m4a', FALSE, NULL, NOW(), NOW()),
('b392d069-8064-46d9-8c6e-bb0735ad1218', 'd5e047e8-72c5-42c3-ad76-9513d6804c49', 'Đừng Vội Vàng', '257946', 'lyric', 'https://audiomelodies.nyc3.digitaloceanspaces.com/LOC/HoangThuyLinh/ungVoiVang/DungVoiVang.m4a', FALSE, NULL, NOW(), NOW()),
('c40a989d-fe38-4e6d-a3ff-98ded8b7f9f6', 'd5e047e8-72c5-42c3-ad76-9513d6804c49', 'Em Sẽ Là Giấc Mơ', '233386', 'lyric', 'https://audiomelodies.nyc3.digitaloceanspaces.com/LOC/HoangThuyLinh/ungVoiVang/EmSeLaGiacMo.m4a', FALSE, NULL, NOW(), NOW()),
('1d919abc-59c5-4f36-9435-9f76a98dd43c', 'd5e047e8-72c5-42c3-ad76-9513d6804c49', 'Sợi Dây', '233933', 'lyric', 'https://audiomelodies.nyc3.digitaloceanspaces.com/LOC/HoangThuyLinh/ungVoiVang/SoiDay.m4a', FALSE, NULL, NOW(), NOW()),
('faa61f7c-6ed5-407f-94cf-ee9d5fd71a4c', 'd5e047e8-72c5-42c3-ad76-9513d6804c49', 'Trôi Theo Thời Gian', '225280', 'lyric', 'https://audiomelodies.nyc3.digitaloceanspaces.com/LOC/HoangThuyLinh/ungVoiVang/TroiTheoThoiGian.m4a', FALSE, NULL, NOW(), NOW()),
('bcd26bfe-b36b-49f3-a3d0-10b4eb13a87a', 'd5e047e8-72c5-42c3-ad76-9513d6804c49', 'Kỉ Niệm', '220813', 'lyric', 'https://audiomelodies.nyc3.digitaloceanspaces.com/LOC/HoangThuyLinh/ungVoiVang/KiNiem.m4a', FALSE, NULL, NOW(), NOW()),
('f0f12d86-5cbf-4435-a5fc-5c89df50374f', 'd5e047e8-72c5-42c3-ad76-9513d6804c49', 'Cô Đơn Là Nỗi Đau', '260480', 'lyric', 'https://audiomelodies.nyc3.digitaloceanspaces.com/LOC/HoangThuyLinh/ungVoiVang/CoDonLaNoiDau.m4a', FALSE, NULL, NOW(), NOW()),
('26e913d2-1942-4959-b7a2-c6da0ea920db', 'd5e047e8-72c5-42c3-ad76-9513d6804c49', 'Giấu', '241493', 'lyric', 'https://audiomelodies.nyc3.digitaloceanspaces.com/LOC/HoangThuyLinh/ungVoiVang/Giau.m4a', FALSE, NULL, NOW(), NOW()),
('f0391eac-7d58-4ae4-9b17-2b98a59dc006', '263b48bd-6aea-4d6a-a518-1b160cae729f', 'Nhịp Đập Giấc Mơ', '244760', 'lyric', 'https://audiomelodies.nyc3.digitaloceanspaces.com/LOC/HoangThuyLinh/NhipapGiacMo/NhipDapGiacMo.m4a', FALSE, NULL, NOW(), NOW()),
('37f867ea-2e57-4959-97bb-4279de11cb8f', '263b48bd-6aea-4d6a-a518-1b160cae729f', 'Cảm Ơn Vì Yêu Em', '290026', 'lyric', 'https://audiomelodies.nyc3.digitaloceanspaces.com/LOC/HoangThuyLinh/TheBalladHit/CamOnViYeuEm.m4a', FALSE, NULL, NOW(), NOW()),
('248af19f-980b-4d58-bab4-7a4957dca430', '263b48bd-6aea-4d6a-a518-1b160cae729f', 'Rung Động', '211013', 'lyric', 'https://audiomelodies.nyc3.digitaloceanspaces.com/LOC/HoangThuyLinh/NhipapGiacMo/RungDong.m4a', FALSE, NULL, NOW(), NOW()),
('4d4bdd4c-ca60-4776-9e4e-fd19a03b2c9e', '263b48bd-6aea-4d6a-a518-1b160cae729f', 'Nghe Này Chàng Trai', '206840', 'lyric', 'https://audiomelodies.nyc3.digitaloceanspaces.com/LOC/HoangThuyLinh/NhipapGiacMo/NgheNayChangTrai.m4a', FALSE, NULL, NOW(), NOW()),
('82161201-af4e-425f-babf-e9f235c8847a', '263b48bd-6aea-4d6a-a518-1b160cae729f', 'Anh Có Nhớ Gì', '300160', 'lyric', 'https://audiomelodies.nyc3.digitaloceanspaces.com/LOC/HoangThuyLinh/TheBalladHit/AnhCoNhoGi.m4a', FALSE, NULL, NOW(), NOW()),
('fc7a27ef-ecd4-4b13-91d8-fe7af00657cf', '263b48bd-6aea-4d6a-a518-1b160cae729f', 'Tìm Lại Tình Yêu', '226760', 'lyric', 'https://audiomelodies.nyc3.digitaloceanspaces.com/LOC/HoangThuyLinh/NhipapGiacMo/TimLaiTinhYeu.m4a', FALSE, NULL, NOW(), NOW()),
('f91a8d74-ce60-4884-a80c-0093bfbb3041', '263b48bd-6aea-4d6a-a518-1b160cae729f', 'Khóc Lần Cuối', '192720', 'lyric', 'https://audiomelodies.nyc3.digitaloceanspaces.com/LOC/HoangThuyLinh/NhipapGiacMo/KhocLanCuoi.m4a', FALSE, NULL, NOW(), NOW()),
('aebad603-ca90-496b-ba44-b523bc750310', '263b48bd-6aea-4d6a-a518-1b160cae729f', 'Cho Nhau Lối Đi Riêng', '222773', 'lyric', 'https://audiomelodies.nyc3.digitaloceanspaces.com/LOC/HoangThuyLinh/TheBalladHit/ChoNhauLoiDiRieng.m4a', FALSE, NULL, NOW(), NOW()),
('bb34a938-50ac-4cf9-be97-d7b7bcd42b0d', '263b48bd-6aea-4d6a-a518-1b160cae729f', 'Dưới Ánh Nến', '180800', 'lyric', 'https://audiomelodies.nyc3.digitaloceanspaces.com/LOC/HoangThuyLinh/NhipapGiacMo/DuoiAnhNen.m4a', FALSE, NULL, NOW(), NOW()),
('db3a15f3-ce32-4d9d-a5d0-d42aab581e72', '263b48bd-6aea-4d6a-a518-1b160cae729f', 'Phía Sau Ánh Sáng', '179186', 'lyric', 'https://audiomelodies.nyc3.digitaloceanspaces.com/LOC/HoangThuyLinh/NhipapGiacMo/PhiaSauAnhSang.m4a', FALSE, NULL, NOW(), NOW()),
('2f3763b7-f3c5-45d7-ba1d-bbfa5cf40bad', '263b48bd-6aea-4d6a-a518-1b160cae729f', 'Ngày Hạnh Phúc', '218053', 'lyric', 'https://audiomelodies.nyc3.digitaloceanspaces.com/LOC/HoangThuyLinh/NhipapGiacMo/NgayHanhPhuc.m4a', FALSE, NULL, NOW(), NOW()),
('7950124b-39ce-4f52-9bd8-c99d586f749d', '1bac4d94-37aa-48f6-90e3-5f95688da4a8', 'Trái đất ôm Mặt trời', '194703', 'lyric', 'nan', FALSE, NULL, NOW(), NOW()),
('73522873-5ed3-4144-be3c-bf66519db059', '4ef2807f-7844-429f-b19b-187a3dbce846', 'Miền Đất Hứa', '239519', 'lyric', 'https://audiomelodies.nyc3.digitaloceanspaces.com/LOC/HoangThuyLinh/MienatHua/MienDatHua.m4a', FALSE, NULL, NOW(), NOW()),
('98a79516-6cc9-4245-8579-a916042e65ca', '7bac78f6-2d5c-4ef4-9612-6f48f5b754a3', 'Lời chào ấm áp đến với Vietnamese concert', '20539', 'lyric', 'nan', FALSE, NULL, NOW(), NOW()),
('bbd81e00-9f33-48fd-8ae1-d347024bcf81', '7bac78f6-2d5c-4ef4-9612-6f48f5b754a3', 'Các bạn đã thuộc hết các ca khúc trong album LINK chưa?', '26315', 'lyric', 'nan', FALSE, NULL, NOW(), NOW()),
('d753a6b8-90d6-41ae-bde1-f63c0f70dbc0', '7bac78f6-2d5c-4ef4-9612-6f48f5b754a3', 'Đã 4 năm trôi qua kể từ ngày phát hành album Hoàng', '23787', 'lyric', 'nan', FALSE, NULL, NOW(), NOW()),
('0277e312-bdd0-4a8a-a606-c80d24044c63', '7bac78f6-2d5c-4ef4-9612-6f48f5b754a3', 'Bật mí các ca khúc trong Vietnamese concert', '27664', 'lyric', 'nan', FALSE, NULL, NOW(), NOW()),
('a6bcb913-2a6f-48b1-9569-88607df94c5f', 'd9c41b02-41bb-45c5-9309-bf2df114c3bb', 'CHẤT ÊM. MY GAME', '217619', 'lyric', 'nan', FALSE, NULL, NOW(), NOW()),
('d39758fd-8721-4ca7-bfc2-f5ad7b3d29d3', '78fe8955-03f0-4028-9d89-3674cd18cc68', 'Đợi Chờ Đừng Cáu', '168837', 'lyric', 'nan', FALSE, NULL, NOW(), NOW()),
('366e1c9e-a566-4c6a-a48b-44eb14cf3643', 'daae507a-1d5a-4d14-8f4d-8643ac107956', 'Kiềng 3 Chân', '196363', 'lyric', 'nan', FALSE, NULL, NOW(), NOW()),
('bc9451e0-0d2d-4615-a9d0-076094cfba9c', '26211a58-f252-4f31-8ed4-5ee950182011', 'Đánh Đố (feat. Thanh Lam & Tùng Dương)', '268235', 'lyric', 'nan', FALSE, NULL, NOW(), NOW()),
('fa006f63-5e91-42c6-be81-8d273d46c67e', '7f8caae5-ff68-4300-82e7-31096546e18a', 'Đánh Đố - Teaser', '38823', 'lyric', 'nan', FALSE, NULL, NOW(), NOW()),
('b977643f-ca59-4f3b-8e8d-a09275a3cdb3', '90652acb-6c79-434d-a54a-fbc789dbfc77', 'See Tình - Speed Up Version', '142105', 'lyric', 'nan', FALSE, NULL, NOW(), NOW()),
('dfc4993b-0567-4d1b-98f4-c1d9ae3029d0', '5bcb2e62-4d8f-41b0-9c89-0432aff10395', 'See Tình - Cukak Remix', '170158', 'lyric', 'nan', FALSE, NULL, NOW(), NOW()),
('17b9e331-8675-4bb1-b532-1e6169b41d8a', 'df07f4ff-8dd2-4dc8-9c6d-82c43957e5f7', 'Việt Nam Hết Mình', '210768', 'lyric', 'nan', FALSE, NULL, NOW(), NOW()),
('b68ce4a5-42fc-4357-9db9-f11e26cfe8e5', '0f0b814f-f8b9-4a75-a895-154065a1fb64', 'See Tình', '185002', 'lyric', 'nan', FALSE, NULL, NOW(), NOW()),
('76637c02-87a3-4e86-847a-8e7b8c2ff26f', '31ed2dc8-164a-4890-b1c2-1fa5169f7588', 'Gieo Quẻ - Dance Performance', '196842', 'lyric', 'nan', FALSE, NULL, NOW(), NOW()),
('6a876870-cb9c-4290-a212-87508c1cc933', '7e5446f4-3d73-4796-8763-85a62d26032e', 'Gieo Quẻ (feat. Đen)', '198947', 'lyric', 'nan', FALSE, NULL, NOW(), NOW()),
('2b056511-27b8-4a77-9f96-e5fdb8d63e1a', '02a658d8-8326-4378-9554-4161a629ab46', 'LK Để Mị Nói Cho Mà Nghe, Duyên Âm - Live At Tết Tân Thời', '282960', 'lyric', 'nan', FALSE, NULL, NOW(), NOW()),
('66eaf006-36a9-4aca-988d-c0c6b907b6f1', '1144dea8-6d94-4589-9ccb-ac826a2f1aab', 'Kẻ Cắp Gặp Bà Già - Live At Tết Tân Thời', '225560', 'lyric', 'nan', FALSE, NULL, NOW(), NOW()),
('06f608a1-8325-4f38-b7b3-1e7266774a17', '5f4f484a-1233-4add-b0a1-278922f56308', 'Kẻ Cắp Gặp Bà Già - Live At Tết Tân Thời', '225560', 'lyric', 'nan', FALSE, NULL, NOW(), NOW()),
('9ad6845c-b2dd-45d3-b230-9b628de15700', '66695e88-403c-42c2-816b-031a4b4e8cf1', 'Cánh Cửa Diệu Kỳ', '226813', 'lyric', 'nan', FALSE, NULL, NOW(), NOW()),
('f7909380-65cb-4fc0-bbb9-01beada3fe19', 'fbe55114-a514-46b0-a469-0b23948c12c8', 'Khi Tình Yêu Đủ Lớn (feat. Rtee)', '263323', 'lyric', 'nan', FALSE, NULL, NOW(), NOW()),
('8b85965d-9d4e-4555-b510-59fbad9a7089', '5670d178-63d5-4005-aafc-fc5c81aa5511', 'Việt Nam Tử Tế', '211380', 'lyric', 'nan', FALSE, NULL, NOW(), NOW()),
('a0aea86c-99b0-4701-b354-a1c5b7d82609', '5670d178-63d5-4005-aafc-fc5c81aa5511', 'Việt Nam Tử Tế - Instrumental', '211380', 'lyric', 'nan', FALSE, NULL, NOW(), NOW()),
('c7181f63-84ea-4a3b-92d2-6a234e0af5a8', '9a35b3b1-5987-4bfd-97ce-190a3f29a08f', 'Làm Gì Phải Hốt', '189296', 'lyric', 'https://audiomelodies.nyc3.digitaloceanspaces.com/LOC/HoangThuyLinh/LamGiPhaiHot/LamGiPhaiHot.m4a', FALSE, NULL, NOW(), NOW()),
('90babf09-f30f-4350-a5a5-3c6df6940ebd', '67678f86-8052-4aad-b5ae-7221d83ee44e', 'Tứ Phủ', '264566', 'lyric', 'https://audiomelodies.nyc3.digitaloceanspaces.com/LOC/HoangThuyLinh/TuPhu/TuPhu.m4a', FALSE, NULL, NOW(), NOW()),
('6d142eea-9255-4985-b24f-005b7d628403', '21bc5cd7-6086-4165-9cd0-4b0cc5aec669', 'Để Mị Nói Cho Mà Nghe', '193877', 'lyric', 'https://audiomelodies.nyc3.digitaloceanspaces.com/LOC/HoangThuyLinh/Hoang/DeMiNoiChoMaNghe.m4a', FALSE, NULL, NOW(), NOW()),
('6181bec1-e09e-4719-84d5-a1ca2a91e30f', 'c31d1af2-b3dc-4091-994f-801747d0ebc2', 'Fall In Love (feat. Kimmese)', '306363', 'lyric', 'https://audiomelodies.nyc3.digitaloceanspaces.com/LOC/HoangThuyLinh/FallInLove/FallInLovefeatKimmese.m4a', FALSE, NULL, NOW(), NOW()),
('2a06ed70-0d3e-4b1d-bf16-fa9e82f62911', 'c31d1af2-b3dc-4091-994f-801747d0ebc2', 'Fall In Love (feat. Kimmese) - Chill Version', '234146', 'lyric', 'https://audiomelodies.nyc3.digitaloceanspaces.com/LOC/HoangThuyLinh/FallInLove/FallInLovefeatKimmeseChillVersion.m4a', FALSE, NULL, NOW(), NOW()),
('84fbdc2a-1461-4986-92c5-c8cea6a101c3', '0b3c9e3d-2048-4760-892d-36f3bbea62c4', 'Fall In Love', '226285', 'lyric', 'https://audiomelodies.nyc3.digitaloceanspaces.com/LOC/HoangThuyLinh/FallInLove/FallInLove.m4a', FALSE, NULL, NOW(), NOW()),
('74a17c85-7506-4c68-8e4a-eb8e79dc0e0c', 'cbc5f965-eb07-44ab-934e-c6180aa8bdec', 'I''m Gonna Break', '265225', 'lyric', 'https://audiomelodies.nyc3.digitaloceanspaces.com/LOC/HoangThuyLinh/SIX/ImGonnaBreak.m4a', FALSE, NULL, NOW(), NOW()),
('6a27deac-df59-4bcc-87a1-a3a41aa3b84f', 'cbc5f965-eb07-44ab-934e-c6180aa8bdec', 'High', '272000', 'lyric', 'https://audiomelodies.nyc3.digitaloceanspaces.com/LOC/HoangThuyLinh/EP2013/High.m4a', FALSE, NULL, NOW(), NOW()),
('e6df4a76-ec80-47c0-9f70-298ba797325b', 'cbc5f965-eb07-44ab-934e-c6180aa8bdec', 'Bánh Trôi Nước', '267000', 'lyric', 'https://audiomelodies.nyc3.digitaloceanspaces.com/LOC/HoangThuyLinh/SIX/BanhTroiNuoc.m4a', FALSE, NULL, NOW(), NOW()),
('e978b19f-5794-4616-b9ba-acae2849c34a', 'cbc5f965-eb07-44ab-934e-c6180aa8bdec', 'London Bridge', '256000', 'lyric', 'https://audiomelodies.nyc3.digitaloceanspaces.com/LOC/HoangThuyLinh/SIX/LondonBridge.m4a', FALSE, NULL, NOW(), NOW()),
('ea83827a-5cce-4a1e-8acf-45fd23a6115a', '530cdb18-523d-4704-a64d-0a94d6d6786e', 'Just You (feat. Wowy)', '208000', 'lyric', 'https://audiomelodies.nyc3.digitaloceanspaces.com/LOC/HoangThuyLinh/JustYou/JustYoufeatWowy.m4a', FALSE, NULL, NOW(), NOW()),
('31a056f9-9f8b-4185-96d7-d969a81a6ef6', '530cdb18-523d-4704-a64d-0a94d6d6786e', 'Just You (feat. I.A.MY)', '209000', 'lyric', 'https://audiomelodies.nyc3.digitaloceanspaces.com/LOC/HoangThuyLinh/JustYou/JustYoufeatIAMY.m4a', FALSE, NULL, NOW(), NOW()),
('23c036d0-ca36-46d9-a8fb-6d1c194555f0', '530cdb18-523d-4704-a64d-0a94d6d6786e', 'High', '272000', 'lyric', 'https://audiomelodies.nyc3.digitaloceanspaces.com/LOC/HoangThuyLinh/JustYou/High.m4a', FALSE, NULL, NOW(), NOW()),
('79cd58b9-a389-4e12-94bb-c2698f3de26c', '1bfe4e2e-70d8-4f84-9f9b-b0ac455c5792', 'Rơi - 2014 Dance Version', '245500', 'lyric', 'https://audiomelodies.nyc3.digitaloceanspaces.com/LOC/HoangThuyLinh/Roi2014DanceVersion/Roi2014DanceVersion.m4a', FALSE, NULL, NOW(), NOW()),
('029eb1ca-16e4-4e7d-bac9-d829ea2f8c02', '3a103091-c102-40f5-b8d0-d663f8244f9c', 'Crazy - TLVR RMX', '215000', 'lyric', 'https://audiomelodies.nyc3.digitaloceanspaces.com/LOC/HoangThuyLinh/EP2013/CrazyTLVRRMX.m4a', FALSE, NULL, NOW(), NOW()),
('abf580e3-27e9-4652-9a55-856dff9d7f98', '3a103091-c102-40f5-b8d0-d663f8244f9c', 'Last Time', '231000', 'lyric', 'https://audiomelodies.nyc3.digitaloceanspaces.com/LOC/HoangThuyLinh/EP2013/LastTime.m4a', FALSE, NULL, NOW(), NOW()),
('37c55dee-42e6-439c-a51f-583cdeb1dc36', '3a103091-c102-40f5-b8d0-d663f8244f9c', 'High', '272000', 'lyric', 'https://audiomelodies.nyc3.digitaloceanspaces.com/LOC/HoangThuyLinh/SIX/High.m4a', FALSE, NULL, NOW(), NOW()),
('3a6a121b-5e2e-4d27-911e-0656de7eca26', '7c5dabe3-da71-4e0d-8903-1a217d94fb0f', 'Rơi', '232013', 'lyric', 'https://audiomelodies.nyc3.digitaloceanspaces.com/LOC/HoangThuyLinh/MiniAlbum2012/Roi.m4a', FALSE, NULL, NOW(), NOW()),
('dd214db0-7718-4208-b5d3-a5a4fe8ffc3e', '7c5dabe3-da71-4e0d-8903-1a217d94fb0f', 'Hờn Dỗi', '203266', 'lyric', 'https://audiomelodies.nyc3.digitaloceanspaces.com/LOC/HoangThuyLinh/HonDoi/HonDoi.m4a', FALSE, NULL, NOW(), NOW()),
('d8e4979b-0d86-4e40-bfc9-f5acff16b3a9', '7c5dabe3-da71-4e0d-8903-1a217d94fb0f', 'Tiếng Đêm', '232213', 'lyric', 'https://audiomelodies.nyc3.digitaloceanspaces.com/LOC/HoangThuyLinh/MiniAlbum2012/TiengDem.m4a', FALSE, NULL, NOW(), NOW()),
('7ed9ba29-1803-4324-b3ed-82dd287d42e2', '7c5dabe3-da71-4e0d-8903-1a217d94fb0f', 'Hãy Cứ Đón Lấy', '207653', 'lyric', 'https://audiomelodies.nyc3.digitaloceanspaces.com/LOC/HoangThuyLinh/MiniAlbum2012/HayCuDonLay.m4a', FALSE, NULL, NOW(), NOW()),
('7908e358-6828-477e-bb51-87b2b522c180', '7c5dabe3-da71-4e0d-8903-1a217d94fb0f', 'Yêu Anh', '241746', 'lyric', 'https://audiomelodies.nyc3.digitaloceanspaces.com/LOC/HoangThuyLinh/TheBalladHit/YeuAnh.m4a', FALSE, NULL, NOW(), NOW()),
('15841514-35e0-4211-a1c9-8a3f37b3b781', '9a88ca01-af66-4ed4-ae7c-80b294623525', 'Tiếng Đêm', '232213', 'lyric', 'https://audiomelodies.nyc3.digitaloceanspaces.com/LOC/HoangThuyLinh/TiengemHayCuonLay/TiengDem.m4a', FALSE, NULL, NOW(), NOW()),
('752599d9-90c4-49ab-b341-898bdef6e8aa', '9a88ca01-af66-4ed4-ae7c-80b294623525', 'Hãy Cứ Đón Lấy', '207653', 'lyric', 'https://audiomelodies.nyc3.digitaloceanspaces.com/LOC/HoangThuyLinh/TiengemHayCuonLay/HayCuDonLay.m4a', FALSE, NULL, NOW(), NOW()),
('db67368b-7a1b-4c14-a37d-4a47c143ba0c', 'e7381ee1-c5fa-4ea4-b158-2ccada0a16e3', 'Hờn Dỗi', '203337', 'lyric', 'https://audiomelodies.nyc3.digitaloceanspaces.com/LOC/HoangThuyLinh/MiniAlbum2012/HonDoi.m4a', FALSE, NULL, NOW(), NOW());



INSERT INTO "ArtistSong" ("songId", "artistId", "main", "createdAt", "updatedAt") VALUES
('4a9b8140-92c7-4e18-9365-7871caaadaf6', 'fe1dcf07-e60c-41ea-a0be-26e31cbec9c3', TRUE, NOW(), NOW()),
('a8b07d8a-1d0b-4918-9b18-ef3dcdbaaf97',  'fe1dcf07-e60c-41ea-a0be-26e31cbec9c3', TRUE, NOW(), NOW()),
('d6b7d944-b1d3-47c3-839a-51245f3caa35',  'fe1dcf07-e60c-41ea-a0be-26e31cbec9c3', TRUE, NOW(), NOW()),
('ceec6270-8de1-4cc6-a739-71597890755c', 'fe1dcf07-e60c-41ea-a0be-26e31cbec9c3', TRUE, NOW(), NOW()),
('52060115-f70b-4162-b8ae-1f6f91a6c9a8', 'fe1dcf07-e60c-41ea-a0be-26e31cbec9c3', TRUE, NOW(), NOW()),
('e41cf298-7505-4bc0-981e-89a950d67d2f',  'fe1dcf07-e60c-41ea-a0be-26e31cbec9c3', TRUE, NOW(), NOW()),
('6f57ee86-f9c7-429c-9c32-f87aa9961ead',  'fe1dcf07-e60c-41ea-a0be-26e31cbec9c3', TRUE, NOW(), NOW()),
('08f01a8a-a27a-456a-b387-fd460e4a66cf', 'fe1dcf07-e60c-41ea-a0be-26e31cbec9c3', TRUE, NOW(), NOW()),
('08f01a8a-a27a-456a-b387-fd460e4a66cf', '56e2afe1-0bbd-4919-9e98-976b40e4d914', FALSE, NOW(), NOW()),
('08f01a8a-a27a-456a-b387-fd460e4a66cf', '3e87aeca-e45d-4af7-9525-b5e75187f0da', FALSE, NOW(), NOW()),
('f9c9b2b6-1b61-4d86-b4ca-805c800fb1dd',  'fe1dcf07-e60c-41ea-a0be-26e31cbec9c3', TRUE, NOW(), NOW()),
('7b83abed-7574-4406-b6d6-23538ee00484',  'fe1dcf07-e60c-41ea-a0be-26e31cbec9c3', TRUE, NOW(), NOW()),
('3424fc89-2c77-46fb-9be6-cd8d9919580e',  'fe1dcf07-e60c-41ea-a0be-26e31cbec9c3', TRUE, NOW(), NOW()),
('c29d0280-6da9-499c-8187-602598205083',  'fe1dcf07-e60c-41ea-a0be-26e31cbec9c3', TRUE, NOW(), NOW()),
('ee91e983-4600-421f-b159-ade9d4363e42',  'fe1dcf07-e60c-41ea-a0be-26e31cbec9c3', TRUE, NOW(), NOW()),
('70a21ed8-4112-4834-b22f-2aca48133422',  'fe1dcf07-e60c-41ea-a0be-26e31cbec9c3', TRUE, NOW(), NOW()),
('3a540af9-cfab-4b3a-8616-2cf74c5b94fc',  'fe1dcf07-e60c-41ea-a0be-26e31cbec9c3', TRUE, NOW(), NOW()),
('504fcf1d-bcc9-4909-b569-d2f2ce9fb575',  'fe1dcf07-e60c-41ea-a0be-26e31cbec9c3', TRUE, NOW(), NOW()),
('667e6fdc-0b47-4219-9a01-4bb18457bdc6', 'fe1dcf07-e60c-41ea-a0be-26e31cbec9c3', TRUE, NOW(), NOW()),
('667e6fdc-0b47-4219-9a01-4bb18457bdc6', '873802e5-db71-44fc-bf0f-467681865852', FALSE, NOW(), NOW()),
('a9349a05-1376-48b1-ba8a-4f504ba734fc',  'fe1dcf07-e60c-41ea-a0be-26e31cbec9c3', TRUE, NOW(), NOW()),
('aa0127b7-0ee8-4512-af63-6e2a1c073852',  'fe1dcf07-e60c-41ea-a0be-26e31cbec9c3', TRUE, NOW(), NOW()),
('86736036-780e-471f-bc3f-67452bef4158',  'fe1dcf07-e60c-41ea-a0be-26e31cbec9c3', TRUE, NOW(), NOW()),
('e17fb793-576a-4fa9-a1d6-c14116364017',  'fe1dcf07-e60c-41ea-a0be-26e31cbec9c3', TRUE, NOW(), NOW()),
('be4e8335-a33b-4f93-b40e-1a4885ca714d',  'fe1dcf07-e60c-41ea-a0be-26e31cbec9c3', TRUE, NOW(), NOW()),
('cfeb0b87-edbf-47b8-8bba-cde35051361b',  'fe1dcf07-e60c-41ea-a0be-26e31cbec9c3', TRUE, NOW(), NOW()),
('75bd4f40-d8e8-44ef-aa3b-04a4aa083298',  'fe1dcf07-e60c-41ea-a0be-26e31cbec9c3', TRUE, NOW(), NOW()),
('1e8b2e04-7a95-47da-9ffe-5ac8d1a5cc7d',  'fe1dcf07-e60c-41ea-a0be-26e31cbec9c3', TRUE, NOW(), NOW()),
('9a9ea3d6-0c7c-4ecf-84ff-2fb323c394f1',  'fe1dcf07-e60c-41ea-a0be-26e31cbec9c3', TRUE, NOW(), NOW()),
('54059a83-4f48-454a-ba62-aa2557d576c3',  'fe1dcf07-e60c-41ea-a0be-26e31cbec9c3', TRUE, NOW(), NOW()),
('1693bbc1-1b80-4ab4-92e7-ec021ea56b24',  'fe1dcf07-e60c-41ea-a0be-26e31cbec9c3', TRUE, NOW(), NOW()),
('e203c65a-0e4d-4dcf-b23a-72ab18dcc386',  'fe1dcf07-e60c-41ea-a0be-26e31cbec9c3', TRUE, NOW(), NOW()),
('a577d317-9f84-4477-9e82-eb396ed171fd',  'fe1dcf07-e60c-41ea-a0be-26e31cbec9c3', TRUE, NOW(), NOW()),
('b392d069-8064-46d9-8c6e-bb0735ad1218',  'fe1dcf07-e60c-41ea-a0be-26e31cbec9c3', TRUE, NOW(), NOW()),
('c40a989d-fe38-4e6d-a3ff-98ded8b7f9f6',  'fe1dcf07-e60c-41ea-a0be-26e31cbec9c3', TRUE, NOW(), NOW()),
('1d919abc-59c5-4f36-9435-9f76a98dd43c',  'fe1dcf07-e60c-41ea-a0be-26e31cbec9c3', TRUE, NOW(), NOW()),
('faa61f7c-6ed5-407f-94cf-ee9d5fd71a4c',  'fe1dcf07-e60c-41ea-a0be-26e31cbec9c3', TRUE, NOW(), NOW()),
('bcd26bfe-b36b-49f3-a3d0-10b4eb13a87a',  'fe1dcf07-e60c-41ea-a0be-26e31cbec9c3', TRUE, NOW(), NOW()),
('f0f12d86-5cbf-4435-a5fc-5c89df50374f',  'fe1dcf07-e60c-41ea-a0be-26e31cbec9c3', TRUE, NOW(), NOW()),
('26e913d2-1942-4959-b7a2-c6da0ea920db',  'fe1dcf07-e60c-41ea-a0be-26e31cbec9c3', TRUE, NOW(), NOW()),
('f0391eac-7d58-4ae4-9b17-2b98a59dc006',  'fe1dcf07-e60c-41ea-a0be-26e31cbec9c3', TRUE, NOW(), NOW()),
('37f867ea-2e57-4959-97bb-4279de11cb8f',  'fe1dcf07-e60c-41ea-a0be-26e31cbec9c3', TRUE, NOW(), NOW()),
('248af19f-980b-4d58-bab4-7a4957dca430',  'fe1dcf07-e60c-41ea-a0be-26e31cbec9c3', TRUE, NOW(), NOW()),
('4d4bdd4c-ca60-4776-9e4e-fd19a03b2c9e',  'fe1dcf07-e60c-41ea-a0be-26e31cbec9c3', TRUE, NOW(), NOW()),
('82161201-af4e-425f-babf-e9f235c8847a',  'fe1dcf07-e60c-41ea-a0be-26e31cbec9c3', TRUE, NOW(), NOW()),
('fc7a27ef-ecd4-4b13-91d8-fe7af00657cf',  'fe1dcf07-e60c-41ea-a0be-26e31cbec9c3', TRUE, NOW(), NOW()),
('f91a8d74-ce60-4884-a80c-0093bfbb3041',  'fe1dcf07-e60c-41ea-a0be-26e31cbec9c3', TRUE, NOW(), NOW()),
('aebad603-ca90-496b-ba44-b523bc750310',  'fe1dcf07-e60c-41ea-a0be-26e31cbec9c3', TRUE, NOW(), NOW()),
('bb34a938-50ac-4cf9-be97-d7b7bcd42b0d',  'fe1dcf07-e60c-41ea-a0be-26e31cbec9c3', TRUE, NOW(), NOW()),
('db3a15f3-ce32-4d9d-a5d0-d42aab581e72',  'fe1dcf07-e60c-41ea-a0be-26e31cbec9c3', TRUE, NOW(), NOW()),
('2f3763b7-f3c5-45d7-ba1d-bbfa5cf40bad',  'fe1dcf07-e60c-41ea-a0be-26e31cbec9c3', TRUE, NOW(), NOW()),
('7950124b-39ce-4f52-9bd8-c99d586f749d', 'a69ba993-477b-486b-8810-2e521652e857', FALSE, NOW(), NOW()),
('7950124b-39ce-4f52-9bd8-c99d586f749d', 'fe1dcf07-e60c-41ea-a0be-26e31cbec9c3', FALSE, NOW(), NOW()),
('73522873-5ed3-4144-be3c-bf66519db059', 'fe1dcf07-e60c-41ea-a0be-26e31cbec9c3', TRUE, NOW(), NOW()),
('98a79516-6cc9-4245-8579-a916042e65ca',  'fe1dcf07-e60c-41ea-a0be-26e31cbec9c3', TRUE, NOW(), NOW()),
('bbd81e00-9f33-48fd-8ae1-d347024bcf81',  'fe1dcf07-e60c-41ea-a0be-26e31cbec9c3', TRUE, NOW(), NOW()),
('d753a6b8-90d6-41ae-bde1-f63c0f70dbc0',  'fe1dcf07-e60c-41ea-a0be-26e31cbec9c3', TRUE, NOW(), NOW()),
('0277e312-bdd0-4a8a-a606-c80d24044c63',  'fe1dcf07-e60c-41ea-a0be-26e31cbec9c3', TRUE, NOW(), NOW()),
('a6bcb913-2a6f-48b1-9569-88607df94c5f', 'fe1dcf07-e60c-41ea-a0be-26e31cbec9c3', TRUE, NOW(), NOW()),
('a6bcb913-2a6f-48b1-9569-88607df94c5f', '0357ce27-8508-4273-bfc1-46aef753a9b0', FALSE, NOW(), NOW()),
('a6bcb913-2a6f-48b1-9569-88607df94c5f', '24575546-ef43-4d19-b7f5-c3154d79738f', FALSE, NOW(), NOW()),
('d39758fd-8721-4ca7-bfc2-f5ad7b3d29d3', '6b21b772-6962-4bda-8f7d-53815d522dcb', TRUE, NOW(), NOW()),
('d39758fd-8721-4ca7-bfc2-f5ad7b3d29d3', 'fe1dcf07-e60c-41ea-a0be-26e31cbec9c3', FALSE, NOW(), NOW()),
('366e1c9e-a566-4c6a-a48b-44eb14cf3643', 'fe1dcf07-e60c-41ea-a0be-26e31cbec9c3', TRUE, NOW(), NOW()),
('bc9451e0-0d2d-4615-a9d0-076094cfba9c', 'fe1dcf07-e60c-41ea-a0be-26e31cbec9c3', TRUE, NOW(), NOW()),
('bc9451e0-0d2d-4615-a9d0-076094cfba9c', '56e2afe1-0bbd-4919-9e98-976b40e4d914', FALSE, NOW(), NOW()),
('bc9451e0-0d2d-4615-a9d0-076094cfba9c', '3e87aeca-e45d-4af7-9525-b5e75187f0da', FALSE, NOW(), NOW()),
('fa006f63-5e91-42c6-be81-8d273d46c67e',  'fe1dcf07-e60c-41ea-a0be-26e31cbec9c3', TRUE, NOW(), NOW()),
('b977643f-ca59-4f3b-8e8d-a09275a3cdb3',  'fe1dcf07-e60c-41ea-a0be-26e31cbec9c3', TRUE, NOW(), NOW()),
('dfc4993b-0567-4d1b-98f4-c1d9ae3029d0', 'fe1dcf07-e60c-41ea-a0be-26e31cbec9c3', TRUE, NOW(), NOW()),
('17b9e331-8675-4bb1-b532-1e6169b41d8a', 'fe1dcf07-e60c-41ea-a0be-26e31cbec9c3', FALSE, NOW(), NOW()),
('17b9e331-8675-4bb1-b532-1e6169b41d8a', '5e588d9e-40a5-4f57-a6ec-e4f424e8c9a6', FALSE, NOW(), NOW()),
('b68ce4a5-42fc-4357-9db9-f11e26cfe8e5',  'fe1dcf07-e60c-41ea-a0be-26e31cbec9c3', TRUE, NOW(), NOW()),
('76637c02-87a3-4e86-847a-8e7b8c2ff26f',  'fe1dcf07-e60c-41ea-a0be-26e31cbec9c3', TRUE, NOW(), NOW()),
('6a876870-cb9c-4290-a212-87508c1cc933', 'fe1dcf07-e60c-41ea-a0be-26e31cbec9c3', TRUE, NOW(), NOW()),
('2b056511-27b8-4a77-9f96-e5fdb8d63e1a',  'fe1dcf07-e60c-41ea-a0be-26e31cbec9c3', TRUE, NOW(), NOW()),
('66eaf006-36a9-4aca-988d-c0c6b907b6f1',  'fe1dcf07-e60c-41ea-a0be-26e31cbec9c3', TRUE, NOW(), NOW()),
('06f608a1-8325-4f38-b7b3-1e7266774a17',  'fe1dcf07-e60c-41ea-a0be-26e31cbec9c3', TRUE, NOW(), NOW()),
('9ad6845c-b2dd-45d3-b230-9b628de15700', 'fe1dcf07-e60c-41ea-a0be-26e31cbec9c3', TRUE, NOW(), NOW()),
('9ad6845c-b2dd-45d3-b230-9b628de15700', 'c3b0822e-18ba-4449-b8d5-929ef71837b4', FALSE, NOW(), NOW()),
('9ad6845c-b2dd-45d3-b230-9b628de15700', '04ff1e73-3646-428a-ac58-c8b04b74a102', FALSE, NOW(), NOW()),
('f7909380-65cb-4fc0-bbb9-01beada3fe19', '8a867a0b-6d9c-440e-a7ab-d65db22c6d7d', TRUE, NOW(), NOW()),
('f7909380-65cb-4fc0-bbb9-01beada3fe19', 'fe1dcf07-e60c-41ea-a0be-26e31cbec9c3', FALSE, NOW(), NOW()),
('8b85965d-9d4e-4555-b510-59fbad9a7089', '4384e890-1e87-4318-af4d-4c0d59408462', TRUE, NOW(), NOW()),
('8b85965d-9d4e-4555-b510-59fbad9a7089', 'd652efe8-eeac-46cd-8ee9-12d413d97562', FALSE, NOW(), NOW()),
('8b85965d-9d4e-4555-b510-59fbad9a7089', 'fe1dcf07-e60c-41ea-a0be-26e31cbec9c3', FALSE, NOW(), NOW()),
('a0aea86c-99b0-4701-b354-a1c5b7d82609', '4384e890-1e87-4318-af4d-4c0d59408462', TRUE, NOW(), NOW()),
('a0aea86c-99b0-4701-b354-a1c5b7d82609', 'd652efe8-eeac-46cd-8ee9-12d413d97562', FALSE, NOW(), NOW()),
('a0aea86c-99b0-4701-b354-a1c5b7d82609', 'fe1dcf07-e60c-41ea-a0be-26e31cbec9c3', FALSE, NOW(), NOW()),
('c7181f63-84ea-4a3b-92d2-6a234e0af5a8', 'fe1dcf07-e60c-41ea-a0be-26e31cbec9c3', TRUE, NOW(), NOW()),
('c7181f63-84ea-4a3b-92d2-6a234e0af5a8', '14e20ee9-b5f9-42e6-95b1-b9730b58d957', FALSE, NOW(), NOW()),
('90babf09-f30f-4350-a5a5-3c6df6940ebd',  'fe1dcf07-e60c-41ea-a0be-26e31cbec9c3', TRUE, NOW(), NOW()),
('6d142eea-9255-4985-b24f-005b7d628403',  'fe1dcf07-e60c-41ea-a0be-26e31cbec9c3', TRUE, NOW(), NOW()),
('6181bec1-e09e-4719-84d5-a1ca2a91e30f', 'fe1dcf07-e60c-41ea-a0be-26e31cbec9c3', TRUE, NOW(), NOW()),
('2a06ed70-0d3e-4b1d-bf16-fa9e82f62911', 'fe1dcf07-e60c-41ea-a0be-26e31cbec9c3', TRUE, NOW(), NOW()),
('84fbdc2a-1461-4986-92c5-c8cea6a101c3',  'fe1dcf07-e60c-41ea-a0be-26e31cbec9c3', TRUE, NOW(), NOW()),
('74a17c85-7506-4c68-8e4a-eb8e79dc0e0c',  'fe1dcf07-e60c-41ea-a0be-26e31cbec9c3', TRUE, NOW(), NOW()),
('6a27deac-df59-4bcc-87a1-a3a41aa3b84f',  'fe1dcf07-e60c-41ea-a0be-26e31cbec9c3', TRUE, NOW(), NOW()),
('e6df4a76-ec80-47c0-9f70-298ba797325b',  'fe1dcf07-e60c-41ea-a0be-26e31cbec9c3', TRUE, NOW(), NOW()),
('e978b19f-5794-4616-b9ba-acae2849c34a',  'fe1dcf07-e60c-41ea-a0be-26e31cbec9c3', TRUE, NOW(), NOW()),
('ea83827a-5cce-4a1e-8acf-45fd23a6115a', 'fe1dcf07-e60c-41ea-a0be-26e31cbec9c3', FALSE, NOW(), NOW()),
('31a056f9-9f8b-4185-96d7-d969a81a6ef6', 'fe1dcf07-e60c-41ea-a0be-26e31cbec9c3', TRUE, NOW(), NOW()),
('23c036d0-ca36-46d9-a8fb-6d1c194555f0',  'fe1dcf07-e60c-41ea-a0be-26e31cbec9c3', TRUE, NOW(), NOW()),
('79cd58b9-a389-4e12-94bb-c2698f3de26c',  'fe1dcf07-e60c-41ea-a0be-26e31cbec9c3', TRUE, NOW(), NOW()),
('029eb1ca-16e4-4e7d-bac9-d829ea2f8c02',  'fe1dcf07-e60c-41ea-a0be-26e31cbec9c3', TRUE, NOW(), NOW()),
('abf580e3-27e9-4652-9a55-856dff9d7f98',  'fe1dcf07-e60c-41ea-a0be-26e31cbec9c3', TRUE, NOW(), NOW()),
('37c55dee-42e6-439c-a51f-583cdeb1dc36',  'fe1dcf07-e60c-41ea-a0be-26e31cbec9c3', TRUE, NOW(), NOW()),
('3a6a121b-5e2e-4d27-911e-0656de7eca26',  'fe1dcf07-e60c-41ea-a0be-26e31cbec9c3', TRUE, NOW(), NOW()),
('dd214db0-7718-4208-b5d3-a5a4fe8ffc3e',  'fe1dcf07-e60c-41ea-a0be-26e31cbec9c3', TRUE, NOW(), NOW()),
('d8e4979b-0d86-4e40-bfc9-f5acff16b3a9',  'fe1dcf07-e60c-41ea-a0be-26e31cbec9c3', TRUE, NOW(), NOW()),
('7ed9ba29-1803-4324-b3ed-82dd287d42e2',  'fe1dcf07-e60c-41ea-a0be-26e31cbec9c3', TRUE, NOW(), NOW()),
('7908e358-6828-477e-bb51-87b2b522c180',  'fe1dcf07-e60c-41ea-a0be-26e31cbec9c3', TRUE, NOW(), NOW()),
('15841514-35e0-4211-a1c9-8a3f37b3b781',  'fe1dcf07-e60c-41ea-a0be-26e31cbec9c3', TRUE, NOW(), NOW()),
('752599d9-90c4-49ab-b341-898bdef6e8aa',  'fe1dcf07-e60c-41ea-a0be-26e31cbec9c3', TRUE, NOW(), NOW()),
('db67368b-7a1b-4c14-a37d-4a47c143ba0c',  'fe1dcf07-e60c-41ea-a0be-26e31cbec9c3', TRUE, NOW(), NOW());



