INSERT INTO "Album" ("albumId",  "title", "releaseDate", "albumType", "createdAt", "updatedAt") VALUES
('8f25c62c-154c-4520-9fdf-6c26e6d68d88', 'Chế Độ Silent (Remix Version)', '2024-08-27', 'single', NOW(), NOW()),
('97641bef-4fe1-4358-aa9a-21fbac30d71f', 'Chế Độ Silent', '2024-08-20', 'single', NOW(), NOW()),
('4f8be614-5eb7-461d-9b98-2352c37456fc', 'Trào Dâng', '2024-03-14', 'single', NOW(), NOW()),
('ea273268-f7a7-4e8b-9671-adcc938ccd44', 'Say', '2024-03-07', 'single', NOW(), NOW()),
('9ae422f5-0f53-46ec-9207-b1056c01dbb2', 'Chỉ Có Em (2024 Version)', '2024-02-07', 'single', NOW(), NOW()),
('9c793615-b5cb-45f8-a3b5-3428d48572bc', 'Tình Yêu Giấu Kín', '2023-11-23', 'single', NOW(), NOW()),
('9323d463-9fbd-4ecb-bf32-c3ddbae22bb1', 'Can't Believe', '2023-11-04', 'single', NOW(), NOW()),
('f52a1dfc-b9d2-4dda-96f7-cc683e27ef23', 'Từng Lời Anh Chôn Dấu', '2023-10-26', 'single', NOW(), NOW()),
('559d0f2d-1db4-499a-8c0c-9f95fd5edb85', 'emconnho ... ???', '2023-08-29', 'ep', NOW(), NOW()),
('10874658-dda3-4c76-96a3-62b861217c85', 'Hè Sang', '2023-06-01', 'single', NOW(), NOW()),
('948a8f02-f788-4e78-8859-f060f5e16eff', 'Vì Em Là Cả Thế Giới', '2023-03-31', 'single', NOW(), NOW()),
('941209c3-c0c4-46a4-a7ea-9d19683148d7', 'Từ Bao Đêm Dài (AKTNTE)', '2022-09-08', 'single', NOW(), NOW()),
('351fe744-1849-4eac-bdb4-29cf8c07566e', 'Tình Yêu Ngủ Quên (Darrys. Remix)', '2022-08-15', 'single', NOW(), NOW()),
('bd397735-9f7a-41a4-a48d-d48ebec64f0d', 'Vệ Tinh', '2022-08-11', 'single', NOW(), NOW()),
('dae0477c-fd99-4e57-b3b7-71be86bc4669', 'CHIM SAU', '2022-08-06', 'ep', NOW(), NOW()),
('068b490d-1ebf-4fae-a451-2676283319a0', 'Tình Yêu Ngủ Quên (R&B Remix)', '2022-06-15', 'single', NOW(), NOW()),
('13330a25-0920-4786-82dc-27f5318b8e6f', 'Không Cần Phải Nói Nhiều', '2022-05-10', 'single', NOW(), NOW()),
('2befe6ca-b9a6-4f4c-b36c-c99e8273eb5a', 'Quan Tâm Em Mỗi Ngày', '2022-04-20', 'single', NOW(), NOW()),
('661284d6-4ee2-4000-97c9-f71b2b26eb38', 'Dinner Time', '2021-11-23', 'ep', NOW(), NOW()),
('6613256a-8fc3-4dfe-af93-1042620875be', 'Tình Yêu Ngủ Quên (HuyTran Remix)', '2021-11-17', 'single', NOW(), NOW()),
('324a3de8-93bf-4c63-8c0b-1bf239b27393', 'Tình Yêu Ngủ Quên (Lofi)', '2021-11-14', 'single', NOW(), NOW()),
('4415c364-9e46-4a4c-a1fe-276ff6d3fdb4', 'Tình Yêu Ngủ Quên', '2021-06-12', 'single', NOW(), NOW()),
('c6f0252e-7eb3-47d9-a691-a37fed33d8eb', 'Tình Yêu Ngủ Quên (Chill Version)', '2021-06-09', 'single', NOW(), NOW()),
('272c8a57-4599-4e97-96dd-d574f685544f', 'Một Ngày Em Sẽ', '2021-06-01', 'single', NOW(), NOW()),
('7fb6e628-2f03-4440-8e1e-63992e8ba24f', 'Em Không Quay Về', '2021-05-01', 'ep', NOW(), NOW()),
('57ddaa11-2275-480a-a1d8-be2177f2cbd5', 'Em Còn Nhớ Anh Không (Remastered)', '2021-04-26', 'single', NOW(), NOW()),
('bb74b3a1-5497-4eaa-ba8e-796df74c7abf', 'Sex You Up', '2021-02-14', 'single', NOW(), NOW()),
('cac22349-7cb7-4a3e-b2a6-e283b7383380', 'Nước Hoa', '2021-01-21', 'single', NOW(), NOW()),
('9072c363-2e3a-4d62-b19f-a1f2f462a658', 'Mắt Xanh', '2020-08-18', 'ep', NOW(), NOW()),
('1c63e380-c843-44f3-8592-97dbf02a20a6', 'Xuân Nghỉ Ngơi', '2020-01-01', 'single', NOW(), NOW()),
('31c1fc1b-d832-4cf0-9f89-505653e20c4d', 'I Love You So Much', '2019-11-15', 'single', NOW(), NOW()),
('4de56069-f416-4730-93fb-585c0c6b9c10', 'What's Your Name?', '2019-05-28', 'single', NOW(), NOW()),
('266656c7-0ffa-437f-9cd8-1f8c32392022', 'Yêu Em Rất Nhiều', '2017-09-22', 'single', NOW(), NOW()),
('e1f3a9aa-5349-453e-8aae-9f1eac4d5003', 'Mình Yêu Nhau Bao Lâu', '2014-01-01', 'single', NOW(), NOW()),
('8542ece1-ffa5-494d-b6da-7df0efc010b3', 'Chút Nắng Chút Mưa', '2014-01-01', 'ep', NOW(), NOW());



INSERT INTO "AlbumImage" ("albumId", "image", "size", "createdAt", "updatedAt") VALUES
('8f25c62c-154c-4520-9fdf-6c26e6d68d88', '6sC4xU6lFhh4jdF6sg3Bjg', 'https://i.scdn.co/image/ab67616d0000b27370098d42c24960270166ce2c', '640', NOW(), NOW()),
('8f25c62c-154c-4520-9fdf-6c26e6d68d88', '6sC4xU6lFhh4jdF6sg3Bjg', 'https://i.scdn.co/image/ab67616d00001e0270098d42c24960270166ce2c', '300', NOW(), NOW()),
('8f25c62c-154c-4520-9fdf-6c26e6d68d88', '6sC4xU6lFhh4jdF6sg3Bjg', 'https://i.scdn.co/image/ab67616d0000485170098d42c24960270166ce2c', '64', NOW(), NOW()),
('97641bef-4fe1-4358-aa9a-21fbac30d71f', '5oNa124VbhXcA6sYURsQge', 'https://i.scdn.co/image/ab67616d0000b273264793bf88bed7c9098a200e', '640', NOW(), NOW()),
('97641bef-4fe1-4358-aa9a-21fbac30d71f', '5oNa124VbhXcA6sYURsQge', 'https://i.scdn.co/image/ab67616d00001e02264793bf88bed7c9098a200e', '300', NOW(), NOW()),
('97641bef-4fe1-4358-aa9a-21fbac30d71f', '5oNa124VbhXcA6sYURsQge', 'https://i.scdn.co/image/ab67616d00004851264793bf88bed7c9098a200e', '64', NOW(), NOW()),
('4f8be614-5eb7-461d-9b98-2352c37456fc', '6cSM84fOc4oassWf7VwEUE', 'https://i.scdn.co/image/ab67616d0000b273f7acd633c99f69b36487f325', '640', NOW(), NOW()),
('4f8be614-5eb7-461d-9b98-2352c37456fc', '6cSM84fOc4oassWf7VwEUE', 'https://i.scdn.co/image/ab67616d00001e02f7acd633c99f69b36487f325', '300', NOW(), NOW()),
('4f8be614-5eb7-461d-9b98-2352c37456fc', '6cSM84fOc4oassWf7VwEUE', 'https://i.scdn.co/image/ab67616d00004851f7acd633c99f69b36487f325', '64', NOW(), NOW()),
('ea273268-f7a7-4e8b-9671-adcc938ccd44', '3upnYyRpdA67upuOBDwRrj', 'https://i.scdn.co/image/ab67616d0000b273cd8edcbfe2d7a92af129df9a', '640', NOW(), NOW()),
('ea273268-f7a7-4e8b-9671-adcc938ccd44', '3upnYyRpdA67upuOBDwRrj', 'https://i.scdn.co/image/ab67616d00001e02cd8edcbfe2d7a92af129df9a', '300', NOW(), NOW()),
('ea273268-f7a7-4e8b-9671-adcc938ccd44', '3upnYyRpdA67upuOBDwRrj', 'https://i.scdn.co/image/ab67616d00004851cd8edcbfe2d7a92af129df9a', '64', NOW(), NOW()),
('9ae422f5-0f53-46ec-9207-b1056c01dbb2', '17DuZpMqgrUq62dbt4BmCA', 'https://i.scdn.co/image/ab67616d0000b27308f667c461d28010a2105548', '640', NOW(), NOW()),
('9ae422f5-0f53-46ec-9207-b1056c01dbb2', '17DuZpMqgrUq62dbt4BmCA', 'https://i.scdn.co/image/ab67616d00001e0208f667c461d28010a2105548', '300', NOW(), NOW()),
('9ae422f5-0f53-46ec-9207-b1056c01dbb2', '17DuZpMqgrUq62dbt4BmCA', 'https://i.scdn.co/image/ab67616d0000485108f667c461d28010a2105548', '64', NOW(), NOW()),
('9c793615-b5cb-45f8-a3b5-3428d48572bc', '1Oik9j3NqKun70mL5Hz15P', 'https://i.scdn.co/image/ab67616d0000b2730a70b691689eced1a927129c', '640', NOW(), NOW()),
('9c793615-b5cb-45f8-a3b5-3428d48572bc', '1Oik9j3NqKun70mL5Hz15P', 'https://i.scdn.co/image/ab67616d00001e020a70b691689eced1a927129c', '300', NOW(), NOW()),
('9c793615-b5cb-45f8-a3b5-3428d48572bc', '1Oik9j3NqKun70mL5Hz15P', 'https://i.scdn.co/image/ab67616d000048510a70b691689eced1a927129c', '64', NOW(), NOW()),
('9323d463-9fbd-4ecb-bf32-c3ddbae22bb1', '1z8WjHlnlfyjTD79sdwwdY', 'https://i.scdn.co/image/ab67616d0000b27389e74c70d03d156be4f0b442', '640', NOW(), NOW()),
('9323d463-9fbd-4ecb-bf32-c3ddbae22bb1', '1z8WjHlnlfyjTD79sdwwdY', 'https://i.scdn.co/image/ab67616d00001e0289e74c70d03d156be4f0b442', '300', NOW(), NOW()),
('9323d463-9fbd-4ecb-bf32-c3ddbae22bb1', '1z8WjHlnlfyjTD79sdwwdY', 'https://i.scdn.co/image/ab67616d0000485189e74c70d03d156be4f0b442', '64', NOW(), NOW()),
('f52a1dfc-b9d2-4dda-96f7-cc683e27ef23', '1wwGWMiFv9hd0TqxRo2nDb', 'https://i.scdn.co/image/ab67616d0000b273ca893ae150e089418e45fd47', '640', NOW(), NOW()),
('f52a1dfc-b9d2-4dda-96f7-cc683e27ef23', '1wwGWMiFv9hd0TqxRo2nDb', 'https://i.scdn.co/image/ab67616d00001e02ca893ae150e089418e45fd47', '300', NOW(), NOW()),
('f52a1dfc-b9d2-4dda-96f7-cc683e27ef23', '1wwGWMiFv9hd0TqxRo2nDb', 'https://i.scdn.co/image/ab67616d00004851ca893ae150e089418e45fd47', '64', NOW(), NOW()),
('559d0f2d-1db4-499a-8c0c-9f95fd5edb85', '3bAlfn6aE7aWtJsv7OE5qv', 'https://i.scdn.co/image/ab67616d0000b2739c335f3220f6067b9dc2da63', '640', NOW(), NOW()),
('559d0f2d-1db4-499a-8c0c-9f95fd5edb85', '3bAlfn6aE7aWtJsv7OE5qv', 'https://i.scdn.co/image/ab67616d00001e029c335f3220f6067b9dc2da63', '300', NOW(), NOW()),
('559d0f2d-1db4-499a-8c0c-9f95fd5edb85', '3bAlfn6aE7aWtJsv7OE5qv', 'https://i.scdn.co/image/ab67616d000048519c335f3220f6067b9dc2da63', '64', NOW(), NOW()),
('10874658-dda3-4c76-96a3-62b861217c85', '53gEeNPEIlgRfvr04vGHet', 'https://i.scdn.co/image/ab67616d0000b273954bd13d0be555dfaac27d23', '640', NOW(), NOW()),
('10874658-dda3-4c76-96a3-62b861217c85', '53gEeNPEIlgRfvr04vGHet', 'https://i.scdn.co/image/ab67616d00001e02954bd13d0be555dfaac27d23', '300', NOW(), NOW()),
('10874658-dda3-4c76-96a3-62b861217c85', '53gEeNPEIlgRfvr04vGHet', 'https://i.scdn.co/image/ab67616d00004851954bd13d0be555dfaac27d23', '64', NOW(), NOW()),
('948a8f02-f788-4e78-8859-f060f5e16eff', '3P7iT4N4FJgJh6sKMLFPG2', 'https://i.scdn.co/image/ab67616d0000b2731fc11ecdc369b70729f9271c', '640', NOW(), NOW()),
('948a8f02-f788-4e78-8859-f060f5e16eff', '3P7iT4N4FJgJh6sKMLFPG2', 'https://i.scdn.co/image/ab67616d00001e021fc11ecdc369b70729f9271c', '300', NOW(), NOW()),
('948a8f02-f788-4e78-8859-f060f5e16eff', '3P7iT4N4FJgJh6sKMLFPG2', 'https://i.scdn.co/image/ab67616d000048511fc11ecdc369b70729f9271c', '64', NOW(), NOW()),
('941209c3-c0c4-46a4-a7ea-9d19683148d7', '0Rz17FhfxbakJaaIXJtw6v', 'https://i.scdn.co/image/ab67616d0000b273d805da99a5c18c6045e9f7a7', '640', NOW(), NOW()),
('941209c3-c0c4-46a4-a7ea-9d19683148d7', '0Rz17FhfxbakJaaIXJtw6v', 'https://i.scdn.co/image/ab67616d00001e02d805da99a5c18c6045e9f7a7', '300', NOW(), NOW()),
('941209c3-c0c4-46a4-a7ea-9d19683148d7', '0Rz17FhfxbakJaaIXJtw6v', 'https://i.scdn.co/image/ab67616d00004851d805da99a5c18c6045e9f7a7', '64', NOW(), NOW()),
('351fe744-1849-4eac-bdb4-29cf8c07566e', '4DnqN2PEJmOp5CktDUA0SZ', 'https://i.scdn.co/image/ab67616d0000b2731f52bf5bdc18ca3b54ab36f4', '640', NOW(), NOW()),
('351fe744-1849-4eac-bdb4-29cf8c07566e', '4DnqN2PEJmOp5CktDUA0SZ', 'https://i.scdn.co/image/ab67616d00001e021f52bf5bdc18ca3b54ab36f4', '300', NOW(), NOW()),
('351fe744-1849-4eac-bdb4-29cf8c07566e', '4DnqN2PEJmOp5CktDUA0SZ', 'https://i.scdn.co/image/ab67616d000048511f52bf5bdc18ca3b54ab36f4', '64', NOW(), NOW()),
('bd397735-9f7a-41a4-a48d-d48ebec64f0d', '2Xx5eayyCo1T4ML7yyLXFz', 'https://i.scdn.co/image/ab67616d0000b273418732879336a88fa4d4b148', '640', NOW(), NOW()),
('bd397735-9f7a-41a4-a48d-d48ebec64f0d', '2Xx5eayyCo1T4ML7yyLXFz', 'https://i.scdn.co/image/ab67616d00001e02418732879336a88fa4d4b148', '300', NOW(), NOW()),
('bd397735-9f7a-41a4-a48d-d48ebec64f0d', '2Xx5eayyCo1T4ML7yyLXFz', 'https://i.scdn.co/image/ab67616d00004851418732879336a88fa4d4b148', '64', NOW(), NOW()),
('dae0477c-fd99-4e57-b3b7-71be86bc4669', '4kRy5t8a9d90fFIXqLyy9s', 'https://i.scdn.co/image/ab67616d0000b273fe425e63760ee61a66e898e0', '640', NOW(), NOW()),
('dae0477c-fd99-4e57-b3b7-71be86bc4669', '4kRy5t8a9d90fFIXqLyy9s', 'https://i.scdn.co/image/ab67616d00001e02fe425e63760ee61a66e898e0', '300', NOW(), NOW()),
('dae0477c-fd99-4e57-b3b7-71be86bc4669', '4kRy5t8a9d90fFIXqLyy9s', 'https://i.scdn.co/image/ab67616d00004851fe425e63760ee61a66e898e0', '64', NOW(), NOW()),
('068b490d-1ebf-4fae-a451-2676283319a0', '2yMhKl47qQIfuA1qYYJvfg', 'https://i.scdn.co/image/ab67616d0000b273d079285b209f304bc9b26132', '640', NOW(), NOW()),
('068b490d-1ebf-4fae-a451-2676283319a0', '2yMhKl47qQIfuA1qYYJvfg', 'https://i.scdn.co/image/ab67616d00001e02d079285b209f304bc9b26132', '300', NOW(), NOW()),
('068b490d-1ebf-4fae-a451-2676283319a0', '2yMhKl47qQIfuA1qYYJvfg', 'https://i.scdn.co/image/ab67616d00004851d079285b209f304bc9b26132', '64', NOW(), NOW()),
('13330a25-0920-4786-82dc-27f5318b8e6f', '0cGa9mtCxVQwgzPrOyoLES', 'https://i.scdn.co/image/ab67616d0000b2739436d49f19816c46d89efc96', '640', NOW(), NOW()),
('13330a25-0920-4786-82dc-27f5318b8e6f', '0cGa9mtCxVQwgzPrOyoLES', 'https://i.scdn.co/image/ab67616d00001e029436d49f19816c46d89efc96', '300', NOW(), NOW()),
('13330a25-0920-4786-82dc-27f5318b8e6f', '0cGa9mtCxVQwgzPrOyoLES', 'https://i.scdn.co/image/ab67616d000048519436d49f19816c46d89efc96', '64', NOW(), NOW()),
('2befe6ca-b9a6-4f4c-b36c-c99e8273eb5a', '5ZZiu7ZTYELvcI4IGX4z3h', 'https://i.scdn.co/image/ab67616d0000b273100f63cef2fc81c6d3de16e1', '640', NOW(), NOW()),
('2befe6ca-b9a6-4f4c-b36c-c99e8273eb5a', '5ZZiu7ZTYELvcI4IGX4z3h', 'https://i.scdn.co/image/ab67616d00001e02100f63cef2fc81c6d3de16e1', '300', NOW(), NOW()),
('2befe6ca-b9a6-4f4c-b36c-c99e8273eb5a', '5ZZiu7ZTYELvcI4IGX4z3h', 'https://i.scdn.co/image/ab67616d00004851100f63cef2fc81c6d3de16e1', '64', NOW(), NOW()),
('661284d6-4ee2-4000-97c9-f71b2b26eb38', '0c6FZ8NZf9a3pdxc9bpQfC', 'https://i.scdn.co/image/ab67616d0000b273ab11ff6c863e234caa964ada', '640', NOW(), NOW()),
('661284d6-4ee2-4000-97c9-f71b2b26eb38', '0c6FZ8NZf9a3pdxc9bpQfC', 'https://i.scdn.co/image/ab67616d00001e02ab11ff6c863e234caa964ada', '300', NOW(), NOW()),
('661284d6-4ee2-4000-97c9-f71b2b26eb38', '0c6FZ8NZf9a3pdxc9bpQfC', 'https://i.scdn.co/image/ab67616d00004851ab11ff6c863e234caa964ada', '64', NOW(), NOW()),
('6613256a-8fc3-4dfe-af93-1042620875be', '345l2cc8n0pW5r4i1PBpze', 'https://i.scdn.co/image/ab67616d0000b273749fdfba69aaa3eb693ce3a0', '640', NOW(), NOW()),
('6613256a-8fc3-4dfe-af93-1042620875be', '345l2cc8n0pW5r4i1PBpze', 'https://i.scdn.co/image/ab67616d00001e02749fdfba69aaa3eb693ce3a0', '300', NOW(), NOW()),
('6613256a-8fc3-4dfe-af93-1042620875be', '345l2cc8n0pW5r4i1PBpze', 'https://i.scdn.co/image/ab67616d00004851749fdfba69aaa3eb693ce3a0', '64', NOW(), NOW()),
('324a3de8-93bf-4c63-8c0b-1bf239b27393', '0lOYUh42A6Yzwk4aVcILkS', 'https://i.scdn.co/image/ab67616d0000b273d52eff90ca46592929880b6b', '640', NOW(), NOW()),
('324a3de8-93bf-4c63-8c0b-1bf239b27393', '0lOYUh42A6Yzwk4aVcILkS', 'https://i.scdn.co/image/ab67616d00001e02d52eff90ca46592929880b6b', '300', NOW(), NOW()),
('324a3de8-93bf-4c63-8c0b-1bf239b27393', '0lOYUh42A6Yzwk4aVcILkS', 'https://i.scdn.co/image/ab67616d00004851d52eff90ca46592929880b6b', '64', NOW(), NOW()),
('4415c364-9e46-4a4c-a1fe-276ff6d3fdb4', '4zrlMRfQ6NxqK6JvpxeTwj', 'https://i.scdn.co/image/ab67616d0000b2739137c858c1ca7a07e80c0fb4', '640', NOW(), NOW()),
('4415c364-9e46-4a4c-a1fe-276ff6d3fdb4', '4zrlMRfQ6NxqK6JvpxeTwj', 'https://i.scdn.co/image/ab67616d00001e029137c858c1ca7a07e80c0fb4', '300', NOW(), NOW()),
('4415c364-9e46-4a4c-a1fe-276ff6d3fdb4', '4zrlMRfQ6NxqK6JvpxeTwj', 'https://i.scdn.co/image/ab67616d000048519137c858c1ca7a07e80c0fb4', '64', NOW(), NOW()),
('c6f0252e-7eb3-47d9-a691-a37fed33d8eb', '1gkH7fnbF73GZTxra5z3cp', 'https://i.scdn.co/image/ab67616d0000b27348a3db524ec6733cf3caab48', '640', NOW(), NOW()),
('c6f0252e-7eb3-47d9-a691-a37fed33d8eb', '1gkH7fnbF73GZTxra5z3cp', 'https://i.scdn.co/image/ab67616d00001e0248a3db524ec6733cf3caab48', '300', NOW(), NOW()),
('c6f0252e-7eb3-47d9-a691-a37fed33d8eb', '1gkH7fnbF73GZTxra5z3cp', 'https://i.scdn.co/image/ab67616d0000485148a3db524ec6733cf3caab48', '64', NOW(), NOW()),
('272c8a57-4599-4e97-96dd-d574f685544f', '19cXZfX4zdmC5Q3V8fvEHY', 'https://i.scdn.co/image/ab67616d0000b2739448a7d1339bcc718515c12a', '640', NOW(), NOW()),
('272c8a57-4599-4e97-96dd-d574f685544f', '19cXZfX4zdmC5Q3V8fvEHY', 'https://i.scdn.co/image/ab67616d00001e029448a7d1339bcc718515c12a', '300', NOW(), NOW()),
('272c8a57-4599-4e97-96dd-d574f685544f', '19cXZfX4zdmC5Q3V8fvEHY', 'https://i.scdn.co/image/ab67616d000048519448a7d1339bcc718515c12a', '64', NOW(), NOW()),
('7fb6e628-2f03-4440-8e1e-63992e8ba24f', '6DV7ReAe3gqKa9lSCZzFHb', 'https://i.scdn.co/image/ab67616d0000b273d7bcae56d1717bcb9ece20ec', '640', NOW(), NOW()),
('7fb6e628-2f03-4440-8e1e-63992e8ba24f', '6DV7ReAe3gqKa9lSCZzFHb', 'https://i.scdn.co/image/ab67616d00001e02d7bcae56d1717bcb9ece20ec', '300', NOW(), NOW()),
('7fb6e628-2f03-4440-8e1e-63992e8ba24f', '6DV7ReAe3gqKa9lSCZzFHb', 'https://i.scdn.co/image/ab67616d00004851d7bcae56d1717bcb9ece20ec', '64', NOW(), NOW()),
('57ddaa11-2275-480a-a1d8-be2177f2cbd5', '0XTxzgpmtvXu1B1vJ2dKJt', 'https://i.scdn.co/image/ab67616d0000b2730f51ab4082005cad23ea985f', '640', NOW(), NOW()),
('57ddaa11-2275-480a-a1d8-be2177f2cbd5', '0XTxzgpmtvXu1B1vJ2dKJt', 'https://i.scdn.co/image/ab67616d00001e020f51ab4082005cad23ea985f', '300', NOW(), NOW()),
('57ddaa11-2275-480a-a1d8-be2177f2cbd5', '0XTxzgpmtvXu1B1vJ2dKJt', 'https://i.scdn.co/image/ab67616d000048510f51ab4082005cad23ea985f', '64', NOW(), NOW()),
('bb74b3a1-5497-4eaa-ba8e-796df74c7abf', '2eE4SBHLXLbVHQqTKJm87n', 'https://i.scdn.co/image/ab67616d0000b2736d436f9f14d8ab2fb135150b', '640', NOW(), NOW()),
('bb74b3a1-5497-4eaa-ba8e-796df74c7abf', '2eE4SBHLXLbVHQqTKJm87n', 'https://i.scdn.co/image/ab67616d00001e026d436f9f14d8ab2fb135150b', '300', NOW(), NOW()),
('bb74b3a1-5497-4eaa-ba8e-796df74c7abf', '2eE4SBHLXLbVHQqTKJm87n', 'https://i.scdn.co/image/ab67616d000048516d436f9f14d8ab2fb135150b', '64', NOW(), NOW()),
('cac22349-7cb7-4a3e-b2a6-e283b7383380', '723zzmJZ1tLu5ScvQSV574', 'https://i.scdn.co/image/ab67616d0000b27367d76ba6c53e7cfa69d399b8', '640', NOW(), NOW()),
('cac22349-7cb7-4a3e-b2a6-e283b7383380', '723zzmJZ1tLu5ScvQSV574', 'https://i.scdn.co/image/ab67616d00001e0267d76ba6c53e7cfa69d399b8', '300', NOW(), NOW()),
('cac22349-7cb7-4a3e-b2a6-e283b7383380', '723zzmJZ1tLu5ScvQSV574', 'https://i.scdn.co/image/ab67616d0000485167d76ba6c53e7cfa69d399b8', '64', NOW(), NOW()),
('9072c363-2e3a-4d62-b19f-a1f2f462a658', '4pTbVburGydKTVQg74YNVc', 'https://i.scdn.co/image/ab67616d0000b2730c18378f82ddde419b4f9d92', '640', NOW(), NOW()),
('9072c363-2e3a-4d62-b19f-a1f2f462a658', '4pTbVburGydKTVQg74YNVc', 'https://i.scdn.co/image/ab67616d00001e020c18378f82ddde419b4f9d92', '300', NOW(), NOW()),
('9072c363-2e3a-4d62-b19f-a1f2f462a658', '4pTbVburGydKTVQg74YNVc', 'https://i.scdn.co/image/ab67616d000048510c18378f82ddde419b4f9d92', '64', NOW(), NOW()),
('1c63e380-c843-44f3-8592-97dbf02a20a6', '2WKx6pgsfQesEyZzwkQxGv', 'https://i.scdn.co/image/ab67616d0000b2735cb6a5f9f304f0c309636bf0', '640', NOW(), NOW()),
('1c63e380-c843-44f3-8592-97dbf02a20a6', '2WKx6pgsfQesEyZzwkQxGv', 'https://i.scdn.co/image/ab67616d00001e025cb6a5f9f304f0c309636bf0', '300', NOW(), NOW()),
('1c63e380-c843-44f3-8592-97dbf02a20a6', '2WKx6pgsfQesEyZzwkQxGv', 'https://i.scdn.co/image/ab67616d000048515cb6a5f9f304f0c309636bf0', '64', NOW(), NOW()),
('31c1fc1b-d832-4cf0-9f89-505653e20c4d', '2QWhvRwrPKSBt8mXN2syJV', 'https://i.scdn.co/image/ab67616d0000b273e5fb6d20244389ec6229381b', '640', NOW(), NOW()),
('31c1fc1b-d832-4cf0-9f89-505653e20c4d', '2QWhvRwrPKSBt8mXN2syJV', 'https://i.scdn.co/image/ab67616d00001e02e5fb6d20244389ec6229381b', '300', NOW(), NOW()),
('31c1fc1b-d832-4cf0-9f89-505653e20c4d', '2QWhvRwrPKSBt8mXN2syJV', 'https://i.scdn.co/image/ab67616d00004851e5fb6d20244389ec6229381b', '64', NOW(), NOW()),
('4de56069-f416-4730-93fb-585c0c6b9c10', '0LP0eLkerswnjdaGbi0iin', 'https://i.scdn.co/image/ab67616d0000b273ca7a697ed28a4dc757c1034e', '640', NOW(), NOW()),
('4de56069-f416-4730-93fb-585c0c6b9c10', '0LP0eLkerswnjdaGbi0iin', 'https://i.scdn.co/image/ab67616d00001e02ca7a697ed28a4dc757c1034e', '300', NOW(), NOW()),
('4de56069-f416-4730-93fb-585c0c6b9c10', '0LP0eLkerswnjdaGbi0iin', 'https://i.scdn.co/image/ab67616d00004851ca7a697ed28a4dc757c1034e', '64', NOW(), NOW()),
('266656c7-0ffa-437f-9cd8-1f8c32392022', '0fd6Xs2Eeas0O6QN5DCNQl', 'https://i.scdn.co/image/ab67616d0000b273c575032829572f76e8e776f2', '640', NOW(), NOW()),
('266656c7-0ffa-437f-9cd8-1f8c32392022', '0fd6Xs2Eeas0O6QN5DCNQl', 'https://i.scdn.co/image/ab67616d00001e02c575032829572f76e8e776f2', '300', NOW(), NOW()),
('266656c7-0ffa-437f-9cd8-1f8c32392022', '0fd6Xs2Eeas0O6QN5DCNQl', 'https://i.scdn.co/image/ab67616d00004851c575032829572f76e8e776f2', '64', NOW(), NOW()),
('e1f3a9aa-5349-453e-8aae-9f1eac4d5003', '4mTAg3qFle2uXMdwsofLUs', 'https://i.scdn.co/image/ab67616d0000b273d4370c3be2f80dfde1e40004', '640', NOW(), NOW()),
('e1f3a9aa-5349-453e-8aae-9f1eac4d5003', '4mTAg3qFle2uXMdwsofLUs', 'https://i.scdn.co/image/ab67616d00001e02d4370c3be2f80dfde1e40004', '300', NOW(), NOW()),
('e1f3a9aa-5349-453e-8aae-9f1eac4d5003', '4mTAg3qFle2uXMdwsofLUs', 'https://i.scdn.co/image/ab67616d00004851d4370c3be2f80dfde1e40004', '64', NOW(), NOW()),
('8542ece1-ffa5-494d-b6da-7df0efc010b3', '72YZ07FwH8J55Z7l6hjPzj', 'https://i.scdn.co/image/ab67616d0000b273aa4f73fcc05dc058a55eab1f', '640', NOW(), NOW()),
('8542ece1-ffa5-494d-b6da-7df0efc010b3', '72YZ07FwH8J55Z7l6hjPzj', 'https://i.scdn.co/image/ab67616d00001e02aa4f73fcc05dc058a55eab1f', '300', NOW(), NOW()),
('8542ece1-ffa5-494d-b6da-7df0efc010b3', '72YZ07FwH8J55Z7l6hjPzj', 'https://i.scdn.co/image/ab67616d00004851aa4f73fcc05dc058a55eab1f', '64', NOW(), NOW());



INSERT INTO "Song" ("id", "albumId", "title", "duration", "lyric", "filePathAudio", "privacy", "uploadUserId", "createdAt", "updatedAt") VALUES
('b93ef1c5-71c6-4bda-af21-81230ccb7087', '8f25c62c-154c-4520-9fdf-6c26e6d68d88', 'Chế Độ Silent (Remix Version)', '246042', 'lyric', 'nan', FALSE, 'Null', NOW(), NOW()),
('9dfd8460-687f-443c-9452-7ea4075f9ac1', '97641bef-4fe1-4358-aa9a-21fbac30d71f', 'Chế Độ Silent', '178928', 'lyric', 'nan', FALSE, 'Null', NOW(), NOW()),
('809616bb-0f1d-42f9-bd7b-cdd6438b4e11', '4f8be614-5eb7-461d-9b98-2352c37456fc', 'Trào Dâng', '180845', 'lyric', 'https://audiomelodies.nyc3.digitaloceanspaces.com/LOC/HoangTon/TraoDang/TraoDang.m4a', FALSE, 'Null', NOW(), NOW()),
('da0e959d-7c2f-47c0-94a1-24e501077d42', 'ea273268-f7a7-4e8b-9671-adcc938ccd44', 'Say', '205632', 'lyric', 'https://audiomelodies.nyc3.digitaloceanspaces.com/LOC/HoangTon/Say/Say.m4a', FALSE, 'Null', NOW(), NOW()),
('93868a29-fcbe-41e9-97fa-881ea9111bca', '9ae422f5-0f53-46ec-9207-b1056c01dbb2', 'Chỉ Có Em - 2024 Version', '195428', 'lyric', 'nan', FALSE, 'Null', NOW(), NOW()),
('4e2743be-f71a-427c-9878-946e91835b06', '9c793615-b5cb-45f8-a3b5-3428d48572bc', 'Tình Yêu Giấu Kín', '246135', 'lyric', 'https://audiomelodies.nyc3.digitaloceanspaces.com/LOC/HoangTon/TinhYeuGiauKin/TinhYeuGiauKin.m4a', FALSE, 'Null', NOW(), NOW()),
('ac481daf-a63a-43c3-a812-a57a891da181', '9323d463-9fbd-4ecb-bf32-c3ddbae22bb1', 'Can't Believe', '225245', 'lyric', 'https://audiomelodies.nyc3.digitaloceanspaces.com/LOC/HoangTon/CantBelieve/CantBelieve.m4a', FALSE, 'Null', NOW(), NOW()),
('129dd055-cd63-40a0-9cbd-931459fdcecd', 'f52a1dfc-b9d2-4dda-96f7-cc683e27ef23', 'Từng Lời Anh Chôn Dấu', '225004', 'lyric', 'nan', FALSE, 'Null', NOW(), NOW()),
('4dbdc295-8e73-48ff-9994-fe00249cc7b2', '559d0f2d-1db4-499a-8c0c-9f95fd5edb85', 'emconnho ... ???', '290349', 'lyric', 'https://audiomelodies.nyc3.digitaloceanspaces.com/LOC/HoangTon/emconnho/emconnho.m4a', FALSE, 'Null', NOW(), NOW()),
('ba38d540-3876-4695-adb6-89955cf7967d', '559d0f2d-1db4-499a-8c0c-9f95fd5edb85', 'khade', '244000', 'lyric', 'https://audiomelodies.nyc3.digitaloceanspaces.com/LOC/HoangTon/emconnho/khade.m4a', FALSE, 'Null', NOW(), NOW()),
('1ab55816-e118-44ed-b8fa-cb35f92dab50', '10874658-dda3-4c76-96a3-62b861217c85', 'Hè Sang', '220408', 'lyric', 'nan', FALSE, 'Null', NOW(), NOW()),
('f9a6b6c8-5535-4a2d-921e-1c4e3ec14bf4', '948a8f02-f788-4e78-8859-f060f5e16eff', 'Vì Em Là Cả Thế Giới', '348148', 'lyric', 'nan', FALSE, 'Null', NOW(), NOW()),
('0a39caca-b010-467d-8d5c-aa32d761490b', '941209c3-c0c4-46a4-a7ea-9d19683148d7', 'Từ Bao Đêm Dài (AKTNTE)', '185769', 'lyric', 'https://audiomelodies.nyc3.digitaloceanspaces.com/LOC/HoangTon/TuBaoemDaiAKTNTE/TuBaoDemDaiAKTNTE.m4a', FALSE, 'Null', NOW(), NOW()),
('1055d611-0d85-4dc7-a56b-36ebff845870', '351fe744-1849-4eac-bdb4-29cf8c07566e', 'Tình Yêu Ngủ Quên - Darrys. Remix', '263195', 'lyric', 'https://audiomelodies.nyc3.digitaloceanspaces.com/LOC/HoangTon/TinhYeuNguQuenDarrysRemix/TinhYeuNguQuenDarrysRemix.m4a', FALSE, 'Null', NOW(), NOW()),
('b3b59967-c585-4445-93d4-52214777b78c', 'bd397735-9f7a-41a4-a48d-d48ebec64f0d', 'Vệ Tinh', '219428', 'lyric', 'nan', FALSE, 'Null', NOW(), NOW()),
('aafa66dd-35ec-453d-a855-91799253e98b', 'dae0477c-fd99-4e57-b3b7-71be86bc4669', 'CHIM SAU', '206000', 'lyric', 'nan', FALSE, 'Null', NOW(), NOW()),
('41e96e22-3fdd-4bff-b597-fe8e557cd029', 'dae0477c-fd99-4e57-b3b7-71be86bc4669', 'CHIM SAU (Beat)', '204000', 'lyric', 'nan', FALSE, 'Null', NOW(), NOW()),
('0e5525c9-38f2-4de2-97f3-895886b84a09', '068b490d-1ebf-4fae-a451-2676283319a0', 'Tình Yêu Ngủ Quên - R&B Remix', '174781', 'lyric', 'https://audiomelodies.nyc3.digitaloceanspaces.com/LOC/HoangTon/TinhYeuNguQuenRBRemix/TinhYeuNguQuenRBRemix.m4a', FALSE, 'Null', NOW(), NOW()),
('5a98895e-3d5a-4fda-b55d-b32e33784403', '13330a25-0920-4786-82dc-27f5318b8e6f', 'Không Cần Phải Nói Nhiều', '246271', 'lyric', 'nan', FALSE, 'Null', NOW(), NOW()),
('224b60e5-dd99-4c27-95de-80da2336ddb6', '2befe6ca-b9a6-4f4c-b36c-c99e8273eb5a', 'Quan Tâm Em Mỗi Ngày', '247272', 'lyric', 'https://audiomelodies.nyc3.digitaloceanspaces.com/LOC/HoangTon/QuanTamEmMoiNgay/QuanTamEmMoiNgay.m4a', FALSE, 'Null', NOW(), NOW()),
('ebec4434-4360-40fa-a19a-df89e7356a14', '661284d6-4ee2-4000-97c9-f71b2b26eb38', 'Dinner Time', '208831', 'lyric', 'nan', FALSE, 'Null', NOW(), NOW()),
('0bfd3bd0-48fa-4b9d-a12f-c52d5b7ab1fe', '661284d6-4ee2-4000-97c9-f71b2b26eb38', 'Dinner Time - Beat', '215381', 'lyric', 'nan', FALSE, 'Null', NOW(), NOW()),
('c8c23528-3f57-4f3e-9ec6-530534f4bbc6', '6613256a-8fc3-4dfe-af93-1042620875be', 'Tình Yêu Ngủ Quên - HuyTran Remix', '165210', 'lyric', 'https://audiomelodies.nyc3.digitaloceanspaces.com/LOC/HoangTon/TinhYeuNguQuenHuyTranRemix/TinhYeuNguQuenHuyTranRemix.m4a', FALSE, 'Null', NOW(), NOW()),
('3852cc87-c06f-46cb-94af-edd265ab138c', '324a3de8-93bf-4c63-8c0b-1bf239b27393', 'Tình Yêu Ngủ Quên - Lofi', '155893', 'lyric', 'https://audiomelodies.nyc3.digitaloceanspaces.com/LOC/HoangTon/TinhYeuNguQuenLofi/TinhYeuNguQuenLofi.m4a', FALSE, 'Null', NOW(), NOW()),
('cf139c78-dc14-4349-a4de-51aa8ad1a140', '4415c364-9e46-4a4c-a1fe-276ff6d3fdb4', 'Tình Yêu Ngủ Quên', '177600', 'lyric', 'https://audiomelodies.nyc3.digitaloceanspaces.com/LOC/HoangTon/TinhYeuNguQuen/TinhYeuNguQuen.m4a', FALSE, 'Null', NOW(), NOW()),
('42c26824-813a-4fc9-b0ac-c6bba44441b2', 'c6f0252e-7eb3-47d9-a691-a37fed33d8eb', 'Tình Yêu Ngủ Quên - Chill Version', '173999', 'lyric', 'https://audiomelodies.nyc3.digitaloceanspaces.com/LOC/HoangTon/TinhYeuNguQuenChillVersion/TinhYeuNguQuenChillVersion.m4a', FALSE, 'Null', NOW(), NOW()),
('a9f2d97a-41e1-464e-838f-c771b84bd8f0', '272c8a57-4599-4e97-96dd-d574f685544f', 'Một Ngày Em Sẽ', '256487', 'lyric', 'https://audiomelodies.nyc3.digitaloceanspaces.com/LOC/HoangTon/MotNgayEmSe/MotNgayEmSe.m4a', FALSE, 'Null', NOW(), NOW()),
('cceaf475-2019-4ee1-b7f8-37adf4d04178', '7fb6e628-2f03-4440-8e1e-63992e8ba24f', 'Em Không Quay Về', '276108', 'lyric', 'https://audiomelodies.nyc3.digitaloceanspaces.com/LOC/HoangTon/EmKhongQuayVe/EmKhongQuayVe.m4a', FALSE, 'Null', NOW(), NOW()),
('20c6835c-df6d-4c6c-8745-72826c68a60f', '7fb6e628-2f03-4440-8e1e-63992e8ba24f', 'Em Không Quay Về - Part 2', '249196', 'lyric', 'https://audiomelodies.nyc3.digitaloceanspaces.com/LOC/HoangTon/EmKhongQuayVe/EmKhongQuayVePart2.m4a', FALSE, 'Null', NOW(), NOW()),
('a238caba-aa1b-4949-9ac5-aba83b2c0c8a', '57ddaa11-2275-480a-a1d8-be2177f2cbd5', 'Em Còn Nhớ Anh Không - Remastered', '251786', 'lyric', 'https://audiomelodies.nyc3.digitaloceanspaces.com/LOC/HoangTon/EmConNhoAnhKhongRemastered/EmConNhoAnhKhongRemastered.m4a', FALSE, 'Null', NOW(), NOW()),
('9b3afd78-c51b-48ae-b394-cac45b66050b', 'bb74b3a1-5497-4eaa-ba8e-796df74c7abf', 'Sex You Up', '166921', 'lyric', 'https://audiomelodies.nyc3.digitaloceanspaces.com/LOC/HoangTon/SexYouUp/SexYouUp.m4a', FALSE, 'Null', NOW(), NOW()),
('4f4899d3-183c-42f7-8372-6a921ca71cb0', 'cac22349-7cb7-4a3e-b2a6-e283b7383380', 'Nước Hoa', '235636', 'lyric', 'https://audiomelodies.nyc3.digitaloceanspaces.com/LOC/HoangTon/NuocHoa/NuocHoa.m4a', FALSE, 'Null', NOW(), NOW()),
('bc33eb3c-dae9-4c88-b168-4db9db78e603', '9072c363-2e3a-4d62-b19f-a1f2f462a658', 'Mắt Xanh', '214922', 'lyric', 'nan', FALSE, 'Null', NOW(), NOW()),
('9f802659-b6ce-497d-be2c-e80cf8a14370', '9072c363-2e3a-4d62-b19f-a1f2f462a658', 'Mắt Xanh - Beat Version', '214922', 'lyric', 'nan', FALSE, 'Null', NOW(), NOW()),
('9c7173a1-e536-4095-8b4c-3f55d0b11f53', '1c63e380-c843-44f3-8592-97dbf02a20a6', 'Xuân Nghỉ Ngơi', '196800', 'lyric', 'https://audiomelodies.nyc3.digitaloceanspaces.com/LOC/HoangTon/XuanNghiNgoi/XuanNghiNgoi.m4a', FALSE, 'Null', NOW(), NOW()),
('72b7033b-9f2e-42b0-906c-277c703c50ed', '31c1fc1b-d832-4cf0-9f89-505653e20c4d', 'I Love You So Much', '248917', 'lyric', 'https://audiomelodies.nyc3.digitaloceanspaces.com/LOC/HoangTon/ILoveYouSoMuch/ILoveYouSoMuch.m4a', FALSE, 'Null', NOW(), NOW()),
('620f24cf-1578-4ea7-889e-36144cbc9217', '4de56069-f416-4730-93fb-585c0c6b9c10', 'What's Your Name?', '235200', 'lyric', 'https://audiomelodies.nyc3.digitaloceanspaces.com/LOC/HoangTon/WhatsYourName/WhatsYourName.m4a', FALSE, 'Null', NOW(), NOW()),
('fd27a398-b6a2-49f8-be42-0c046c50a91d', '266656c7-0ffa-437f-9cd8-1f8c32392022', 'Yêu Em Rất Nhiều', '269960', 'lyric', 'https://audiomelodies.nyc3.digitaloceanspaces.com/LOC/HoangTon/YeuEmRatNhieu/YeuEmRatNhieu.m4a', FALSE, 'Null', NOW(), NOW()),
('6050b28b-9960-4259-8d62-23c2f2b18445', 'e1f3a9aa-5349-453e-8aae-9f1eac4d5003', 'Mình Yêu Nhau Bao Lâu', '242804', 'lyric', 'nan', FALSE, 'Null', NOW(), NOW()),
('299aea3d-93fe-4e65-95c9-d7a12b352a51', '8542ece1-ffa5-494d-b6da-7df0efc010b3', 'Em Đến', '251426', 'lyric', 'https://audiomelodies.nyc3.digitaloceanspaces.com/LOC/HoangTon/ChutNangChutMua/EmDen.m4a', FALSE, 'Null', NOW(), NOW()),
('c0b5ba16-150a-49d4-b25e-eed93edc4fd7', '8542ece1-ffa5-494d-b6da-7df0efc010b3', 'Feel Your Love', '307120', 'lyric', 'https://audiomelodies.nyc3.digitaloceanspaces.com/LOC/HoangTon/ChutNangChutMua/FeelYourLove.m4a', FALSE, 'Null', NOW(), NOW()),
('e431c1ac-41cb-4fe1-a6f6-a9358a6a66d4', '8542ece1-ffa5-494d-b6da-7df0efc010b3', 'Chỉ Có Thể Là Tình Yêu', '240706', 'lyric', 'https://audiomelodies.nyc3.digitaloceanspaces.com/LOC/HoangTon/ChutNangChutMua/ChiCoTheLaTinhYeu.m4a', FALSE, 'Null', NOW(), NOW());



INSERT INTO "ArtistSong" ("songId", "artistId", "main", "createdAt", "updatedAt") VALUES
('b93ef1c5-71c6-4bda-af21-81230ccb7087', '96c7bf83-9c70-4215-893b-c59f7205b3f6', TRUE, NOW(), NOW()),
('b93ef1c5-71c6-4bda-af21-81230ccb7087', 'a6194495-5fc8-4d2a-afed-9817fbcb6146', FALSE, NOW(), NOW()),
('9dfd8460-687f-443c-9452-7ea4075f9ac1', '96c7bf83-9c70-4215-893b-c59f7205b3f6', TRUE, NOW(), NOW()),
('9dfd8460-687f-443c-9452-7ea4075f9ac1', 'a6194495-5fc8-4d2a-afed-9817fbcb6146', FALSE, NOW(), NOW()),
('809616bb-0f1d-42f9-bd7b-cdd6438b4e11', 'a6194495-5fc8-4d2a-afed-9817fbcb6146', TRUE, NOW(), NOW()),
('809616bb-0f1d-42f9-bd7b-cdd6438b4e11', 'Unknown', FALSE, NOW(), NOW()),
('da0e959d-7c2f-47c0-94a1-24e501077d42', 'a6194495-5fc8-4d2a-afed-9817fbcb6146', TRUE, NOW(), NOW()),
('da0e959d-7c2f-47c0-94a1-24e501077d42', 'Unknown', FALSE, NOW(), NOW()),
('93868a29-fcbe-41e9-97fa-881ea9111bca', 'Unknown', TRUE, NOW(), NOW()),
('93868a29-fcbe-41e9-97fa-881ea9111bca', 'a6194495-5fc8-4d2a-afed-9817fbcb6146', FALSE, NOW(), NOW()),
('93868a29-fcbe-41e9-97fa-881ea9111bca', 'Unknown', FALSE, NOW(), NOW()),
('4e2743be-f71a-427c-9878-946e91835b06',  'a6194495-5fc8-4d2a-afed-9817fbcb6146', , TRUE, NOW(), NOW()),
('ac481daf-a63a-43c3-a812-a57a891da181', 'a6194495-5fc8-4d2a-afed-9817fbcb6146', TRUE, NOW(), NOW()),
('ac481daf-a63a-43c3-a812-a57a891da181', 'Unknown', FALSE, NOW(), NOW()),
('ac481daf-a63a-43c3-a812-a57a891da181', 'Unknown', FALSE, NOW(), NOW()),
('129dd055-cd63-40a0-9cbd-931459fdcecd', 'Unknown', TRUE, NOW(), NOW()),
('129dd055-cd63-40a0-9cbd-931459fdcecd', 'a6194495-5fc8-4d2a-afed-9817fbcb6146', FALSE, NOW(), NOW()),
('129dd055-cd63-40a0-9cbd-931459fdcecd', 'Unknown', FALSE, NOW(), NOW()),
('4dbdc295-8e73-48ff-9994-fe00249cc7b2',  'a6194495-5fc8-4d2a-afed-9817fbcb6146', , TRUE, NOW(), NOW()),
('ba38d540-3876-4695-adb6-89955cf7967d', 'a6194495-5fc8-4d2a-afed-9817fbcb6146', TRUE, NOW(), NOW()),
('ba38d540-3876-4695-adb6-89955cf7967d', '7c59b2c8-d14f-456e-98a1-1c714fb8e7f0', FALSE, NOW(), NOW()),
('1ab55816-e118-44ed-b8fa-cb35f92dab50', '54e7f642-07fa-4af5-a639-7386fcb3227e', TRUE, NOW(), NOW()),
('1ab55816-e118-44ed-b8fa-cb35f92dab50', 'a6194495-5fc8-4d2a-afed-9817fbcb6146', FALSE, NOW(), NOW()),
('1ab55816-e118-44ed-b8fa-cb35f92dab50', 'Unknown', FALSE, NOW(), NOW()),
('f9a6b6c8-5535-4a2d-921e-1c4e3ec14bf4', 'ee6330ff-cca8-48cd-9da3-bda2be31eb55', TRUE, NOW(), NOW()),
('f9a6b6c8-5535-4a2d-921e-1c4e3ec14bf4', 'a6194495-5fc8-4d2a-afed-9817fbcb6146', FALSE, NOW(), NOW()),
('f9a6b6c8-5535-4a2d-921e-1c4e3ec14bf4', 'Unknown', FALSE, NOW(), NOW()),
('0a39caca-b010-467d-8d5c-aa32d761490b',  'a6194495-5fc8-4d2a-afed-9817fbcb6146', , TRUE, NOW(), NOW()),
('1055d611-0d85-4dc7-a56b-36ebff845870', 'a6194495-5fc8-4d2a-afed-9817fbcb6146', TRUE, NOW(), NOW()),
('1055d611-0d85-4dc7-a56b-36ebff845870', 'Unknown', FALSE, NOW(), NOW()),
('1055d611-0d85-4dc7-a56b-36ebff845870', 'Unknown', FALSE, NOW(), NOW()),
('b3b59967-c585-4445-93d4-52214777b78c', '921ad7a4-c2c0-4be8-acba-3f0774e319fe', TRUE, NOW(), NOW()),
('b3b59967-c585-4445-93d4-52214777b78c', 'a6194495-5fc8-4d2a-afed-9817fbcb6146', FALSE, NOW(), NOW()),
('b3b59967-c585-4445-93d4-52214777b78c', 'Unknown', FALSE, NOW(), NOW()),
('aafa66dd-35ec-453d-a855-91799253e98b', '7c59b2c8-d14f-456e-98a1-1c714fb8e7f0', TRUE, NOW(), NOW()),
('aafa66dd-35ec-453d-a855-91799253e98b', 'Unknown', FALSE, NOW(), NOW()),
('aafa66dd-35ec-453d-a855-91799253e98b', 'a6194495-5fc8-4d2a-afed-9817fbcb6146', FALSE, NOW(), NOW()),
('41e96e22-3fdd-4bff-b597-fe8e557cd029', '7c59b2c8-d14f-456e-98a1-1c714fb8e7f0', TRUE, NOW(), NOW()),
('41e96e22-3fdd-4bff-b597-fe8e557cd029', 'a6194495-5fc8-4d2a-afed-9817fbcb6146', FALSE, NOW(), NOW()),
('41e96e22-3fdd-4bff-b597-fe8e557cd029', 'Unknown', FALSE, NOW(), NOW()),
('0e5525c9-38f2-4de2-97f3-895886b84a09', 'a6194495-5fc8-4d2a-afed-9817fbcb6146', TRUE, NOW(), NOW()),
('0e5525c9-38f2-4de2-97f3-895886b84a09', 'Unknown', FALSE, NOW(), NOW()),
('0e5525c9-38f2-4de2-97f3-895886b84a09', 'Unknown', FALSE, NOW(), NOW()),
('5a98895e-3d5a-4fda-b55d-b32e33784403', '5ad8d5f5-f234-474f-96a7-adcecdda06cf', TRUE, NOW(), NOW()),
('5a98895e-3d5a-4fda-b55d-b32e33784403', 'a6194495-5fc8-4d2a-afed-9817fbcb6146', FALSE, NOW(), NOW()),
('224b60e5-dd99-4c27-95de-80da2336ddb6',  'a6194495-5fc8-4d2a-afed-9817fbcb6146', , TRUE, NOW(), NOW()),
('ebec4434-4360-40fa-a19a-df89e7356a14', '651c572d-508b-4f6b-86b4-6ced85108dbe', TRUE, NOW(), NOW()),
('ebec4434-4360-40fa-a19a-df89e7356a14', 'Unknown', FALSE, NOW(), NOW()),
('ebec4434-4360-40fa-a19a-df89e7356a14', 'a6194495-5fc8-4d2a-afed-9817fbcb6146', FALSE, NOW(), NOW()),
('0bfd3bd0-48fa-4b9d-a12f-c52d5b7ab1fe', '651c572d-508b-4f6b-86b4-6ced85108dbe', TRUE, NOW(), NOW()),
('0bfd3bd0-48fa-4b9d-a12f-c52d5b7ab1fe', 'a6194495-5fc8-4d2a-afed-9817fbcb6146', FALSE, NOW(), NOW()),
('0bfd3bd0-48fa-4b9d-a12f-c52d5b7ab1fe', 'Unknown', FALSE, NOW(), NOW()),
('c8c23528-3f57-4f3e-9ec6-530534f4bbc6', 'a6194495-5fc8-4d2a-afed-9817fbcb6146', TRUE, NOW(), NOW()),
('c8c23528-3f57-4f3e-9ec6-530534f4bbc6', 'Unknown', FALSE, NOW(), NOW()),
('3852cc87-c06f-46cb-94af-edd265ab138c', 'a6194495-5fc8-4d2a-afed-9817fbcb6146', TRUE, NOW(), NOW()),
('3852cc87-c06f-46cb-94af-edd265ab138c', 'Unknown', FALSE, NOW(), NOW()),
('3852cc87-c06f-46cb-94af-edd265ab138c', 'Unknown', FALSE, NOW(), NOW()),
('cf139c78-dc14-4349-a4de-51aa8ad1a140', 'a6194495-5fc8-4d2a-afed-9817fbcb6146', TRUE, NOW(), NOW()),
('cf139c78-dc14-4349-a4de-51aa8ad1a140', 'Unknown', FALSE, NOW(), NOW()),
('42c26824-813a-4fc9-b0ac-c6bba44441b2', 'a6194495-5fc8-4d2a-afed-9817fbcb6146', TRUE, NOW(), NOW()),
('42c26824-813a-4fc9-b0ac-c6bba44441b2', 'Unknown', FALSE, NOW(), NOW()),
('a9f2d97a-41e1-464e-838f-c771b84bd8f0', 'a6194495-5fc8-4d2a-afed-9817fbcb6146', TRUE, NOW(), NOW()),
('a9f2d97a-41e1-464e-838f-c771b84bd8f0', 'Unknown', FALSE, NOW(), NOW()),
('a9f2d97a-41e1-464e-838f-c771b84bd8f0', 'Unknown', FALSE, NOW(), NOW()),
('cceaf475-2019-4ee1-b7f8-37adf4d04178', 'a6194495-5fc8-4d2a-afed-9817fbcb6146', TRUE, NOW(), NOW()),
('cceaf475-2019-4ee1-b7f8-37adf4d04178', 'Unknown', FALSE, NOW(), NOW()),
('20c6835c-df6d-4c6c-8745-72826c68a60f', 'a6194495-5fc8-4d2a-afed-9817fbcb6146', TRUE, NOW(), NOW()),
('20c6835c-df6d-4c6c-8745-72826c68a60f', 'Unknown', FALSE, NOW(), NOW()),
('a238caba-aa1b-4949-9ac5-aba83b2c0c8a', 'a6194495-5fc8-4d2a-afed-9817fbcb6146', TRUE, NOW(), NOW()),
('a238caba-aa1b-4949-9ac5-aba83b2c0c8a', 'Unknown', FALSE, NOW(), NOW()),
('9b3afd78-c51b-48ae-b394-cac45b66050b',  'a6194495-5fc8-4d2a-afed-9817fbcb6146', , TRUE, NOW(), NOW()),
('4f4899d3-183c-42f7-8372-6a921ca71cb0',  'a6194495-5fc8-4d2a-afed-9817fbcb6146', , TRUE, NOW(), NOW()),
('bc33eb3c-dae9-4c88-b168-4db9db78e603', '8fc93a26-0c5b-4c42-928b-33f661ad16c0', TRUE, NOW(), NOW()),
('bc33eb3c-dae9-4c88-b168-4db9db78e603', 'a6194495-5fc8-4d2a-afed-9817fbcb6146', FALSE, NOW(), NOW()),
('9f802659-b6ce-497d-be2c-e80cf8a14370', '8fc93a26-0c5b-4c42-928b-33f661ad16c0', TRUE, NOW(), NOW()),
('9f802659-b6ce-497d-be2c-e80cf8a14370', 'a6194495-5fc8-4d2a-afed-9817fbcb6146', FALSE, NOW(), NOW()),
('9c7173a1-e536-4095-8b4c-3f55d0b11f53',  'a6194495-5fc8-4d2a-afed-9817fbcb6146', , TRUE, NOW(), NOW()),
('72b7033b-9f2e-42b0-906c-277c703c50ed',  'a6194495-5fc8-4d2a-afed-9817fbcb6146', , TRUE, NOW(), NOW()),
('620f24cf-1578-4ea7-889e-36144cbc9217', 'a6194495-5fc8-4d2a-afed-9817fbcb6146', TRUE, NOW(), NOW()),
('620f24cf-1578-4ea7-889e-36144cbc9217', 'Unknown', FALSE, NOW(), NOW()),
('620f24cf-1578-4ea7-889e-36144cbc9217', '7c59b2c8-d14f-456e-98a1-1c714fb8e7f0', FALSE, NOW(), NOW()),
('fd27a398-b6a2-49f8-be42-0c046c50a91d',  'a6194495-5fc8-4d2a-afed-9817fbcb6146', , TRUE, NOW(), NOW()),
('6050b28b-9960-4259-8d62-23c2f2b18445', '395d5013-1e64-4e9e-9540-12750a9e6593', TRUE, NOW(), NOW()),
('6050b28b-9960-4259-8d62-23c2f2b18445', 'a6194495-5fc8-4d2a-afed-9817fbcb6146', FALSE, NOW(), NOW()),
('299aea3d-93fe-4e65-95c9-d7a12b352a51',  'a6194495-5fc8-4d2a-afed-9817fbcb6146', , TRUE, NOW(), NOW()),
('c0b5ba16-150a-49d4-b25e-eed93edc4fd7', 'a6194495-5fc8-4d2a-afed-9817fbcb6146', TRUE, NOW(), NOW()),
('c0b5ba16-150a-49d4-b25e-eed93edc4fd7', 'Unknown', FALSE, NOW(), NOW()),
('e431c1ac-41cb-4fe1-a6f6-a9358a6a66d4',  'a6194495-5fc8-4d2a-afed-9817fbcb6146', , TRUE, NOW(), NOW());