INSERT INTO "Album" ("albumId",  "title", "releaseDate", "albumType", "createdAt", "updatedAt") VALUES
('5dd67418-72f1-483c-9542-22fb3ccd2711', 'LINK', '2022-08-11', 'album', NOW(), NOW()),
('b8a8a47f-43e2-4446-81e5-76d116ed9332', 'Hoàng', '2019-10-20', 'album', NOW(), NOW()),
('b4596645-c63c-4f42-bd99-3b15bfb6b796', 'The Ballad Hit', '2017-03-21', 'album', NOW(), NOW()),
('6c6c60f1-e5f6-4132-86f9-6b09a00316ab', 'Đừng Vội Vàng', '2011-05-17', 'album', NOW(), NOW()),
('7590f84e-878f-438a-b7c9-ada7da344c91', 'Nhịp Đập Giấc Mơ', '2010-03-30', 'album', NOW(), NOW()),
('d4a0d890-1693-410a-a4c8-b5f847d2c8dc', 'Trái đất ôm Mặt trời', '2023-12-18', 'single', NOW(), NOW()),
('7f42cead-3d6e-4e36-b98d-2af788dad408', 'Miền Đất Hứa', '2023-11-27', 'single', NOW(), NOW()),
('cecfa5d3-b789-42e6-9495-12b71bed3d4f', 'Hoàng Thùy Linh - Vietnamese concert liners', '2023-09-20', 'ep', NOW(), NOW()),
('ea29cd6b-cd86-4c01-959e-40f8425fb726', 'CHẤT ÊM. MY GAME', '2023-05-25', 'single', NOW(), NOW()),
('7d97148c-c279-4c21-8734-d5a2f83aea45', 'Đợi Chờ Đừng Cáu', '2023-01-16', 'single', NOW(), NOW()),
('6b74a4e7-6636-45fc-a5ee-d91ef7d4724e', 'Kiềng 3 Chân', '2022-10-04', 'single', NOW(), NOW()),
('a1f7621b-b862-4086-a871-d9375878c3a2', 'Đánh Đố (feat. Thanh Lam & Tùng Dương)', '2022-06-01', 'single', NOW(), NOW()),
('71bd4332-bff5-4bf2-a68a-464d0a4070b3', 'Đánh Đố (Teaser)', '2022-05-27', 'single', NOW(), NOW()),
('393747d9-5766-48ef-97d1-9d628e27d5b4', 'See Tình (Speed Up Version)', '2022-05-05', 'single', NOW(), NOW()),
('fbd7c8b7-9a68-4f42-91b3-002c22425a8a', 'See Tình (Cukak Remix)', '2022-05-05', 'single', NOW(), NOW()),
('1131f33e-2485-47ea-9a91-70ba744867f0', 'Việt Nam Hết Mình', '2022-05-03', 'single', NOW(), NOW()),
('06970043-1b7f-4980-be54-b82c40810bf9', 'See Tình', '2022-02-20', 'single', NOW(), NOW()),
('487428dd-74a3-47ba-a5da-5b5977df7d25', 'Gieo Quẻ (Dance Performance)', '2022-01-13', 'single', NOW(), NOW()),
('fa4eb789-ce44-4263-ae79-1dd36f4158ad', 'Gieo Quẻ (feat. Đen)', '2022-01-01', 'single', NOW(), NOW()),
('64b43f80-8b93-4a85-97ef-f0760d4363c0', 'LK Để Mị Nói Cho Mà Nghe, Duyên Âm (Live At Tết Tân Thời)', '2021-02-24', 'single', NOW(), NOW()),
('23ca85d8-e83c-4c07-85a5-e4993c5f472c', 'Kẻ Cắp Gặp Bà Già (Live At Tết Tân Thời)', '2021-02-24', 'single', NOW(), NOW()),
('15941f02-9938-42da-91fc-67bf542fdb3f', 'Kẻ Cắp Gặp Bà Già (Live At Tết Tân Thời)', '2021-02-21', 'single', NOW(), NOW()),
('9f2e00cc-3d32-4e92-8812-cec51fbaa4fc', 'Cánh Cửa Diệu Kỳ', '2021-01-20', 'single', NOW(), NOW()),
('8066555f-6245-4ba7-97e5-67401e52e1da', 'Khi Tình Yêu Đủ Lớn (feat. Rtee)', '2020-12-10', 'single', NOW(), NOW()),
('9f5bd98e-bea6-4df8-a7c9-4c3440741bd5', 'Việt Nam Tử Tế', '2020-05-05', 'ep', NOW(), NOW()),
('038370a3-b0e4-4de5-9029-ae73c3afdf01', 'Làm Gì Phải Hốt', '2020-01-05', 'single', NOW(), NOW()),
('85d5b050-0372-4152-a0a7-9ae2ee048826', 'Tứ Phủ', '2019-08-08', 'single', NOW(), NOW()),
('210ee49b-2c36-4f98-a43c-8b2c9b052a80', 'Để Mị Nói Cho Mà Nghe', '2019-06-23', 'single', NOW(), NOW()),
('3f5059d6-b1ff-4080-b6fb-0285ab032011', 'Fall In Love', '2018-10-15', 'ep', NOW(), NOW()),
('cfa810c1-afc8-41c6-818e-80330d04f18d', 'Fall In Love', '2018-10-10', 'single', NOW(), NOW()),
('bca6128a-c28b-4c87-9e99-50d76d9604ae', 'S.I.X', '2016-06-15', 'ep', NOW(), NOW()),
('5dd5f473-5a3d-4faa-81b5-8b4601f71161', 'Just You', '2015-01-05', 'ep', NOW(), NOW()),
('1788c24a-5176-42fc-942a-fe12d7ec3e35', 'Rơi (2014 Dance Version)', '2014-08-11', 'single', NOW(), NOW()),
('1760986e-08c6-4590-8d56-8b73308caaf7', 'EP 2013', '2013-05-15', 'ep', NOW(), NOW()),
('4a2f68ef-c76c-4005-aa64-c81d50a9facc', 'Mini Album 2012', '2012-06-11', 'ep', NOW(), NOW()),
('882c3d92-59a1-4e2f-b3da-9f49bd4a4ec7', 'Tiếng Đêm/Hãy Cứ Đón Lấy', '2012-01-01', 'ep', NOW(), NOW()),
('e7710439-e513-46eb-890a-9a2d5d3c8b0b', 'Hờn Dỗi', '2012-01-01', 'single', NOW(), NOW());



INSERT INTO "AlbumImage" ("albumId", "image", "size", "createdAt", "updatedAt") VALUES
('5dd67418-72f1-483c-9542-22fb3ccd2711', '38DiN8raykLZKEr5T6v5hM', 'https://i.scdn.co/image/ab67616d0000b273be0ac2aa3ed0047463210db1', '640', NOW(), NOW()),
('5dd67418-72f1-483c-9542-22fb3ccd2711', '38DiN8raykLZKEr5T6v5hM', 'https://i.scdn.co/image/ab67616d00001e02be0ac2aa3ed0047463210db1', '300', NOW(), NOW()),
('5dd67418-72f1-483c-9542-22fb3ccd2711', '38DiN8raykLZKEr5T6v5hM', 'https://i.scdn.co/image/ab67616d00004851be0ac2aa3ed0047463210db1', '64', NOW(), NOW()),
('b8a8a47f-43e2-4446-81e5-76d116ed9332', '4gfu67H8oClhhE4XT5JL2u', 'https://i.scdn.co/image/ab67616d0000b27300a928ccf7c014c3f6a95d54', '640', NOW(), NOW()),
('b8a8a47f-43e2-4446-81e5-76d116ed9332', '4gfu67H8oClhhE4XT5JL2u', 'https://i.scdn.co/image/ab67616d00001e0200a928ccf7c014c3f6a95d54', '300', NOW(), NOW()),
('b8a8a47f-43e2-4446-81e5-76d116ed9332', '4gfu67H8oClhhE4XT5JL2u', 'https://i.scdn.co/image/ab67616d0000485100a928ccf7c014c3f6a95d54', '64', NOW(), NOW()),
('b4596645-c63c-4f42-bd99-3b15bfb6b796', '3ksFCKwPVLzLyHKyyQ08V1', 'https://i.scdn.co/image/ab67616d0000b27345cdcbb5d6e2676c6582f3cc', '640', NOW(), NOW()),
('b4596645-c63c-4f42-bd99-3b15bfb6b796', '3ksFCKwPVLzLyHKyyQ08V1', 'https://i.scdn.co/image/ab67616d00001e0245cdcbb5d6e2676c6582f3cc', '300', NOW(), NOW()),
('b4596645-c63c-4f42-bd99-3b15bfb6b796', '3ksFCKwPVLzLyHKyyQ08V1', 'https://i.scdn.co/image/ab67616d0000485145cdcbb5d6e2676c6582f3cc', '64', NOW(), NOW()),
('6c6c60f1-e5f6-4132-86f9-6b09a00316ab', '5IuCRMPy8OnFjGV5e0rG73', 'https://i.scdn.co/image/ab67616d0000b2737bf447655ddd96dd7b2fdc0c', '640', NOW(), NOW()),
('6c6c60f1-e5f6-4132-86f9-6b09a00316ab', '5IuCRMPy8OnFjGV5e0rG73', 'https://i.scdn.co/image/ab67616d00001e027bf447655ddd96dd7b2fdc0c', '300', NOW(), NOW()),
('6c6c60f1-e5f6-4132-86f9-6b09a00316ab', '5IuCRMPy8OnFjGV5e0rG73', 'https://i.scdn.co/image/ab67616d000048517bf447655ddd96dd7b2fdc0c', '64', NOW(), NOW()),
('7590f84e-878f-438a-b7c9-ada7da344c91', '4AwwAvUgs4naYqROuhlO6E', 'https://i.scdn.co/image/ab67616d0000b273a349682d76bbf1550d9e7262', '640', NOW(), NOW()),
('7590f84e-878f-438a-b7c9-ada7da344c91', '4AwwAvUgs4naYqROuhlO6E', 'https://i.scdn.co/image/ab67616d00001e02a349682d76bbf1550d9e7262', '300', NOW(), NOW()),
('7590f84e-878f-438a-b7c9-ada7da344c91', '4AwwAvUgs4naYqROuhlO6E', 'https://i.scdn.co/image/ab67616d00004851a349682d76bbf1550d9e7262', '64', NOW(), NOW()),
('d4a0d890-1693-410a-a4c8-b5f847d2c8dc', '56L3SxM76dbmYCD1tOziHB', 'https://i.scdn.co/image/ab67616d0000b273d87bab55adfd573aa344c6c2', '640', NOW(), NOW()),
('d4a0d890-1693-410a-a4c8-b5f847d2c8dc', '56L3SxM76dbmYCD1tOziHB', 'https://i.scdn.co/image/ab67616d00001e02d87bab55adfd573aa344c6c2', '300', NOW(), NOW()),
('d4a0d890-1693-410a-a4c8-b5f847d2c8dc', '56L3SxM76dbmYCD1tOziHB', 'https://i.scdn.co/image/ab67616d00004851d87bab55adfd573aa344c6c2', '64', NOW(), NOW()),
('7f42cead-3d6e-4e36-b98d-2af788dad408', '158jBhgDeXUrzDvSEA6hlL', 'https://i.scdn.co/image/ab67616d0000b2735955a6d0a2704553072888cd', '640', NOW(), NOW()),
('7f42cead-3d6e-4e36-b98d-2af788dad408', '158jBhgDeXUrzDvSEA6hlL', 'https://i.scdn.co/image/ab67616d00001e025955a6d0a2704553072888cd', '300', NOW(), NOW()),
('7f42cead-3d6e-4e36-b98d-2af788dad408', '158jBhgDeXUrzDvSEA6hlL', 'https://i.scdn.co/image/ab67616d000048515955a6d0a2704553072888cd', '64', NOW(), NOW()),
('cecfa5d3-b789-42e6-9495-12b71bed3d4f', '0rCAQNtvPXJav2EGEUbTte', 'https://i.scdn.co/image/ab67616d0000b273fa2b2c12d3d2289427821b5c', '640', NOW(), NOW()),
('cecfa5d3-b789-42e6-9495-12b71bed3d4f', '0rCAQNtvPXJav2EGEUbTte', 'https://i.scdn.co/image/ab67616d00001e02fa2b2c12d3d2289427821b5c', '300', NOW(), NOW()),
('cecfa5d3-b789-42e6-9495-12b71bed3d4f', '0rCAQNtvPXJav2EGEUbTte', 'https://i.scdn.co/image/ab67616d00004851fa2b2c12d3d2289427821b5c', '64', NOW(), NOW()),
('ea29cd6b-cd86-4c01-959e-40f8425fb726', '2oo5v13DoDXhlfKRS1fYMi', 'https://i.scdn.co/image/ab67616d0000b2732761a74e49379d3d57b3eb22', '640', NOW(), NOW()),
('ea29cd6b-cd86-4c01-959e-40f8425fb726', '2oo5v13DoDXhlfKRS1fYMi', 'https://i.scdn.co/image/ab67616d00001e022761a74e49379d3d57b3eb22', '300', NOW(), NOW()),
('ea29cd6b-cd86-4c01-959e-40f8425fb726', '2oo5v13DoDXhlfKRS1fYMi', 'https://i.scdn.co/image/ab67616d000048512761a74e49379d3d57b3eb22', '64', NOW(), NOW()),
('7d97148c-c279-4c21-8734-d5a2f83aea45', '3M8sxzgEUlpfBYF3efTtU5', 'https://i.scdn.co/image/ab67616d0000b2730f7b76d57dcd8b0c357a810d', '640', NOW(), NOW()),
('7d97148c-c279-4c21-8734-d5a2f83aea45', '3M8sxzgEUlpfBYF3efTtU5', 'https://i.scdn.co/image/ab67616d00001e020f7b76d57dcd8b0c357a810d', '300', NOW(), NOW()),
('7d97148c-c279-4c21-8734-d5a2f83aea45', '3M8sxzgEUlpfBYF3efTtU5', 'https://i.scdn.co/image/ab67616d000048510f7b76d57dcd8b0c357a810d', '64', NOW(), NOW()),
('6b74a4e7-6636-45fc-a5ee-d91ef7d4724e', '19WdGKO8JDdL3GmruPHkc1', 'https://i.scdn.co/image/ab67616d0000b2737f3ec7b900476a81367559f2', '640', NOW(), NOW()),
('6b74a4e7-6636-45fc-a5ee-d91ef7d4724e', '19WdGKO8JDdL3GmruPHkc1', 'https://i.scdn.co/image/ab67616d00001e027f3ec7b900476a81367559f2', '300', NOW(), NOW()),
('6b74a4e7-6636-45fc-a5ee-d91ef7d4724e', '19WdGKO8JDdL3GmruPHkc1', 'https://i.scdn.co/image/ab67616d000048517f3ec7b900476a81367559f2', '64', NOW(), NOW()),
('a1f7621b-b862-4086-a871-d9375878c3a2', '3zi1RVCY8qSVwKBogN62AD', 'https://i.scdn.co/image/ab67616d0000b273058d6bfd717be84772cf1666', '640', NOW(), NOW()),
('a1f7621b-b862-4086-a871-d9375878c3a2', '3zi1RVCY8qSVwKBogN62AD', 'https://i.scdn.co/image/ab67616d00001e02058d6bfd717be84772cf1666', '300', NOW(), NOW()),
('a1f7621b-b862-4086-a871-d9375878c3a2', '3zi1RVCY8qSVwKBogN62AD', 'https://i.scdn.co/image/ab67616d00004851058d6bfd717be84772cf1666', '64', NOW(), NOW()),
('71bd4332-bff5-4bf2-a68a-464d0a4070b3', '1ygCFs8VKTz1YvmEboltKJ', 'https://i.scdn.co/image/ab67616d0000b273a40ab692b72e1b7550946992', '640', NOW(), NOW()),
('71bd4332-bff5-4bf2-a68a-464d0a4070b3', '1ygCFs8VKTz1YvmEboltKJ', 'https://i.scdn.co/image/ab67616d00001e02a40ab692b72e1b7550946992', '300', NOW(), NOW()),
('71bd4332-bff5-4bf2-a68a-464d0a4070b3', '1ygCFs8VKTz1YvmEboltKJ', 'https://i.scdn.co/image/ab67616d00004851a40ab692b72e1b7550946992', '64', NOW(), NOW()),
('393747d9-5766-48ef-97d1-9d628e27d5b4', '6T90ewkRtQX7obCexMK66C', 'https://i.scdn.co/image/ab67616d0000b273f5cacb11a1dd052308fc3d22', '640', NOW(), NOW()),
('393747d9-5766-48ef-97d1-9d628e27d5b4', '6T90ewkRtQX7obCexMK66C', 'https://i.scdn.co/image/ab67616d00001e02f5cacb11a1dd052308fc3d22', '300', NOW(), NOW()),
('393747d9-5766-48ef-97d1-9d628e27d5b4', '6T90ewkRtQX7obCexMK66C', 'https://i.scdn.co/image/ab67616d00004851f5cacb11a1dd052308fc3d22', '64', NOW(), NOW()),
('fbd7c8b7-9a68-4f42-91b3-002c22425a8a', '3IvN0hSsaCpMIigGZ4yJ0z', 'https://i.scdn.co/image/ab67616d0000b2735222f0e7e1c915b0f9511135', '640', NOW(), NOW()),
('fbd7c8b7-9a68-4f42-91b3-002c22425a8a', '3IvN0hSsaCpMIigGZ4yJ0z', 'https://i.scdn.co/image/ab67616d00001e025222f0e7e1c915b0f9511135', '300', NOW(), NOW()),
('fbd7c8b7-9a68-4f42-91b3-002c22425a8a', '3IvN0hSsaCpMIigGZ4yJ0z', 'https://i.scdn.co/image/ab67616d000048515222f0e7e1c915b0f9511135', '64', NOW(), NOW()),
('1131f33e-2485-47ea-9a91-70ba744867f0', '2NqVWk0YiTDhX9YrDqkKHm', 'https://i.scdn.co/image/ab67616d0000b27332021048861e2c1cc08f372a', '640', NOW(), NOW()),
('1131f33e-2485-47ea-9a91-70ba744867f0', '2NqVWk0YiTDhX9YrDqkKHm', 'https://i.scdn.co/image/ab67616d00001e0232021048861e2c1cc08f372a', '300', NOW(), NOW()),
('1131f33e-2485-47ea-9a91-70ba744867f0', '2NqVWk0YiTDhX9YrDqkKHm', 'https://i.scdn.co/image/ab67616d0000485132021048861e2c1cc08f372a', '64', NOW(), NOW()),
('06970043-1b7f-4980-be54-b82c40810bf9', '1AttOIOFrGkOPNSq5mB4pd', 'https://i.scdn.co/image/ab67616d0000b2738b302a279cfab9f1a28d2d35', '640', NOW(), NOW()),
('06970043-1b7f-4980-be54-b82c40810bf9', '1AttOIOFrGkOPNSq5mB4pd', 'https://i.scdn.co/image/ab67616d00001e028b302a279cfab9f1a28d2d35', '300', NOW(), NOW()),
('06970043-1b7f-4980-be54-b82c40810bf9', '1AttOIOFrGkOPNSq5mB4pd', 'https://i.scdn.co/image/ab67616d000048518b302a279cfab9f1a28d2d35', '64', NOW(), NOW()),
('487428dd-74a3-47ba-a5da-5b5977df7d25', '1onQ5kLaEHt0gzADgYsc9d', 'https://i.scdn.co/image/ab67616d0000b273f6840265816dece7ca297732', '640', NOW(), NOW()),
('487428dd-74a3-47ba-a5da-5b5977df7d25', '1onQ5kLaEHt0gzADgYsc9d', 'https://i.scdn.co/image/ab67616d00001e02f6840265816dece7ca297732', '300', NOW(), NOW()),
('487428dd-74a3-47ba-a5da-5b5977df7d25', '1onQ5kLaEHt0gzADgYsc9d', 'https://i.scdn.co/image/ab67616d00004851f6840265816dece7ca297732', '64', NOW(), NOW()),
('fa4eb789-ce44-4263-ae79-1dd36f4158ad', '1cvlu9FQk5dawfuyZErjuO', 'https://i.scdn.co/image/ab67616d0000b2737ea0d3614e0e4d0213451798', '640', NOW(), NOW()),
('fa4eb789-ce44-4263-ae79-1dd36f4158ad', '1cvlu9FQk5dawfuyZErjuO', 'https://i.scdn.co/image/ab67616d00001e027ea0d3614e0e4d0213451798', '300', NOW(), NOW()),
('fa4eb789-ce44-4263-ae79-1dd36f4158ad', '1cvlu9FQk5dawfuyZErjuO', 'https://i.scdn.co/image/ab67616d000048517ea0d3614e0e4d0213451798', '64', NOW(), NOW()),
('64b43f80-8b93-4a85-97ef-f0760d4363c0', '6IxZGKd18jpyTUr174jN3h', 'https://i.scdn.co/image/ab67616d0000b2732d9e6cd31e43bd55ff9d6ee7', '640', NOW(), NOW()),
('64b43f80-8b93-4a85-97ef-f0760d4363c0', '6IxZGKd18jpyTUr174jN3h', 'https://i.scdn.co/image/ab67616d00001e022d9e6cd31e43bd55ff9d6ee7', '300', NOW(), NOW()),
('64b43f80-8b93-4a85-97ef-f0760d4363c0', '6IxZGKd18jpyTUr174jN3h', 'https://i.scdn.co/image/ab67616d000048512d9e6cd31e43bd55ff9d6ee7', '64', NOW(), NOW()),
('23ca85d8-e83c-4c07-85a5-e4993c5f472c', '5mf8gNynhNLJNI91jNQKtM', 'https://i.scdn.co/image/ab67616d0000b273ee39965699d77028f77a7a8f', '640', NOW(), NOW()),
('23ca85d8-e83c-4c07-85a5-e4993c5f472c', '5mf8gNynhNLJNI91jNQKtM', 'https://i.scdn.co/image/ab67616d00001e02ee39965699d77028f77a7a8f', '300', NOW(), NOW()),
('23ca85d8-e83c-4c07-85a5-e4993c5f472c', '5mf8gNynhNLJNI91jNQKtM', 'https://i.scdn.co/image/ab67616d00004851ee39965699d77028f77a7a8f', '64', NOW(), NOW()),
('15941f02-9938-42da-91fc-67bf542fdb3f', '0xk7tVvIiC46OFuI6nGi8H', 'https://i.scdn.co/image/ab67616d0000b273adc1ef809fab0ba5f7dfe542', '640', NOW(), NOW()),
('15941f02-9938-42da-91fc-67bf542fdb3f', '0xk7tVvIiC46OFuI6nGi8H', 'https://i.scdn.co/image/ab67616d00001e02adc1ef809fab0ba5f7dfe542', '300', NOW(), NOW()),
('15941f02-9938-42da-91fc-67bf542fdb3f', '0xk7tVvIiC46OFuI6nGi8H', 'https://i.scdn.co/image/ab67616d00004851adc1ef809fab0ba5f7dfe542', '64', NOW(), NOW()),
('9f2e00cc-3d32-4e92-8812-cec51fbaa4fc', '51jVcFBRmDtk0Jd0h8lylY', 'https://i.scdn.co/image/ab67616d0000b2739d64b4fbd2bd333b3002e38d', '640', NOW(), NOW()),
('9f2e00cc-3d32-4e92-8812-cec51fbaa4fc', '51jVcFBRmDtk0Jd0h8lylY', 'https://i.scdn.co/image/ab67616d00001e029d64b4fbd2bd333b3002e38d', '300', NOW(), NOW()),
('9f2e00cc-3d32-4e92-8812-cec51fbaa4fc', '51jVcFBRmDtk0Jd0h8lylY', 'https://i.scdn.co/image/ab67616d000048519d64b4fbd2bd333b3002e38d', '64', NOW(), NOW()),
('8066555f-6245-4ba7-97e5-67401e52e1da', '7nxRN92kV9H0IQ0ORke95b', 'https://i.scdn.co/image/ab67616d0000b273b94c970b96964673650a3b72', '640', NOW(), NOW()),
('8066555f-6245-4ba7-97e5-67401e52e1da', '7nxRN92kV9H0IQ0ORke95b', 'https://i.scdn.co/image/ab67616d00001e02b94c970b96964673650a3b72', '300', NOW(), NOW()),
('8066555f-6245-4ba7-97e5-67401e52e1da', '7nxRN92kV9H0IQ0ORke95b', 'https://i.scdn.co/image/ab67616d00004851b94c970b96964673650a3b72', '64', NOW(), NOW()),
('9f5bd98e-bea6-4df8-a7c9-4c3440741bd5', '4UoRjYlPMAdzlUCJQJQqxm', 'https://i.scdn.co/image/ab67616d0000b2730b5148449dfa725362d59f8f', '640', NOW(), NOW()),
('9f5bd98e-bea6-4df8-a7c9-4c3440741bd5', '4UoRjYlPMAdzlUCJQJQqxm', 'https://i.scdn.co/image/ab67616d00001e020b5148449dfa725362d59f8f', '300', NOW(), NOW()),
('9f5bd98e-bea6-4df8-a7c9-4c3440741bd5', '4UoRjYlPMAdzlUCJQJQqxm', 'https://i.scdn.co/image/ab67616d000048510b5148449dfa725362d59f8f', '64', NOW(), NOW()),
('038370a3-b0e4-4de5-9029-ae73c3afdf01', '5vzwVtcZiriAkTRlNzEE49', 'https://i.scdn.co/image/ab67616d0000b273c4b372e4b3dc821ce9f3584d', '640', NOW(), NOW()),
('038370a3-b0e4-4de5-9029-ae73c3afdf01', '5vzwVtcZiriAkTRlNzEE49', 'https://i.scdn.co/image/ab67616d00001e02c4b372e4b3dc821ce9f3584d', '300', NOW(), NOW()),
('038370a3-b0e4-4de5-9029-ae73c3afdf01', '5vzwVtcZiriAkTRlNzEE49', 'https://i.scdn.co/image/ab67616d00004851c4b372e4b3dc821ce9f3584d', '64', NOW(), NOW()),
('85d5b050-0372-4152-a0a7-9ae2ee048826', '7E4M4J6ee6SzPXWKT4OVtA', 'https://i.scdn.co/image/ab67616d0000b27391e3dea5b2df1352db8091aa', '640', NOW(), NOW()),
('85d5b050-0372-4152-a0a7-9ae2ee048826', '7E4M4J6ee6SzPXWKT4OVtA', 'https://i.scdn.co/image/ab67616d00001e0291e3dea5b2df1352db8091aa', '300', NOW(), NOW()),
('85d5b050-0372-4152-a0a7-9ae2ee048826', '7E4M4J6ee6SzPXWKT4OVtA', 'https://i.scdn.co/image/ab67616d0000485191e3dea5b2df1352db8091aa', '64', NOW(), NOW()),
('210ee49b-2c36-4f98-a43c-8b2c9b052a80', '0R7jVosBHVJF4BkJf8QOfM', 'https://i.scdn.co/image/ab67616d0000b2731749c3c9da81ecff9cc73b67', '640', NOW(), NOW()),
('210ee49b-2c36-4f98-a43c-8b2c9b052a80', '0R7jVosBHVJF4BkJf8QOfM', 'https://i.scdn.co/image/ab67616d00001e021749c3c9da81ecff9cc73b67', '300', NOW(), NOW()),
('210ee49b-2c36-4f98-a43c-8b2c9b052a80', '0R7jVosBHVJF4BkJf8QOfM', 'https://i.scdn.co/image/ab67616d000048511749c3c9da81ecff9cc73b67', '64', NOW(), NOW()),
('3f5059d6-b1ff-4080-b6fb-0285ab032011', '5LlEHDYp693PXRtrTs4T9X', 'https://i.scdn.co/image/ab67616d0000b2735a8cb05f3f234224b118b9d8', '640', NOW(), NOW()),
('3f5059d6-b1ff-4080-b6fb-0285ab032011', '5LlEHDYp693PXRtrTs4T9X', 'https://i.scdn.co/image/ab67616d00001e025a8cb05f3f234224b118b9d8', '300', NOW(), NOW()),
('3f5059d6-b1ff-4080-b6fb-0285ab032011', '5LlEHDYp693PXRtrTs4T9X', 'https://i.scdn.co/image/ab67616d000048515a8cb05f3f234224b118b9d8', '64', NOW(), NOW()),
('cfa810c1-afc8-41c6-818e-80330d04f18d', '1anecVkjWpzSerQywRtmyD', 'https://i.scdn.co/image/ab67616d0000b273ab11002d0e1ca5ecab7df0a3', '640', NOW(), NOW()),
('cfa810c1-afc8-41c6-818e-80330d04f18d', '1anecVkjWpzSerQywRtmyD', 'https://i.scdn.co/image/ab67616d00001e02ab11002d0e1ca5ecab7df0a3', '300', NOW(), NOW()),
('cfa810c1-afc8-41c6-818e-80330d04f18d', '1anecVkjWpzSerQywRtmyD', 'https://i.scdn.co/image/ab67616d00004851ab11002d0e1ca5ecab7df0a3', '64', NOW(), NOW()),
('bca6128a-c28b-4c87-9e99-50d76d9604ae', '3I2XY12LJVjEM9numwcQeM', 'https://i.scdn.co/image/ab67616d0000b27357702c039c0b97d3a203f0b2', '640', NOW(), NOW()),
('bca6128a-c28b-4c87-9e99-50d76d9604ae', '3I2XY12LJVjEM9numwcQeM', 'https://i.scdn.co/image/ab67616d00001e0257702c039c0b97d3a203f0b2', '300', NOW(), NOW()),
('bca6128a-c28b-4c87-9e99-50d76d9604ae', '3I2XY12LJVjEM9numwcQeM', 'https://i.scdn.co/image/ab67616d0000485157702c039c0b97d3a203f0b2', '64', NOW(), NOW()),
('5dd5f473-5a3d-4faa-81b5-8b4601f71161', '0G0kJsK2NbAzfo5qvXUeiO', 'https://i.scdn.co/image/ab67616d0000b2731d0f062474f7e23cd332c447', '640', NOW(), NOW()),
('5dd5f473-5a3d-4faa-81b5-8b4601f71161', '0G0kJsK2NbAzfo5qvXUeiO', 'https://i.scdn.co/image/ab67616d00001e021d0f062474f7e23cd332c447', '300', NOW(), NOW()),
('5dd5f473-5a3d-4faa-81b5-8b4601f71161', '0G0kJsK2NbAzfo5qvXUeiO', 'https://i.scdn.co/image/ab67616d000048511d0f062474f7e23cd332c447', '64', NOW(), NOW()),
('1788c24a-5176-42fc-942a-fe12d7ec3e35', '3gPCitY2mlpRTYgb2tbkQr', 'https://i.scdn.co/image/ab67616d0000b273ad5da3d58eaadda4b5f47204', '640', NOW(), NOW()),
('1788c24a-5176-42fc-942a-fe12d7ec3e35', '3gPCitY2mlpRTYgb2tbkQr', 'https://i.scdn.co/image/ab67616d00001e02ad5da3d58eaadda4b5f47204', '300', NOW(), NOW()),
('1788c24a-5176-42fc-942a-fe12d7ec3e35', '3gPCitY2mlpRTYgb2tbkQr', 'https://i.scdn.co/image/ab67616d00004851ad5da3d58eaadda4b5f47204', '64', NOW(), NOW()),
('1760986e-08c6-4590-8d56-8b73308caaf7', '0q6mHGbVNLNZ9ZkP6haXki', 'https://i.scdn.co/image/ab67616d0000b273eab30a5888a74a62870678a8', '640', NOW(), NOW()),
('1760986e-08c6-4590-8d56-8b73308caaf7', '0q6mHGbVNLNZ9ZkP6haXki', 'https://i.scdn.co/image/ab67616d00001e02eab30a5888a74a62870678a8', '300', NOW(), NOW()),
('1760986e-08c6-4590-8d56-8b73308caaf7', '0q6mHGbVNLNZ9ZkP6haXki', 'https://i.scdn.co/image/ab67616d00004851eab30a5888a74a62870678a8', '64', NOW(), NOW()),
('4a2f68ef-c76c-4005-aa64-c81d50a9facc', '2erQt5n63I1d3U2lTBkxJ6', 'https://i.scdn.co/image/ab67616d0000b2734a7b54bad11e2551235fa4c2', '640', NOW(), NOW()),
('4a2f68ef-c76c-4005-aa64-c81d50a9facc', '2erQt5n63I1d3U2lTBkxJ6', 'https://i.scdn.co/image/ab67616d00001e024a7b54bad11e2551235fa4c2', '300', NOW(), NOW()),
('4a2f68ef-c76c-4005-aa64-c81d50a9facc', '2erQt5n63I1d3U2lTBkxJ6', 'https://i.scdn.co/image/ab67616d000048514a7b54bad11e2551235fa4c2', '64', NOW(), NOW()),
('882c3d92-59a1-4e2f-b3da-9f49bd4a4ec7', '0mDeWiryBSBbkbbiIGqao1', 'https://i.scdn.co/image/ab67616d0000b273506f0dd571b151619af04930', '640', NOW(), NOW()),
('882c3d92-59a1-4e2f-b3da-9f49bd4a4ec7', '0mDeWiryBSBbkbbiIGqao1', 'https://i.scdn.co/image/ab67616d00001e02506f0dd571b151619af04930', '300', NOW(), NOW()),
('882c3d92-59a1-4e2f-b3da-9f49bd4a4ec7', '0mDeWiryBSBbkbbiIGqao1', 'https://i.scdn.co/image/ab67616d00004851506f0dd571b151619af04930', '64', NOW(), NOW()),
('e7710439-e513-46eb-890a-9a2d5d3c8b0b', '5LogQOxTl5YnVr5hguEdTd', 'https://i.scdn.co/image/ab67616d0000b273dae6af78457a0b382f8104a5', '640', NOW(), NOW()),
('e7710439-e513-46eb-890a-9a2d5d3c8b0b', '5LogQOxTl5YnVr5hguEdTd', 'https://i.scdn.co/image/ab67616d00001e02dae6af78457a0b382f8104a5', '300', NOW(), NOW()),
('e7710439-e513-46eb-890a-9a2d5d3c8b0b', '5LogQOxTl5YnVr5hguEdTd', 'https://i.scdn.co/image/ab67616d00004851dae6af78457a0b382f8104a5', '64', NOW(), NOW());



INSERT INTO "Song" ("id", "albumId", "title", "duration", "lyric", "filePathAudio", "privacy", "uploadUserId", "createdAt", "updatedAt") VALUES
('96201521-b91c-4fee-b5d3-630c5404de5f', '5dd67418-72f1-483c-9542-22fb3ccd2711', 'Gieo Quẻ (feat. Đen)', '198947', 'lyric', 'https://audiomelodies.nyc3.digitaloceanspaces.com/LOC/HoangThuyLinh/LINK/GieoQuefeatDen.m4a', FALSE, 'Null', NOW(), NOW()),
('d080d4cd-029d-4034-8903-13aa2969d0b1', '5dd67418-72f1-483c-9542-22fb3ccd2711', 'See Tình', '185002', 'lyric', 'https://audiomelodies.nyc3.digitaloceanspaces.com/LOC/HoangThuyLinh/LINK/SeeTinh.m4a', FALSE, 'Null', NOW(), NOW()),
('9c10d272-7610-417c-8462-3df1eab65e95', '5dd67418-72f1-483c-9542-22fb3ccd2711', 'Lúc Thấy Lúc Không', '173000', 'lyric', 'https://audiomelodies.nyc3.digitaloceanspaces.com/LOC/HoangThuyLinh/LINK/LucThayLucKhong.m4a', FALSE, 'Null', NOW(), NOW()),
('1c4de5f0-34b5-469d-ab98-e85388d646f6', '5dd67418-72f1-483c-9542-22fb3ccd2711', 'Bắt Vía (feat. Wren Evans & Mew Amazing)', '204000', 'lyric', 'https://audiomelodies.nyc3.digitaloceanspaces.com/LOC/HoangThuyLinh/LINK/BatViafeatWrenEvansMewAmazing.m4a', FALSE, 'Null', NOW(), NOW()),
('04e5b2ae-0580-4efb-b42f-0c78c862cd61', '5dd67418-72f1-483c-9542-22fb3ccd2711', 'không một bài hát nào có thể diễn tả cảm xúc của em lúc này. (feat. Thanh Bui)', '240500', 'lyric', 'https://audiomelodies.nyc3.digitaloceanspaces.com/LOC/HoangThuyLinh/LINK/khongmotbaihatnaocothedientacamxuccuaemlucnayfeatThanhBui.m4a', FALSE, 'Null', NOW(), NOW()),
('81b17824-7e00-4f80-8523-627c2ba6fefe', '5dd67418-72f1-483c-9542-22fb3ccd2711', 'Bo Xì Bo', '172000', 'lyric', 'https://audiomelodies.nyc3.digitaloceanspaces.com/LOC/HoangThuyLinh/LINK/BoXiBo.m4a', FALSE, 'Null', NOW(), NOW()),
('4b075206-f643-448c-9ecc-938efaa0586d', '5dd67418-72f1-483c-9542-22fb3ccd2711', 'Trưởng Nữ Chạy Trốn', '195008', 'lyric', 'https://audiomelodies.nyc3.digitaloceanspaces.com/LOC/HoangThuyLinh/LINK/TruongNuChayTron.m4a', FALSE, 'Null', NOW(), NOW()),
('de769e06-bad4-4fea-aa12-061d48514125', '5dd67418-72f1-483c-9542-22fb3ccd2711', 'Đánh Đố (feat. Thanh Lam & Tùng Dương)', '268235', 'lyric', 'https://audiomelodies.nyc3.digitaloceanspaces.com/LOC/HoangThuyLinh/LINK/DanhDofeatThanhLamTungDuong.m4a', FALSE, 'Null', NOW(), NOW()),
('40e3d59b-0791-4e00-8f4d-e9f6882329de', '5dd67418-72f1-483c-9542-22fb3ccd2711', 'Hạ Phỏm', '195750', 'lyric', 'https://audiomelodies.nyc3.digitaloceanspaces.com/LOC/HoangThuyLinh/LINK/HaPhom.m4a', FALSE, 'Null', NOW(), NOW()),
('99fe882f-7713-47c5-9b00-ef28a518a169', 'b8a8a47f-43e2-4446-81e5-76d116ed9332', 'Khởi Đầu', '34858', 'lyric', 'https://audiomelodies.nyc3.digitaloceanspaces.com/LOC/HoangThuyLinh/Hoang/KhoiDau.m4a', FALSE, 'Null', NOW(), NOW()),
('5e39e888-a96e-4f26-a543-e691a5dfd6ae', 'b8a8a47f-43e2-4446-81e5-76d116ed9332', 'Để Mị Nói Cho Mà Nghe', '193877', 'lyric', 'https://audiomelodies.nyc3.digitaloceanspaces.com/LOC/HoangThuyLinh/eMiNoiChoMaNghe/DeMiNoiChoMaNghe.m4a', FALSE, 'Null', NOW(), NOW()),
('2634759e-8059-452e-96d6-3763d98c5231', 'b8a8a47f-43e2-4446-81e5-76d116ed9332', 'Duyên Âm', '179541', 'lyric', 'https://audiomelodies.nyc3.digitaloceanspaces.com/LOC/HoangThuyLinh/Hoang/DuyenAm.m4a', FALSE, 'Null', NOW(), NOW()),
('b0be76a7-500c-4db2-a3ef-4611bc19eca8', 'b8a8a47f-43e2-4446-81e5-76d116ed9332', 'Em Đây Chẳng Phải Thúy Kiều', '214499', 'lyric', 'https://audiomelodies.nyc3.digitaloceanspaces.com/LOC/HoangThuyLinh/Hoang/EmDayChangPhaiThuyKieu.m4a', FALSE, 'Null', NOW(), NOW()),
('1bd0e7bd-efd7-499c-b34a-e6b6ea6f83f7', 'b8a8a47f-43e2-4446-81e5-76d116ed9332', 'Lắm Mối Tối Ngồi Không', '194645', 'lyric', 'https://audiomelodies.nyc3.digitaloceanspaces.com/LOC/HoangThuyLinh/Hoang/LamMoiToiNgoiKhong.m4a', FALSE, 'Null', NOW(), NOW()),
('3cc0fb9f-515c-4259-a308-c79e7d7e4f1b', 'b8a8a47f-43e2-4446-81e5-76d116ed9332', 'Kẽo Cà Kẽo Kẹt', '195455', 'lyric', 'https://audiomelodies.nyc3.digitaloceanspaces.com/LOC/HoangThuyLinh/Hoang/KeoCaKeoKet.m4a', FALSE, 'Null', NOW(), NOW()),
('c56a08cf-7574-4e5e-83db-06fbd8779321', 'b8a8a47f-43e2-4446-81e5-76d116ed9332', 'Tứ Phủ', '264566', 'lyric', 'https://audiomelodies.nyc3.digitaloceanspaces.com/LOC/HoangThuyLinh/Hoang/TuPhu.m4a', FALSE, 'Null', NOW(), NOW()),
('1ac4af03-ea8d-4099-af0f-68c5e36b86d3', 'b8a8a47f-43e2-4446-81e5-76d116ed9332', 'Kẻ Cắp Gặp Bà Già (feat. Binz)', '231504', 'lyric', 'https://audiomelodies.nyc3.digitaloceanspaces.com/LOC/HoangThuyLinh/Hoang/KeCapGapBaGiafeatBinz.m4a', FALSE, 'Null', NOW(), NOW()),
('0e3ad5c7-7596-4a54-b607-bb1cbe6491fe', 'b8a8a47f-43e2-4446-81e5-76d116ed9332', 'Giải Kết', '75434', 'lyric', 'https://audiomelodies.nyc3.digitaloceanspaces.com/LOC/HoangThuyLinh/Hoang/GiaiKet.m4a', FALSE, 'Null', NOW(), NOW()),
('2fda1a87-53f8-4662-8474-5abc341f586a', 'b4596645-c63c-4f42-bd99-3b15bfb6b796', 'Chuyện Tình Lá Gió', '306363', 'lyric', 'https://audiomelodies.nyc3.digitaloceanspaces.com/LOC/HoangThuyLinh/TheBalladHit/ChuyenTinhLaGio.m4a', FALSE, 'Null', NOW(), NOW()),
('4570653f-c6cc-4555-8257-f33c6faa8d67', 'b4596645-c63c-4f42-bd99-3b15bfb6b796', 'Cho Nhau Lối Đi Riêng', '222773', 'lyric', 'https://audiomelodies.nyc3.digitaloceanspaces.com/LOC/HoangThuyLinh/NhipapGiacMo/ChoNhauLoiDiRieng.m4a', FALSE, 'Null', NOW(), NOW()),
('f0414726-bf90-43d6-9e68-4f38ac137a29', 'b4596645-c63c-4f42-bd99-3b15bfb6b796', 'Yêu Anh', '241746', 'lyric', 'https://audiomelodies.nyc3.digitaloceanspaces.com/LOC/HoangThuyLinh/MiniAlbum2012/YeuAnh.m4a', FALSE, 'Null', NOW(), NOW()),
('d280c3e9-1eed-4d73-aaad-e94813ab7a3e', 'b4596645-c63c-4f42-bd99-3b15bfb6b796', 'Em Sẽ Là Giấc Mơ', '233386', 'lyric', 'https://audiomelodies.nyc3.digitaloceanspaces.com/LOC/HoangThuyLinh/TheBalladHit/EmSeLaGiacMo.m4a', FALSE, 'Null', NOW(), NOW()),
('888b2682-3667-41a9-894d-2209296cd8cd', 'b4596645-c63c-4f42-bd99-3b15bfb6b796', 'Lại Lần Nữa', '285866', 'lyric', 'https://audiomelodies.nyc3.digitaloceanspaces.com/LOC/HoangThuyLinh/TheBalladHit/LaiLanNua.m4a', FALSE, 'Null', NOW(), NOW()),
('48729b28-2028-4183-bc8b-86c7d349ea04', 'b4596645-c63c-4f42-bd99-3b15bfb6b796', 'Anh Có Nhớ Gì', '300160', 'lyric', 'https://audiomelodies.nyc3.digitaloceanspaces.com/LOC/HoangThuyLinh/NhipapGiacMo/AnhCoNhoGi.m4a', FALSE, 'Null', NOW(), NOW()),
('d18e91a3-5e83-4749-a089-5f06f4dc30f6', 'b4596645-c63c-4f42-bd99-3b15bfb6b796', 'Cô Đơn Là Nỗi Đau', '260480', 'lyric', 'https://audiomelodies.nyc3.digitaloceanspaces.com/LOC/HoangThuyLinh/TheBalladHit/CoDonLaNoiDau.m4a', FALSE, 'Null', NOW(), NOW()),
('008584b5-9ca2-4639-abf6-1d4121d0bdfe', 'b4596645-c63c-4f42-bd99-3b15bfb6b796', 'Đôi Khi Em Muốn Khóc', '259127', 'lyric', 'https://audiomelodies.nyc3.digitaloceanspaces.com/LOC/HoangThuyLinh/TheBalladHit/DoiKhiEmMuonKhoc.m4a', FALSE, 'Null', NOW(), NOW()),
('e97a1582-ddf4-44f8-961f-885f83f5acdc', 'b4596645-c63c-4f42-bd99-3b15bfb6b796', 'Cảm Ơn Vì Yêu Em', '290026', 'lyric', 'https://audiomelodies.nyc3.digitaloceanspaces.com/LOC/HoangThuyLinh/NhipapGiacMo/CamOnViYeuEm.m4a', FALSE, 'Null', NOW(), NOW()),
('0d3ab7c1-e74d-4ff6-a46a-b1b2aa27580a', '6c6c60f1-e5f6-4132-86f9-6b09a00316ab', 'Ngày Không Anh', '214466', 'lyric', 'https://audiomelodies.nyc3.digitaloceanspaces.com/LOC/HoangThuyLinh/ungVoiVang/NgayKhongAnh.m4a', FALSE, 'Null', NOW(), NOW()),
('861b19e6-3772-4e5a-bf60-39e7e1ddcc45', '6c6c60f1-e5f6-4132-86f9-6b09a00316ab', 'Chạy Trốn', '173360', 'lyric', 'https://audiomelodies.nyc3.digitaloceanspaces.com/LOC/HoangThuyLinh/ungVoiVang/ChayTron.m4a', FALSE, 'Null', NOW(), NOW()),
('359e9b9e-a461-4bfd-a6f2-0809126d7567', '6c6c60f1-e5f6-4132-86f9-6b09a00316ab', 'Lại Lần Nữa', '285866', 'lyric', 'https://audiomelodies.nyc3.digitaloceanspaces.com/LOC/HoangThuyLinh/ungVoiVang/LaiLanNua.m4a', FALSE, 'Null', NOW(), NOW()),
('8ff7f220-9ef1-4843-bb4c-207297aa4931', '6c6c60f1-e5f6-4132-86f9-6b09a00316ab', 'Đừng Vội Vàng', '257946', 'lyric', 'https://audiomelodies.nyc3.digitaloceanspaces.com/LOC/HoangThuyLinh/ungVoiVang/DungVoiVang.m4a', FALSE, 'Null', NOW(), NOW()),
('1243a931-91e3-49cd-8165-6a075d49c737', '6c6c60f1-e5f6-4132-86f9-6b09a00316ab', 'Em Sẽ Là Giấc Mơ', '233386', 'lyric', 'https://audiomelodies.nyc3.digitaloceanspaces.com/LOC/HoangThuyLinh/ungVoiVang/EmSeLaGiacMo.m4a', FALSE, 'Null', NOW(), NOW()),
('654d76d7-f690-4c78-9199-aefeea5cfa08', '6c6c60f1-e5f6-4132-86f9-6b09a00316ab', 'Sợi Dây', '233933', 'lyric', 'https://audiomelodies.nyc3.digitaloceanspaces.com/LOC/HoangThuyLinh/ungVoiVang/SoiDay.m4a', FALSE, 'Null', NOW(), NOW()),
('56d89414-2e02-411c-a478-892fbaddc46b', '6c6c60f1-e5f6-4132-86f9-6b09a00316ab', 'Trôi Theo Thời Gian', '225280', 'lyric', 'https://audiomelodies.nyc3.digitaloceanspaces.com/LOC/HoangThuyLinh/ungVoiVang/TroiTheoThoiGian.m4a', FALSE, 'Null', NOW(), NOW()),
('00cad792-bab2-4910-9538-a2512f37aad7', '6c6c60f1-e5f6-4132-86f9-6b09a00316ab', 'Kỉ Niệm', '220813', 'lyric', 'https://audiomelodies.nyc3.digitaloceanspaces.com/LOC/HoangThuyLinh/ungVoiVang/KiNiem.m4a', FALSE, 'Null', NOW(), NOW()),
('794a8477-2434-4867-b930-93371a7f98dc', '6c6c60f1-e5f6-4132-86f9-6b09a00316ab', 'Cô Đơn Là Nỗi Đau', '260480', 'lyric', 'https://audiomelodies.nyc3.digitaloceanspaces.com/LOC/HoangThuyLinh/ungVoiVang/CoDonLaNoiDau.m4a', FALSE, 'Null', NOW(), NOW()),
('f0d1e162-1a9e-4460-a928-8038046cdcec', '6c6c60f1-e5f6-4132-86f9-6b09a00316ab', 'Giấu', '241493', 'lyric', 'https://audiomelodies.nyc3.digitaloceanspaces.com/LOC/HoangThuyLinh/ungVoiVang/Giau.m4a', FALSE, 'Null', NOW(), NOW()),
('f3675c26-c18d-49a5-927b-c1fb821808d2', '7590f84e-878f-438a-b7c9-ada7da344c91', 'Nhịp Đập Giấc Mơ', '244760', 'lyric', 'https://audiomelodies.nyc3.digitaloceanspaces.com/LOC/HoangThuyLinh/NhipapGiacMo/NhipDapGiacMo.m4a', FALSE, 'Null', NOW(), NOW()),
('d5b8834e-30c5-4ac6-aae5-c36afeebee9c', '7590f84e-878f-438a-b7c9-ada7da344c91', 'Cảm Ơn Vì Yêu Em', '290026', 'lyric', 'https://audiomelodies.nyc3.digitaloceanspaces.com/LOC/HoangThuyLinh/TheBalladHit/CamOnViYeuEm.m4a', FALSE, 'Null', NOW(), NOW()),
('efe9368e-ba9f-4d8b-a510-e4a1b224da56', '7590f84e-878f-438a-b7c9-ada7da344c91', 'Rung Động', '211013', 'lyric', 'https://audiomelodies.nyc3.digitaloceanspaces.com/LOC/HoangThuyLinh/NhipapGiacMo/RungDong.m4a', FALSE, 'Null', NOW(), NOW()),
('9c4a17f5-0cee-4b63-9bec-bd090f2ff5de', '7590f84e-878f-438a-b7c9-ada7da344c91', 'Nghe Này Chàng Trai', '206840', 'lyric', 'https://audiomelodies.nyc3.digitaloceanspaces.com/LOC/HoangThuyLinh/NhipapGiacMo/NgheNayChangTrai.m4a', FALSE, 'Null', NOW(), NOW()),
('3334a6f9-f635-44c0-8720-655aff6edcca', '7590f84e-878f-438a-b7c9-ada7da344c91', 'Anh Có Nhớ Gì', '300160', 'lyric', 'https://audiomelodies.nyc3.digitaloceanspaces.com/LOC/HoangThuyLinh/TheBalladHit/AnhCoNhoGi.m4a', FALSE, 'Null', NOW(), NOW()),
('259e622a-83e3-4699-a58d-cfc6e34980c9', '7590f84e-878f-438a-b7c9-ada7da344c91', 'Tìm Lại Tình Yêu', '226760', 'lyric', 'https://audiomelodies.nyc3.digitaloceanspaces.com/LOC/HoangThuyLinh/NhipapGiacMo/TimLaiTinhYeu.m4a', FALSE, 'Null', NOW(), NOW()),
('2e1ebd14-869a-471e-9639-ae9f54320fcc', '7590f84e-878f-438a-b7c9-ada7da344c91', 'Khóc Lần Cuối', '192720', 'lyric', 'https://audiomelodies.nyc3.digitaloceanspaces.com/LOC/HoangThuyLinh/NhipapGiacMo/KhocLanCuoi.m4a', FALSE, 'Null', NOW(), NOW()),
('f825a75d-294f-4eab-af5e-89026d70ed3e', '7590f84e-878f-438a-b7c9-ada7da344c91', 'Cho Nhau Lối Đi Riêng', '222773', 'lyric', 'https://audiomelodies.nyc3.digitaloceanspaces.com/LOC/HoangThuyLinh/TheBalladHit/ChoNhauLoiDiRieng.m4a', FALSE, 'Null', NOW(), NOW()),
('77ab9043-4ff7-4e4b-9831-68d84d83e558', '7590f84e-878f-438a-b7c9-ada7da344c91', 'Dưới Ánh Nến', '180800', 'lyric', 'https://audiomelodies.nyc3.digitaloceanspaces.com/LOC/HoangThuyLinh/NhipapGiacMo/DuoiAnhNen.m4a', FALSE, 'Null', NOW(), NOW()),
('9374b22c-f4f7-4dd6-87fc-68b63e930b81', '7590f84e-878f-438a-b7c9-ada7da344c91', 'Phía Sau Ánh Sáng', '179186', 'lyric', 'https://audiomelodies.nyc3.digitaloceanspaces.com/LOC/HoangThuyLinh/NhipapGiacMo/PhiaSauAnhSang.m4a', FALSE, 'Null', NOW(), NOW()),
('4ed21358-5fcf-4d6c-a4c3-7acbfead5259', '7590f84e-878f-438a-b7c9-ada7da344c91', 'Ngày Hạnh Phúc', '218053', 'lyric', 'https://audiomelodies.nyc3.digitaloceanspaces.com/LOC/HoangThuyLinh/NhipapGiacMo/NgayHanhPhuc.m4a', FALSE, 'Null', NOW(), NOW()),
('ebe28cda-6546-485f-ae9e-111138c78f39', 'd4a0d890-1693-410a-a4c8-b5f847d2c8dc', 'Trái đất ôm Mặt trời', '194703', 'lyric', 'nan', FALSE, 'Null', NOW(), NOW()),
('d9220f5a-3e61-4028-b9b1-9f4d4830dcf8', '7f42cead-3d6e-4e36-b98d-2af788dad408', 'Miền Đất Hứa', '239519', 'lyric', 'https://audiomelodies.nyc3.digitaloceanspaces.com/LOC/HoangThuyLinh/MienatHua/MienDatHua.m4a', FALSE, 'Null', NOW(), NOW()),
('1598a7ac-55c0-4104-8031-0797af25a73b', 'cecfa5d3-b789-42e6-9495-12b71bed3d4f', 'Lời chào ấm áp đến với Vietnamese concert', '20539', 'lyric', 'nan', FALSE, 'Null', NOW(), NOW()),
('bf201711-e9c4-4e56-95b3-206dba206020', 'cecfa5d3-b789-42e6-9495-12b71bed3d4f', 'Các bạn đã thuộc hết các ca khúc trong album LINK chưa?', '26315', 'lyric', 'nan', FALSE, 'Null', NOW(), NOW()),
('f2f917f0-3474-424f-8b99-0f17d0afbc84', 'cecfa5d3-b789-42e6-9495-12b71bed3d4f', 'Đã 4 năm trôi qua kể từ ngày phát hành album Hoàng', '23787', 'lyric', 'nan', FALSE, 'Null', NOW(), NOW()),
('a4a08cb8-8b4e-4248-9752-a66a65ff3b96', 'cecfa5d3-b789-42e6-9495-12b71bed3d4f', 'Bật mí các ca khúc trong Vietnamese concert', '27664', 'lyric', 'nan', FALSE, 'Null', NOW(), NOW()),
('0931da0b-bf1a-4b57-ab3e-8ff50975299e', 'ea29cd6b-cd86-4c01-959e-40f8425fb726', 'CHẤT ÊM. MY GAME', '217619', 'lyric', 'nan', FALSE, 'Null', NOW(), NOW()),
('70aa3f8c-2540-4ac3-8469-96d5475be434', '7d97148c-c279-4c21-8734-d5a2f83aea45', 'Đợi Chờ Đừng Cáu', '168837', 'lyric', 'nan', FALSE, 'Null', NOW(), NOW()),
('8d2a547b-563a-49ee-b99d-785bf234295e', '6b74a4e7-6636-45fc-a5ee-d91ef7d4724e', 'Kiềng 3 Chân', '196363', 'lyric', 'nan', FALSE, 'Null', NOW(), NOW()),
('1c0e701e-ad11-490f-a45f-dede66d3ed46', 'a1f7621b-b862-4086-a871-d9375878c3a2', 'Đánh Đố (feat. Thanh Lam & Tùng Dương)', '268235', 'lyric', 'nan', FALSE, 'Null', NOW(), NOW()),
('100a20d9-99de-48a8-ab7a-f1afe675bf13', '71bd4332-bff5-4bf2-a68a-464d0a4070b3', 'Đánh Đố - Teaser', '38823', 'lyric', 'nan', FALSE, 'Null', NOW(), NOW()),
('8e7dcd55-1312-49af-946f-e307d867620e', '393747d9-5766-48ef-97d1-9d628e27d5b4', 'See Tình - Speed Up Version', '142105', 'lyric', 'nan', FALSE, 'Null', NOW(), NOW()),
('6bb35e25-086d-478f-8e33-db1a38812886', 'fbd7c8b7-9a68-4f42-91b3-002c22425a8a', 'See Tình - Cukak Remix', '170158', 'lyric', 'nan', FALSE, 'Null', NOW(), NOW()),
('45cf28e1-c41c-42b1-b3da-904fe0ca45e5', '1131f33e-2485-47ea-9a91-70ba744867f0', 'Việt Nam Hết Mình', '210768', 'lyric', 'nan', FALSE, 'Null', NOW(), NOW()),
('1306cef7-9e48-4681-bdbe-5f4da55964b5', '06970043-1b7f-4980-be54-b82c40810bf9', 'See Tình', '185002', 'lyric', 'nan', FALSE, 'Null', NOW(), NOW()),
('94a9620f-ad00-4b41-ae58-873ce025c5ac', '487428dd-74a3-47ba-a5da-5b5977df7d25', 'Gieo Quẻ - Dance Performance', '196842', 'lyric', 'nan', FALSE, 'Null', NOW(), NOW()),
('1f141329-e840-4435-b720-b95b8c721445', 'fa4eb789-ce44-4263-ae79-1dd36f4158ad', 'Gieo Quẻ (feat. Đen)', '198947', 'lyric', 'nan', FALSE, 'Null', NOW(), NOW()),
('83bbce48-6393-4e9a-8e63-e347efbc5d34', '64b43f80-8b93-4a85-97ef-f0760d4363c0', 'LK Để Mị Nói Cho Mà Nghe, Duyên Âm - Live At Tết Tân Thời', '282960', 'lyric', 'nan', FALSE, 'Null', NOW(), NOW()),
('37c8d1bd-335f-48c9-8640-5bef6cbd8438', '23ca85d8-e83c-4c07-85a5-e4993c5f472c', 'Kẻ Cắp Gặp Bà Già - Live At Tết Tân Thời', '225560', 'lyric', 'nan', FALSE, 'Null', NOW(), NOW()),
('60a19e6c-7f1d-4972-988a-1dd8e54e38be', '15941f02-9938-42da-91fc-67bf542fdb3f', 'Kẻ Cắp Gặp Bà Già - Live At Tết Tân Thời', '225560', 'lyric', 'nan', FALSE, 'Null', NOW(), NOW()),
('f6d02e95-cf2a-4817-a672-40333b5ff2a9', '9f2e00cc-3d32-4e92-8812-cec51fbaa4fc', 'Cánh Cửa Diệu Kỳ', '226813', 'lyric', 'nan', FALSE, 'Null', NOW(), NOW()),
('a6850d38-5761-4b02-be0f-784f1908f546', '8066555f-6245-4ba7-97e5-67401e52e1da', 'Khi Tình Yêu Đủ Lớn (feat. Rtee)', '263323', 'lyric', 'nan', FALSE, 'Null', NOW(), NOW()),
('76d27892-dfbe-43b4-afb5-384038fb19d7', '9f5bd98e-bea6-4df8-a7c9-4c3440741bd5', 'Việt Nam Tử Tế', '211380', 'lyric', 'nan', FALSE, 'Null', NOW(), NOW()),
('bc1117ef-7b4b-4dd5-acc9-3d8ba926b184', '9f5bd98e-bea6-4df8-a7c9-4c3440741bd5', 'Việt Nam Tử Tế - Instrumental', '211380', 'lyric', 'nan', FALSE, 'Null', NOW(), NOW()),
('f98d42ac-5f83-4747-8afc-16ff3f33f2f6', '038370a3-b0e4-4de5-9029-ae73c3afdf01', 'Làm Gì Phải Hốt', '189296', 'lyric', 'https://audiomelodies.nyc3.digitaloceanspaces.com/LOC/HoangThuyLinh/LamGiPhaiHot/LamGiPhaiHot.m4a', FALSE, 'Null', NOW(), NOW()),
('b6501e74-2de1-4f62-9c63-ceb846162de8', '85d5b050-0372-4152-a0a7-9ae2ee048826', 'Tứ Phủ', '264566', 'lyric', 'https://audiomelodies.nyc3.digitaloceanspaces.com/LOC/HoangThuyLinh/TuPhu/TuPhu.m4a', FALSE, 'Null', NOW(), NOW()),
('6acc6f7f-4b44-4b13-bd3c-696617b5d672', '210ee49b-2c36-4f98-a43c-8b2c9b052a80', 'Để Mị Nói Cho Mà Nghe', '193877', 'lyric', 'https://audiomelodies.nyc3.digitaloceanspaces.com/LOC/HoangThuyLinh/Hoang/DeMiNoiChoMaNghe.m4a', FALSE, 'Null', NOW(), NOW()),
('4f70728f-d652-44ca-93a3-666c46ebadd6', '3f5059d6-b1ff-4080-b6fb-0285ab032011', 'Fall In Love (feat. Kimmese)', '306363', 'lyric', 'https://audiomelodies.nyc3.digitaloceanspaces.com/LOC/HoangThuyLinh/FallInLove/FallInLovefeatKimmese.m4a', FALSE, 'Null', NOW(), NOW()),
('b1279400-c954-4f96-802b-f9b461dcce25', '3f5059d6-b1ff-4080-b6fb-0285ab032011', 'Fall In Love (feat. Kimmese) - Chill Version', '234146', 'lyric', 'https://audiomelodies.nyc3.digitaloceanspaces.com/LOC/HoangThuyLinh/FallInLove/FallInLovefeatKimmeseChillVersion.m4a', FALSE, 'Null', NOW(), NOW()),
('baeb4237-8abd-465e-b75c-77c1eb532568', 'cfa810c1-afc8-41c6-818e-80330d04f18d', 'Fall In Love', '226285', 'lyric', 'https://audiomelodies.nyc3.digitaloceanspaces.com/LOC/HoangThuyLinh/FallInLove/FallInLove.m4a', FALSE, 'Null', NOW(), NOW()),
('6c9ff8cc-d0ee-4a4b-9629-f86690c47929', 'bca6128a-c28b-4c87-9e99-50d76d9604ae', 'I'm Gonna Break', '265225', 'lyric', 'https://audiomelodies.nyc3.digitaloceanspaces.com/LOC/HoangThuyLinh/SIX/ImGonnaBreak.m4a', FALSE, 'Null', NOW(), NOW()),
('6e326568-5c04-46a8-b71d-c8ec8de76621', 'bca6128a-c28b-4c87-9e99-50d76d9604ae', 'High', '272000', 'lyric', 'https://audiomelodies.nyc3.digitaloceanspaces.com/LOC/HoangThuyLinh/EP2013/High.m4a', FALSE, 'Null', NOW(), NOW()),
('8fb1004b-85e6-4798-9c57-f70914b72bdf', 'bca6128a-c28b-4c87-9e99-50d76d9604ae', 'Bánh Trôi Nước', '267000', 'lyric', 'https://audiomelodies.nyc3.digitaloceanspaces.com/LOC/HoangThuyLinh/SIX/BanhTroiNuoc.m4a', FALSE, 'Null', NOW(), NOW()),
('3d1055d3-88be-4e5e-8cf3-faca481fb261', 'bca6128a-c28b-4c87-9e99-50d76d9604ae', 'London Bridge', '256000', 'lyric', 'https://audiomelodies.nyc3.digitaloceanspaces.com/LOC/HoangThuyLinh/SIX/LondonBridge.m4a', FALSE, 'Null', NOW(), NOW()),
('e31e6883-fa32-4cbd-a147-d8dfaf160cf6', '5dd5f473-5a3d-4faa-81b5-8b4601f71161', 'Just You (feat. Wowy)', '208000', 'lyric', 'https://audiomelodies.nyc3.digitaloceanspaces.com/LOC/HoangThuyLinh/JustYou/JustYoufeatWowy.m4a', FALSE, 'Null', NOW(), NOW()),
('829df801-3d38-4ad2-8e5f-813fe0bf4ca6', '5dd5f473-5a3d-4faa-81b5-8b4601f71161', 'Just You (feat. I.A.MY)', '209000', 'lyric', 'https://audiomelodies.nyc3.digitaloceanspaces.com/LOC/HoangThuyLinh/JustYou/JustYoufeatIAMY.m4a', FALSE, 'Null', NOW(), NOW()),
('bab16f6d-a870-4c75-8d83-edf42e73717f', '5dd5f473-5a3d-4faa-81b5-8b4601f71161', 'High', '272000', 'lyric', 'https://audiomelodies.nyc3.digitaloceanspaces.com/LOC/HoangThuyLinh/JustYou/High.m4a', FALSE, 'Null', NOW(), NOW()),
('e5bde3f3-6fac-4346-8e68-0e7c456fd828', '1788c24a-5176-42fc-942a-fe12d7ec3e35', 'Rơi - 2014 Dance Version', '245500', 'lyric', 'https://audiomelodies.nyc3.digitaloceanspaces.com/LOC/HoangThuyLinh/Roi2014DanceVersion/Roi2014DanceVersion.m4a', FALSE, 'Null', NOW(), NOW()),
('2c84d831-033e-4a68-949f-b122d3d30755', '1760986e-08c6-4590-8d56-8b73308caaf7', 'Crazy - TLVR RMX', '215000', 'lyric', 'https://audiomelodies.nyc3.digitaloceanspaces.com/LOC/HoangThuyLinh/EP2013/CrazyTLVRRMX.m4a', FALSE, 'Null', NOW(), NOW()),
('15c266aa-b1f6-47eb-8389-4f37b9430f62', '1760986e-08c6-4590-8d56-8b73308caaf7', 'Last Time', '231000', 'lyric', 'https://audiomelodies.nyc3.digitaloceanspaces.com/LOC/HoangThuyLinh/EP2013/LastTime.m4a', FALSE, 'Null', NOW(), NOW()),
('634a13d1-f770-44ca-91f3-a11b45c1e7b1', '1760986e-08c6-4590-8d56-8b73308caaf7', 'High', '272000', 'lyric', 'https://audiomelodies.nyc3.digitaloceanspaces.com/LOC/HoangThuyLinh/SIX/High.m4a', FALSE, 'Null', NOW(), NOW()),
('c4695380-2785-4b1c-99c9-282bb2b6dedc', '4a2f68ef-c76c-4005-aa64-c81d50a9facc', 'Rơi', '232013', 'lyric', 'https://audiomelodies.nyc3.digitaloceanspaces.com/LOC/HoangThuyLinh/MiniAlbum2012/Roi.m4a', FALSE, 'Null', NOW(), NOW()),
('e969a8a4-7b0b-48a9-953a-089e5d7fa005', '4a2f68ef-c76c-4005-aa64-c81d50a9facc', 'Hờn Dỗi', '203266', 'lyric', 'https://audiomelodies.nyc3.digitaloceanspaces.com/LOC/HoangThuyLinh/HonDoi/HonDoi.m4a', FALSE, 'Null', NOW(), NOW()),
('a1398226-6fa5-4cd9-bbcf-2f01bddcebb2', '4a2f68ef-c76c-4005-aa64-c81d50a9facc', 'Tiếng Đêm', '232213', 'lyric', 'https://audiomelodies.nyc3.digitaloceanspaces.com/LOC/HoangThuyLinh/MiniAlbum2012/TiengDem.m4a', FALSE, 'Null', NOW(), NOW()),
('71151d41-a175-4cf9-bbf1-33ffd391a4ac', '4a2f68ef-c76c-4005-aa64-c81d50a9facc', 'Hãy Cứ Đón Lấy', '207653', 'lyric', 'https://audiomelodies.nyc3.digitaloceanspaces.com/LOC/HoangThuyLinh/MiniAlbum2012/HayCuDonLay.m4a', FALSE, 'Null', NOW(), NOW()),
('64a17ff8-4b0d-4e9d-b463-3187ca977915', '4a2f68ef-c76c-4005-aa64-c81d50a9facc', 'Yêu Anh', '241746', 'lyric', 'https://audiomelodies.nyc3.digitaloceanspaces.com/LOC/HoangThuyLinh/TheBalladHit/YeuAnh.m4a', FALSE, 'Null', NOW(), NOW()),
('5f057b02-60f4-4d3b-9d77-c34c0296ec99', '882c3d92-59a1-4e2f-b3da-9f49bd4a4ec7', 'Tiếng Đêm', '232213', 'lyric', 'https://audiomelodies.nyc3.digitaloceanspaces.com/LOC/HoangThuyLinh/TiengemHayCuonLay/TiengDem.m4a', FALSE, 'Null', NOW(), NOW()),
('274198f3-7223-411b-a98e-3483c7fe0250', '882c3d92-59a1-4e2f-b3da-9f49bd4a4ec7', 'Hãy Cứ Đón Lấy', '207653', 'lyric', 'https://audiomelodies.nyc3.digitaloceanspaces.com/LOC/HoangThuyLinh/TiengemHayCuonLay/HayCuDonLay.m4a', FALSE, 'Null', NOW(), NOW()),
('87390417-d6d5-416f-8b94-f849e0b9e071', 'e7710439-e513-46eb-890a-9a2d5d3c8b0b', 'Hờn Dỗi', '203337', 'lyric', 'https://audiomelodies.nyc3.digitaloceanspaces.com/LOC/HoangThuyLinh/MiniAlbum2012/HonDoi.m4a', FALSE, 'Null', NOW(), NOW());



INSERT INTO "ArtistSong" ("songId", "artistId", "main", "createdAt", "updatedAt") VALUES
('96201521-b91c-4fee-b5d3-630c5404de5f', '8759cf6a-6b44-456c-8101-e1ac0a62b0b0', TRUE, NOW(), NOW()),
('96201521-b91c-4fee-b5d3-630c5404de5f', 'Unknown', FALSE, NOW(), NOW()),
('d080d4cd-029d-4034-8903-13aa2969d0b1',  '8759cf6a-6b44-456c-8101-e1ac0a62b0b0', , TRUE, NOW(), NOW()),
('9c10d272-7610-417c-8462-3df1eab65e95',  '8759cf6a-6b44-456c-8101-e1ac0a62b0b0', , TRUE, NOW(), NOW()),
('1c4de5f0-34b5-469d-ab98-e85388d646f6', '8759cf6a-6b44-456c-8101-e1ac0a62b0b0', TRUE, NOW(), NOW()),
('1c4de5f0-34b5-469d-ab98-e85388d646f6', 'Unknown', FALSE, NOW(), NOW()),
('1c4de5f0-34b5-469d-ab98-e85388d646f6', 'Unknown', FALSE, NOW(), NOW()),
('04e5b2ae-0580-4efb-b42f-0c78c862cd61', '8759cf6a-6b44-456c-8101-e1ac0a62b0b0', TRUE, NOW(), NOW()),
('04e5b2ae-0580-4efb-b42f-0c78c862cd61', 'Unknown', FALSE, NOW(), NOW()),
('81b17824-7e00-4f80-8523-627c2ba6fefe',  '8759cf6a-6b44-456c-8101-e1ac0a62b0b0', , TRUE, NOW(), NOW()),
('4b075206-f643-448c-9ecc-938efaa0586d',  '8759cf6a-6b44-456c-8101-e1ac0a62b0b0', , TRUE, NOW(), NOW()),
('de769e06-bad4-4fea-aa12-061d48514125', '8759cf6a-6b44-456c-8101-e1ac0a62b0b0', TRUE, NOW(), NOW()),
('de769e06-bad4-4fea-aa12-061d48514125', 'Unknown', FALSE, NOW(), NOW()),
('de769e06-bad4-4fea-aa12-061d48514125', 'Unknown', FALSE, NOW(), NOW()),
('40e3d59b-0791-4e00-8f4d-e9f6882329de',  '8759cf6a-6b44-456c-8101-e1ac0a62b0b0', , TRUE, NOW(), NOW()),
('99fe882f-7713-47c5-9b00-ef28a518a169',  '8759cf6a-6b44-456c-8101-e1ac0a62b0b0', , TRUE, NOW(), NOW()),
('5e39e888-a96e-4f26-a543-e691a5dfd6ae',  '8759cf6a-6b44-456c-8101-e1ac0a62b0b0', , TRUE, NOW(), NOW()),
('2634759e-8059-452e-96d6-3763d98c5231',  '8759cf6a-6b44-456c-8101-e1ac0a62b0b0', , TRUE, NOW(), NOW()),
('b0be76a7-500c-4db2-a3ef-4611bc19eca8',  '8759cf6a-6b44-456c-8101-e1ac0a62b0b0', , TRUE, NOW(), NOW()),
('1bd0e7bd-efd7-499c-b34a-e6b6ea6f83f7',  '8759cf6a-6b44-456c-8101-e1ac0a62b0b0', , TRUE, NOW(), NOW()),
('3cc0fb9f-515c-4259-a308-c79e7d7e4f1b',  '8759cf6a-6b44-456c-8101-e1ac0a62b0b0', , TRUE, NOW(), NOW()),
('c56a08cf-7574-4e5e-83db-06fbd8779321',  '8759cf6a-6b44-456c-8101-e1ac0a62b0b0', , TRUE, NOW(), NOW()),
('1ac4af03-ea8d-4099-af0f-68c5e36b86d3', '8759cf6a-6b44-456c-8101-e1ac0a62b0b0', TRUE, NOW(), NOW()),
('1ac4af03-ea8d-4099-af0f-68c5e36b86d3', 'Unknown', FALSE, NOW(), NOW()),
('0e3ad5c7-7596-4a54-b607-bb1cbe6491fe',  '8759cf6a-6b44-456c-8101-e1ac0a62b0b0', , TRUE, NOW(), NOW()),
('2fda1a87-53f8-4662-8474-5abc341f586a',  '8759cf6a-6b44-456c-8101-e1ac0a62b0b0', , TRUE, NOW(), NOW()),
('4570653f-c6cc-4555-8257-f33c6faa8d67',  '8759cf6a-6b44-456c-8101-e1ac0a62b0b0', , TRUE, NOW(), NOW()),
('f0414726-bf90-43d6-9e68-4f38ac137a29',  '8759cf6a-6b44-456c-8101-e1ac0a62b0b0', , TRUE, NOW(), NOW()),
('d280c3e9-1eed-4d73-aaad-e94813ab7a3e',  '8759cf6a-6b44-456c-8101-e1ac0a62b0b0', , TRUE, NOW(), NOW()),
('888b2682-3667-41a9-894d-2209296cd8cd',  '8759cf6a-6b44-456c-8101-e1ac0a62b0b0', , TRUE, NOW(), NOW()),
('48729b28-2028-4183-bc8b-86c7d349ea04',  '8759cf6a-6b44-456c-8101-e1ac0a62b0b0', , TRUE, NOW(), NOW()),
('d18e91a3-5e83-4749-a089-5f06f4dc30f6',  '8759cf6a-6b44-456c-8101-e1ac0a62b0b0', , TRUE, NOW(), NOW()),
('008584b5-9ca2-4639-abf6-1d4121d0bdfe',  '8759cf6a-6b44-456c-8101-e1ac0a62b0b0', , TRUE, NOW(), NOW()),
('e97a1582-ddf4-44f8-961f-885f83f5acdc',  '8759cf6a-6b44-456c-8101-e1ac0a62b0b0', , TRUE, NOW(), NOW()),
('0d3ab7c1-e74d-4ff6-a46a-b1b2aa27580a',  '8759cf6a-6b44-456c-8101-e1ac0a62b0b0', , TRUE, NOW(), NOW()),
('861b19e6-3772-4e5a-bf60-39e7e1ddcc45',  '8759cf6a-6b44-456c-8101-e1ac0a62b0b0', , TRUE, NOW(), NOW()),
('359e9b9e-a461-4bfd-a6f2-0809126d7567',  '8759cf6a-6b44-456c-8101-e1ac0a62b0b0', , TRUE, NOW(), NOW()),
('8ff7f220-9ef1-4843-bb4c-207297aa4931',  '8759cf6a-6b44-456c-8101-e1ac0a62b0b0', , TRUE, NOW(), NOW()),
('1243a931-91e3-49cd-8165-6a075d49c737',  '8759cf6a-6b44-456c-8101-e1ac0a62b0b0', , TRUE, NOW(), NOW()),
('654d76d7-f690-4c78-9199-aefeea5cfa08',  '8759cf6a-6b44-456c-8101-e1ac0a62b0b0', , TRUE, NOW(), NOW()),
('56d89414-2e02-411c-a478-892fbaddc46b',  '8759cf6a-6b44-456c-8101-e1ac0a62b0b0', , TRUE, NOW(), NOW()),
('00cad792-bab2-4910-9538-a2512f37aad7',  '8759cf6a-6b44-456c-8101-e1ac0a62b0b0', , TRUE, NOW(), NOW()),
('794a8477-2434-4867-b930-93371a7f98dc',  '8759cf6a-6b44-456c-8101-e1ac0a62b0b0', , TRUE, NOW(), NOW()),
('f0d1e162-1a9e-4460-a928-8038046cdcec',  '8759cf6a-6b44-456c-8101-e1ac0a62b0b0', , TRUE, NOW(), NOW()),
('f3675c26-c18d-49a5-927b-c1fb821808d2',  '8759cf6a-6b44-456c-8101-e1ac0a62b0b0', , TRUE, NOW(), NOW()),
('d5b8834e-30c5-4ac6-aae5-c36afeebee9c',  '8759cf6a-6b44-456c-8101-e1ac0a62b0b0', , TRUE, NOW(), NOW()),
('efe9368e-ba9f-4d8b-a510-e4a1b224da56',  '8759cf6a-6b44-456c-8101-e1ac0a62b0b0', , TRUE, NOW(), NOW()),
('9c4a17f5-0cee-4b63-9bec-bd090f2ff5de',  '8759cf6a-6b44-456c-8101-e1ac0a62b0b0', , TRUE, NOW(), NOW()),
('3334a6f9-f635-44c0-8720-655aff6edcca',  '8759cf6a-6b44-456c-8101-e1ac0a62b0b0', , TRUE, NOW(), NOW()),
('259e622a-83e3-4699-a58d-cfc6e34980c9',  '8759cf6a-6b44-456c-8101-e1ac0a62b0b0', , TRUE, NOW(), NOW()),
('2e1ebd14-869a-471e-9639-ae9f54320fcc',  '8759cf6a-6b44-456c-8101-e1ac0a62b0b0', , TRUE, NOW(), NOW()),
('f825a75d-294f-4eab-af5e-89026d70ed3e',  '8759cf6a-6b44-456c-8101-e1ac0a62b0b0', , TRUE, NOW(), NOW()),
('77ab9043-4ff7-4e4b-9831-68d84d83e558',  '8759cf6a-6b44-456c-8101-e1ac0a62b0b0', , TRUE, NOW(), NOW()),
('9374b22c-f4f7-4dd6-87fc-68b63e930b81',  '8759cf6a-6b44-456c-8101-e1ac0a62b0b0', , TRUE, NOW(), NOW()),
('4ed21358-5fcf-4d6c-a4c3-7acbfead5259',  '8759cf6a-6b44-456c-8101-e1ac0a62b0b0', , TRUE, NOW(), NOW()),
('ebe28cda-6546-485f-ae9e-111138c78f39', 'Unknown', TRUE, NOW(), NOW()),
('ebe28cda-6546-485f-ae9e-111138c78f39', 'Unknown', FALSE, NOW(), NOW()),
('ebe28cda-6546-485f-ae9e-111138c78f39', '8759cf6a-6b44-456c-8101-e1ac0a62b0b0', FALSE, NOW(), NOW()),
('d9220f5a-3e61-4028-b9b1-9f4d4830dcf8', '8759cf6a-6b44-456c-8101-e1ac0a62b0b0', TRUE, NOW(), NOW()),
('d9220f5a-3e61-4028-b9b1-9f4d4830dcf8', 'Unknown', FALSE, NOW(), NOW()),
('1598a7ac-55c0-4104-8031-0797af25a73b',  '8759cf6a-6b44-456c-8101-e1ac0a62b0b0', , TRUE, NOW(), NOW()),
('bf201711-e9c4-4e56-95b3-206dba206020',  '8759cf6a-6b44-456c-8101-e1ac0a62b0b0', , TRUE, NOW(), NOW()),
('f2f917f0-3474-424f-8b99-0f17d0afbc84',  '8759cf6a-6b44-456c-8101-e1ac0a62b0b0', , TRUE, NOW(), NOW()),
('a4a08cb8-8b4e-4248-9752-a66a65ff3b96',  '8759cf6a-6b44-456c-8101-e1ac0a62b0b0', , TRUE, NOW(), NOW()),
('0931da0b-bf1a-4b57-ab3e-8ff50975299e', '8759cf6a-6b44-456c-8101-e1ac0a62b0b0', TRUE, NOW(), NOW()),
('0931da0b-bf1a-4b57-ab3e-8ff50975299e', 'Unknown', FALSE, NOW(), NOW()),
('0931da0b-bf1a-4b57-ab3e-8ff50975299e', 'Unknown', FALSE, NOW(), NOW()),
('70aa3f8c-2540-4ac3-8469-96d5475be434', 'e21a1b87-55eb-4c75-866a-6b7408e33881', TRUE, NOW(), NOW()),
('70aa3f8c-2540-4ac3-8469-96d5475be434', '8759cf6a-6b44-456c-8101-e1ac0a62b0b0', FALSE, NOW(), NOW()),
('8d2a547b-563a-49ee-b99d-785bf234295e', '8759cf6a-6b44-456c-8101-e1ac0a62b0b0', TRUE, NOW(), NOW()),
('8d2a547b-563a-49ee-b99d-785bf234295e', 'Unknown', FALSE, NOW(), NOW()),
('1c0e701e-ad11-490f-a45f-dede66d3ed46', '8759cf6a-6b44-456c-8101-e1ac0a62b0b0', TRUE, NOW(), NOW()),
('1c0e701e-ad11-490f-a45f-dede66d3ed46', 'Unknown', FALSE, NOW(), NOW()),
('1c0e701e-ad11-490f-a45f-dede66d3ed46', 'Unknown', FALSE, NOW(), NOW()),
('100a20d9-99de-48a8-ab7a-f1afe675bf13',  '8759cf6a-6b44-456c-8101-e1ac0a62b0b0', , TRUE, NOW(), NOW()),
('8e7dcd55-1312-49af-946f-e307d867620e',  '8759cf6a-6b44-456c-8101-e1ac0a62b0b0', , TRUE, NOW(), NOW()),
('6bb35e25-086d-478f-8e33-db1a38812886', '8759cf6a-6b44-456c-8101-e1ac0a62b0b0', TRUE, NOW(), NOW()),
('6bb35e25-086d-478f-8e33-db1a38812886', 'Unknown', FALSE, NOW(), NOW()),
('45cf28e1-c41c-42b1-b3da-904fe0ca45e5', 'Unknown', TRUE, NOW(), NOW()),
('45cf28e1-c41c-42b1-b3da-904fe0ca45e5', '8759cf6a-6b44-456c-8101-e1ac0a62b0b0', FALSE, NOW(), NOW()),
('45cf28e1-c41c-42b1-b3da-904fe0ca45e5', 'Unknown', FALSE, NOW(), NOW()),
('1306cef7-9e48-4681-bdbe-5f4da55964b5',  '8759cf6a-6b44-456c-8101-e1ac0a62b0b0', , TRUE, NOW(), NOW()),
('94a9620f-ad00-4b41-ae58-873ce025c5ac',  '8759cf6a-6b44-456c-8101-e1ac0a62b0b0', , TRUE, NOW(), NOW()),
('1f141329-e840-4435-b720-b95b8c721445', '8759cf6a-6b44-456c-8101-e1ac0a62b0b0', TRUE, NOW(), NOW()),
('1f141329-e840-4435-b720-b95b8c721445', 'Unknown', FALSE, NOW(), NOW()),
('83bbce48-6393-4e9a-8e63-e347efbc5d34',  '8759cf6a-6b44-456c-8101-e1ac0a62b0b0', , TRUE, NOW(), NOW()),
('37c8d1bd-335f-48c9-8640-5bef6cbd8438',  '8759cf6a-6b44-456c-8101-e1ac0a62b0b0', , TRUE, NOW(), NOW()),
('60a19e6c-7f1d-4972-988a-1dd8e54e38be',  '8759cf6a-6b44-456c-8101-e1ac0a62b0b0', , TRUE, NOW(), NOW()),
('f6d02e95-cf2a-4817-a672-40333b5ff2a9', '8759cf6a-6b44-456c-8101-e1ac0a62b0b0', TRUE, NOW(), NOW()),
('f6d02e95-cf2a-4817-a672-40333b5ff2a9', 'Unknown', FALSE, NOW(), NOW()),
('f6d02e95-cf2a-4817-a672-40333b5ff2a9', 'Unknown', FALSE, NOW(), NOW()),
('a6850d38-5761-4b02-be0f-784f1908f546', 'Unknown', TRUE, NOW(), NOW()),
('a6850d38-5761-4b02-be0f-784f1908f546', '8759cf6a-6b44-456c-8101-e1ac0a62b0b0', FALSE, NOW(), NOW()),
('76d27892-dfbe-43b4-afb5-384038fb19d7', 'Unknown', TRUE, NOW(), NOW()),
('76d27892-dfbe-43b4-afb5-384038fb19d7', 'Unknown', FALSE, NOW(), NOW()),
('76d27892-dfbe-43b4-afb5-384038fb19d7', '8759cf6a-6b44-456c-8101-e1ac0a62b0b0', FALSE, NOW(), NOW()),
('76d27892-dfbe-43b4-afb5-384038fb19d7', 'Unknown', FALSE, NOW(), NOW()),
('76d27892-dfbe-43b4-afb5-384038fb19d7', 'Unknown', FALSE, NOW(), NOW()),
('bc1117ef-7b4b-4dd5-acc9-3d8ba926b184', 'Unknown', TRUE, NOW(), NOW()),
('bc1117ef-7b4b-4dd5-acc9-3d8ba926b184', 'Unknown', FALSE, NOW(), NOW()),
('bc1117ef-7b4b-4dd5-acc9-3d8ba926b184', '8759cf6a-6b44-456c-8101-e1ac0a62b0b0', FALSE, NOW(), NOW()),
('bc1117ef-7b4b-4dd5-acc9-3d8ba926b184', 'Unknown', FALSE, NOW(), NOW()),
('bc1117ef-7b4b-4dd5-acc9-3d8ba926b184', 'Unknown', FALSE, NOW(), NOW()),
('f98d42ac-5f83-4747-8afc-16ff3f33f2f6', '8759cf6a-6b44-456c-8101-e1ac0a62b0b0', TRUE, NOW(), NOW()),
('f98d42ac-5f83-4747-8afc-16ff3f33f2f6', 'Unknown', FALSE, NOW(), NOW()),
('f98d42ac-5f83-4747-8afc-16ff3f33f2f6', 'Unknown', FALSE, NOW(), NOW()),
('b6501e74-2de1-4f62-9c63-ceb846162de8',  '8759cf6a-6b44-456c-8101-e1ac0a62b0b0', , TRUE, NOW(), NOW()),
('6acc6f7f-4b44-4b13-bd3c-696617b5d672',  '8759cf6a-6b44-456c-8101-e1ac0a62b0b0', , TRUE, NOW(), NOW()),
('4f70728f-d652-44ca-93a3-666c46ebadd6', '8759cf6a-6b44-456c-8101-e1ac0a62b0b0', TRUE, NOW(), NOW()),
('4f70728f-d652-44ca-93a3-666c46ebadd6', 'Unknown', FALSE, NOW(), NOW()),
('b1279400-c954-4f96-802b-f9b461dcce25', '8759cf6a-6b44-456c-8101-e1ac0a62b0b0', TRUE, NOW(), NOW()),
('b1279400-c954-4f96-802b-f9b461dcce25', 'Unknown', FALSE, NOW(), NOW()),
('baeb4237-8abd-465e-b75c-77c1eb532568',  '8759cf6a-6b44-456c-8101-e1ac0a62b0b0', , TRUE, NOW(), NOW()),
('6c9ff8cc-d0ee-4a4b-9629-f86690c47929',  '8759cf6a-6b44-456c-8101-e1ac0a62b0b0', , TRUE, NOW(), NOW()),
('6e326568-5c04-46a8-b71d-c8ec8de76621',  '8759cf6a-6b44-456c-8101-e1ac0a62b0b0', , TRUE, NOW(), NOW()),
('8fb1004b-85e6-4798-9c57-f70914b72bdf',  '8759cf6a-6b44-456c-8101-e1ac0a62b0b0', , TRUE, NOW(), NOW()),
('3d1055d3-88be-4e5e-8cf3-faca481fb261',  '8759cf6a-6b44-456c-8101-e1ac0a62b0b0', , TRUE, NOW(), NOW()),
('e31e6883-fa32-4cbd-a147-d8dfaf160cf6', 'Unknown', TRUE, NOW(), NOW()),
('e31e6883-fa32-4cbd-a147-d8dfaf160cf6', '8759cf6a-6b44-456c-8101-e1ac0a62b0b0', FALSE, NOW(), NOW()),
('829df801-3d38-4ad2-8e5f-813fe0bf4ca6', '8759cf6a-6b44-456c-8101-e1ac0a62b0b0', TRUE, NOW(), NOW()),
('829df801-3d38-4ad2-8e5f-813fe0bf4ca6', 'Unknown', FALSE, NOW(), NOW()),
('bab16f6d-a870-4c75-8d83-edf42e73717f',  '8759cf6a-6b44-456c-8101-e1ac0a62b0b0', , TRUE, NOW(), NOW()),
('e5bde3f3-6fac-4346-8e68-0e7c456fd828',  '8759cf6a-6b44-456c-8101-e1ac0a62b0b0', , TRUE, NOW(), NOW()),
('2c84d831-033e-4a68-949f-b122d3d30755',  '8759cf6a-6b44-456c-8101-e1ac0a62b0b0', , TRUE, NOW(), NOW()),
('15c266aa-b1f6-47eb-8389-4f37b9430f62',  '8759cf6a-6b44-456c-8101-e1ac0a62b0b0', , TRUE, NOW(), NOW()),
('634a13d1-f770-44ca-91f3-a11b45c1e7b1',  '8759cf6a-6b44-456c-8101-e1ac0a62b0b0', , TRUE, NOW(), NOW()),
('c4695380-2785-4b1c-99c9-282bb2b6dedc',  '8759cf6a-6b44-456c-8101-e1ac0a62b0b0', , TRUE, NOW(), NOW()),
('e969a8a4-7b0b-48a9-953a-089e5d7fa005',  '8759cf6a-6b44-456c-8101-e1ac0a62b0b0', , TRUE, NOW(), NOW()),
('a1398226-6fa5-4cd9-bbcf-2f01bddcebb2',  '8759cf6a-6b44-456c-8101-e1ac0a62b0b0', , TRUE, NOW(), NOW()),
('71151d41-a175-4cf9-bbf1-33ffd391a4ac',  '8759cf6a-6b44-456c-8101-e1ac0a62b0b0', , TRUE, NOW(), NOW()),
('64a17ff8-4b0d-4e9d-b463-3187ca977915',  '8759cf6a-6b44-456c-8101-e1ac0a62b0b0', , TRUE, NOW(), NOW()),
('5f057b02-60f4-4d3b-9d77-c34c0296ec99',  '8759cf6a-6b44-456c-8101-e1ac0a62b0b0', , TRUE, NOW(), NOW()),
('274198f3-7223-411b-a98e-3483c7fe0250',  '8759cf6a-6b44-456c-8101-e1ac0a62b0b0', , TRUE, NOW(), NOW()),
('87390417-d6d5-416f-8b94-f849e0b9e071',  '8759cf6a-6b44-456c-8101-e1ac0a62b0b0', , TRUE, NOW(), NOW());