INSERT INTO "Album" ("albumId",  "title", "releaseDate", "albumType", "createdAt", "updatedAt") VALUES
('5456e9fc-b162-4a77-8f5a-021b1ba7313b', 'Đêm nhạc Love Songs', '2018-01-01', 'album', NOW(), NOW()),
('d0acf28c-e91b-4d4a-8056-07e32cb70323', 'Hành Trình Trở Thành Quán Quân Hòa Âm Ánh Sáng Của Team Noo Phước Thịnh', '2016-04-06', 'album', NOW(), NOW()),
('e582e912-eef9-4e91-81a6-38364b8c8268', 'Em', '2012-11-24', 'album', NOW(), NOW()),
('46caea80-d498-4edd-a6b3-db6438689ab1', 'Lạc Bước Trong Đêm', '2011-11-21', 'album', NOW(), NOW()),
('c322ed5c-045a-4c5c-a0c3-5cb87714107d', 'Ba Chấm', '2010-03-09', 'album', NOW(), NOW()),
('7f353ab1-b5aa-4314-8f5a-a8bd8e21ba17', 'Tự Nguyện - Live', '2024-08-18', 'single', NOW(), NOW()),
('67f0b019-5dcc-4ac0-9658-933d79c57324', 'ĐÙA ANH ĐAU ĐẤY MASHUP - Live', '2024-08-16', 'single', NOW(), NOW()),
('cd1809ae-79c0-4561-a7b9-b3dfa6cf6fbc', 'Đùa Anh Đau Đấy', '2024-07-16', 'single', NOW(), NOW()),
('9696ba7f-d4b2-4e0a-bab2-07bbc5ac4e64', 'Ai Chung Tình Bằng Cô Đơn - Trung Ngon Remix', '2023-08-28', 'single', NOW(), NOW()),
('9b7b750b-959c-4d64-9e05-dbea1329f5f0', 'B52', '2023-06-15', 'single', NOW(), NOW()),
('072c7f79-09f9-4065-b74f-f691c5a374bf', 'Ai Chung Tình Bằng Cô Đơn', '2023-05-23', 'single', NOW(), NOW()),
('2a550c4a-76b7-4cc8-889e-61a5d7ade9d2', 'Noo's Chill Night 3 - Bức Thư Tình Đầu Tiên (Live Version)', '2022-07-20', 'single', NOW(), NOW()),
('dd9cfeab-f645-45dc-9dcc-6a1c658f5519', 'Noo's Chill Night 3 - Mất Cả Thế Giới (Live Version)', '2022-07-11', 'single', NOW(), NOW()),
('52ac41ff-e112-42e9-be9f-0df26318a0f8', 'Những Ngày Xuân Rực Rỡ', '2022-07-05', 'single', NOW(), NOW()),
('d1abf675-ddff-48fd-8e43-cc3edd39a3ef', 'Cause I Love You', '2022-07-05', 'single', NOW(), NOW()),
('a379d5ab-f64c-4b79-ab3a-78701e4489d8', 'Noo's Chill Night Ep3 - Chạm Khẽ Tim Anh Một Chút Thôi (Live Version)', '2022-05-14', 'single', NOW(), NOW()),
('f44ce530-d536-4be8-ad50-19319c226822', 'Noo's Chill Night ep 3 - Dòng Thời Gian (Live Version)', '2022-05-02', 'single', NOW(), NOW()),
('acd08f92-e11e-4fe9-b983-3396d6813cb8', 'Yêu Một Người Sao Buồn Đến Thế', '2020-10-27', 'single', NOW(), NOW()),
('90aecb36-9799-447b-91c3-23c41cc0edfb', 'Em Đã Thương Người Ta Hơn Anh (Beat)', '2020-09-09', 'single', NOW(), NOW()),
('63806a80-31dc-440f-be3d-404d843f34a5', 'Em Đã Thương Người Ta Hơn Anh', '2020-09-09', 'single', NOW(), NOW()),
('c9a7b3ce-4f77-4b9c-ab18-0faacbfb2ba5', 'Thank You - Những Chiến Binh Thầm Lặng', '2020-04-13', 'ep', NOW(), NOW()),
('04ba0da3-19e3-4ece-be23-62efb6a88cf1', 'I'm Still Loving You', '2019-11-13', 'single', NOW(), NOW()),
('63cef3f1-b673-498b-8c00-8dbe3cad8e2f', 'Ba Chấm', '2019-05-30', 'ep', NOW(), NOW()),
('30540731-a268-43d5-ae60-338d4f55fef8', 'Phút Giây Gần Kề', '2019-02-13', 'single', NOW(), NOW()),
('1f15e946-d6ab-4004-b0dc-245d24cccf52', 'Gọi Tên Mùa Xuân', '2019-01-21', 'single', NOW(), NOW()),
('c77fee1a-d7f2-4a33-8f4a-b77a37b71a36', 'Dấu Yêu Một Thời', '2019-01-20', 'single', NOW(), NOW()),
('fa5e7883-7325-4b69-9c22-3e302aec3799', 'Thương Em Là Điều Anh Không Thể Ngờ', '2018-12-18', 'single', NOW(), NOW()),
('d25c9c96-f23d-444a-886a-d2712f57b40e', 'Những Kẻ Mộng Mơ', '2018-10-19', 'single', NOW(), NOW()),
('ebec2b5b-e68f-40ae-8b21-0b2ceaf41905', 'Tình Như Chocopie', '2018-05-28', 'single', NOW(), NOW()),
('6e02c9a1-9c54-44df-ba7a-5df9168f0912', 'Mình Anh (feat. Nguyễn Hoàng Duy)', '2017-12-04', 'single', NOW(), NOW()),
('2e4efae6-98c3-490a-bccb-b3c91cce6cb7', 'Lost', '2017-12-04', 'ep', NOW(), NOW()),
('fbacd1d1-c021-48bc-a4f7-7cef67b70465', 'Yes I Love You', '2017-07-28', 'single', NOW(), NOW()),
('770783f5-5405-4382-a888-82895f74e8e1', 'Dream Team (feat. Anh Đạt, Hiền Mai, Anh Phong, Han Sara, Lương Minh Trí & Thanh Nga)', '2017-06-20', 'single', NOW(), NOW()),
('40951264-963d-4971-98be-5e7880b7e845', 'Thương Mấy Cũng Là Người Dưng', '2017-03-28', 'ep', NOW(), NOW()),
('0f2751d1-20b1-42a6-b001-cad1ed54781e', 'Lặng Thầm (SlimV Mix)', '2017-03-22', 'ep', NOW(), NOW()),
('cbf9947d-2610-4073-8584-4935faac0d92', 'Lạc Bước Trong Đêm', '2017-03-21', 'single', NOW(), NOW()),
('51e03285-c2bd-42b1-a2e4-9457343a9eb4', 'Hạnh Phúc Xuân Ngời', '2017-01-19', 'single', NOW(), NOW()),
('06bad6bd-c906-4518-8342-1cfa28ef9f0f', 'Mình Thích Thì Mình Yêu Thôi (feat.Hồ Ngọc Hà )', '2017-01-18', 'single', NOW(), NOW()),
('6805a360-0700-4d9c-ae65-b32c221a793c', 'I Don't Believe in You (feat. Basick)', '2017-01-10', 'single', NOW(), NOW()),
('3be434a6-f5db-4ac6-9a0b-b6dcdf7b3f7f', 'Dòng thời gian (Live)', '2017', 'single', NOW(), NOW()),
('0b61b4d6-4058-4cc4-9851-a43f196d6fd2', 'Những Ngày Xuân Rực Rỡ', '2016-12-29', 'single', NOW(), NOW()),
('378d6c9d-9687-4b94-8eb0-b24d95e5454d', 'Như Phút Ban Đầu', '2016-09-19', 'single', NOW(), NOW()),
('8902dc38-8d4d-439a-a3d6-c1b32dce420e', 'Cause I Love You', '2016-03-23', 'ep', NOW(), NOW()),
('5214f180-8e32-41d4-a307-d1b7b10c5dc3', 'Really Love You', '2016-03-02', 'single', NOW(), NOW()),
('687efb15-5fcf-4442-991f-e1cb2a6ea783', 'Như Vậy Mãi Thôi', '2016-02-06', 'ep', NOW(), NOW()),
('4729cd0b-4aa4-4ea2-8587-396ae5ec7c94', 'Đừng Nhìn Lại', '2015-07-10', 'ep', NOW(), NOW()),
('06f04928-1c0a-4b78-91a2-50afd46df734', 'Đổi Thay', '2015-07-10', 'ep', NOW(), NOW()),
('b21db935-f7d2-4948-98ea-c65044c9ad63', 'Tìm Em Trong Ký Ức', '2015-07-10', 'ep', NOW(), NOW()),
('af8638e0-6628-46b5-9bc4-0e3bece2095e', 'Em Đi Tìm Anh', '2015-05-17', 'single', NOW(), NOW()),
('0e562f34-0d3b-48e6-9171-f093bc94f63b', 'Ước Mơ Tôi', '2015-03-21', 'ep', NOW(), NOW()),
('55338e2f-3896-4123-89a7-596d65e3f542', 'Em', '2015-01-10', 'ep', NOW(), NOW()),
('6bd46442-eb59-4a7e-b00d-53c4ddd867cf', 'Merino Icecream Land', '2014-11-13', 'single', NOW(), NOW()),
('4fffea17-28bb-4cc4-871a-db9482bfe649', 'Mãi Mãi Bên Nhau', '2014-10-21', 'ep', NOW(), NOW()),
('748ede9f-e06e-408a-8abb-3587788456d3', 'Đừng Nhìn Lại', '2014-08-31', 'ep', NOW(), NOW()),
('f30385a9-0583-44bd-9941-ca9fb755437f', 'Gạt Đi Nước Mắt', '2014-08-27', 'ep', NOW(), NOW()),
('a33d1bcd-fb8d-4a1c-bc96-614f6e2e1b97', 'Mashup Mãi mãi bên nhau / Như phút ban đầu (Live)', '2014', 'single', NOW(), NOW()),
('56e19299-1268-47a6-88d3-d0d1fff35ce2', 'Em Sẽ Hạnh Phúc', '2013-09-11', 'ep', NOW(), NOW()),
('0c42e269-0520-4091-a69c-cb36a15b66e7', 'Tìm Em Trong Ký Ức', '2013-06-30', 'ep', NOW(), NOW()),
('f3a88fd5-ccec-4e6e-bf84-f843f4c7b441', 'Chờ Ngày Mưa Tan', '2013-01-20', 'ep', NOW(), NOW()),
('352f9500-d78f-463b-a597-231606cdd35b', 'Chờ Ngày Mưa Tan', '2012-11-24', 'ep', NOW(), NOW()),
('f643a75b-4aa1-47f9-9111-e3e454fd1adb', 'Xin Lỗi Em', '2012-07-13', 'single', NOW(), NOW()),
('11ccc0da-b99a-4212-b497-218c271ff3e3', 'Nỗi Nhớ Đầy Vơi', '2011-04-29', 'ep', NOW(), NOW()),
('25022f40-f6d1-4bbd-be15-e1f39e3e696b', 'Đổi Thay', '2010', 'ep', NOW(), NOW()),
('554c75c4-7c38-4501-bbfc-322ab5f6f27e', 'cơn mưa băng giá (Live)', '2006', 'single', NOW(), NOW()),
('a52cf162-e13b-4a21-8bd5-2b749fc111b1', 'Tôi Là Một Ngôi Sao (original)', '0000', 'ep', NOW(), NOW()),
('95c17414-2586-44b5-8f27-0ba57abe859d', 'Dream Team (original)', '0000', 'single', NOW(), NOW());



INSERT INTO "AlbumImage" ("albumId", "image", "size", "createdAt", "updatedAt") VALUES
('5456e9fc-b162-4a77-8f5a-021b1ba7313b', '1NvWT1cvDzPC50jolKSda2', 'https://i.scdn.co/image/ab67616d0000b273cdd7caad8dc8c6afa51c4e81', '640', NOW(), NOW()),
('5456e9fc-b162-4a77-8f5a-021b1ba7313b', '1NvWT1cvDzPC50jolKSda2', 'https://i.scdn.co/image/ab67616d00001e02cdd7caad8dc8c6afa51c4e81', '300', NOW(), NOW()),
('5456e9fc-b162-4a77-8f5a-021b1ba7313b', '1NvWT1cvDzPC50jolKSda2', 'https://i.scdn.co/image/ab67616d00004851cdd7caad8dc8c6afa51c4e81', '64', NOW(), NOW()),
('d0acf28c-e91b-4d4a-8056-07e32cb70323', '7iFT7pmjEJNR3LatDvdTVT', 'https://i.scdn.co/image/ab67616d0000b2738ea0619c5ba99589e4fbe05d', '640', NOW(), NOW()),
('d0acf28c-e91b-4d4a-8056-07e32cb70323', '7iFT7pmjEJNR3LatDvdTVT', 'https://i.scdn.co/image/ab67616d00001e028ea0619c5ba99589e4fbe05d', '300', NOW(), NOW()),
('d0acf28c-e91b-4d4a-8056-07e32cb70323', '7iFT7pmjEJNR3LatDvdTVT', 'https://i.scdn.co/image/ab67616d000048518ea0619c5ba99589e4fbe05d', '64', NOW(), NOW()),
('e582e912-eef9-4e91-81a6-38364b8c8268', '3T8ZPUf9TeOrmcWAxLFaIO', 'https://i.scdn.co/image/ab67616d0000b273519456488628ff3b3590bccb', '640', NOW(), NOW()),
('e582e912-eef9-4e91-81a6-38364b8c8268', '3T8ZPUf9TeOrmcWAxLFaIO', 'https://i.scdn.co/image/ab67616d00001e02519456488628ff3b3590bccb', '300', NOW(), NOW()),
('e582e912-eef9-4e91-81a6-38364b8c8268', '3T8ZPUf9TeOrmcWAxLFaIO', 'https://i.scdn.co/image/ab67616d00004851519456488628ff3b3590bccb', '64', NOW(), NOW()),
('46caea80-d498-4edd-a6b3-db6438689ab1', '4u3Cs1VGy13OBOBXc0Z0gV', 'https://i.scdn.co/image/ab67616d0000b273ea0b19f0edfe13e9c8db225e', '640', NOW(), NOW()),
('46caea80-d498-4edd-a6b3-db6438689ab1', '4u3Cs1VGy13OBOBXc0Z0gV', 'https://i.scdn.co/image/ab67616d00001e02ea0b19f0edfe13e9c8db225e', '300', NOW(), NOW()),
('46caea80-d498-4edd-a6b3-db6438689ab1', '4u3Cs1VGy13OBOBXc0Z0gV', 'https://i.scdn.co/image/ab67616d00004851ea0b19f0edfe13e9c8db225e', '64', NOW(), NOW()),
('c322ed5c-045a-4c5c-a0c3-5cb87714107d', '5jl5zw8S82VhuoxwNTlOtJ', 'https://i.scdn.co/image/ab67616d0000b273f32b80e585f8d100303adeb7', '640', NOW(), NOW()),
('c322ed5c-045a-4c5c-a0c3-5cb87714107d', '5jl5zw8S82VhuoxwNTlOtJ', 'https://i.scdn.co/image/ab67616d00001e02f32b80e585f8d100303adeb7', '300', NOW(), NOW()),
('c322ed5c-045a-4c5c-a0c3-5cb87714107d', '5jl5zw8S82VhuoxwNTlOtJ', 'https://i.scdn.co/image/ab67616d00004851f32b80e585f8d100303adeb7', '64', NOW(), NOW()),
('7f353ab1-b5aa-4314-8f5a-a8bd8e21ba17', '4Nz2KAof1A7R5VEpJYId4V', 'https://i.scdn.co/image/ab67616d0000b27357493c2448466319bf7963cf', '640', NOW(), NOW()),
('7f353ab1-b5aa-4314-8f5a-a8bd8e21ba17', '4Nz2KAof1A7R5VEpJYId4V', 'https://i.scdn.co/image/ab67616d00001e0257493c2448466319bf7963cf', '300', NOW(), NOW()),
('7f353ab1-b5aa-4314-8f5a-a8bd8e21ba17', '4Nz2KAof1A7R5VEpJYId4V', 'https://i.scdn.co/image/ab67616d0000485157493c2448466319bf7963cf', '64', NOW(), NOW()),
('67f0b019-5dcc-4ac0-9658-933d79c57324', '2LPXUXWOPv5BNUvjuuFReT', 'https://i.scdn.co/image/ab67616d0000b27327bce6d7c44f4589381917b8', '640', NOW(), NOW()),
('67f0b019-5dcc-4ac0-9658-933d79c57324', '2LPXUXWOPv5BNUvjuuFReT', 'https://i.scdn.co/image/ab67616d00001e0227bce6d7c44f4589381917b8', '300', NOW(), NOW()),
('67f0b019-5dcc-4ac0-9658-933d79c57324', '2LPXUXWOPv5BNUvjuuFReT', 'https://i.scdn.co/image/ab67616d0000485127bce6d7c44f4589381917b8', '64', NOW(), NOW()),
('cd1809ae-79c0-4561-a7b9-b3dfa6cf6fbc', '2AhqPdfQA7XEGinoG2k0jO', 'https://i.scdn.co/image/ab67616d0000b2738ec7e0a96953a18469fc675a', '640', NOW(), NOW()),
('cd1809ae-79c0-4561-a7b9-b3dfa6cf6fbc', '2AhqPdfQA7XEGinoG2k0jO', 'https://i.scdn.co/image/ab67616d00001e028ec7e0a96953a18469fc675a', '300', NOW(), NOW()),
('cd1809ae-79c0-4561-a7b9-b3dfa6cf6fbc', '2AhqPdfQA7XEGinoG2k0jO', 'https://i.scdn.co/image/ab67616d000048518ec7e0a96953a18469fc675a', '64', NOW(), NOW()),
('9696ba7f-d4b2-4e0a-bab2-07bbc5ac4e64', '5FTaXcC3EXo46x1RjCiphc', 'https://i.scdn.co/image/ab67616d0000b2732ce10a105ddd4509197bd7d7', '640', NOW(), NOW()),
('9696ba7f-d4b2-4e0a-bab2-07bbc5ac4e64', '5FTaXcC3EXo46x1RjCiphc', 'https://i.scdn.co/image/ab67616d00001e022ce10a105ddd4509197bd7d7', '300', NOW(), NOW()),
('9696ba7f-d4b2-4e0a-bab2-07bbc5ac4e64', '5FTaXcC3EXo46x1RjCiphc', 'https://i.scdn.co/image/ab67616d000048512ce10a105ddd4509197bd7d7', '64', NOW(), NOW()),
('9b7b750b-959c-4d64-9e05-dbea1329f5f0', '1zSLLgCa6p3EZjnXYEwW2t', 'https://i.scdn.co/image/ab67616d0000b273066a01e64ac08700caec0377', '640', NOW(), NOW()),
('9b7b750b-959c-4d64-9e05-dbea1329f5f0', '1zSLLgCa6p3EZjnXYEwW2t', 'https://i.scdn.co/image/ab67616d00001e02066a01e64ac08700caec0377', '300', NOW(), NOW()),
('9b7b750b-959c-4d64-9e05-dbea1329f5f0', '1zSLLgCa6p3EZjnXYEwW2t', 'https://i.scdn.co/image/ab67616d00004851066a01e64ac08700caec0377', '64', NOW(), NOW()),
('072c7f79-09f9-4065-b74f-f691c5a374bf', '32k7ieCZfEiZn9SLyjbGc8', 'https://i.scdn.co/image/ab67616d0000b2732054be11208ba3cb9cebf625', '640', NOW(), NOW()),
('072c7f79-09f9-4065-b74f-f691c5a374bf', '32k7ieCZfEiZn9SLyjbGc8', 'https://i.scdn.co/image/ab67616d00001e022054be11208ba3cb9cebf625', '300', NOW(), NOW()),
('072c7f79-09f9-4065-b74f-f691c5a374bf', '32k7ieCZfEiZn9SLyjbGc8', 'https://i.scdn.co/image/ab67616d000048512054be11208ba3cb9cebf625', '64', NOW(), NOW()),
('2a550c4a-76b7-4cc8-889e-61a5d7ade9d2', '2yylgA8tQrDG8lmjpQQ6ON', 'https://i.scdn.co/image/ab67616d0000b273ed643180191f80e067c0e98b', '640', NOW(), NOW()),
('2a550c4a-76b7-4cc8-889e-61a5d7ade9d2', '2yylgA8tQrDG8lmjpQQ6ON', 'https://i.scdn.co/image/ab67616d00001e02ed643180191f80e067c0e98b', '300', NOW(), NOW()),
('2a550c4a-76b7-4cc8-889e-61a5d7ade9d2', '2yylgA8tQrDG8lmjpQQ6ON', 'https://i.scdn.co/image/ab67616d00004851ed643180191f80e067c0e98b', '64', NOW(), NOW()),
('dd9cfeab-f645-45dc-9dcc-6a1c658f5519', '0E6ugdg4hfhp2ojv4QSGpk', 'https://i.scdn.co/image/ab67616d0000b27343746147562a3710b97d0e7b', '640', NOW(), NOW()),
('dd9cfeab-f645-45dc-9dcc-6a1c658f5519', '0E6ugdg4hfhp2ojv4QSGpk', 'https://i.scdn.co/image/ab67616d00001e0243746147562a3710b97d0e7b', '300', NOW(), NOW()),
('dd9cfeab-f645-45dc-9dcc-6a1c658f5519', '0E6ugdg4hfhp2ojv4QSGpk', 'https://i.scdn.co/image/ab67616d0000485143746147562a3710b97d0e7b', '64', NOW(), NOW()),
('52ac41ff-e112-42e9-be9f-0df26318a0f8', '43uzHZESNflTGutleG6iQS', 'https://i.scdn.co/image/ab67616d0000b27348a9b05040e4b156ef2cbc04', '640', NOW(), NOW()),
('52ac41ff-e112-42e9-be9f-0df26318a0f8', '43uzHZESNflTGutleG6iQS', 'https://i.scdn.co/image/ab67616d00001e0248a9b05040e4b156ef2cbc04', '300', NOW(), NOW()),
('52ac41ff-e112-42e9-be9f-0df26318a0f8', '43uzHZESNflTGutleG6iQS', 'https://i.scdn.co/image/ab67616d0000485148a9b05040e4b156ef2cbc04', '64', NOW(), NOW()),
('d1abf675-ddff-48fd-8e43-cc3edd39a3ef', '3C8qAuPZsI6wGKikUbGDr0', 'https://i.scdn.co/image/ab67616d0000b2734b035ec85a23c59b1e4b997e', '640', NOW(), NOW()),
('d1abf675-ddff-48fd-8e43-cc3edd39a3ef', '3C8qAuPZsI6wGKikUbGDr0', 'https://i.scdn.co/image/ab67616d00001e024b035ec85a23c59b1e4b997e', '300', NOW(), NOW()),
('d1abf675-ddff-48fd-8e43-cc3edd39a3ef', '3C8qAuPZsI6wGKikUbGDr0', 'https://i.scdn.co/image/ab67616d000048514b035ec85a23c59b1e4b997e', '64', NOW(), NOW()),
('a379d5ab-f64c-4b79-ab3a-78701e4489d8', '6RK19YumoTeOSB4oOFURXr', 'https://i.scdn.co/image/ab67616d0000b27355ac3206384dbb0cb7bffd2a', '640', NOW(), NOW()),
('a379d5ab-f64c-4b79-ab3a-78701e4489d8', '6RK19YumoTeOSB4oOFURXr', 'https://i.scdn.co/image/ab67616d00001e0255ac3206384dbb0cb7bffd2a', '300', NOW(), NOW()),
('a379d5ab-f64c-4b79-ab3a-78701e4489d8', '6RK19YumoTeOSB4oOFURXr', 'https://i.scdn.co/image/ab67616d0000485155ac3206384dbb0cb7bffd2a', '64', NOW(), NOW()),
('f44ce530-d536-4be8-ad50-19319c226822', '0vFr3gOScocWkYpEFUwkUi', 'https://i.scdn.co/image/ab67616d0000b273841c137f6eaf6f3f7d39a606', '640', NOW(), NOW()),
('f44ce530-d536-4be8-ad50-19319c226822', '0vFr3gOScocWkYpEFUwkUi', 'https://i.scdn.co/image/ab67616d00001e02841c137f6eaf6f3f7d39a606', '300', NOW(), NOW()),
('f44ce530-d536-4be8-ad50-19319c226822', '0vFr3gOScocWkYpEFUwkUi', 'https://i.scdn.co/image/ab67616d00004851841c137f6eaf6f3f7d39a606', '64', NOW(), NOW()),
('acd08f92-e11e-4fe9-b983-3396d6813cb8', '0WnRQfUhXt6eQ1y6elEhSL', 'https://i.scdn.co/image/ab67616d0000b273ba41d3addc297d765bd337eb', '640', NOW(), NOW()),
('acd08f92-e11e-4fe9-b983-3396d6813cb8', '0WnRQfUhXt6eQ1y6elEhSL', 'https://i.scdn.co/image/ab67616d00001e02ba41d3addc297d765bd337eb', '300', NOW(), NOW()),
('acd08f92-e11e-4fe9-b983-3396d6813cb8', '0WnRQfUhXt6eQ1y6elEhSL', 'https://i.scdn.co/image/ab67616d00004851ba41d3addc297d765bd337eb', '64', NOW(), NOW()),
('90aecb36-9799-447b-91c3-23c41cc0edfb', '4HLunjfLONnANDcXuFkB5e', 'https://i.scdn.co/image/ab67616d0000b273818cbb55fedd72dbd1a3daf5', '640', NOW(), NOW()),
('90aecb36-9799-447b-91c3-23c41cc0edfb', '4HLunjfLONnANDcXuFkB5e', 'https://i.scdn.co/image/ab67616d00001e02818cbb55fedd72dbd1a3daf5', '300', NOW(), NOW()),
('90aecb36-9799-447b-91c3-23c41cc0edfb', '4HLunjfLONnANDcXuFkB5e', 'https://i.scdn.co/image/ab67616d00004851818cbb55fedd72dbd1a3daf5', '64', NOW(), NOW()),
('63806a80-31dc-440f-be3d-404d843f34a5', '0uDIUOZeIyQuyEvTx5YG7Z', 'https://i.scdn.co/image/ab67616d0000b2739c9bfa3c3ffdbe7b8cf35c1f', '640', NOW(), NOW()),
('63806a80-31dc-440f-be3d-404d843f34a5', '0uDIUOZeIyQuyEvTx5YG7Z', 'https://i.scdn.co/image/ab67616d00001e029c9bfa3c3ffdbe7b8cf35c1f', '300', NOW(), NOW()),
('63806a80-31dc-440f-be3d-404d843f34a5', '0uDIUOZeIyQuyEvTx5YG7Z', 'https://i.scdn.co/image/ab67616d000048519c9bfa3c3ffdbe7b8cf35c1f', '64', NOW(), NOW()),
('c9a7b3ce-4f77-4b9c-ab18-0faacbfb2ba5', '6cyc0Kz21VvLoEDFZm2xkR', 'https://i.scdn.co/image/ab67616d0000b27305d668f65cc17df65bf9b6d4', '640', NOW(), NOW()),
('c9a7b3ce-4f77-4b9c-ab18-0faacbfb2ba5', '6cyc0Kz21VvLoEDFZm2xkR', 'https://i.scdn.co/image/ab67616d00001e0205d668f65cc17df65bf9b6d4', '300', NOW(), NOW()),
('c9a7b3ce-4f77-4b9c-ab18-0faacbfb2ba5', '6cyc0Kz21VvLoEDFZm2xkR', 'https://i.scdn.co/image/ab67616d0000485105d668f65cc17df65bf9b6d4', '64', NOW(), NOW()),
('04ba0da3-19e3-4ece-be23-62efb6a88cf1', '6wZxv5CPGht9CrdHgcJrqW', 'https://i.scdn.co/image/ab67616d0000b273075f382f849f8a7f84a5bff9', '640', NOW(), NOW()),
('04ba0da3-19e3-4ece-be23-62efb6a88cf1', '6wZxv5CPGht9CrdHgcJrqW', 'https://i.scdn.co/image/ab67616d00001e02075f382f849f8a7f84a5bff9', '300', NOW(), NOW()),
('04ba0da3-19e3-4ece-be23-62efb6a88cf1', '6wZxv5CPGht9CrdHgcJrqW', 'https://i.scdn.co/image/ab67616d00004851075f382f849f8a7f84a5bff9', '64', NOW(), NOW()),
('63cef3f1-b673-498b-8c00-8dbe3cad8e2f', '5kte4ZVjac9jtxbLE4rj8K', 'https://i.scdn.co/image/ab67616d0000b2735ab7c5698ee563831026dcfa', '640', NOW(), NOW()),
('63cef3f1-b673-498b-8c00-8dbe3cad8e2f', '5kte4ZVjac9jtxbLE4rj8K', 'https://i.scdn.co/image/ab67616d00001e025ab7c5698ee563831026dcfa', '300', NOW(), NOW()),
('63cef3f1-b673-498b-8c00-8dbe3cad8e2f', '5kte4ZVjac9jtxbLE4rj8K', 'https://i.scdn.co/image/ab67616d000048515ab7c5698ee563831026dcfa', '64', NOW(), NOW()),
('30540731-a268-43d5-ae60-338d4f55fef8', '40m6Hfc5NUHaHEp4AmPrg1', 'https://i.scdn.co/image/ab67616d0000b27343c3bb2f67484ef872f0cd23', '640', NOW(), NOW()),
('30540731-a268-43d5-ae60-338d4f55fef8', '40m6Hfc5NUHaHEp4AmPrg1', 'https://i.scdn.co/image/ab67616d00001e0243c3bb2f67484ef872f0cd23', '300', NOW(), NOW()),
('30540731-a268-43d5-ae60-338d4f55fef8', '40m6Hfc5NUHaHEp4AmPrg1', 'https://i.scdn.co/image/ab67616d0000485143c3bb2f67484ef872f0cd23', '64', NOW(), NOW()),
('1f15e946-d6ab-4004-b0dc-245d24cccf52', '0NnemcLXpDHrjGp0eVIcka', 'https://i.scdn.co/image/ab67616d0000b2731f023fc106426cdbdb4d2b01', '640', NOW(), NOW()),
('1f15e946-d6ab-4004-b0dc-245d24cccf52', '0NnemcLXpDHrjGp0eVIcka', 'https://i.scdn.co/image/ab67616d00001e021f023fc106426cdbdb4d2b01', '300', NOW(), NOW()),
('1f15e946-d6ab-4004-b0dc-245d24cccf52', '0NnemcLXpDHrjGp0eVIcka', 'https://i.scdn.co/image/ab67616d000048511f023fc106426cdbdb4d2b01', '64', NOW(), NOW()),
('c77fee1a-d7f2-4a33-8f4a-b77a37b71a36', '4TbIK6Kh0Hq6UyIZqd1Zl4', 'https://i.scdn.co/image/ab67616d0000b2738a5ce08082b3cdcccc704c01', '640', NOW(), NOW()),
('c77fee1a-d7f2-4a33-8f4a-b77a37b71a36', '4TbIK6Kh0Hq6UyIZqd1Zl4', 'https://i.scdn.co/image/ab67616d00001e028a5ce08082b3cdcccc704c01', '300', NOW(), NOW()),
('c77fee1a-d7f2-4a33-8f4a-b77a37b71a36', '4TbIK6Kh0Hq6UyIZqd1Zl4', 'https://i.scdn.co/image/ab67616d000048518a5ce08082b3cdcccc704c01', '64', NOW(), NOW()),
('fa5e7883-7325-4b69-9c22-3e302aec3799', '6E6cozCOXHgica0Xg0NmoH', 'https://i.scdn.co/image/ab67616d0000b273d695275db90bb8729ede2cef', '640', NOW(), NOW()),
('fa5e7883-7325-4b69-9c22-3e302aec3799', '6E6cozCOXHgica0Xg0NmoH', 'https://i.scdn.co/image/ab67616d00001e02d695275db90bb8729ede2cef', '300', NOW(), NOW()),
('fa5e7883-7325-4b69-9c22-3e302aec3799', '6E6cozCOXHgica0Xg0NmoH', 'https://i.scdn.co/image/ab67616d00004851d695275db90bb8729ede2cef', '64', NOW(), NOW()),
('d25c9c96-f23d-444a-886a-d2712f57b40e', '2IFL4hMrwB3VmgxcyJRRgx', 'https://i.scdn.co/image/ab67616d0000b273a6bb4f86eb948cdad0de09b8', '640', NOW(), NOW()),
('d25c9c96-f23d-444a-886a-d2712f57b40e', '2IFL4hMrwB3VmgxcyJRRgx', 'https://i.scdn.co/image/ab67616d00001e02a6bb4f86eb948cdad0de09b8', '300', NOW(), NOW()),
('d25c9c96-f23d-444a-886a-d2712f57b40e', '2IFL4hMrwB3VmgxcyJRRgx', 'https://i.scdn.co/image/ab67616d00004851a6bb4f86eb948cdad0de09b8', '64', NOW(), NOW()),
('ebec2b5b-e68f-40ae-8b21-0b2ceaf41905', '4MqDP628kSeAnyCbNLcPhp', 'https://i.scdn.co/image/ab67616d0000b2739dbea4e3b121e4e6c70817c0', '640', NOW(), NOW()),
('ebec2b5b-e68f-40ae-8b21-0b2ceaf41905', '4MqDP628kSeAnyCbNLcPhp', 'https://i.scdn.co/image/ab67616d00001e029dbea4e3b121e4e6c70817c0', '300', NOW(), NOW()),
('ebec2b5b-e68f-40ae-8b21-0b2ceaf41905', '4MqDP628kSeAnyCbNLcPhp', 'https://i.scdn.co/image/ab67616d000048519dbea4e3b121e4e6c70817c0', '64', NOW(), NOW()),
('6e02c9a1-9c54-44df-ba7a-5df9168f0912', '6gEysrB92v9zwVGECUm6CR', 'https://i.scdn.co/image/ab67616d0000b2730d6dacb5ccd1b6b4987b422f', '640', NOW(), NOW()),
('6e02c9a1-9c54-44df-ba7a-5df9168f0912', '6gEysrB92v9zwVGECUm6CR', 'https://i.scdn.co/image/ab67616d00001e020d6dacb5ccd1b6b4987b422f', '300', NOW(), NOW()),
('6e02c9a1-9c54-44df-ba7a-5df9168f0912', '6gEysrB92v9zwVGECUm6CR', 'https://i.scdn.co/image/ab67616d000048510d6dacb5ccd1b6b4987b422f', '64', NOW(), NOW()),
('2e4efae6-98c3-490a-bccb-b3c91cce6cb7', '1Yzfw9VVEn9BoPfPZ63ez8', 'https://i.scdn.co/image/ab67616d0000b273db7fc5765e4b8d6abde608c9', '640', NOW(), NOW()),
('2e4efae6-98c3-490a-bccb-b3c91cce6cb7', '1Yzfw9VVEn9BoPfPZ63ez8', 'https://i.scdn.co/image/ab67616d00001e02db7fc5765e4b8d6abde608c9', '300', NOW(), NOW()),
('2e4efae6-98c3-490a-bccb-b3c91cce6cb7', '1Yzfw9VVEn9BoPfPZ63ez8', 'https://i.scdn.co/image/ab67616d00004851db7fc5765e4b8d6abde608c9', '64', NOW(), NOW()),
('fbacd1d1-c021-48bc-a4f7-7cef67b70465', '6Bf52VxjMlkbSvJUi7WS6K', 'https://i.scdn.co/image/ab67616d0000b273c583d076d07f9fe4680f50c2', '640', NOW(), NOW()),
('fbacd1d1-c021-48bc-a4f7-7cef67b70465', '6Bf52VxjMlkbSvJUi7WS6K', 'https://i.scdn.co/image/ab67616d00001e02c583d076d07f9fe4680f50c2', '300', NOW(), NOW()),
('fbacd1d1-c021-48bc-a4f7-7cef67b70465', '6Bf52VxjMlkbSvJUi7WS6K', 'https://i.scdn.co/image/ab67616d00004851c583d076d07f9fe4680f50c2', '64', NOW(), NOW()),
('770783f5-5405-4382-a888-82895f74e8e1', '6JZd5USp6N9iXBESRquC4i', 'https://i.scdn.co/image/ab67616d0000b27328dd181020f2596bbd8889e2', '640', NOW(), NOW()),
('770783f5-5405-4382-a888-82895f74e8e1', '6JZd5USp6N9iXBESRquC4i', 'https://i.scdn.co/image/ab67616d00001e0228dd181020f2596bbd8889e2', '300', NOW(), NOW()),
('770783f5-5405-4382-a888-82895f74e8e1', '6JZd5USp6N9iXBESRquC4i', 'https://i.scdn.co/image/ab67616d0000485128dd181020f2596bbd8889e2', '64', NOW(), NOW()),
('40951264-963d-4971-98be-5e7880b7e845', '4s4mNFfXevQ3FHiKOyJ9RV', 'https://i.scdn.co/image/ab67616d0000b273d8581e4de28c4e1a9b1b0a6a', '640', NOW(), NOW()),
('40951264-963d-4971-98be-5e7880b7e845', '4s4mNFfXevQ3FHiKOyJ9RV', 'https://i.scdn.co/image/ab67616d00001e02d8581e4de28c4e1a9b1b0a6a', '300', NOW(), NOW()),
('40951264-963d-4971-98be-5e7880b7e845', '4s4mNFfXevQ3FHiKOyJ9RV', 'https://i.scdn.co/image/ab67616d00004851d8581e4de28c4e1a9b1b0a6a', '64', NOW(), NOW()),
('0f2751d1-20b1-42a6-b001-cad1ed54781e', '5aIvkDCEZBI6xOOcFIFxmx', 'https://i.scdn.co/image/ab67616d0000b273625a3fcc85a348a4831f345a', '640', NOW(), NOW()),
('0f2751d1-20b1-42a6-b001-cad1ed54781e', '5aIvkDCEZBI6xOOcFIFxmx', 'https://i.scdn.co/image/ab67616d00001e02625a3fcc85a348a4831f345a', '300', NOW(), NOW()),
('0f2751d1-20b1-42a6-b001-cad1ed54781e', '5aIvkDCEZBI6xOOcFIFxmx', 'https://i.scdn.co/image/ab67616d00004851625a3fcc85a348a4831f345a', '64', NOW(), NOW()),
('cbf9947d-2610-4073-8584-4935faac0d92', '3H0VW0JtOUxf1ycshiodm7', 'https://i.scdn.co/image/ab67616d0000b273f899d808931dc90aa665c59e', '640', NOW(), NOW()),
('cbf9947d-2610-4073-8584-4935faac0d92', '3H0VW0JtOUxf1ycshiodm7', 'https://i.scdn.co/image/ab67616d00001e02f899d808931dc90aa665c59e', '300', NOW(), NOW()),
('cbf9947d-2610-4073-8584-4935faac0d92', '3H0VW0JtOUxf1ycshiodm7', 'https://i.scdn.co/image/ab67616d00004851f899d808931dc90aa665c59e', '64', NOW(), NOW()),
('51e03285-c2bd-42b1-a2e4-9457343a9eb4', '0IepIa89MUjamb63yJ17kI', 'https://i.scdn.co/image/ab67616d0000b27339135cdd017bd6ba974064d1', '640', NOW(), NOW()),
('51e03285-c2bd-42b1-a2e4-9457343a9eb4', '0IepIa89MUjamb63yJ17kI', 'https://i.scdn.co/image/ab67616d00001e0239135cdd017bd6ba974064d1', '300', NOW(), NOW()),
('51e03285-c2bd-42b1-a2e4-9457343a9eb4', '0IepIa89MUjamb63yJ17kI', 'https://i.scdn.co/image/ab67616d0000485139135cdd017bd6ba974064d1', '64', NOW(), NOW()),
('06bad6bd-c906-4518-8342-1cfa28ef9f0f', '3BjW3BADvMeBXApPqfx3en', 'https://i.scdn.co/image/ab67616d0000b273d1b164533f953f42fd6db561', '640', NOW(), NOW()),
('06bad6bd-c906-4518-8342-1cfa28ef9f0f', '3BjW3BADvMeBXApPqfx3en', 'https://i.scdn.co/image/ab67616d00001e02d1b164533f953f42fd6db561', '300', NOW(), NOW()),
('06bad6bd-c906-4518-8342-1cfa28ef9f0f', '3BjW3BADvMeBXApPqfx3en', 'https://i.scdn.co/image/ab67616d00004851d1b164533f953f42fd6db561', '64', NOW(), NOW()),
('6805a360-0700-4d9c-ae65-b32c221a793c', '3EdgzLQdxbsaOPGJqpbuV3', 'https://i.scdn.co/image/ab67616d0000b273979dad9120568fdc044ce499', '640', NOW(), NOW()),
('6805a360-0700-4d9c-ae65-b32c221a793c', '3EdgzLQdxbsaOPGJqpbuV3', 'https://i.scdn.co/image/ab67616d00001e02979dad9120568fdc044ce499', '300', NOW(), NOW()),
('6805a360-0700-4d9c-ae65-b32c221a793c', '3EdgzLQdxbsaOPGJqpbuV3', 'https://i.scdn.co/image/ab67616d00004851979dad9120568fdc044ce499', '64', NOW(), NOW()),
('3be434a6-f5db-4ac6-9a0b-b6dcdf7b3f7f', '2vG8a77YT798xlUi1VOhZ3', 'https://i.scdn.co/image/ab67616d0000b27313fe175754c7f08045c9ca33', '640', NOW(), NOW()),
('3be434a6-f5db-4ac6-9a0b-b6dcdf7b3f7f', '2vG8a77YT798xlUi1VOhZ3', 'https://i.scdn.co/image/ab67616d00001e0213fe175754c7f08045c9ca33', '300', NOW(), NOW()),
('3be434a6-f5db-4ac6-9a0b-b6dcdf7b3f7f', '2vG8a77YT798xlUi1VOhZ3', 'https://i.scdn.co/image/ab67616d0000485113fe175754c7f08045c9ca33', '64', NOW(), NOW()),
('0b61b4d6-4058-4cc4-9851-a43f196d6fd2', '3iCsAbUEnJ2jPsynyACx5H', 'https://i.scdn.co/image/ab67616d0000b27358c592ba8950aa509a838fa6', '640', NOW(), NOW()),
('0b61b4d6-4058-4cc4-9851-a43f196d6fd2', '3iCsAbUEnJ2jPsynyACx5H', 'https://i.scdn.co/image/ab67616d00001e0258c592ba8950aa509a838fa6', '300', NOW(), NOW()),
('0b61b4d6-4058-4cc4-9851-a43f196d6fd2', '3iCsAbUEnJ2jPsynyACx5H', 'https://i.scdn.co/image/ab67616d0000485158c592ba8950aa509a838fa6', '64', NOW(), NOW()),
('378d6c9d-9687-4b94-8eb0-b24d95e5454d', '1qdp6T4Ob5haDLVPHm1Dd8', 'https://i.scdn.co/image/ab67616d0000b273488c49f8c776ab106853f58e', '640', NOW(), NOW()),
('378d6c9d-9687-4b94-8eb0-b24d95e5454d', '1qdp6T4Ob5haDLVPHm1Dd8', 'https://i.scdn.co/image/ab67616d00001e02488c49f8c776ab106853f58e', '300', NOW(), NOW()),
('378d6c9d-9687-4b94-8eb0-b24d95e5454d', '1qdp6T4Ob5haDLVPHm1Dd8', 'https://i.scdn.co/image/ab67616d00004851488c49f8c776ab106853f58e', '64', NOW(), NOW()),
('8902dc38-8d4d-439a-a3d6-c1b32dce420e', '41sCKMnuyJ1e7IzgG93cVt', 'https://i.scdn.co/image/ab67616d0000b273100e0fb26ce43fd0e879911c', '640', NOW(), NOW()),
('8902dc38-8d4d-439a-a3d6-c1b32dce420e', '41sCKMnuyJ1e7IzgG93cVt', 'https://i.scdn.co/image/ab67616d00001e02100e0fb26ce43fd0e879911c', '300', NOW(), NOW()),
('8902dc38-8d4d-439a-a3d6-c1b32dce420e', '41sCKMnuyJ1e7IzgG93cVt', 'https://i.scdn.co/image/ab67616d00004851100e0fb26ce43fd0e879911c', '64', NOW(), NOW()),
('5214f180-8e32-41d4-a307-d1b7b10c5dc3', '4keXUdfAh4tP5AzUg8FANj', 'https://i.scdn.co/image/ab67616d0000b273022e02ff3a56b7d9af7f8d79', '640', NOW(), NOW()),
('5214f180-8e32-41d4-a307-d1b7b10c5dc3', '4keXUdfAh4tP5AzUg8FANj', 'https://i.scdn.co/image/ab67616d00001e02022e02ff3a56b7d9af7f8d79', '300', NOW(), NOW()),
('5214f180-8e32-41d4-a307-d1b7b10c5dc3', '4keXUdfAh4tP5AzUg8FANj', 'https://i.scdn.co/image/ab67616d00004851022e02ff3a56b7d9af7f8d79', '64', NOW(), NOW()),
('687efb15-5fcf-4442-991f-e1cb2a6ea783', '4DbTcun6ZpZN7uXJRmd9Tz', 'https://i.scdn.co/image/ab67616d0000b273a4fe787c7715c91b3da66c21', '640', NOW(), NOW()),
('687efb15-5fcf-4442-991f-e1cb2a6ea783', '4DbTcun6ZpZN7uXJRmd9Tz', 'https://i.scdn.co/image/ab67616d00001e02a4fe787c7715c91b3da66c21', '300', NOW(), NOW()),
('687efb15-5fcf-4442-991f-e1cb2a6ea783', '4DbTcun6ZpZN7uXJRmd9Tz', 'https://i.scdn.co/image/ab67616d00004851a4fe787c7715c91b3da66c21', '64', NOW(), NOW()),
('4729cd0b-4aa4-4ea2-8587-396ae5ec7c94', '09lCWKmeDqMupz4Q7SX06X', 'https://i.scdn.co/image/ab67616d0000b2731c7336df97e3521cf06ded04', '640', NOW(), NOW()),
('4729cd0b-4aa4-4ea2-8587-396ae5ec7c94', '09lCWKmeDqMupz4Q7SX06X', 'https://i.scdn.co/image/ab67616d00001e021c7336df97e3521cf06ded04', '300', NOW(), NOW()),
('4729cd0b-4aa4-4ea2-8587-396ae5ec7c94', '09lCWKmeDqMupz4Q7SX06X', 'https://i.scdn.co/image/ab67616d000048511c7336df97e3521cf06ded04', '64', NOW(), NOW()),
('06f04928-1c0a-4b78-91a2-50afd46df734', '3UsQHPAEe7RNSuxsSDXUVR', 'https://i.scdn.co/image/ab67616d0000b273be3a4ca848c7f860a63de06b', '640', NOW(), NOW()),
('06f04928-1c0a-4b78-91a2-50afd46df734', '3UsQHPAEe7RNSuxsSDXUVR', 'https://i.scdn.co/image/ab67616d00001e02be3a4ca848c7f860a63de06b', '300', NOW(), NOW()),
('06f04928-1c0a-4b78-91a2-50afd46df734', '3UsQHPAEe7RNSuxsSDXUVR', 'https://i.scdn.co/image/ab67616d00004851be3a4ca848c7f860a63de06b', '64', NOW(), NOW()),
('b21db935-f7d2-4948-98ea-c65044c9ad63', '39qoXAg9WpzLqLuwPaD3lQ', 'https://i.scdn.co/image/ab67616d0000b2734ab5dfa56ce3887584d44831', '640', NOW(), NOW()),
('b21db935-f7d2-4948-98ea-c65044c9ad63', '39qoXAg9WpzLqLuwPaD3lQ', 'https://i.scdn.co/image/ab67616d00001e024ab5dfa56ce3887584d44831', '300', NOW(), NOW()),
('b21db935-f7d2-4948-98ea-c65044c9ad63', '39qoXAg9WpzLqLuwPaD3lQ', 'https://i.scdn.co/image/ab67616d000048514ab5dfa56ce3887584d44831', '64', NOW(), NOW()),
('af8638e0-6628-46b5-9bc4-0e3bece2095e', '7rON9pk1quM9NFqo3RraBr', 'https://i.scdn.co/image/ab67616d0000b2735e75d3c6e6361b6104cd8b4d', '640', NOW(), NOW()),
('af8638e0-6628-46b5-9bc4-0e3bece2095e', '7rON9pk1quM9NFqo3RraBr', 'https://i.scdn.co/image/ab67616d00001e025e75d3c6e6361b6104cd8b4d', '300', NOW(), NOW()),
('af8638e0-6628-46b5-9bc4-0e3bece2095e', '7rON9pk1quM9NFqo3RraBr', 'https://i.scdn.co/image/ab67616d000048515e75d3c6e6361b6104cd8b4d', '64', NOW(), NOW()),
('0e562f34-0d3b-48e6-9171-f093bc94f63b', '3ph1mKcc1Odpk6P2E6LZVA', 'https://i.scdn.co/image/ab67616d0000b2731aab77bd012a593da03bb74b', '640', NOW(), NOW()),
('0e562f34-0d3b-48e6-9171-f093bc94f63b', '3ph1mKcc1Odpk6P2E6LZVA', 'https://i.scdn.co/image/ab67616d00001e021aab77bd012a593da03bb74b', '300', NOW(), NOW()),
('0e562f34-0d3b-48e6-9171-f093bc94f63b', '3ph1mKcc1Odpk6P2E6LZVA', 'https://i.scdn.co/image/ab67616d000048511aab77bd012a593da03bb74b', '64', NOW(), NOW()),
('55338e2f-3896-4123-89a7-596d65e3f542', '6FJh4Rp984rsK7GPofSH4F', 'https://i.scdn.co/image/ab67616d0000b27350e9887cb08c5e92667c603b', 'Unknown', NOW(), NOW()),
('6bd46442-eb59-4a7e-b00d-53c4ddd867cf', '30Nyo4lqTYhqoZsfbkIYmF', 'https://i.scdn.co/image/ab67616d0000b273459d8bfefb3c4ddc0b77f54b', 'Unknown', NOW(), NOW()),
('4fffea17-28bb-4cc4-871a-db9482bfe649', '0v2o4uUGB3ElQ243YqWRCV', 'https://i.scdn.co/image/ab67616d0000b27311d007bb1ce7a90032b9e6e0', 'Unknown', NOW(), NOW()),
('748ede9f-e06e-408a-8abb-3587788456d3', '2tufTeCbdBAPPhtzgIpNhl', 'https://i.scdn.co/image/ab67616d0000b273ae2294e105792f17116eb588', 'Unknown', NOW(), NOW()),
('f30385a9-0583-44bd-9941-ca9fb755437f', '0H22DtSin7UH1etDWUmHXk', 'https://i.scdn.co/image/ab67616d0000b27327b11732582fc33ff5893021', 'Unknown', NOW(), NOW()),
('a33d1bcd-fb8d-4a1c-bc96-614f6e2e1b97', '3m5I4A6aRb46tItk08bykt', 'https://i.scdn.co/image/ab67616d0000b27309e29b5b89874271375ed6d7', 'Unknown', NOW(), NOW()),
('56e19299-1268-47a6-88d3-d0d1fff35ce2', '1saxIIm3rUDxw3OmSVKeyn', 'https://i.scdn.co/image/ab67616d0000b27342c4b8f3104caa57bd2de76f', 'Unknown', NOW(), NOW()),
('0c42e269-0520-4091-a69c-cb36a15b66e7', '2qEhzkQnMMZknAfUSev46a', 'https://i.scdn.co/image/ab67616d0000b273a2a178bc95723cde246dd103', 'Unknown', NOW(), NOW()),
('f3a88fd5-ccec-4e6e-bf84-f843f4c7b441', '0OvUUqxaFa0ExfjkjjR54m', 'https://i.scdn.co/image/ab67616d0000b2735e9a1eff34c63209a831cf41', 'Unknown', NOW(), NOW()),
('352f9500-d78f-463b-a597-231606cdd35b', '2OMKgXqzCN2K6y5xaPgqAw', 'https://i.scdn.co/image/ab67616d0000b2739bc3a217e453f55731b9814d', 'Unknown', NOW(), NOW()),
('f643a75b-4aa1-47f9-9111-e3e454fd1adb', '0dcikRLtLBSH1PzQ63oz7f', 'https://i.scdn.co/image/ab67616d0000b273758f6841a4a2d86a4f16e40a', 'Unknown', NOW(), NOW()),
('11ccc0da-b99a-4212-b497-218c271ff3e3', '4ZAsFEf5sSS6e4OQZF4Wsn', 'https://i.scdn.co/image/ab67616d0000b273b54da29c9574a01cbc1e279f', 'Unknown', NOW(), NOW()),
('25022f40-f6d1-4bbd-be15-e1f39e3e696b', '0tVrp9PXRfQh8TlR4R31Od', 'https://i.scdn.co/image/ab67616d0000b27360cc7a4d870aa490db7c1e6a', 'Unknown', NOW(), NOW()),
('554c75c4-7c38-4501-bbfc-322ab5f6f27e', '29W5VTA7R3IKIQcZnCuAWq', 'https://i.scdn.co/image/ab67616d0000b273a3af48be414b30ad742a1534', 'Unknown', NOW(), NOW()),
('a52cf162-e13b-4a21-8bd5-2b749fc111b1', '2dJZJUMbb2qEzgK8hUnPgv', 'https://i.scdn.co/image/ab67616d0000b2730e80c464fbec55d2c2bdd3d9', 'Unknown', NOW(), NOW()),
('95c17414-2586-44b5-8f27-0ba57abe859d', '1mpAJLSPGLFfFqGY1gwrAT', 'https://i.scdn.co/image/ab67616d0000b2737068feb012ae2d35400e149c', 'Unknown', NOW(), NOW());



INSERT INTO "Song" ("id", "albumId", "title", "duration", "lyric", "filePathAudio", "privacy", "uploadUserId", "createdAt", "updatedAt") VALUES
('93ec6206-67fa-42be-a3c5-6aeca9e171a6', '5456e9fc-b162-4a77-8f5a-021b1ba7313b', 'Ngày mai em đi', '189242', 'lyric', 'nan', FALSE, 'Null', NOW(), NOW()),
('4b6f49e0-8a9b-4524-bb69-123f78f86fc7', '5456e9fc-b162-4a77-8f5a-021b1ba7313b', 'Lặng thầm một tình yêu', '288020', 'lyric', 'nan', FALSE, 'Null', NOW(), NOW()),
('9843f9db-0e82-4b26-9f15-f37dca40a517', '5456e9fc-b162-4a77-8f5a-021b1ba7313b', 'Tìm lại giấc mơ', '246015', 'lyric', 'nan', FALSE, 'Null', NOW(), NOW()),
('84470744-931d-4a66-ab72-ecf8f6b70eeb', '5456e9fc-b162-4a77-8f5a-021b1ba7313b', 'Em ơi Hà Nội phố', '271975', 'lyric', 'nan', FALSE, 'Null', NOW(), NOW()),
('bfd6acac-30e1-4eb8-ba91-46ed61962d46', '5456e9fc-b162-4a77-8f5a-021b1ba7313b', 'Để nhớ một thời ta đã yêu', '319018', 'lyric', 'nan', FALSE, 'Null', NOW(), NOW()),
('9b2ca664-62aa-44c5-8608-2c69aebbb804', '5456e9fc-b162-4a77-8f5a-021b1ba7313b', 'Như đã dấu yêu', '233407', 'lyric', 'nan', FALSE, 'Null', NOW(), NOW()),
('c22d4905-44e2-4312-87e4-9d5f2bc1f120', '5456e9fc-b162-4a77-8f5a-021b1ba7313b', 'Anh còn nợ em', '343214', 'lyric', 'nan', FALSE, 'Null', NOW(), NOW()),
('e64dad04-db55-4850-b1a7-4a7268b429dc', '5456e9fc-b162-4a77-8f5a-021b1ba7313b', 'Đừng đi', '278778', 'lyric', 'nan', FALSE, 'Null', NOW(), NOW()),
('c1d172e7-0a4a-4d51-8fc3-f9992e851f94', '5456e9fc-b162-4a77-8f5a-021b1ba7313b', 'Niềm đau chôn dấu', '358260', 'lyric', 'nan', FALSE, 'Null', NOW(), NOW()),
('14600c07-7bc5-4d7d-990e-89c42ea5690a', '5456e9fc-b162-4a77-8f5a-021b1ba7313b', 'Những lời mê hoặc', '331906', 'lyric', 'nan', FALSE, 'Null', NOW(), NOW()),
('48e60575-eeaa-475f-9bcb-695152186f30', '5456e9fc-b162-4a77-8f5a-021b1ba7313b', 'Khi mình yêu', '174846', 'lyric', 'nan', FALSE, 'Null', NOW(), NOW()),
('3e00d221-8a06-4fd0-bd1f-40213a6721b6', '5456e9fc-b162-4a77-8f5a-021b1ba7313b', 'Gửi người yêu cũ', '283585', 'lyric', 'nan', FALSE, 'Null', NOW(), NOW()),
('d70909e2-045d-4996-a96a-94f745b2c6aa', '5456e9fc-b162-4a77-8f5a-021b1ba7313b', 'LK Đành như thế thôi', '545367', 'lyric', 'nan', FALSE, 'Null', NOW(), NOW()),
('ab6eb355-0efe-41e0-b229-827840bb0789', '5456e9fc-b162-4a77-8f5a-021b1ba7313b', 'LK: Giấc mơ chỉ là giấc mơ - Đêm nghe tiếng mưa - Yêu thương mong manh', '604554', 'lyric', 'nan', FALSE, 'Null', NOW(), NOW()),
('15e27a1e-7daa-48f3-a1c0-46fa6163e73b', '5456e9fc-b162-4a77-8f5a-021b1ba7313b', 'LK: Một lần cuối thôi - Hãy nói với em - Sao ta lặng im', '374979', 'lyric', 'nan', FALSE, 'Null', NOW(), NOW()),
('218cf1bc-0cf9-4362-9bfd-76a5aa765cf8', '5456e9fc-b162-4a77-8f5a-021b1ba7313b', 'Tội lỗi', '284421', 'lyric', 'nan', FALSE, 'Null', NOW(), NOW()),
('54b0530f-2de0-45ea-b443-16bfc15980a5', '5456e9fc-b162-4a77-8f5a-021b1ba7313b', 'LK: Xa em - Nỗi nhớ đầy vơi - Tình về nơi đâu', '522634', 'lyric', 'nan', FALSE, 'Null', NOW(), NOW()),
('6946ada8-5b81-4bf2-98a7-92d4ba682918', '5456e9fc-b162-4a77-8f5a-021b1ba7313b', 'Bang Bang', '283051', 'lyric', 'nan', FALSE, 'Null', NOW(), NOW()),
('53d8965c-749d-4f61-bb29-0ed5a5935c1d', '5456e9fc-b162-4a77-8f5a-021b1ba7313b', 'LK: What is love - Em đi tìm anh - Em không cần anh', '345745', 'lyric', 'nan', FALSE, 'Null', NOW(), NOW()),
('642bf2e9-c373-4134-81ac-148d3d6b2ac1', 'd0acf28c-e91b-4d4a-8056-07e32cb70323', '100% Yêu Em - Remixed at Hòa Âm Ánh Sáng 2016', '279980', 'lyric', 'https://audiomelodies.nyc3.digitaloceanspaces.com/LOC/NooPhuocThinh/HanhTrinhTroThanhQuanQuanHoaAmAnhSangCuaTeamNooPhuocThinh/100YeuEmRemixedatHoaAmAnhSang2016.m4a', FALSE, 'Null', NOW(), NOW()),
('57d809bb-6ade-4543-a07b-a36c443dd96b', 'd0acf28c-e91b-4d4a-8056-07e32cb70323', 'Chôn Giấu Giấc Mơ - Remixed at Hòa Âm Ánh Sáng 2016', '195540', 'lyric', 'https://audiomelodies.nyc3.digitaloceanspaces.com/LOC/NooPhuocThinh/HanhTrinhTroThanhQuanQuanHoaAmAnhSangCuaTeamNooPhuocThinh/ChonGiauGiacMoRemixedatHoaAmAnhSang2016.m4a', FALSE, 'Null', NOW(), NOW()),
('153d0cb2-0b73-4b00-bcc3-493d28c1d19a', 'd0acf28c-e91b-4d4a-8056-07e32cb70323', 'Chợt Thấy Em Khóc - Remixed at Hòa Âm Ánh Sáng 2016', '251376', 'lyric', 'https://audiomelodies.nyc3.digitaloceanspaces.com/LOC/NooPhuocThinh/HanhTrinhTroThanhQuanQuanHoaAmAnhSangCuaTeamNooPhuocThinh/ChotThayEmKhocRemixedatHoaAmAnhSang2016.m4a', FALSE, 'Null', NOW(), NOW()),
('4a7d509a-1426-460a-a392-a007a502284a', 'd0acf28c-e91b-4d4a-8056-07e32cb70323', 'Dù Cho Ta Già (Never Let You Down) - Remixed at Hòa Âm Ánh Sáng 2016', '300161', 'lyric', 'https://audiomelodies.nyc3.digitaloceanspaces.com/LOC/NooPhuocThinh/HanhTrinhTroThanhQuanQuanHoaAmAnhSangCuaTeamNooPhuocThinh/DuChoTaGiaNeverLetYouDownRemixedatHoaAmAnhSang2016.m4a', FALSE, 'Null', NOW(), NOW()),
('2e1a62ac-ed28-4cee-81b8-5ddbdf12cb9e', 'd0acf28c-e91b-4d4a-8056-07e32cb70323', 'Gạt Đi Nước Mắt - Remixed at Hòa Âm Ánh Sáng 2016', '270456', 'lyric', 'https://audiomelodies.nyc3.digitaloceanspaces.com/LOC/NooPhuocThinh/HanhTrinhTroThanhQuanQuanHoaAmAnhSangCuaTeamNooPhuocThinh/GatDiNuocMatRemixedatHoaAmAnhSang2016.m4a', FALSE, 'Null', NOW(), NOW()),
('d1743153-06be-47f3-a1e3-9396a20e952f', 'd0acf28c-e91b-4d4a-8056-07e32cb70323', 'Giấc Mơ Đánh Mất - Remixed at Hòa Âm Ánh Sáng 2016', '308650', 'lyric', 'https://audiomelodies.nyc3.digitaloceanspaces.com/LOC/NooPhuocThinh/HanhTrinhTroThanhQuanQuanHoaAmAnhSangCuaTeamNooPhuocThinh/GiacMoDanhMatRemixedatHoaAmAnhSang2016.m4a', FALSE, 'Null', NOW(), NOW()),
('b3a63751-a5d4-4558-8bc3-722eeaf8ce88', 'd0acf28c-e91b-4d4a-8056-07e32cb70323', 'Giấc Mơ - Remixed at Hòa Âm Ánh Sáng 2016', '211539', 'lyric', 'https://audiomelodies.nyc3.digitaloceanspaces.com/LOC/NooPhuocThinh/HanhTrinhTroThanhQuanQuanHoaAmAnhSangCuaTeamNooPhuocThinh/GiacMoRemixedatHoaAmAnhSang2016.m4a', FALSE, 'Null', NOW(), NOW()),
('487f0460-5a93-488d-a53d-8a787fea001e', 'd0acf28c-e91b-4d4a-8056-07e32cb70323', 'Nếu - Remixed at Hòa Âm Ánh Sáng 2016', '239151', 'lyric', 'https://audiomelodies.nyc3.digitaloceanspaces.com/LOC/NooPhuocThinh/HanhTrinhTroThanhQuanQuanHoaAmAnhSangCuaTeamNooPhuocThinh/NeuRemixedatHoaAmAnhSang2016.m4a', FALSE, 'Null', NOW(), NOW()),
('df3ffaa1-1cf0-473a-8c88-8ffe0d17d99d', 'd0acf28c-e91b-4d4a-8056-07e32cb70323', 'Ngôi Nhà Hạnh Phúc - Remixed at Hòa Âm Ánh Sáng 2016', '199967', 'lyric', 'https://audiomelodies.nyc3.digitaloceanspaces.com/LOC/NooPhuocThinh/HanhTrinhTroThanhQuanQuanHoaAmAnhSangCuaTeamNooPhuocThinh/NgoiNhaHanhPhucRemixedatHoaAmAnhSang2016.m4a', FALSE, 'Null', NOW(), NOW()),
('20f4eb6e-90c9-4269-99fd-e98873196a0b', 'd0acf28c-e91b-4d4a-8056-07e32cb70323', 'Như Một Thói Quen - Remixed at Hòa Âm Ánh Sáng 2016', '228623', 'lyric', 'https://audiomelodies.nyc3.digitaloceanspaces.com/LOC/NooPhuocThinh/HanhTrinhTroThanhQuanQuanHoaAmAnhSangCuaTeamNooPhuocThinh/NhuMotThoiQuenRemixedatHoaAmAnhSang2016.m4a', FALSE, 'Null', NOW(), NOW()),
('aa2be5df-05b4-4bbc-8bce-06656c85372c', 'd0acf28c-e91b-4d4a-8056-07e32cb70323', 'Phôi Phai - Remixed at Hòa Âm Ánh Sáng 2016', '348917', 'lyric', 'https://audiomelodies.nyc3.digitaloceanspaces.com/LOC/NooPhuocThinh/HanhTrinhTroThanhQuanQuanHoaAmAnhSangCuaTeamNooPhuocThinh/PhoiPhaiRemixedatHoaAmAnhSang2016.m4a', FALSE, 'Null', NOW(), NOW()),
('46c84055-e663-4850-92c6-a09841cc1598', 'd0acf28c-e91b-4d4a-8056-07e32cb70323', 'Qua Cầu Rằng Rí (Instrumental) - Remixed at Hòa Âm Ánh Sáng 2016', '281454', 'lyric', 'https://audiomelodies.nyc3.digitaloceanspaces.com/LOC/NooPhuocThinh/HanhTrinhTroThanhQuanQuanHoaAmAnhSangCuaTeamNooPhuocThinh/QuaCauRangRiInstrumentalRemixedatHoaAmAnhSang2016.m4a', FALSE, 'Null', NOW(), NOW()),
('c9eef55d-9e0c-4784-83ec-950cdaefde62', 'd0acf28c-e91b-4d4a-8056-07e32cb70323', 'Qua Cầu Rằng Rí - Remixed at Hòa Âm Ánh Sáng 2016', '281483', 'lyric', 'https://audiomelodies.nyc3.digitaloceanspaces.com/LOC/NooPhuocThinh/HanhTrinhTroThanhQuanQuanHoaAmAnhSangCuaTeamNooPhuocThinh/QuaCauRangRiRemixedatHoaAmAnhSang2016.m4a', FALSE, 'Null', NOW(), NOW()),
('3c38cd21-aa02-481a-80a9-dbad7da470ba', 'd0acf28c-e91b-4d4a-8056-07e32cb70323', 'Quên - Remixed at Hòa Âm Ánh Sáng 2016', '217913', 'lyric', 'https://audiomelodies.nyc3.digitaloceanspaces.com/LOC/NooPhuocThinh/HanhTrinhTroThanhQuanQuanHoaAmAnhSangCuaTeamNooPhuocThinh/QuenRemixedatHoaAmAnhSang2016.m4a', FALSE, 'Null', NOW(), NOW()),
('a15fadad-62b1-4762-b782-0c5f227e39a5', 'd0acf28c-e91b-4d4a-8056-07e32cb70323', 'Tình Ca (Epic) - Remixed at Hòa Âm Ánh Sáng 2016', '273411', 'lyric', 'https://audiomelodies.nyc3.digitaloceanspaces.com/LOC/NooPhuocThinh/HanhTrinhTroThanhQuanQuanHoaAmAnhSangCuaTeamNooPhuocThinh/TinhCaEpicRemixedatHoaAmAnhSang2016.m4a', FALSE, 'Null', NOW(), NOW()),
('d5385889-02ca-4a68-af3f-0ebbf90320ba', 'd0acf28c-e91b-4d4a-8056-07e32cb70323', 'Tình Ca (Epic Instrumental) - Remixed at Hòa Âm Ánh Sáng 2016', '274869', 'lyric', 'https://audiomelodies.nyc3.digitaloceanspaces.com/LOC/NooPhuocThinh/HanhTrinhTroThanhQuanQuanHoaAmAnhSangCuaTeamNooPhuocThinh/TinhCaEpicInstrumentalRemixedatHoaAmAnhSang2016.m4a', FALSE, 'Null', NOW(), NOW()),
('b1cf3eb1-0794-4598-a80f-f02a94a543ec', 'd0acf28c-e91b-4d4a-8056-07e32cb70323', 'Xa Em - Remixed at Hòa Âm Ánh Sáng 2016', '251533', 'lyric', 'https://audiomelodies.nyc3.digitaloceanspaces.com/LOC/NooPhuocThinh/HanhTrinhTroThanhQuanQuanHoaAmAnhSangCuaTeamNooPhuocThinh/XaEmRemixedatHoaAmAnhSang2016.m4a', FALSE, 'Null', NOW(), NOW()),
('7513dfb7-56f1-4a0c-a958-66f3fe3b3015', 'd0acf28c-e91b-4d4a-8056-07e32cb70323', 'Xa Em (Instrumental) - Remixed at Hòa Âm Ánh Sáng 2016', '344973', 'lyric', 'https://audiomelodies.nyc3.digitaloceanspaces.com/LOC/NooPhuocThinh/HanhTrinhTroThanhQuanQuanHoaAmAnhSangCuaTeamNooPhuocThinh/XaEmInstrumentalRemixedatHoaAmAnhSang2016.m4a', FALSE, 'Null', NOW(), NOW()),
('1492ce42-22c8-489f-8520-6f8beb9b77bf', 'd0acf28c-e91b-4d4a-8056-07e32cb70323', 'Yêu Là Đau - Remixed at Hòa Âm Ánh Sáng 2016', '230739', 'lyric', 'https://audiomelodies.nyc3.digitaloceanspaces.com/LOC/NooPhuocThinh/HanhTrinhTroThanhQuanQuanHoaAmAnhSangCuaTeamNooPhuocThinh/YeuLaDauRemixedatHoaAmAnhSang2016.m4a', FALSE, 'Null', NOW(), NOW()),
('3b25e68f-8ebf-47d5-999e-6dfdce4f909c', 'e582e912-eef9-4e91-81a6-38364b8c8268', 'Tìm Em', '251453', 'lyric', 'https://audiomelodies.nyc3.digitaloceanspaces.com/LOC/NooPhuocThinh/Em/TimEm.m4a', FALSE, 'Null', NOW(), NOW()),
('709dcb25-931c-4ae4-a5fb-c5bb77cc3a1b', 'e582e912-eef9-4e91-81a6-38364b8c8268', 'Chợt Thấy Em Khóc', '312813', 'lyric', 'https://audiomelodies.nyc3.digitaloceanspaces.com/LOC/NooPhuocThinh/Em/ChotThayEmKhoc.m4a', FALSE, 'Null', NOW(), NOW()),
('5ec320a6-2f96-4650-8021-008c81b493db', 'e582e912-eef9-4e91-81a6-38364b8c8268', 'Níu Kéo', '245413', 'lyric', 'https://audiomelodies.nyc3.digitaloceanspaces.com/LOC/NooPhuocThinh/Em/NiuKeo.m4a', FALSE, 'Null', NOW(), NOW()),
('fdbb7494-d6db-488d-b9bc-d6620d9e86be', 'e582e912-eef9-4e91-81a6-38364b8c8268', 'Xa Em', '349373', 'lyric', 'https://audiomelodies.nyc3.digitaloceanspaces.com/LOC/NooPhuocThinh/Em/XaEm.m4a', FALSE, 'Null', NOW(), NOW()),
('e074a503-34eb-4f8c-a0cf-b92a75f467ba', 'e582e912-eef9-4e91-81a6-38364b8c8268', 'Ký Ức Xa Xôi', '269146', 'lyric', 'https://audiomelodies.nyc3.digitaloceanspaces.com/LOC/NooPhuocThinh/BaCham/KyUcXaXoi.m4a', FALSE, 'Null', NOW(), NOW()),
('474f582e-6cf2-4514-b1dc-2bea9c69ff28', 'e582e912-eef9-4e91-81a6-38364b8c8268', 'Vì Quá Yêu Em', '269666', 'lyric', 'https://audiomelodies.nyc3.digitaloceanspaces.com/LOC/NooPhuocThinh/Em/ViQuaYeuEm.m4a', FALSE, 'Null', NOW(), NOW()),
('7fc0b281-04b4-4025-a863-45be8efb45a2', 'e582e912-eef9-4e91-81a6-38364b8c8268', 'Xin Lỗi Em', '303506', 'lyric', 'https://audiomelodies.nyc3.digitaloceanspaces.com/LOC/NooPhuocThinh/Em/XinLoiEm.m4a', FALSE, 'Null', NOW(), NOW()),
('463b04d5-439f-4b55-b805-8eda267558cc', 'e582e912-eef9-4e91-81a6-38364b8c8268', 'Ước Mơ Tôi - From “Thiên Trà” Original Soundtrack', '178600', 'lyric', 'https://audiomelodies.nyc3.digitaloceanspaces.com/LOC/NooPhuocThinh/Em/UocMoToiFromThienTraOriginalSoundtrack.m4a', FALSE, 'Null', NOW(), NOW()),
('de8ac25e-3bc3-4bab-96ea-8fa19883f56a', '46caea80-d498-4edd-a6b3-db6438689ab1', 'Lạc Bước Trong Đêm', '249453', 'lyric', 'https://audiomelodies.nyc3.digitaloceanspaces.com/LOC/NooPhuocThinh/LacBuocTrongem/LacBuocTrongDem.m4a', FALSE, 'Null', NOW(), NOW()),
('bf620f49-5698-4091-93d6-383aa14389d4', '46caea80-d498-4edd-a6b3-db6438689ab1', 'Ghen', '228333', 'lyric', 'https://audiomelodies.nyc3.digitaloceanspaces.com/LOC/NooPhuocThinh/LacBuocTrongem/Ghen.m4a', FALSE, 'Null', NOW(), NOW()),
('783fb952-d6d7-4559-919e-e0f82dc2d22f', '46caea80-d498-4edd-a6b3-db6438689ab1', 'Đừng Bận Tâm Anh', '240933', 'lyric', 'https://audiomelodies.nyc3.digitaloceanspaces.com/LOC/NooPhuocThinh/LacBuocTrongem/DungBanTamAnh.m4a', FALSE, 'Null', NOW(), NOW()),
('3d8f22fe-18e0-4ab5-a871-ec8e6d2610f8', '46caea80-d498-4edd-a6b3-db6438689ab1', 'Phôi Phai', '249600', 'lyric', 'https://audiomelodies.nyc3.digitaloceanspaces.com/LOC/NooPhuocThinh/LacBuocTrongem/PhoiPhai.m4a', FALSE, 'Null', NOW(), NOW()),
('864be8be-eea2-4c2b-984a-6c858d1f1f4e', '46caea80-d498-4edd-a6b3-db6438689ab1', 'Đã Bao Lần Anh Khóc', '224966', 'lyric', 'https://audiomelodies.nyc3.digitaloceanspaces.com/LOC/NooPhuocThinh/LacBuocTrongem/DaBaoLanAnhKhoc.m4a', FALSE, 'Null', NOW(), NOW()),
('ffcb3c90-ba7a-4575-98a8-d3cf41252a2d', '46caea80-d498-4edd-a6b3-db6438689ab1', 'Chỉ Mình Anh Đau', '250066', 'lyric', 'https://audiomelodies.nyc3.digitaloceanspaces.com/LOC/NooPhuocThinh/LacBuocTrongem/ChiMinhAnhDau.m4a', FALSE, 'Null', NOW(), NOW()),
('83e81d78-e6f3-4030-9c14-3a1aefc1ff42', '46caea80-d498-4edd-a6b3-db6438689ab1', 'Trở Về', '270093', 'lyric', 'https://audiomelodies.nyc3.digitaloceanspaces.com/LOC/NooPhuocThinh/LacBuocTrongem/TroVe.m4a', FALSE, 'Null', NOW(), NOW()),
('f1b8000e-1826-45ea-aad3-85d257cdd668', '46caea80-d498-4edd-a6b3-db6438689ab1', 'Tiếc Nuối', '296186', 'lyric', 'https://audiomelodies.nyc3.digitaloceanspaces.com/LOC/NooPhuocThinh/LacBuocTrongem/TiecNuoi.m4a', FALSE, 'Null', NOW(), NOW()),
('9ee460a1-397c-46a8-9fb7-65720e0228fe', '46caea80-d498-4edd-a6b3-db6438689ab1', 'Còn Mãi Trong Anh', '256359', 'lyric', 'https://audiomelodies.nyc3.digitaloceanspaces.com/LOC/NooPhuocThinh/LacBuocTrongem/ConMaiTrongAnh.m4a', FALSE, 'Null', NOW(), NOW()),
('731441fc-8094-4d1f-94a6-f564794b1fe1', 'c322ed5c-045a-4c5c-a0c3-5cb87714107d', 'Lặng Thầm', '200013', 'lyric', 'https://audiomelodies.nyc3.digitaloceanspaces.com/LOC/NooPhuocThinh/BaCham/LangTham.m4a', FALSE, 'Null', NOW(), NOW()),
('e8f68701-25ac-46e7-a7cc-d07de59e38d3', 'c322ed5c-045a-4c5c-a0c3-5cb87714107d', 'Quay Về Đi', '233680', 'lyric', 'https://audiomelodies.nyc3.digitaloceanspaces.com/LOC/NooPhuocThinh/BaCham/QuayVeDi.m4a', FALSE, 'Null', NOW(), NOW()),
('5691b7c3-1e9c-474d-be26-64b78ddd17e8', 'c322ed5c-045a-4c5c-a0c3-5cb87714107d', 'Biệt Ly', '259552', 'lyric', 'https://audiomelodies.nyc3.digitaloceanspaces.com/LOC/NooPhuocThinh/BaCham/BietLy.m4a', FALSE, 'Null', NOW(), NOW()),
('e6bd0402-f50e-434a-a11e-591e0909eb35', 'c322ed5c-045a-4c5c-a0c3-5cb87714107d', 'Đến Suốt Kiếp Vẫn Chờ', '227946', 'lyric', 'https://audiomelodies.nyc3.digitaloceanspaces.com/LOC/NooPhuocThinh/BaCham/DenSuotKiepVanCho.m4a', FALSE, 'Null', NOW(), NOW()),
('d8a1d399-9c01-4849-bc0b-ca81ff527033', 'c322ed5c-045a-4c5c-a0c3-5cb87714107d', 'Nếu', '205733', 'lyric', 'https://audiomelodies.nyc3.digitaloceanspaces.com/LOC/NooPhuocThinh/BaCham/Neu.m4a', FALSE, 'Null', NOW(), NOW()),
('4f2a5870-3458-4007-84c5-72129f4ccd0e', 'c322ed5c-045a-4c5c-a0c3-5cb87714107d', 'Ký Ức (feat. Thu Thủy)', '205253', 'lyric', 'https://audiomelodies.nyc3.digitaloceanspaces.com/LOC/NooPhuocThinh/BaCham/KyUcfeatThuThuy.m4a', FALSE, 'Null', NOW(), NOW()),
('99207811-7d42-407c-aaa6-2c764d8fd5c0', 'c322ed5c-045a-4c5c-a0c3-5cb87714107d', 'Yêu Là Đau', '250200', 'lyric', 'https://audiomelodies.nyc3.digitaloceanspaces.com/LOC/NooPhuocThinh/BaCham/YeuLaDau.m4a', FALSE, 'Null', NOW(), NOW()),
('7c94c8d0-fe00-480f-8b2e-56798b9d75b4', 'c322ed5c-045a-4c5c-a0c3-5cb87714107d', 'Quên', '265160', 'lyric', 'https://audiomelodies.nyc3.digitaloceanspaces.com/LOC/NooPhuocThinh/BaCham/Quen.m4a', FALSE, 'Null', NOW(), NOW()),
('d5f9c2b6-1f66-4b08-950a-ec7227003b34', 'c322ed5c-045a-4c5c-a0c3-5cb87714107d', 'Như Một Thói Quen', '248520', 'lyric', 'https://audiomelodies.nyc3.digitaloceanspaces.com/LOC/NooPhuocThinh/BaCham/NhuMotThoiQuen.m4a', FALSE, 'Null', NOW(), NOW()),
('d2bcdfe4-1a7a-4052-8e31-b3868f7ee98a', 'c322ed5c-045a-4c5c-a0c3-5cb87714107d', 'Giấc Mơ Thiên Đường', '212173', 'lyric', 'https://audiomelodies.nyc3.digitaloceanspaces.com/LOC/NooPhuocThinh/BaCham/GiacMoThienDuong.m4a', FALSE, 'Null', NOW(), NOW()),
('155d60ee-0724-4833-b737-cf3ef10bdaf8', '7f353ab1-b5aa-4314-8f5a-a8bd8e21ba17', 'Tự Nguyện - Live', '410087', 'lyric', 'https://audiomelodies.nyc3.digitaloceanspaces.com/LOC/NooPhuocThinh/TuNguyenLive/TuNguyenLive.m4a', FALSE, 'Null', NOW(), NOW()),
('d612350b-dd17-4dde-8987-ef606582e041', '67f0b019-5dcc-4ac0-9658-933d79c57324', 'ĐÙA ANH ĐAU ĐẤY MASHUP - Live', '264097', 'lyric', 'https://audiomelodies.nyc3.digitaloceanspaces.com/LOC/NooPhuocThinh/UAANHAUAYMASHUPLive/DUAANHDAUDAYMASHUPLive.m4a', FALSE, 'Null', NOW(), NOW()),
('04ec5623-982e-4f99-b554-b8bd53a891b9', 'cd1809ae-79c0-4561-a7b9-b3dfa6cf6fbc', 'Đùa Anh Đau Đấy', '246121', 'lyric', 'https://audiomelodies.nyc3.digitaloceanspaces.com/LOC/NooPhuocThinh/uaAnhauay/DuaAnhDauDay.m4a', FALSE, 'Null', NOW(), NOW()),
('ec4c7860-37f9-4195-bb2d-7df6d80846b1', '9696ba7f-d4b2-4e0a-bab2-07bbc5ac4e64', 'Ai Chung Tình Bằng Cô Đơn - Trung Ngon Remix', '214285', 'lyric', 'nan', FALSE, 'Null', NOW(), NOW()),
('64e0bfac-fc55-44df-a4c0-68edc4fb5c3c', '9b7b750b-959c-4d64-9e05-dbea1329f5f0', 'B52', '216000', 'lyric', 'nan', FALSE, 'Null', NOW(), NOW()),
('7c847821-65b7-42a3-8467-bf1fcc372f4f', '072c7f79-09f9-4065-b74f-f691c5a374bf', 'Ai Chung Tình Bằng Cô Đơn', '241575', 'lyric', 'nan', FALSE, 'Null', NOW(), NOW()),
('2190f498-a3cf-4d72-92b3-421889025200', '2a550c4a-76b7-4cc8-889e-61a5d7ade9d2', 'Noo's Chill Night 3 - Bức Thư Tình Đầu Tiên - Live Version', '346111', 'lyric', 'https://audiomelodies.nyc3.digitaloceanspaces.com/LOC/NooPhuocThinh/NoosChillNight3BucThuTinhauTienLiveVersion/NoosChillNight3BucThuTinhDauTienLiveVersion.m4a', FALSE, 'Null', NOW(), NOW()),
('89da5050-2b64-4adf-bc73-b17a288aece3', 'dd9cfeab-f645-45dc-9dcc-6a1c658f5519', 'Noo's Chill Night 3 - Mất Cả Thế Giới - Live Version', '267618', 'lyric', 'https://audiomelodies.nyc3.digitaloceanspaces.com/LOC/NooPhuocThinh/NoosChillNight3MatCaTheGioiLiveVersion/NoosChillNight3MatCaTheGioiLiveVersion.m4a', FALSE, 'Null', NOW(), NOW()),
('34624e08-6ed9-442e-a0a5-1e54987ffd96', '52ac41ff-e112-42e9-be9f-0df26318a0f8', 'Những Ngày Xuân Rực Rỡ', '222052', 'lyric', 'https://audiomelodies.nyc3.digitaloceanspaces.com/LOC/NooPhuocThinh/NhungNgayXuanRucRo/NhungNgayXuanRucRo.m4a', FALSE, 'Null', NOW(), NOW()),
('c698b915-16e1-4a89-9de1-3ccf3ada0b66', 'd1abf675-ddff-48fd-8e43-cc3edd39a3ef', 'Cause I Love You', '269537', 'lyric', 'https://audiomelodies.nyc3.digitaloceanspaces.com/LOC/NooPhuocThinh/CauseILoveYou/CauseILoveYou.m4a', FALSE, 'Null', NOW(), NOW()),
('920ab920-4cc2-4294-a066-438f05798cf9', 'a379d5ab-f64c-4b79-ab3a-78701e4489d8', 'Noo's Chill Night Ep3 - Chạm Khẽ Tim Anh Một Chút Thôi - Live Version', '363178', 'lyric', 'https://audiomelodies.nyc3.digitaloceanspaces.com/LOC/NooPhuocThinh/NoosChillNightEp3ChamKheTimAnhMotChutThoiLiveVersion/NoosChillNightEp3ChamKheTimAnhMotChutThoiLiveVersion.m4a', FALSE, 'Null', NOW(), NOW()),
('9e6c9b27-dfb1-468e-af02-24f6ef70bd5b', 'f44ce530-d536-4be8-ad50-19319c226822', 'Noo's Chill Night ep 3 - Dòng Thời Gian - Live Version', '292713', 'lyric', 'nan', FALSE, 'Null', NOW(), NOW()),
('0a4669b9-9714-47ff-827c-e69a8874254e', 'acd08f92-e11e-4fe9-b983-3396d6813cb8', 'Yêu Một Người Sao Buồn Đến Thế', '299028', 'lyric', 'https://audiomelodies.nyc3.digitaloceanspaces.com/LOC/NooPhuocThinh/YeuMotNguoiSaoBuonenThe/YeuMotNguoiSaoBuonDenThe.m4a', FALSE, 'Null', NOW(), NOW()),
('28593f32-0836-4501-9118-669fb66e1e6d', '90aecb36-9799-447b-91c3-23c41cc0edfb', 'Em Đã Thương Người Ta Hơn Anh (Beat)', '297118', 'lyric', 'https://audiomelodies.nyc3.digitaloceanspaces.com/LOC/NooPhuocThinh/EmaThuongNguoiTaHonAnhBeat/EmDaThuongNguoiTaHonAnhBeat.m4a', FALSE, 'Null', NOW(), NOW()),
('3e93802d-c403-4374-8849-28d962079f5e', '63806a80-31dc-440f-be3d-404d843f34a5', 'Em Đã Thương Người Ta Hơn Anh', '291781', 'lyric', 'https://audiomelodies.nyc3.digitaloceanspaces.com/LOC/NooPhuocThinh/EmaThuongNguoiTaHonAnh/EmDaThuongNguoiTaHonAnh.m4a', FALSE, 'Null', NOW(), NOW()),
('d260d37f-c710-4186-b30a-b6abe70722ae', 'c9a7b3ce-4f77-4b9c-ab18-0faacbfb2ba5', 'Thank You - Những Chiến Binh Thầm Lặng', '200100', 'lyric', 'nan', FALSE, 'Null', NOW(), NOW()),
('b97b5a33-c2c7-48ea-b0ca-e7f6f2e6af22', 'c9a7b3ce-4f77-4b9c-ab18-0faacbfb2ba5', 'Thank You - Những Chiến Binh Thầm Lặng - Instrumental', '205466', 'lyric', 'nan', FALSE, 'Null', NOW(), NOW()),
('4dfc1b79-feaf-4917-a34e-41224905a00c', '04ba0da3-19e3-4ece-be23-62efb6a88cf1', 'I'm Still Loving You', '200000', 'lyric', 'https://audiomelodies.nyc3.digitaloceanspaces.com/LOC/NooPhuocThinh/ImStillLovingYou/ImStillLovingYou.m4a', FALSE, 'Null', NOW(), NOW()),
('5ec8c9fb-8d08-48c5-a3e2-c2372cbc57ae', '63cef3f1-b673-498b-8c00-8dbe3cad8e2f', 'Đến Suốt Kiếp Vẫn Chờ', '227946', 'lyric', 'nan', FALSE, 'Null', NOW(), NOW()),
('2ccd5f56-cc4f-4c39-8d8c-ebe52f71a676', '63cef3f1-b673-498b-8c00-8dbe3cad8e2f', 'Giấc Mơ Thiên Đường', '212173', 'lyric', 'nan', FALSE, 'Null', NOW(), NOW()),
('618501a7-0a01-4ede-839f-e90072a79d61', '63cef3f1-b673-498b-8c00-8dbe3cad8e2f', 'Ký Ức Mùa Đông', '221701', 'lyric', 'https://audiomelodies.nyc3.digitaloceanspaces.com/LOC/NooPhuocThinh/BaCham/KyUcMuaDong.m4a', FALSE, 'Null', NOW(), NOW()),
('ed9f35b9-64c9-4312-be22-5f90fef6c240', '63cef3f1-b673-498b-8c00-8dbe3cad8e2f', 'Ký Ức Xa Xôi', '269146', 'lyric', 'https://audiomelodies.nyc3.digitaloceanspaces.com/LOC/NooPhuocThinh/Em/KyUcXaXoi.m4a', FALSE, 'Null', NOW(), NOW()),
('dadd873a-d9a9-4c25-bf21-157031680ece', '63cef3f1-b673-498b-8c00-8dbe3cad8e2f', 'Nếu - Duet Version', '248595', 'lyric', 'nan', FALSE, 'Null', NOW(), NOW()),
('0aabae3c-4ccb-4fe3-bc7f-56a7f4b61fbf', '30540731-a268-43d5-ae60-338d4f55fef8', 'Phút Giây Gần Kề', '172996', 'lyric', 'https://audiomelodies.nyc3.digitaloceanspaces.com/LOC/NooPhuocThinh/PhutGiayGanKe/PhutGiayGanKe.m4a', FALSE, 'Null', NOW(), NOW()),
('ca733f41-063c-41ee-a301-3963304bd65d', '1f15e946-d6ab-4004-b0dc-245d24cccf52', 'Gọi Tên Mùa Xuân', '217967', 'lyric', 'https://audiomelodies.nyc3.digitaloceanspaces.com/LOC/NooPhuocThinh/GoiTenMuaXuan/GoiTenMuaXuan.m4a', FALSE, 'Null', NOW(), NOW()),
('18c6f7f2-6a6c-4e44-9c83-267c929e2295', 'c77fee1a-d7f2-4a33-8f4a-b77a37b71a36', 'Dấu Yêu Một Thời', '267540', 'lyric', 'https://audiomelodies.nyc3.digitaloceanspaces.com/LOC/NooPhuocThinh/DauYeuMotThoi/DauYeuMotThoi.m4a', FALSE, 'Null', NOW(), NOW()),
('0cb1b6b8-d6fb-40d6-b6db-912d582fac0d', 'fa5e7883-7325-4b69-9c22-3e302aec3799', 'Thương Em Là Điều Anh Không Thể Ngờ', '308458', 'lyric', 'https://audiomelodies.nyc3.digitaloceanspaces.com/LOC/NooPhuocThinh/ThuongEmLaieuAnhKhongTheNgo/ThuongEmLaDieuAnhKhongTheNgo.m4a', FALSE, 'Null', NOW(), NOW()),
('43dd3fc0-91b7-4e2e-83b7-7246d607cbcf', 'd25c9c96-f23d-444a-886a-d2712f57b40e', 'Những Kẻ Mộng Mơ', '253775', 'lyric', 'https://audiomelodies.nyc3.digitaloceanspaces.com/LOC/NooPhuocThinh/NhungKeMongMo/NhungKeMongMo.m4a', FALSE, 'Null', NOW(), NOW()),
('fa94552a-f897-45e3-bdbc-82ad23b235ea', 'ebec2b5b-e68f-40ae-8b21-0b2ceaf41905', 'Tình Như Chocopie', '165398', 'lyric', 'https://audiomelodies.nyc3.digitaloceanspaces.com/LOC/NooPhuocThinh/TinhNhuChocopie/TinhNhuChocopie.m4a', FALSE, 'Null', NOW(), NOW()),
('3f08cebf-592c-4443-8c38-0266977bfe2a', '6e02c9a1-9c54-44df-ba7a-5df9168f0912', 'Mình Anh (feat. Nguyễn Hoàng Duy)', '232947', 'lyric', 'https://audiomelodies.nyc3.digitaloceanspaces.com/LOC/NooPhuocThinh/MinhAnhfeatNguyenHoangDuy/MinhAnhfeatNguyenHoangDuy.m4a', FALSE, 'Null', NOW(), NOW()),
('ea51d658-3143-4fec-9805-90a177b54e76', '2e4efae6-98c3-490a-bccb-b3c91cce6cb7', 'Lost', '264556', 'lyric', 'nan', FALSE, 'Null', NOW(), NOW()),
('e0d87bb9-64c4-4a55-b7d9-64b0f182b060', '2e4efae6-98c3-490a-bccb-b3c91cce6cb7', 'Lost (Beat) - Instrumental', '264456', 'lyric', 'https://audiomelodies.nyc3.digitaloceanspaces.com/LOC/NooPhuocThinh/Lost/LostBeatInstrumental.m4a', FALSE, 'Null', NOW(), NOW()),
('828a87a7-5657-4d10-b976-8b05d068e55e', 'fbacd1d1-c021-48bc-a4f7-7cef67b70465', 'Yes I Love You', '232500', 'lyric', 'https://audiomelodies.nyc3.digitaloceanspaces.com/LOC/NooPhuocThinh/YesILoveYou/YesILoveYou.m4a', FALSE, 'Null', NOW(), NOW()),
('37fc0abf-47da-41ff-b301-85d39c856f1b', '770783f5-5405-4382-a888-82895f74e8e1', 'Dream Team (feat. Anh Đạt, Hiền Mai, Anh Phong, Han Sara, Lương Minh Trí & Thanh Nga)', '227190', 'lyric', 'nan', FALSE, 'Null', NOW(), NOW()),
('11b0ac47-ac53-403d-bc60-68e3d128f92f', '40951264-963d-4971-98be-5e7880b7e845', 'Thương Mấy Cũng Là Người Dưng', '242815', 'lyric', 'https://audiomelodies.nyc3.digitaloceanspaces.com/LOC/NooPhuocThinh/ThuongMayCungLaNguoiDung/ThuongMayCungLaNguoiDung.m4a', FALSE, 'Null', NOW(), NOW()),
('be95c0b0-6065-4da7-87ff-7f9315334915', '40951264-963d-4971-98be-5e7880b7e845', 'Thương Mấy Cũng Là Người Dưng - Instrumental', '246176', 'lyric', 'https://audiomelodies.nyc3.digitaloceanspaces.com/LOC/NooPhuocThinh/ThuongMayCungLaNguoiDung/ThuongMayCungLaNguoiDungInstrumental.m4a', FALSE, 'Null', NOW(), NOW()),
('528727cc-f4ea-446f-9f76-346cecac0c1f', '0f2751d1-20b1-42a6-b001-cad1ed54781e', 'Lặng Thầm - Remix', '150935', 'lyric', 'https://audiomelodies.nyc3.digitaloceanspaces.com/LOC/NooPhuocThinh/LangThamSlimVMix/LangThamRemix.m4a', FALSE, 'Null', NOW(), NOW()),
('ea915fd2-4b3b-4683-931d-7952a920f31f', '0f2751d1-20b1-42a6-b001-cad1ed54781e', 'Lặng Thầm - DJ SlimV Remix', '245042', 'lyric', 'https://audiomelodies.nyc3.digitaloceanspaces.com/LOC/NooPhuocThinh/LangThamSlimVMix/LangThamDJSlimVRemix.m4a', FALSE, 'Null', NOW(), NOW()),
('fdffb376-3721-49b6-ad54-fd34ccadc372', '0f2751d1-20b1-42a6-b001-cad1ed54781e', 'Lặng Thầm - DJ SlimV Remix Instrumental', '201540', 'lyric', 'https://audiomelodies.nyc3.digitaloceanspaces.com/LOC/NooPhuocThinh/LangThamSlimVMix/LangThamDJSlimVRemixInstrumental.m4a', FALSE, 'Null', NOW(), NOW()),
('6c54d5a4-dc0d-4ffd-92bc-60b1caf3156a', 'cbf9947d-2610-4073-8584-4935faac0d92', 'Lạc Bước Trong Đêm', '249453', 'lyric', 'nan', FALSE, 'Null', NOW(), NOW()),
('da5b6950-a2e9-463d-a231-d2ed5ca4dd8a', '51e03285-c2bd-42b1-a2e4-9457343a9eb4', 'Hạnh Phúc Xuân Ngời', '234540', 'lyric', 'https://audiomelodies.nyc3.digitaloceanspaces.com/LOC/NooPhuocThinh/HanhPhucXuanNgoi/HanhPhucXuanNgoi.m4a', FALSE, 'Null', NOW(), NOW()),
('eb4acd65-7a5a-4894-933c-3a468638ae86', '06bad6bd-c906-4518-8342-1cfa28ef9f0f', 'Mình Thích Thì Mình Yêu Thôi (feat.Hồ Ngọc Hà )', '229774', 'lyric', 'https://audiomelodies.nyc3.digitaloceanspaces.com/LOC/NooPhuocThinh/MinhThichThiMinhYeuThoifeatHoNgocHa/MinhThichThiMinhYeuThoifeatHoNgocHa.m4a', FALSE, 'Null', NOW(), NOW()),
('3962bb2a-5bee-4305-b0dd-1a9ee416d62f', '6805a360-0700-4d9c-ae65-b32c221a793c', 'I Don't Believe in You (feat. Basick)', '210627', 'lyric', 'https://audiomelodies.nyc3.digitaloceanspaces.com/LOC/NooPhuocThinh/IDontBelieveinYoufeatBasick/IDontBelieveinYoufeatBasick.m4a', FALSE, 'Null', NOW(), NOW()),
('f96c5cd1-c04e-4f43-936d-5b141e1683b5', '3be434a6-f5db-4ac6-9a0b-b6dcdf7b3f7f', 'Dòng thời gian - Live', '293035', 'lyric', 'https://audiomelodies.nyc3.digitaloceanspaces.com/LOC/NooPhuocThinh/DongthoigianLive/DongthoigianLive.m4a', FALSE, 'Null', NOW(), NOW()),
('80071e66-cede-44b1-9ed1-301211f2712a', '0b61b4d6-4058-4cc4-9851-a43f196d6fd2', 'Những Ngày Xuân Rực Rỡ', '223448', 'lyric', 'nan', FALSE, 'Null', NOW(), NOW()),
('0ba39cea-950a-4642-94fb-99b67d3dba9e', '378d6c9d-9687-4b94-8eb0-b24d95e5454d', 'Như Phút Ban Đầu', '256000', 'lyric', 'https://audiomelodies.nyc3.digitaloceanspaces.com/LOC/NooPhuocThinh/NhuPhutBanau/NhuPhutBanDau.m4a', FALSE, 'Null', NOW(), NOW()),
('f3b57893-88a1-44de-9036-4925be12c63b', '8902dc38-8d4d-439a-a3d6-c1b32dce420e', 'Cause I Love You', '285333', 'lyric', 'nan', FALSE, 'Null', NOW(), NOW()),
('e0d1af29-3a4f-4e60-b498-3f8828e69c4c', '8902dc38-8d4d-439a-a3d6-c1b32dce420e', 'Cause I Love You - Instrumental', '283188', 'lyric', 'https://audiomelodies.nyc3.digitaloceanspaces.com/LOC/NooPhuocThinh/CauseILoveYou/CauseILoveYouInstrumental.m4a', FALSE, 'Null', NOW(), NOW()),
('abb8055f-498d-4476-b8c6-54cfd9184655', '5214f180-8e32-41d4-a307-d1b7b10c5dc3', 'Really Love You', '229000', 'lyric', 'https://audiomelodies.nyc3.digitaloceanspaces.com/LOC/NooPhuocThinh/ReallyLoveYou/ReallyLoveYou.m4a', FALSE, 'Null', NOW(), NOW()),
('b3429052-5ab3-4b64-955d-3af63593e266', '687efb15-5fcf-4442-991f-e1cb2a6ea783', 'Như Vậy Mãi Thôi', '274692', 'lyric', 'https://audiomelodies.nyc3.digitaloceanspaces.com/LOC/NooPhuocThinh/NhuVayMaiThoi/NhuVayMaiThoi.m4a', FALSE, 'Null', NOW(), NOW()),
('c265a287-4207-434a-acee-fe0287410653', '687efb15-5fcf-4442-991f-e1cb2a6ea783', 'Như Vậy Mãi Thôi - Instrumental', '283284', 'lyric', 'https://audiomelodies.nyc3.digitaloceanspaces.com/LOC/NooPhuocThinh/NhuVayMaiThoi/NhuVayMaiThoiInstrumental.m4a', FALSE, 'Null', NOW(), NOW()),
('a8a9bd61-3e08-4cb9-ae16-15c2b088751e', '4729cd0b-4aa4-4ea2-8587-396ae5ec7c94', 'Đừng Nhìn Lại', '236329', 'lyric', 'https://audiomelodies.nyc3.digitaloceanspaces.com/LOC/NooPhuocThinh/ungNhinLai/DungNhinLai.m4a', FALSE, 'Null', NOW(), NOW()),
('0656ab9c-d596-404a-bca8-8bbe51342c6e', '4729cd0b-4aa4-4ea2-8587-396ae5ec7c94', 'Em Sẽ Hạnh Phúc', '245446', 'lyric', 'https://audiomelodies.nyc3.digitaloceanspaces.com/LOC/NooPhuocThinh/EmSeHanhPhuc/EmSeHanhPhuc.m4a', FALSE, 'Null', NOW(), NOW()),
('ada93387-721b-4493-b7e3-1e1e986b9fbc', '06f04928-1c0a-4b78-91a2-50afd46df734', 'Đổi Thay', '227787', 'lyric', 'https://audiomelodies.nyc3.digitaloceanspaces.com/LOC/NooPhuocThinh/oiThay/DoiThay.m4a', FALSE, 'Null', NOW(), NOW()),
('8ee1109e-16ca-4ca7-93a0-3ce3be7fad26', '06f04928-1c0a-4b78-91a2-50afd46df734', 'Hạnh Phúc Thoáng Qua', '214778', 'lyric', 'https://audiomelodies.nyc3.digitaloceanspaces.com/LOC/NooPhuocThinh/oiThay/HanhPhucThoangQua.m4a', FALSE, 'Null', NOW(), NOW()),
('4bd683a2-cae4-4982-a8e1-54cc7a2ec42f', '06f04928-1c0a-4b78-91a2-50afd46df734', 'Too Late', '235911', 'lyric', 'https://audiomelodies.nyc3.digitaloceanspaces.com/LOC/NooPhuocThinh/oiThay/TooLate.m4a', FALSE, 'Null', NOW(), NOW()),
('05ba8cc3-b287-4e54-b52c-7dbcb5ebf3ce', '06f04928-1c0a-4b78-91a2-50afd46df734', 'Yêu Làm Chi', '231862', 'lyric', 'https://audiomelodies.nyc3.digitaloceanspaces.com/LOC/NooPhuocThinh/oiThay/YeuLamChi.m4a', FALSE, 'Null', NOW(), NOW()),
('cc55026a-a26b-468c-be86-a8ee7906f421', 'b21db935-f7d2-4948-98ea-c65044c9ad63', 'Tìm Em Trong Ký Ức', '248189', 'lyric', 'https://audiomelodies.nyc3.digitaloceanspaces.com/LOC/NooPhuocThinh/TimEmTrongKyUc/TimEmTrongKyUc.m4a', FALSE, 'Null', NOW(), NOW()),
('40e7c7d8-a0b2-44f9-9122-2489bb473f15', 'b21db935-f7d2-4948-98ea-c65044c9ad63', 'Tìm Em Trong Ký Ức (Acoustic Version)', '221126', 'lyric', 'https://audiomelodies.nyc3.digitaloceanspaces.com/LOC/NooPhuocThinh/TimEmTrongKyUc/TimEmTrongKyUcAcousticVersion.m4a', FALSE, 'Null', NOW(), NOW()),
('83e17d5d-e38d-4ce3-99df-c318409d76b1', 'af8638e0-6628-46b5-9bc4-0e3bece2095e', 'Em Đi Tìm Anh', '273367', 'lyric', 'nan', FALSE, 'Null', NOW(), NOW()),
('3057c796-b7cf-4546-ba6f-666a1ece3559', '0e562f34-0d3b-48e6-9171-f093bc94f63b', 'Ước Mơ Tôi - From “Thiên Trà” Original Soundtrack', '178600', 'lyric', 'https://audiomelodies.nyc3.digitaloceanspaces.com/LOC/NooPhuocThinh/UocMoToi/UocMoToiFromThienTraOriginalSoundtrack.m4a', FALSE, 'Null', NOW(), NOW()),
('0eb39ffb-2b6e-4329-b01a-e32e8119c954', '0e562f34-0d3b-48e6-9171-f093bc94f63b', 'Ước Mơ Tôi - Instrumental', '180520', 'lyric', 'https://audiomelodies.nyc3.digitaloceanspaces.com/LOC/NooPhuocThinh/UocMoToi/UocMoToiInstrumental.m4a', FALSE, 'Null', NOW(), NOW()),
('becb0851-6566-4e79-a535-cc9cc0bde09a', '55338e2f-3896-4123-89a7-596d65e3f542', 'Xa Em', '349373', 'lyric', 'nan', FALSE, 'Null', NOW(), NOW()),
('5432b6d0-19b5-47c3-95ac-cf16bdcf47f6', '55338e2f-3896-4123-89a7-596d65e3f542', 'Xin Lỗi Em', '303506', 'lyric', 'https://audiomelodies.nyc3.digitaloceanspaces.com/LOC/NooPhuocThinh/XinLoiEm/XinLoiEm.m4a', FALSE, 'Null', NOW(), NOW()),
('567db867-0a30-49db-b3cf-f6d59a5d276b', '6bd46442-eb59-4a7e-b00d-53c4ddd867cf', 'Merino Icecream Land', '183849', 'lyric', 'https://audiomelodies.nyc3.digitaloceanspaces.com/LOC/NooPhuocThinh/MerinoIcecreamLand/MerinoIcecreamLand.m4a', FALSE, 'Null', NOW(), NOW()),
('24907b79-8258-4c68-8365-d7e22f8caa3a', '4fffea17-28bb-4cc4-871a-db9482bfe649', 'Mãi Mãi Bên Nhau', '268437', 'lyric', 'https://audiomelodies.nyc3.digitaloceanspaces.com/LOC/NooPhuocThinh/MaiMaiBenNhau/MaiMaiBenNhau.m4a', FALSE, 'Null', NOW(), NOW()),
('b84839d0-59c3-474e-868d-e541f9849b09', '4fffea17-28bb-4cc4-871a-db9482bfe649', 'Mãi Mãi Bên Nhau - Remix', '323592', 'lyric', 'https://audiomelodies.nyc3.digitaloceanspaces.com/LOC/NooPhuocThinh/MaiMaiBenNhau/MaiMaiBenNhauRemix.m4a', FALSE, 'Null', NOW(), NOW()),
('563c871f-8637-4cf0-a051-33137ad53f73', '4fffea17-28bb-4cc4-871a-db9482bfe649', 'Mãi Mãi Bên Nhau - Instrumental', '268526', 'lyric', 'https://audiomelodies.nyc3.digitaloceanspaces.com/LOC/NooPhuocThinh/MaiMaiBenNhau/MaiMaiBenNhauInstrumental.m4a', FALSE, 'Null', NOW(), NOW()),
('d4cafe80-80ab-4f9b-bce3-c6e0abdb1dc8', '748ede9f-e06e-408a-8abb-3587788456d3', 'Đừng Nhìn Lại - Just Wanna Say Goodbye', '236343', 'lyric', 'https://audiomelodies.nyc3.digitaloceanspaces.com/LOC/NooPhuocThinh/ungNhinLai/DungNhinLaiJustWannaSayGoodbye.m4a', FALSE, 'Null', NOW(), NOW()),
('3842584b-4254-40c6-aff5-77ac91f6bc4d', '748ede9f-e06e-408a-8abb-3587788456d3', 'Mashup Đừng Nhìn Lại - Chôn Giấu Giấc Mơ', '458410', 'lyric', 'https://audiomelodies.nyc3.digitaloceanspaces.com/LOC/NooPhuocThinh/ungNhinLai/MashupDungNhinLaiChonGiauGiacMo.m4a', FALSE, 'Null', NOW(), NOW()),
('41e76af5-cb79-4c48-9e5b-147466a71f6c', '748ede9f-e06e-408a-8abb-3587788456d3', 'Đừng Nhìn Lại (Just Wanna Say Goodbye) - Remix', '235716', 'lyric', 'https://audiomelodies.nyc3.digitaloceanspaces.com/LOC/NooPhuocThinh/ungNhinLai/DungNhinLaiJustWannaSayGoodbyeRemix.m4a', FALSE, 'Null', NOW(), NOW()),
('8176b479-b374-4136-8032-300f18995eb5', 'f30385a9-0583-44bd-9941-ca9fb755437f', 'Gạt Đi Nước Mắt (feat. Tonny Việt)', '258861', 'lyric', 'https://audiomelodies.nyc3.digitaloceanspaces.com/LOC/NooPhuocThinh/GatiNuocMat/GatDiNuocMatfeatTonnyViet.m4a', FALSE, 'Null', NOW(), NOW()),
('dccfc34d-93c2-435b-bf5c-d0e14cf8d19c', 'f30385a9-0583-44bd-9941-ca9fb755437f', 'Gạt Đi Nước Mắt - Ballad Version', '246949', 'lyric', 'https://audiomelodies.nyc3.digitaloceanspaces.com/LOC/NooPhuocThinh/GatiNuocMat/GatDiNuocMatBalladVersion.m4a', FALSE, 'Null', NOW(), NOW()),
('525ca746-28bd-4c5c-a4cd-6558f275f668', 'f30385a9-0583-44bd-9941-ca9fb755437f', 'Gạt Đi Nước Mắt - Ballad Instrumental', '241124', 'lyric', 'https://audiomelodies.nyc3.digitaloceanspaces.com/LOC/NooPhuocThinh/GatiNuocMat/GatDiNuocMatBalladInstrumental.m4a', FALSE, 'Null', NOW(), NOW()),
('889c2f01-4f7f-4515-a07c-18c8f1542851', 'f30385a9-0583-44bd-9941-ca9fb755437f', 'Gạt Đi Nước Mắt - Dance Instrumental', '259644', 'lyric', 'https://audiomelodies.nyc3.digitaloceanspaces.com/LOC/NooPhuocThinh/GatiNuocMat/GatDiNuocMatDanceInstrumental.m4a', FALSE, 'Null', NOW(), NOW()),
('dc258bfd-6cf3-4509-9aca-be4daa681fdb', 'a33d1bcd-fb8d-4a1c-bc96-614f6e2e1b97', 'Mashup Mãi mãi bên nhau / Như phút ban đầu - Live', '384197', 'lyric', 'https://audiomelodies.nyc3.digitaloceanspaces.com/LOC/NooPhuocThinh/MashupMaimaibennhauNhuphutbanauLive/MashupMaimaibennhauNhuphutbandauLive.m4a', FALSE, 'Null', NOW(), NOW()),
('2397c4a4-55a6-4c3e-84af-1fc94a09aae6', '56e19299-1268-47a6-88d3-d0d1fff35ce2', 'Em Sẽ Hạnh Phúc', '245434', 'lyric', 'https://audiomelodies.nyc3.digitaloceanspaces.com/LOC/NooPhuocThinh/ungNhinLai/EmSeHanhPhuc.m4a', FALSE, 'Null', NOW(), NOW()),
('fc7e2b8e-5c56-4d65-979f-e4af60122a87', '56e19299-1268-47a6-88d3-d0d1fff35ce2', 'Em Sẽ Hạnh Phúc - Remix', '224458', 'lyric', 'https://audiomelodies.nyc3.digitaloceanspaces.com/LOC/NooPhuocThinh/EmSeHanhPhuc/EmSeHanhPhucRemix.m4a', FALSE, 'Null', NOW(), NOW()),
('7c05c5cb-69c4-433b-8021-a34f0199eaea', '56e19299-1268-47a6-88d3-d0d1fff35ce2', 'Em Sẽ Hạnh Phúc - Instrumental', '245539', 'lyric', 'https://audiomelodies.nyc3.digitaloceanspaces.com/LOC/NooPhuocThinh/EmSeHanhPhuc/EmSeHanhPhucInstrumental.m4a', FALSE, 'Null', NOW(), NOW()),
('ff1b23a9-bc29-4d1a-9d21-1b7561c41049', '0c42e269-0520-4091-a69c-cb36a15b66e7', 'Tìm Em', '251453', 'lyric', 'https://audiomelodies.nyc3.digitaloceanspaces.com/LOC/NooPhuocThinh/TimEmTrongKyUc/TimEm.m4a', FALSE, 'Null', NOW(), NOW()),
('b73c0814-46d8-4029-98a6-50d65b759809', '0c42e269-0520-4091-a69c-cb36a15b66e7', 'Tìm Em Trong Ký Ức', '248424', 'lyric', 'nan', FALSE, 'Null', NOW(), NOW()),
('25d81fea-5f2b-463e-b57c-7b3c0d194d6a', '0c42e269-0520-4091-a69c-cb36a15b66e7', 'Tìm Em Trong Ký Ức - Acoustic Version', '221152', 'lyric', 'nan', FALSE, 'Null', NOW(), NOW()),
('54022506-24c3-4463-968a-3fa5e817d3c8', '0c42e269-0520-4091-a69c-cb36a15b66e7', 'Tìm Em Trong Ký Ức - Instrumental', '289280', 'lyric', 'https://audiomelodies.nyc3.digitaloceanspaces.com/LOC/NooPhuocThinh/TimEmTrongKyUc/TimEmTrongKyUcInstrumental.m4a', FALSE, 'Null', NOW(), NOW()),
('2b6e78aa-af10-492f-990a-7383b63e42b4', 'f3a88fd5-ccec-4e6e-bf84-f843f4c7b441', 'Chờ Ngày Mưa Tan (feat. Tonny Việt)', '212388', 'lyric', 'https://audiomelodies.nyc3.digitaloceanspaces.com/LOC/NooPhuocThinh/ChoNgayMuaTan/ChoNgayMuaTanfeatTonnyViet.m4a', FALSE, 'Null', NOW(), NOW()),
('2465821e-dd7f-482f-8832-b6940ff3a268', 'f3a88fd5-ccec-4e6e-bf84-f843f4c7b441', 'Chờ Ngày Mưa Tan (feat. Tonny Việt) - DJ Duy Remix', '351596', 'lyric', 'https://audiomelodies.nyc3.digitaloceanspaces.com/LOC/NooPhuocThinh/ChoNgayMuaTan/ChoNgayMuaTanfeatTonnyVietDJDuyRemix.m4a', FALSE, 'Null', NOW(), NOW()),
('e73a120a-3dbb-4813-87da-9be061710a98', 'f3a88fd5-ccec-4e6e-bf84-f843f4c7b441', 'Chờ Ngày Mưa Tan (feat. Tonny Việt) - Instrumental', '212494', 'lyric', 'https://audiomelodies.nyc3.digitaloceanspaces.com/LOC/NooPhuocThinh/ChoNgayMuaTan/ChoNgayMuaTanfeatTonnyVietInstrumental.m4a', FALSE, 'Null', NOW(), NOW()),
('fc4f356c-7486-4930-8985-610f4e0918b0', '352f9500-d78f-463b-a597-231606cdd35b', 'Anh Sẽ Quên', '243748', 'lyric', 'https://audiomelodies.nyc3.digitaloceanspaces.com/LOC/NooPhuocThinh/ChoNgayMuaTan/AnhSeQuen.m4a', FALSE, 'Null', NOW(), NOW()),
('a2043754-7e95-4655-b5f8-b720975c256b', '352f9500-d78f-463b-a597-231606cdd35b', 'Chờ Ngày Mưa Tan', '212351', 'lyric', 'https://audiomelodies.nyc3.digitaloceanspaces.com/LOC/NooPhuocThinh/ChoNgayMuaTan/ChoNgayMuaTan.m4a', FALSE, 'Null', NOW(), NOW()),
('cef13f4f-de25-420b-8949-37114dd3c217', '352f9500-d78f-463b-a597-231606cdd35b', 'Vắng Em', '239908', 'lyric', 'https://audiomelodies.nyc3.digitaloceanspaces.com/LOC/NooPhuocThinh/ChoNgayMuaTan/VangEm.m4a', FALSE, 'Null', NOW(), NOW()),
('37f7e6b6-27a0-40ee-a14e-65b7f86e459a', 'f643a75b-4aa1-47f9-9111-e3e454fd1adb', 'Xin Lỗi Em', '303621', 'lyric', 'nan', FALSE, 'Null', NOW(), NOW()),
('b4bf6916-79f9-4154-97df-99d05003953b', '11ccc0da-b99a-4212-b497-218c271ff3e3', 'Nỗi Nhớ Đầy Vơi', '262978', 'lyric', 'nan', FALSE, 'Null', NOW(), NOW()),
('e849dd7e-23c0-4c1d-bad9-d7d5e3d39a43', '11ccc0da-b99a-4212-b497-218c271ff3e3', 'Nỗi Nhớ Đầy Vơi - Ballad Version', '252613', 'lyric', 'nan', FALSE, 'Null', NOW(), NOW()),
('83c9dff7-c312-4610-88b9-6b4276d843fc', '11ccc0da-b99a-4212-b497-218c271ff3e3', 'Nỗi Nhớ Đầy Vơi - Dance Version', '203520', 'lyric', 'nan', FALSE, 'Null', NOW(), NOW()),
('6911ab3b-e578-4a63-84ac-4e2d5072feca', '11ccc0da-b99a-4212-b497-218c271ff3e3', 'Chỉ Là Giấc Mơ', '253626', 'lyric', 'nan', FALSE, 'Null', NOW(), NOW()),
('1c828c6e-2f2b-414f-96f2-4c2131b2f057', '11ccc0da-b99a-4212-b497-218c271ff3e3', 'Chỉ Là - R&B Version', '203960', 'lyric', 'nan', FALSE, 'Null', NOW(), NOW()),
('94937dcd-4ef6-48c3-a4d8-57345e491dff', '25022f40-f6d1-4bbd-be15-e1f39e3e696b', 'Đổi Thay', '227760', 'lyric', 'nan', FALSE, 'Null', NOW(), NOW()),
('c70ff5f4-ff66-4f85-888b-693f75857eec', '25022f40-f6d1-4bbd-be15-e1f39e3e696b', 'Đổi Thay - Remix', '215040', 'lyric', 'https://audiomelodies.nyc3.digitaloceanspaces.com/LOC/NooPhuocThinh/oiThay/DoiThayRemix.m4a', FALSE, 'Null', NOW(), NOW()),
('018776dd-510c-42ad-9543-1d69537d11ab', '25022f40-f6d1-4bbd-be15-e1f39e3e696b', 'Đổi Thay - Instrumental', '228022', 'lyric', 'https://audiomelodies.nyc3.digitaloceanspaces.com/LOC/NooPhuocThinh/oiThay/DoiThayInstrumental.m4a', FALSE, 'Null', NOW(), NOW()),
('1bd0d32d-f175-4cdd-b431-fa21a7f10367', '554c75c4-7c38-4501-bbfc-322ab5f6f27e', 'cơn mưa băng giá - Live', '280427', 'lyric', 'https://audiomelodies.nyc3.digitaloceanspaces.com/LOC/NooPhuocThinh/conmuabanggiaLive/conmuabanggiaLive.m4a', FALSE, 'Null', NOW(), NOW()),
('0dd62354-567a-40c9-9fee-a0abf2b0365a', 'a52cf162-e13b-4a21-8bd5-2b749fc111b1', 'Tôi Là Một Ngôi Sao', '297130', 'lyric', 'https://audiomelodies.nyc3.digitaloceanspaces.com/LOC/NooPhuocThinh/ToiLaMotNgoiSaooriginal/ToiLaMotNgoiSao.m4a', FALSE, 'Null', NOW(), NOW()),
('9fa3c921-8bf8-42f2-b5c2-f15c824e73ec', 'a52cf162-e13b-4a21-8bd5-2b749fc111b1', 'Tôi Là Một Ngôi Sao Beat', '276303', 'lyric', 'https://audiomelodies.nyc3.digitaloceanspaces.com/LOC/NooPhuocThinh/ToiLaMotNgoiSaooriginal/ToiLaMotNgoiSaoBeat.m4a', FALSE, 'Null', NOW(), NOW()),
('7aae1543-2e97-4f41-be6c-94c8973dde8b', '95c17414-2586-44b5-8f27-0ba57abe859d', 'Dream Team', '227190', 'lyric', 'nan', FALSE, 'Null', NOW(), NOW());



INSERT INTO "ArtistSong" ("songId", "artistId", "main", "createdAt", "updatedAt") VALUES
('93ec6206-67fa-42be-a3c5-6aeca9e171a6',  'Unknown', , TRUE, NOW(), NOW()),
('4b6f49e0-8a9b-4524-bb69-123f78f86fc7',  'Unknown', , TRUE, NOW(), NOW()),
('9843f9db-0e82-4b26-9f15-f37dca40a517',  'Unknown', , TRUE, NOW(), NOW()),
('84470744-931d-4a66-ab72-ecf8f6b70eeb',  'Unknown', , TRUE, NOW(), NOW()),
('bfd6acac-30e1-4eb8-ba91-46ed61962d46', 'Unknown', TRUE, NOW(), NOW()),
('bfd6acac-30e1-4eb8-ba91-46ed61962d46', 'Unknown', FALSE, NOW(), NOW()),
('9b2ca664-62aa-44c5-8608-2c69aebbb804',  'Unknown', , TRUE, NOW(), NOW()),
('c22d4905-44e2-4312-87e4-9d5f2bc1f120',  'Unknown', , TRUE, NOW(), NOW()),
('e64dad04-db55-4850-b1a7-4a7268b429dc',  'Unknown', , TRUE, NOW(), NOW()),
('c1d172e7-0a4a-4d51-8fc3-f9992e851f94', 'Unknown', TRUE, NOW(), NOW()),
('c1d172e7-0a4a-4d51-8fc3-f9992e851f94', 'Unknown', FALSE, NOW(), NOW()),
('14600c07-7bc5-4d7d-990e-89c42ea5690a',  'Unknown', , TRUE, NOW(), NOW()),
('48e60575-eeaa-475f-9bcb-695152186f30',  'Unknown', , TRUE, NOW(), NOW()),
('3e00d221-8a06-4fd0-bd1f-40213a6721b6',  'Unknown', , TRUE, NOW(), NOW()),
('d70909e2-045d-4996-a96a-94f745b2c6aa',  'Unknown', , TRUE, NOW(), NOW()),
('ab6eb355-0efe-41e0-b229-827840bb0789',  'Unknown', , TRUE, NOW(), NOW()),
('15e27a1e-7daa-48f3-a1c0-46fa6163e73b',  'Unknown', , TRUE, NOW(), NOW()),
('218cf1bc-0cf9-4362-9bfd-76a5aa765cf8',  'Unknown', , TRUE, NOW(), NOW()),
('54b0530f-2de0-45ea-b443-16bfc15980a5', 'Unknown', TRUE, NOW(), NOW()),
('54b0530f-2de0-45ea-b443-16bfc15980a5', 'd65e8481-8aaf-4604-8d67-5370e704b6b0', FALSE, NOW(), NOW()),
('6946ada8-5b81-4bf2-98a7-92d4ba682918',  'Unknown', , TRUE, NOW(), NOW()),
('53d8965c-749d-4f61-bb29-0ed5a5935c1d',  'Unknown', , TRUE, NOW(), NOW()),
('642bf2e9-c373-4134-81ac-148d3d6b2ac1',  'd65e8481-8aaf-4604-8d67-5370e704b6b0', , TRUE, NOW(), NOW()),
('57d809bb-6ade-4543-a07b-a36c443dd96b',  'd65e8481-8aaf-4604-8d67-5370e704b6b0', , TRUE, NOW(), NOW()),
('153d0cb2-0b73-4b00-bcc3-493d28c1d19a',  'd65e8481-8aaf-4604-8d67-5370e704b6b0', , TRUE, NOW(), NOW()),
('4a7d509a-1426-460a-a392-a007a502284a', 'd65e8481-8aaf-4604-8d67-5370e704b6b0', TRUE, NOW(), NOW()),
('4a7d509a-1426-460a-a392-a007a502284a', 'fb1ec22c-9a5a-4e5d-92bf-11bf895de457', FALSE, NOW(), NOW()),
('2e1a62ac-ed28-4cee-81b8-5ddbdf12cb9e',  'd65e8481-8aaf-4604-8d67-5370e704b6b0', , TRUE, NOW(), NOW()),
('d1743153-06be-47f3-a1e3-9396a20e952f',  'd65e8481-8aaf-4604-8d67-5370e704b6b0', , TRUE, NOW(), NOW()),
('b3a63751-a5d4-4558-8bc3-722eeaf8ce88',  'd65e8481-8aaf-4604-8d67-5370e704b6b0', , TRUE, NOW(), NOW()),
('487f0460-5a93-488d-a53d-8a787fea001e',  'd65e8481-8aaf-4604-8d67-5370e704b6b0', , TRUE, NOW(), NOW()),
('df3ffaa1-1cf0-473a-8c88-8ffe0d17d99d',  'd65e8481-8aaf-4604-8d67-5370e704b6b0', , TRUE, NOW(), NOW()),
('20f4eb6e-90c9-4269-99fd-e98873196a0b',  'd65e8481-8aaf-4604-8d67-5370e704b6b0', , TRUE, NOW(), NOW()),
('aa2be5df-05b4-4bbc-8bce-06656c85372c',  'd65e8481-8aaf-4604-8d67-5370e704b6b0', , TRUE, NOW(), NOW()),
('46c84055-e663-4850-92c6-a09841cc1598',  'd65e8481-8aaf-4604-8d67-5370e704b6b0', , TRUE, NOW(), NOW()),
('c9eef55d-9e0c-4784-83ec-950cdaefde62', 'd65e8481-8aaf-4604-8d67-5370e704b6b0', TRUE, NOW(), NOW()),
('c9eef55d-9e0c-4784-83ec-950cdaefde62', 'fb1ec22c-9a5a-4e5d-92bf-11bf895de457', FALSE, NOW(), NOW()),
('3c38cd21-aa02-481a-80a9-dbad7da470ba',  'd65e8481-8aaf-4604-8d67-5370e704b6b0', , TRUE, NOW(), NOW()),
('a15fadad-62b1-4762-b782-0c5f227e39a5', 'd65e8481-8aaf-4604-8d67-5370e704b6b0', TRUE, NOW(), NOW()),
('a15fadad-62b1-4762-b782-0c5f227e39a5', 'fb1ec22c-9a5a-4e5d-92bf-11bf895de457', FALSE, NOW(), NOW()),
('d5385889-02ca-4a68-af3f-0ebbf90320ba', 'd65e8481-8aaf-4604-8d67-5370e704b6b0', TRUE, NOW(), NOW()),
('d5385889-02ca-4a68-af3f-0ebbf90320ba', 'fb1ec22c-9a5a-4e5d-92bf-11bf895de457', FALSE, NOW(), NOW()),
('b1cf3eb1-0794-4598-a80f-f02a94a543ec',  'd65e8481-8aaf-4604-8d67-5370e704b6b0', , TRUE, NOW(), NOW()),
('7513dfb7-56f1-4a0c-a958-66f3fe3b3015',  'd65e8481-8aaf-4604-8d67-5370e704b6b0', , TRUE, NOW(), NOW()),
('1492ce42-22c8-489f-8520-6f8beb9b77bf',  'd65e8481-8aaf-4604-8d67-5370e704b6b0', , TRUE, NOW(), NOW()),
('3b25e68f-8ebf-47d5-999e-6dfdce4f909c',  'd65e8481-8aaf-4604-8d67-5370e704b6b0', , TRUE, NOW(), NOW()),
('709dcb25-931c-4ae4-a5fb-c5bb77cc3a1b',  'd65e8481-8aaf-4604-8d67-5370e704b6b0', , TRUE, NOW(), NOW()),
('5ec320a6-2f96-4650-8021-008c81b493db',  'd65e8481-8aaf-4604-8d67-5370e704b6b0', , TRUE, NOW(), NOW()),
('fdbb7494-d6db-488d-b9bc-d6620d9e86be',  'd65e8481-8aaf-4604-8d67-5370e704b6b0', , TRUE, NOW(), NOW()),
('e074a503-34eb-4f8c-a0cf-b92a75f467ba',  'd65e8481-8aaf-4604-8d67-5370e704b6b0', , TRUE, NOW(), NOW()),
('474f582e-6cf2-4514-b1dc-2bea9c69ff28',  'd65e8481-8aaf-4604-8d67-5370e704b6b0', , TRUE, NOW(), NOW()),
('7fc0b281-04b4-4025-a863-45be8efb45a2',  'd65e8481-8aaf-4604-8d67-5370e704b6b0', , TRUE, NOW(), NOW()),
('463b04d5-439f-4b55-b805-8eda267558cc',  'd65e8481-8aaf-4604-8d67-5370e704b6b0', , TRUE, NOW(), NOW()),
('de8ac25e-3bc3-4bab-96ea-8fa19883f56a',  'd65e8481-8aaf-4604-8d67-5370e704b6b0', , TRUE, NOW(), NOW()),
('bf620f49-5698-4091-93d6-383aa14389d4',  'd65e8481-8aaf-4604-8d67-5370e704b6b0', , TRUE, NOW(), NOW()),
('783fb952-d6d7-4559-919e-e0f82dc2d22f',  'd65e8481-8aaf-4604-8d67-5370e704b6b0', , TRUE, NOW(), NOW()),
('3d8f22fe-18e0-4ab5-a871-ec8e6d2610f8',  'd65e8481-8aaf-4604-8d67-5370e704b6b0', , TRUE, NOW(), NOW()),
('864be8be-eea2-4c2b-984a-6c858d1f1f4e',  'd65e8481-8aaf-4604-8d67-5370e704b6b0', , TRUE, NOW(), NOW()),
('ffcb3c90-ba7a-4575-98a8-d3cf41252a2d',  'd65e8481-8aaf-4604-8d67-5370e704b6b0', , TRUE, NOW(), NOW()),
('83e81d78-e6f3-4030-9c14-3a1aefc1ff42',  'd65e8481-8aaf-4604-8d67-5370e704b6b0', , TRUE, NOW(), NOW()),
('f1b8000e-1826-45ea-aad3-85d257cdd668',  'd65e8481-8aaf-4604-8d67-5370e704b6b0', , TRUE, NOW(), NOW()),
('9ee460a1-397c-46a8-9fb7-65720e0228fe',  'd65e8481-8aaf-4604-8d67-5370e704b6b0', , TRUE, NOW(), NOW()),
('731441fc-8094-4d1f-94a6-f564794b1fe1',  'd65e8481-8aaf-4604-8d67-5370e704b6b0', , TRUE, NOW(), NOW()),
('e8f68701-25ac-46e7-a7cc-d07de59e38d3', 'd65e8481-8aaf-4604-8d67-5370e704b6b0', TRUE, NOW(), NOW()),
('e8f68701-25ac-46e7-a7cc-d07de59e38d3', 'Unknown', FALSE, NOW(), NOW()),
('5691b7c3-1e9c-474d-be26-64b78ddd17e8',  'd65e8481-8aaf-4604-8d67-5370e704b6b0', , TRUE, NOW(), NOW()),
('e6bd0402-f50e-434a-a11e-591e0909eb35',  'd65e8481-8aaf-4604-8d67-5370e704b6b0', , TRUE, NOW(), NOW()),
('d8a1d399-9c01-4849-bc0b-ca81ff527033',  'd65e8481-8aaf-4604-8d67-5370e704b6b0', , TRUE, NOW(), NOW()),
('4f2a5870-3458-4007-84c5-72129f4ccd0e', 'd65e8481-8aaf-4604-8d67-5370e704b6b0', TRUE, NOW(), NOW()),
('4f2a5870-3458-4007-84c5-72129f4ccd0e', 'Unknown', FALSE, NOW(), NOW()),
('99207811-7d42-407c-aaa6-2c764d8fd5c0',  'd65e8481-8aaf-4604-8d67-5370e704b6b0', , TRUE, NOW(), NOW()),
('7c94c8d0-fe00-480f-8b2e-56798b9d75b4',  'd65e8481-8aaf-4604-8d67-5370e704b6b0', , TRUE, NOW(), NOW()),
('d5f9c2b6-1f66-4b08-950a-ec7227003b34',  'd65e8481-8aaf-4604-8d67-5370e704b6b0', , TRUE, NOW(), NOW()),
('d2bcdfe4-1a7a-4052-8e31-b3868f7ee98a',  'd65e8481-8aaf-4604-8d67-5370e704b6b0', , TRUE, NOW(), NOW()),
('155d60ee-0724-4833-b737-cf3ef10bdaf8',  'd65e8481-8aaf-4604-8d67-5370e704b6b0', , TRUE, NOW(), NOW()),
('d612350b-dd17-4dde-8987-ef606582e041',  'd65e8481-8aaf-4604-8d67-5370e704b6b0', , TRUE, NOW(), NOW()),
('04ec5623-982e-4f99-b554-b8bd53a891b9',  'd65e8481-8aaf-4604-8d67-5370e704b6b0', , TRUE, NOW(), NOW()),
('ec4c7860-37f9-4195-bb2d-7df6d80846b1', 'Unknown', TRUE, NOW(), NOW()),
('ec4c7860-37f9-4195-bb2d-7df6d80846b1', 'd65e8481-8aaf-4604-8d67-5370e704b6b0', FALSE, NOW(), NOW()),
('ec4c7860-37f9-4195-bb2d-7df6d80846b1', 'Unknown', FALSE, NOW(), NOW()),
('64e0bfac-fc55-44df-a4c0-68edc4fb5c3c', '8911461c-09c0-4df2-b91c-1fc941ec05b8', TRUE, NOW(), NOW()),
('64e0bfac-fc55-44df-a4c0-68edc4fb5c3c', 'd65e8481-8aaf-4604-8d67-5370e704b6b0', FALSE, NOW(), NOW()),
('7c847821-65b7-42a3-8467-bf1fcc372f4f', 'Unknown', TRUE, NOW(), NOW()),
('7c847821-65b7-42a3-8467-bf1fcc372f4f', 'd65e8481-8aaf-4604-8d67-5370e704b6b0', FALSE, NOW(), NOW()),
('2190f498-a3cf-4d72-92b3-421889025200',  'd65e8481-8aaf-4604-8d67-5370e704b6b0', , TRUE, NOW(), NOW()),
('89da5050-2b64-4adf-bc73-b17a288aece3',  'd65e8481-8aaf-4604-8d67-5370e704b6b0', , TRUE, NOW(), NOW()),
('34624e08-6ed9-442e-a0a5-1e54987ffd96',  'd65e8481-8aaf-4604-8d67-5370e704b6b0', , TRUE, NOW(), NOW()),
('c698b915-16e1-4a89-9de1-3ccf3ada0b66',  'd65e8481-8aaf-4604-8d67-5370e704b6b0', , TRUE, NOW(), NOW()),
('920ab920-4cc2-4294-a066-438f05798cf9',  'd65e8481-8aaf-4604-8d67-5370e704b6b0', , TRUE, NOW(), NOW()),
('9e6c9b27-dfb1-468e-af02-24f6ef70bd5b',  'd65e8481-8aaf-4604-8d67-5370e704b6b0', , TRUE, NOW(), NOW()),
('0a4669b9-9714-47ff-827c-e69a8874254e',  'd65e8481-8aaf-4604-8d67-5370e704b6b0', , TRUE, NOW(), NOW()),
('28593f32-0836-4501-9118-669fb66e1e6d',  'd65e8481-8aaf-4604-8d67-5370e704b6b0', , TRUE, NOW(), NOW()),
('3e93802d-c403-4374-8849-28d962079f5e',  'd65e8481-8aaf-4604-8d67-5370e704b6b0', , TRUE, NOW(), NOW()),
('d260d37f-c710-4186-b30a-b6abe70722ae', 'Unknown', TRUE, NOW(), NOW()),
('d260d37f-c710-4186-b30a-b6abe70722ae', 'Unknown', FALSE, NOW(), NOW()),
('d260d37f-c710-4186-b30a-b6abe70722ae', 'd65e8481-8aaf-4604-8d67-5370e704b6b0', FALSE, NOW(), NOW()),
('d260d37f-c710-4186-b30a-b6abe70722ae', '395d5013-1e64-4e9e-9540-12750a9e6593', FALSE, NOW(), NOW()),
('d260d37f-c710-4186-b30a-b6abe70722ae', 'Unknown', FALSE, NOW(), NOW()),
('d260d37f-c710-4186-b30a-b6abe70722ae', 'Unknown', FALSE, NOW(), NOW()),
('b97b5a33-c2c7-48ea-b0ca-e7f6f2e6af22', 'Unknown', TRUE, NOW(), NOW()),
('b97b5a33-c2c7-48ea-b0ca-e7f6f2e6af22', 'Unknown', FALSE, NOW(), NOW()),
('b97b5a33-c2c7-48ea-b0ca-e7f6f2e6af22', 'd65e8481-8aaf-4604-8d67-5370e704b6b0', FALSE, NOW(), NOW()),
('b97b5a33-c2c7-48ea-b0ca-e7f6f2e6af22', '395d5013-1e64-4e9e-9540-12750a9e6593', FALSE, NOW(), NOW()),
('b97b5a33-c2c7-48ea-b0ca-e7f6f2e6af22', 'Unknown', FALSE, NOW(), NOW()),
('b97b5a33-c2c7-48ea-b0ca-e7f6f2e6af22', 'Unknown', FALSE, NOW(), NOW()),
('4dfc1b79-feaf-4917-a34e-41224905a00c',  'd65e8481-8aaf-4604-8d67-5370e704b6b0', , TRUE, NOW(), NOW()),
('5ec8c9fb-8d08-48c5-a3e2-c2372cbc57ae',  'd65e8481-8aaf-4604-8d67-5370e704b6b0', , TRUE, NOW(), NOW()),
('2ccd5f56-cc4f-4c39-8d8c-ebe52f71a676',  'd65e8481-8aaf-4604-8d67-5370e704b6b0', , TRUE, NOW(), NOW()),
('618501a7-0a01-4ede-839f-e90072a79d61',  'd65e8481-8aaf-4604-8d67-5370e704b6b0', , TRUE, NOW(), NOW()),
('ed9f35b9-64c9-4312-be22-5f90fef6c240',  'd65e8481-8aaf-4604-8d67-5370e704b6b0', , TRUE, NOW(), NOW()),
('dadd873a-d9a9-4c25-bf21-157031680ece', 'Unknown', TRUE, NOW(), NOW()),
('dadd873a-d9a9-4c25-bf21-157031680ece', 'd65e8481-8aaf-4604-8d67-5370e704b6b0', FALSE, NOW(), NOW()),
('0aabae3c-4ccb-4fe3-bc7f-56a7f4b61fbf',  'd65e8481-8aaf-4604-8d67-5370e704b6b0', , TRUE, NOW(), NOW()),
('ca733f41-063c-41ee-a301-3963304bd65d',  'd65e8481-8aaf-4604-8d67-5370e704b6b0', , TRUE, NOW(), NOW()),
('18c6f7f2-6a6c-4e44-9c83-267c929e2295',  'd65e8481-8aaf-4604-8d67-5370e704b6b0', , TRUE, NOW(), NOW()),
('0cb1b6b8-d6fb-40d6-b6db-912d582fac0d',  'd65e8481-8aaf-4604-8d67-5370e704b6b0', , TRUE, NOW(), NOW()),
('43dd3fc0-91b7-4e2e-83b7-7246d607cbcf',  'd65e8481-8aaf-4604-8d67-5370e704b6b0', , TRUE, NOW(), NOW()),
('fa94552a-f897-45e3-bdbc-82ad23b235ea',  'd65e8481-8aaf-4604-8d67-5370e704b6b0', , TRUE, NOW(), NOW()),
('3f08cebf-592c-4443-8c38-0266977bfe2a', 'd65e8481-8aaf-4604-8d67-5370e704b6b0', TRUE, NOW(), NOW()),
('3f08cebf-592c-4443-8c38-0266977bfe2a', 'Unknown', FALSE, NOW(), NOW()),
('ea51d658-3143-4fec-9805-90a177b54e76', 'd65e8481-8aaf-4604-8d67-5370e704b6b0', TRUE, NOW(), NOW()),
('ea51d658-3143-4fec-9805-90a177b54e76', 'fb1ec22c-9a5a-4e5d-92bf-11bf895de457', FALSE, NOW(), NOW()),
('e0d87bb9-64c4-4a55-b7d9-64b0f182b060', 'd65e8481-8aaf-4604-8d67-5370e704b6b0', TRUE, NOW(), NOW()),
('e0d87bb9-64c4-4a55-b7d9-64b0f182b060', 'fb1ec22c-9a5a-4e5d-92bf-11bf895de457', FALSE, NOW(), NOW()),
('828a87a7-5657-4d10-b976-8b05d068e55e',  'd65e8481-8aaf-4604-8d67-5370e704b6b0', , TRUE, NOW(), NOW()),
('37fc0abf-47da-41ff-b301-85d39c856f1b', 'd65e8481-8aaf-4604-8d67-5370e704b6b0', TRUE, NOW(), NOW()),
('37fc0abf-47da-41ff-b301-85d39c856f1b', 'Unknown', FALSE, NOW(), NOW()),
('37fc0abf-47da-41ff-b301-85d39c856f1b', 'Unknown', FALSE, NOW(), NOW()),
('37fc0abf-47da-41ff-b301-85d39c856f1b', 'Unknown', FALSE, NOW(), NOW()),
('37fc0abf-47da-41ff-b301-85d39c856f1b', 'Unknown', FALSE, NOW(), NOW()),
('37fc0abf-47da-41ff-b301-85d39c856f1b', 'Unknown', FALSE, NOW(), NOW()),
('37fc0abf-47da-41ff-b301-85d39c856f1b', 'Unknown', FALSE, NOW(), NOW()),
('11b0ac47-ac53-403d-bc60-68e3d128f92f',  'd65e8481-8aaf-4604-8d67-5370e704b6b0', , TRUE, NOW(), NOW()),
('be95c0b0-6065-4da7-87ff-7f9315334915',  'd65e8481-8aaf-4604-8d67-5370e704b6b0', , TRUE, NOW(), NOW()),
('528727cc-f4ea-446f-9f76-346cecac0c1f', 'd65e8481-8aaf-4604-8d67-5370e704b6b0', TRUE, NOW(), NOW()),
('528727cc-f4ea-446f-9f76-346cecac0c1f', 'fb1ec22c-9a5a-4e5d-92bf-11bf895de457', FALSE, NOW(), NOW()),
('ea915fd2-4b3b-4683-931d-7952a920f31f', 'd65e8481-8aaf-4604-8d67-5370e704b6b0', TRUE, NOW(), NOW()),
('ea915fd2-4b3b-4683-931d-7952a920f31f', 'fb1ec22c-9a5a-4e5d-92bf-11bf895de457', FALSE, NOW(), NOW()),
('fdffb376-3721-49b6-ad54-fd34ccadc372', 'd65e8481-8aaf-4604-8d67-5370e704b6b0', TRUE, NOW(), NOW()),
('fdffb376-3721-49b6-ad54-fd34ccadc372', 'fb1ec22c-9a5a-4e5d-92bf-11bf895de457', FALSE, NOW(), NOW()),
('6c54d5a4-dc0d-4ffd-92bc-60b1caf3156a',  'd65e8481-8aaf-4604-8d67-5370e704b6b0', , TRUE, NOW(), NOW()),
('da5b6950-a2e9-463d-a231-d2ed5ca4dd8a',  'd65e8481-8aaf-4604-8d67-5370e704b6b0', , TRUE, NOW(), NOW()),
('eb4acd65-7a5a-4894-933c-3a468638ae86', 'd65e8481-8aaf-4604-8d67-5370e704b6b0', TRUE, NOW(), NOW()),
('eb4acd65-7a5a-4894-933c-3a468638ae86', 'Unknown', FALSE, NOW(), NOW()),
('3962bb2a-5bee-4305-b0dd-1a9ee416d62f', 'd65e8481-8aaf-4604-8d67-5370e704b6b0', TRUE, NOW(), NOW()),
('3962bb2a-5bee-4305-b0dd-1a9ee416d62f', 'Unknown', FALSE, NOW(), NOW()),
('f96c5cd1-c04e-4f43-936d-5b141e1683b5',  'd65e8481-8aaf-4604-8d67-5370e704b6b0', , TRUE, NOW(), NOW()),
('80071e66-cede-44b1-9ed1-301211f2712a',  'd65e8481-8aaf-4604-8d67-5370e704b6b0', , TRUE, NOW(), NOW()),
('0ba39cea-950a-4642-94fb-99b67d3dba9e',  'd65e8481-8aaf-4604-8d67-5370e704b6b0', , TRUE, NOW(), NOW()),
('f3b57893-88a1-44de-9036-4925be12c63b',  'd65e8481-8aaf-4604-8d67-5370e704b6b0', , TRUE, NOW(), NOW()),
('e0d1af29-3a4f-4e60-b498-3f8828e69c4c',  'd65e8481-8aaf-4604-8d67-5370e704b6b0', , TRUE, NOW(), NOW()),
('abb8055f-498d-4476-b8c6-54cfd9184655',  'd65e8481-8aaf-4604-8d67-5370e704b6b0', , TRUE, NOW(), NOW()),
('b3429052-5ab3-4b64-955d-3af63593e266',  'd65e8481-8aaf-4604-8d67-5370e704b6b0', , TRUE, NOW(), NOW()),
('c265a287-4207-434a-acee-fe0287410653',  'd65e8481-8aaf-4604-8d67-5370e704b6b0', , TRUE, NOW(), NOW()),
('a8a9bd61-3e08-4cb9-ae16-15c2b088751e',  'd65e8481-8aaf-4604-8d67-5370e704b6b0', , TRUE, NOW(), NOW()),
('0656ab9c-d596-404a-bca8-8bbe51342c6e',  'd65e8481-8aaf-4604-8d67-5370e704b6b0', , TRUE, NOW(), NOW()),
('ada93387-721b-4493-b7e3-1e1e986b9fbc',  'd65e8481-8aaf-4604-8d67-5370e704b6b0', , TRUE, NOW(), NOW()),
('8ee1109e-16ca-4ca7-93a0-3ce3be7fad26',  'd65e8481-8aaf-4604-8d67-5370e704b6b0', , TRUE, NOW(), NOW()),
('4bd683a2-cae4-4982-a8e1-54cc7a2ec42f',  'd65e8481-8aaf-4604-8d67-5370e704b6b0', , TRUE, NOW(), NOW()),
('05ba8cc3-b287-4e54-b52c-7dbcb5ebf3ce', 'd65e8481-8aaf-4604-8d67-5370e704b6b0', TRUE, NOW(), NOW()),
('05ba8cc3-b287-4e54-b52c-7dbcb5ebf3ce', 'Unknown', FALSE, NOW(), NOW()),
('cc55026a-a26b-468c-be86-a8ee7906f421',  'd65e8481-8aaf-4604-8d67-5370e704b6b0', , TRUE, NOW(), NOW()),
('40e7c7d8-a0b2-44f9-9122-2489bb473f15',  'd65e8481-8aaf-4604-8d67-5370e704b6b0', , TRUE, NOW(), NOW()),
('83e17d5d-e38d-4ce3-99df-c318409d76b1', 'Unknown', TRUE, NOW(), NOW()),
('83e17d5d-e38d-4ce3-99df-c318409d76b1', 'd65e8481-8aaf-4604-8d67-5370e704b6b0', FALSE, NOW(), NOW()),
('3057c796-b7cf-4546-ba6f-666a1ece3559',  'd65e8481-8aaf-4604-8d67-5370e704b6b0', , TRUE, NOW(), NOW()),
('0eb39ffb-2b6e-4329-b01a-e32e8119c954',  'd65e8481-8aaf-4604-8d67-5370e704b6b0', , TRUE, NOW(), NOW());