INSERT INTO "Album" ("albumId",  "title", "releaseDate", "albumType", "createdAt", "updatedAt") VALUES
('02e2c543-aedb-4b55-947a-7b87797aaae5', 'Giao Lộ Thời Gian', '2022-11-01', 'album', NOW(), NOW()),
('1aa7f824-0bc7-402d-9c6e-b720899c845d', 'Những Ngày Đầu', '2017-01-01', 'album', NOW(), NOW()),
('72060c7f-0e23-47a7-9bfd-7fd8266c56a3', 'Anh Ghét Làm Bạn Em', '2013-09-15', 'album', NOW(), NOW()),
('9333e396-0c21-4a28-b892-a5095e7a52ae', 'Có Một Chuyện Tình (Theme Song From “Ngày Xưa Có Một Chuyện Tình")', '2024-10-10', 'single', NOW(), NOW()),
('2ec19c07-a2fe-4834-a308-d62b8d7ee140', 'Đưa Anh Về', '2024-07-27', 'single', NOW(), NOW()),
('006e4a27-1316-4510-aedf-4bcec95cd753', 'Sau Lời Từ Khước (Theme Song From "MAI")', '2024-02-14', 'single', NOW(), NOW()),
('50c93086-287d-4a1e-8653-d622ec58f919', 'Bôn Ba (Nước Ngoài)', '2024-01-18', 'single', NOW(), NOW()),
('75232d67-8587-4da0-864a-a84a33e090b1', 'Biết Ơn Bởi Đang Ở Lại', '2024-01-07', 'single', NOW(), NOW()),
('dca4b9c4-921a-4e49-bcf2-dbee7183f41e', 'Đèn Trời', '2023-12-13', 'single', NOW(), NOW()),
('fadc330f-46ef-41bf-ba22-102a02082c6c', 'Vườn Nhà', '2023-06-21', 'single', NOW(), NOW()),
('fb1ae113-8bf3-4444-bfaf-6f478f8e8464', 'Chuyến Xe', '2023-04-26', 'single', NOW(), NOW()),
('e040ca9d-c013-40b7-922b-021cd1f1e1f9', 'Khi Người Mình Yêu Khóc 2 (Vinz x Hải Nam Remix)', '2023-03-08', 'single', NOW(), NOW()),
('78129e22-cbd4-4e8c-8c66-6406871c9425', 'Khi Người Mình Yêu Khóc (Vinz Remix)', '2023-03-08', 'single', NOW(), NOW()),
('b2ccc39e-7fc6-4b45-baa7-ab8cd48ceb4c', 'Đợi Chờ Đừng Cáu', '2023-01-16', 'single', NOW(), NOW()),
('c616962a-c80c-4ea8-8f07-9f245fb1f5fb', 'Đa Đoan', '2022-09-28', 'single', NOW(), NOW()),
('8e5a2eda-2673-4bef-a161-9f5981ab2391', 'Tình Nhớ', '2022-06-08', 'single', NOW(), NOW()),
('523d3b7c-5d05-4b58-a956-10016c0db633', 'Nơi Dành Cho Các Thiên Thần', '2022-06-01', 'single', NOW(), NOW()),
('d5393efd-75df-4150-b6d3-6fe0c88538ae', 'Yêu Thương Tiếp Nối', '2022-01-28', 'single', NOW(), NOW()),
('83d7505e-2a8a-43d9-9f07-6a11b6cc34e6', 'Về', '2021-12-31', 'single', NOW(), NOW()),
('071625ee-8a98-4885-961a-a734474fc849', 'Gặp Gỡ, Yêu Đương Và Được Bên Em', '2021-08-08', 'single', NOW(), NOW()),
('c531bd67-40f4-4c22-8a02-317eb2e66afd', 'Nơi Ấy Con Tìm Về (Live At Tết Tân Thời)', '2021-02-22', 'single', NOW(), NOW()),
('2406721c-28ed-4a07-b792-005575668e67', 'Có Chàng Trai Viết Lên Cây (DJ Version)', '2020-07-22', 'single', NOW(), NOW()),
('22f728a6-a718-46ac-a014-2fe5ca6c26b9', 'Đàn Ông Không Nói (feat. Karik)', '2020-01-01', 'single', NOW(), NOW()),
('f290d6f1-6802-46b5-b0d1-161593da9277', 'Đi Để Trở Về Mashup', '2020-01-01', 'single', NOW(), NOW()),
('82cc5e6b-7fa8-4ec3-a517-6042e0bdbaa4', 'Tết Về Sớm Nhé', '2020-01-01', 'single', NOW(), NOW()),
('0c4b8919-5fdd-4c70-9a88-75338e684161', 'Trong Ánh Mặt Trời (feat. Oanh Tiny)', '2020-01-01', 'single', NOW(), NOW()),
('d7fc362d-4119-48ab-8f24-b7610fa6102e', 'Tri Kỷ', '2020-01-01', 'single', NOW(), NOW()),
('31c87116-cff8-4e26-a359-dd94b99d1477', 'Sao Cha Không (From "Bố Già" Original Motion Picture Soundtrack)', '2020-01-01', 'single', NOW(), NOW()),
('34a7281e-307d-4f7f-baef-89ef9fd87bd9', 'Nắng Mùa Hạ', '2020-01-01', 'single', NOW(), NOW()),
('4d2cc4c1-d244-4509-abc8-4015f9fb5409', 'Nước Ngoài', '2020-01-01', 'single', NOW(), NOW()),
('9dec90ed-9e2d-401f-83ec-ea10967534dc', 'Người Khác', '2020-01-01', 'single', NOW(), NOW()),
('61f92d86-884b-4241-99a7-d978e9ba5e9d', 'NHẠT', '2020-01-01', 'single', NOW(), NOW()),
('09172d0d-d350-4aea-9f78-c18a944edf49', 'Mất Hy Vọng', '2020-01-01', 'single', NOW(), NOW()),
('06dffc48-24f9-4fdf-84e6-70e18ee1b50d', 'Miền Gian Khổ', '2020-01-01', 'single', NOW(), NOW()),
('9689f2d3-ba70-4399-b8df-13121214869f', 'Hồi Ức', '2020-01-01', 'single', NOW(), NOW()),
('49379655-99b9-4fec-a354-c184956edaaa', 'Huyền Thoại', '2020-01-01', 'single', NOW(), NOW()),
('a69bbd8f-dc80-4ca0-a311-98e096e0128f', 'Có Một Nơi Như Thế', '2020-01-01', 'single', NOW(), NOW()),
('eaac071a-e2aa-49bc-9661-41f19eb8be47', 'Cuộc Gọi (feat. Aazuki)', '2020-01-01', 'single', NOW(), NOW()),
('67bc70cf-1ee9-4862-884c-74226fdd5acf', 'Con Tim Tan Vỡ', '2020-01-01', 'single', NOW(), NOW()),
('b9eb1e89-c1a1-45fd-801e-fa5586835e28', 'Chưa Có Người Yêu', '2020-01-01', 'single', NOW(), NOW()),
('b5890383-c31d-456e-b029-fe96965a16d3', 'Người Yêu Cũ', '2012-02-22', 'ep', NOW(), NOW()),
('6be27f6b-f4b9-424a-9b5b-02360bec1e6c', 'Những Ngày Không Bên Nhau', '2011-01-01', 'single', NOW(), NOW());



INSERT INTO "AlbumImage" ("albumId", "image", "size", "createdAt", "updatedAt") VALUES
('02e2c543-aedb-4b55-947a-7b87797aaae5', '3zyFm1DO0vpIJ2DXrL0Xef', 'https://i.scdn.co/image/ab67616d0000b2732a95693382ad7b2d324412fe', '640', NOW(), NOW()),
('02e2c543-aedb-4b55-947a-7b87797aaae5', '3zyFm1DO0vpIJ2DXrL0Xef', 'https://i.scdn.co/image/ab67616d00001e022a95693382ad7b2d324412fe', '300', NOW(), NOW()),
('02e2c543-aedb-4b55-947a-7b87797aaae5', '3zyFm1DO0vpIJ2DXrL0Xef', 'https://i.scdn.co/image/ab67616d000048512a95693382ad7b2d324412fe', '64', NOW(), NOW()),
('1aa7f824-0bc7-402d-9c6e-b720899c845d', '1etR3MLPfLsGvrTGKpRpYl', 'https://i.scdn.co/image/ab67616d0000b273a7be05a866f6f32078c69909', '640', NOW(), NOW()),
('1aa7f824-0bc7-402d-9c6e-b720899c845d', '1etR3MLPfLsGvrTGKpRpYl', 'https://i.scdn.co/image/ab67616d00001e02a7be05a866f6f32078c69909', '300', NOW(), NOW()),
('1aa7f824-0bc7-402d-9c6e-b720899c845d', '1etR3MLPfLsGvrTGKpRpYl', 'https://i.scdn.co/image/ab67616d00004851a7be05a866f6f32078c69909', '64', NOW(), NOW()),
('72060c7f-0e23-47a7-9bfd-7fd8266c56a3', '6VolTYHN9P3gZS1ugOkI1K', 'https://i.scdn.co/image/ab67616d0000b273d8230115476ed18d7e288557', '640', NOW(), NOW()),
('72060c7f-0e23-47a7-9bfd-7fd8266c56a3', '6VolTYHN9P3gZS1ugOkI1K', 'https://i.scdn.co/image/ab67616d00001e02d8230115476ed18d7e288557', '300', NOW(), NOW()),
('72060c7f-0e23-47a7-9bfd-7fd8266c56a3', '6VolTYHN9P3gZS1ugOkI1K', 'https://i.scdn.co/image/ab67616d00004851d8230115476ed18d7e288557', '64', NOW(), NOW()),
('9333e396-0c21-4a28-b892-a5095e7a52ae', '7xq3VEh1cqV5YXRFJXV8Ju', 'https://i.scdn.co/image/ab67616d0000b27310acd1fa93a9013fa0658c1a', '640', NOW(), NOW()),
('9333e396-0c21-4a28-b892-a5095e7a52ae', '7xq3VEh1cqV5YXRFJXV8Ju', 'https://i.scdn.co/image/ab67616d00001e0210acd1fa93a9013fa0658c1a', '300', NOW(), NOW()),
('9333e396-0c21-4a28-b892-a5095e7a52ae', '7xq3VEh1cqV5YXRFJXV8Ju', 'https://i.scdn.co/image/ab67616d0000485110acd1fa93a9013fa0658c1a', '64', NOW(), NOW()),
('2ec19c07-a2fe-4834-a308-d62b8d7ee140', '6uFUj55T3O4RGmiHmnAlQ8', 'https://i.scdn.co/image/ab67616d0000b27306044518d8b5f36231956a25', '640', NOW(), NOW()),
('2ec19c07-a2fe-4834-a308-d62b8d7ee140', '6uFUj55T3O4RGmiHmnAlQ8', 'https://i.scdn.co/image/ab67616d00001e0206044518d8b5f36231956a25', '300', NOW(), NOW()),
('2ec19c07-a2fe-4834-a308-d62b8d7ee140', '6uFUj55T3O4RGmiHmnAlQ8', 'https://i.scdn.co/image/ab67616d0000485106044518d8b5f36231956a25', '64', NOW(), NOW()),
('006e4a27-1316-4510-aedf-4bcec95cd753', '6HtXpKEimQ3bOZmIAnhvVe', 'https://i.scdn.co/image/ab67616d0000b27387470a8014c00932cd36d841', '640', NOW(), NOW()),
('006e4a27-1316-4510-aedf-4bcec95cd753', '6HtXpKEimQ3bOZmIAnhvVe', 'https://i.scdn.co/image/ab67616d00001e0287470a8014c00932cd36d841', '300', NOW(), NOW()),
('006e4a27-1316-4510-aedf-4bcec95cd753', '6HtXpKEimQ3bOZmIAnhvVe', 'https://i.scdn.co/image/ab67616d0000485187470a8014c00932cd36d841', '64', NOW(), NOW()),
('50c93086-287d-4a1e-8653-d622ec58f919', '2ptUqqKzTlBOVQP5wKRqhQ', 'https://i.scdn.co/image/ab67616d0000b27300fc66b671c380b0d944ebab', '640', NOW(), NOW()),
('50c93086-287d-4a1e-8653-d622ec58f919', '2ptUqqKzTlBOVQP5wKRqhQ', 'https://i.scdn.co/image/ab67616d00001e0200fc66b671c380b0d944ebab', '300', NOW(), NOW()),
('50c93086-287d-4a1e-8653-d622ec58f919', '2ptUqqKzTlBOVQP5wKRqhQ', 'https://i.scdn.co/image/ab67616d0000485100fc66b671c380b0d944ebab', '64', NOW(), NOW()),
('75232d67-8587-4da0-864a-a84a33e090b1', '2IvoFdhtBmfPsKHzQn6bLO', 'https://i.scdn.co/image/ab67616d0000b2736ba3e0e4ac3c8b06d9b35269', '640', NOW(), NOW()),
('75232d67-8587-4da0-864a-a84a33e090b1', '2IvoFdhtBmfPsKHzQn6bLO', 'https://i.scdn.co/image/ab67616d00001e026ba3e0e4ac3c8b06d9b35269', '300', NOW(), NOW()),
('75232d67-8587-4da0-864a-a84a33e090b1', '2IvoFdhtBmfPsKHzQn6bLO', 'https://i.scdn.co/image/ab67616d000048516ba3e0e4ac3c8b06d9b35269', '64', NOW(), NOW()),
('dca4b9c4-921a-4e49-bcf2-dbee7183f41e', '02oNSIAMjL2BRUMDOlQOqI', 'https://i.scdn.co/image/ab67616d0000b273ab6b44587eb9a90185e2c9b6', '640', NOW(), NOW()),
('dca4b9c4-921a-4e49-bcf2-dbee7183f41e', '02oNSIAMjL2BRUMDOlQOqI', 'https://i.scdn.co/image/ab67616d00001e02ab6b44587eb9a90185e2c9b6', '300', NOW(), NOW()),
('dca4b9c4-921a-4e49-bcf2-dbee7183f41e', '02oNSIAMjL2BRUMDOlQOqI', 'https://i.scdn.co/image/ab67616d00004851ab6b44587eb9a90185e2c9b6', '64', NOW(), NOW()),
('fadc330f-46ef-41bf-ba22-102a02082c6c', '0FAnqqHuSkpUfx2NEFduw9', 'https://i.scdn.co/image/ab67616d0000b2730ea8c83a244b0c8273fd604a', '640', NOW(), NOW()),
('fadc330f-46ef-41bf-ba22-102a02082c6c', '0FAnqqHuSkpUfx2NEFduw9', 'https://i.scdn.co/image/ab67616d00001e020ea8c83a244b0c8273fd604a', '300', NOW(), NOW()),
('fadc330f-46ef-41bf-ba22-102a02082c6c', '0FAnqqHuSkpUfx2NEFduw9', 'https://i.scdn.co/image/ab67616d000048510ea8c83a244b0c8273fd604a', '64', NOW(), NOW()),
('fb1ae113-8bf3-4444-bfaf-6f478f8e8464', '3N0HApio1Q6mG86wff6fdZ', 'https://i.scdn.co/image/ab67616d0000b27311faaf94c01153e816040407', '640', NOW(), NOW()),
('fb1ae113-8bf3-4444-bfaf-6f478f8e8464', '3N0HApio1Q6mG86wff6fdZ', 'https://i.scdn.co/image/ab67616d00001e0211faaf94c01153e816040407', '300', NOW(), NOW()),
('fb1ae113-8bf3-4444-bfaf-6f478f8e8464', '3N0HApio1Q6mG86wff6fdZ', 'https://i.scdn.co/image/ab67616d0000485111faaf94c01153e816040407', '64', NOW(), NOW()),
('e040ca9d-c013-40b7-922b-021cd1f1e1f9', '1b5V2kkHMVP4XMBAe9FJei', 'https://i.scdn.co/image/ab67616d0000b273481d65c3d484d441d0d3ebee', '640', NOW(), NOW()),
('e040ca9d-c013-40b7-922b-021cd1f1e1f9', '1b5V2kkHMVP4XMBAe9FJei', 'https://i.scdn.co/image/ab67616d00001e02481d65c3d484d441d0d3ebee', '300', NOW(), NOW()),
('e040ca9d-c013-40b7-922b-021cd1f1e1f9', '1b5V2kkHMVP4XMBAe9FJei', 'https://i.scdn.co/image/ab67616d00004851481d65c3d484d441d0d3ebee', '64', NOW(), NOW()),
('78129e22-cbd4-4e8c-8c66-6406871c9425', '5HTzWXLy0dgYsRvtInrDd2', 'https://i.scdn.co/image/ab67616d0000b273ebe0185f2c3ffa60b1a5e8e3', '640', NOW(), NOW()),
('78129e22-cbd4-4e8c-8c66-6406871c9425', '5HTzWXLy0dgYsRvtInrDd2', 'https://i.scdn.co/image/ab67616d00001e02ebe0185f2c3ffa60b1a5e8e3', '300', NOW(), NOW()),
('78129e22-cbd4-4e8c-8c66-6406871c9425', '5HTzWXLy0dgYsRvtInrDd2', 'https://i.scdn.co/image/ab67616d00004851ebe0185f2c3ffa60b1a5e8e3', '64', NOW(), NOW()),
('b2ccc39e-7fc6-4b45-baa7-ab8cd48ceb4c', '3M8sxzgEUlpfBYF3efTtU5', 'https://i.scdn.co/image/ab67616d0000b2730f7b76d57dcd8b0c357a810d', '640', NOW(), NOW()),
('b2ccc39e-7fc6-4b45-baa7-ab8cd48ceb4c', '3M8sxzgEUlpfBYF3efTtU5', 'https://i.scdn.co/image/ab67616d00001e020f7b76d57dcd8b0c357a810d', '300', NOW(), NOW()),
('b2ccc39e-7fc6-4b45-baa7-ab8cd48ceb4c', '3M8sxzgEUlpfBYF3efTtU5', 'https://i.scdn.co/image/ab67616d000048510f7b76d57dcd8b0c357a810d', '64', NOW(), NOW()),
('c616962a-c80c-4ea8-8f07-9f245fb1f5fb', '1E5PmFaH9g95gPQ5VhUyQ6', 'https://i.scdn.co/image/ab67616d0000b27323dfbd008067e2a2f2ed2f4f', '640', NOW(), NOW()),
('c616962a-c80c-4ea8-8f07-9f245fb1f5fb', '1E5PmFaH9g95gPQ5VhUyQ6', 'https://i.scdn.co/image/ab67616d00001e0223dfbd008067e2a2f2ed2f4f', '300', NOW(), NOW()),
('c616962a-c80c-4ea8-8f07-9f245fb1f5fb', '1E5PmFaH9g95gPQ5VhUyQ6', 'https://i.scdn.co/image/ab67616d0000485123dfbd008067e2a2f2ed2f4f', '64', NOW(), NOW()),
('8e5a2eda-2673-4bef-a161-9f5981ab2391', '5RMPouJva20cT3pek6DOYl', 'https://i.scdn.co/image/ab67616d0000b273cdc22dfdc87734c577e14554', '640', NOW(), NOW()),
('8e5a2eda-2673-4bef-a161-9f5981ab2391', '5RMPouJva20cT3pek6DOYl', 'https://i.scdn.co/image/ab67616d00001e02cdc22dfdc87734c577e14554', '300', NOW(), NOW()),
('8e5a2eda-2673-4bef-a161-9f5981ab2391', '5RMPouJva20cT3pek6DOYl', 'https://i.scdn.co/image/ab67616d00004851cdc22dfdc87734c577e14554', '64', NOW(), NOW()),
('523d3b7c-5d05-4b58-a956-10016c0db633', '1G65rpgrdyshgdphP0yfnH', 'https://i.scdn.co/image/ab67616d0000b2734fc98d32ec9daac28342cbae', '640', NOW(), NOW()),
('523d3b7c-5d05-4b58-a956-10016c0db633', '1G65rpgrdyshgdphP0yfnH', 'https://i.scdn.co/image/ab67616d00001e024fc98d32ec9daac28342cbae', '300', NOW(), NOW()),
('523d3b7c-5d05-4b58-a956-10016c0db633', '1G65rpgrdyshgdphP0yfnH', 'https://i.scdn.co/image/ab67616d000048514fc98d32ec9daac28342cbae', '64', NOW(), NOW()),
('d5393efd-75df-4150-b6d3-6fe0c88538ae', '3vy5JBbcLgPHjKTqPgfXnH', 'https://i.scdn.co/image/ab67616d0000b27392ed7bda3af773ce4d469e7f', '640', NOW(), NOW()),
('d5393efd-75df-4150-b6d3-6fe0c88538ae', '3vy5JBbcLgPHjKTqPgfXnH', 'https://i.scdn.co/image/ab67616d00001e0292ed7bda3af773ce4d469e7f', '300', NOW(), NOW()),
('d5393efd-75df-4150-b6d3-6fe0c88538ae', '3vy5JBbcLgPHjKTqPgfXnH', 'https://i.scdn.co/image/ab67616d0000485192ed7bda3af773ce4d469e7f', '64', NOW(), NOW()),
('83d7505e-2a8a-43d9-9f07-6a11b6cc34e6', '2vFfnhNuhMN0MHB3KQhSgk', 'https://i.scdn.co/image/ab67616d0000b273aaef8214c1dcab55dc29c8b9', '640', NOW(), NOW()),
('83d7505e-2a8a-43d9-9f07-6a11b6cc34e6', '2vFfnhNuhMN0MHB3KQhSgk', 'https://i.scdn.co/image/ab67616d00001e02aaef8214c1dcab55dc29c8b9', '300', NOW(), NOW()),
('83d7505e-2a8a-43d9-9f07-6a11b6cc34e6', '2vFfnhNuhMN0MHB3KQhSgk', 'https://i.scdn.co/image/ab67616d00004851aaef8214c1dcab55dc29c8b9', '64', NOW(), NOW()),
('071625ee-8a98-4885-961a-a734474fc849', '1J4bW6pgXcXoCAHSHUqoi2', 'https://i.scdn.co/image/ab67616d0000b27368fcdbae09c2912ee6c14b25', '640', NOW(), NOW()),
('071625ee-8a98-4885-961a-a734474fc849', '1J4bW6pgXcXoCAHSHUqoi2', 'https://i.scdn.co/image/ab67616d00001e0268fcdbae09c2912ee6c14b25', '300', NOW(), NOW()),
('071625ee-8a98-4885-961a-a734474fc849', '1J4bW6pgXcXoCAHSHUqoi2', 'https://i.scdn.co/image/ab67616d0000485168fcdbae09c2912ee6c14b25', '64', NOW(), NOW()),
('c531bd67-40f4-4c22-8a02-317eb2e66afd', '5cbe5h9ki4ymV5QfL5jAmV', 'https://i.scdn.co/image/ab67616d0000b273af81550a4a481961e5bdbbdf', '640', NOW(), NOW()),
('c531bd67-40f4-4c22-8a02-317eb2e66afd', '5cbe5h9ki4ymV5QfL5jAmV', 'https://i.scdn.co/image/ab67616d00001e02af81550a4a481961e5bdbbdf', '300', NOW(), NOW()),
('c531bd67-40f4-4c22-8a02-317eb2e66afd', '5cbe5h9ki4ymV5QfL5jAmV', 'https://i.scdn.co/image/ab67616d00004851af81550a4a481961e5bdbbdf', '64', NOW(), NOW()),
('2406721c-28ed-4a07-b792-005575668e67', '3WDP9ULE8BegS48gFYHeBa', 'https://i.scdn.co/image/ab67616d0000b273ca2b536928b3e8e97fd6a2c8', '640', NOW(), NOW()),
('2406721c-28ed-4a07-b792-005575668e67', '3WDP9ULE8BegS48gFYHeBa', 'https://i.scdn.co/image/ab67616d00001e02ca2b536928b3e8e97fd6a2c8', '300', NOW(), NOW()),
('2406721c-28ed-4a07-b792-005575668e67', '3WDP9ULE8BegS48gFYHeBa', 'https://i.scdn.co/image/ab67616d00004851ca2b536928b3e8e97fd6a2c8', '64', NOW(), NOW()),
('22f728a6-a718-46ac-a014-2fe5ca6c26b9', '5TIN2ZAwWk4I1rKUTpPRb3', 'https://i.scdn.co/image/ab67616d0000b273ad47d5a194a0daf865069a3a', '640', NOW(), NOW()),
('22f728a6-a718-46ac-a014-2fe5ca6c26b9', '5TIN2ZAwWk4I1rKUTpPRb3', 'https://i.scdn.co/image/ab67616d00001e02ad47d5a194a0daf865069a3a', '300', NOW(), NOW()),
('22f728a6-a718-46ac-a014-2fe5ca6c26b9', '5TIN2ZAwWk4I1rKUTpPRb3', 'https://i.scdn.co/image/ab67616d00004851ad47d5a194a0daf865069a3a', '64', NOW(), NOW()),
('f290d6f1-6802-46b5-b0d1-161593da9277', '6oOcRH8e3rLnmkb5m0f8RP', 'https://i.scdn.co/image/ab67616d0000b2730f55598f2f0717d71dd9b92a', '640', NOW(), NOW()),
('f290d6f1-6802-46b5-b0d1-161593da9277', '6oOcRH8e3rLnmkb5m0f8RP', 'https://i.scdn.co/image/ab67616d00001e020f55598f2f0717d71dd9b92a', '300', NOW(), NOW()),
('f290d6f1-6802-46b5-b0d1-161593da9277', '6oOcRH8e3rLnmkb5m0f8RP', 'https://i.scdn.co/image/ab67616d000048510f55598f2f0717d71dd9b92a', '64', NOW(), NOW()),
('82cc5e6b-7fa8-4ec3-a517-6042e0bdbaa4', '7DV6IlRgMYVLkNXjHyUZ9b', 'https://i.scdn.co/image/ab67616d0000b2735089cb85942d90ed3d72e369', '640', NOW(), NOW()),
('82cc5e6b-7fa8-4ec3-a517-6042e0bdbaa4', '7DV6IlRgMYVLkNXjHyUZ9b', 'https://i.scdn.co/image/ab67616d00001e025089cb85942d90ed3d72e369', '300', NOW(), NOW()),
('82cc5e6b-7fa8-4ec3-a517-6042e0bdbaa4', '7DV6IlRgMYVLkNXjHyUZ9b', 'https://i.scdn.co/image/ab67616d000048515089cb85942d90ed3d72e369', '64', NOW(), NOW()),
('0c4b8919-5fdd-4c70-9a88-75338e684161', '79mSwnKFSayyaS2DHOBSlE', 'https://i.scdn.co/image/ab67616d0000b2732f486d50fd66973b49592eff', '640', NOW(), NOW()),
('0c4b8919-5fdd-4c70-9a88-75338e684161', '79mSwnKFSayyaS2DHOBSlE', 'https://i.scdn.co/image/ab67616d00001e022f486d50fd66973b49592eff', '300', NOW(), NOW()),
('0c4b8919-5fdd-4c70-9a88-75338e684161', '79mSwnKFSayyaS2DHOBSlE', 'https://i.scdn.co/image/ab67616d000048512f486d50fd66973b49592eff', '64', NOW(), NOW()),
('d7fc362d-4119-48ab-8f24-b7610fa6102e', '0fPAHIzA9ozsNE0y1nsRVj', 'https://i.scdn.co/image/ab67616d0000b273243fe2eae64619e309348288', '640', NOW(), NOW()),
('d7fc362d-4119-48ab-8f24-b7610fa6102e', '0fPAHIzA9ozsNE0y1nsRVj', 'https://i.scdn.co/image/ab67616d00001e02243fe2eae64619e309348288', '300', NOW(), NOW()),
('d7fc362d-4119-48ab-8f24-b7610fa6102e', '0fPAHIzA9ozsNE0y1nsRVj', 'https://i.scdn.co/image/ab67616d00004851243fe2eae64619e309348288', '64', NOW(), NOW()),
('31c87116-cff8-4e26-a359-dd94b99d1477', '4BBlOCKNfgAJ80eKwjBhzw', 'https://i.scdn.co/image/ab67616d0000b27389ae1b999f1824ada617c31f', '640', NOW(), NOW()),
('31c87116-cff8-4e26-a359-dd94b99d1477', '4BBlOCKNfgAJ80eKwjBhzw', 'https://i.scdn.co/image/ab67616d00001e0289ae1b999f1824ada617c31f', '300', NOW(), NOW()),
('31c87116-cff8-4e26-a359-dd94b99d1477', '4BBlOCKNfgAJ80eKwjBhzw', 'https://i.scdn.co/image/ab67616d0000485189ae1b999f1824ada617c31f', '64', NOW(), NOW()),
('34a7281e-307d-4f7f-baef-89ef9fd87bd9', '6GTBTquBM0hvHHJ0DUaK8u', 'https://i.scdn.co/image/ab67616d0000b2737eae3f458be2ad5cb1943227', '640', NOW(), NOW()),
('34a7281e-307d-4f7f-baef-89ef9fd87bd9', '6GTBTquBM0hvHHJ0DUaK8u', 'https://i.scdn.co/image/ab67616d00001e027eae3f458be2ad5cb1943227', '300', NOW(), NOW()),
('34a7281e-307d-4f7f-baef-89ef9fd87bd9', '6GTBTquBM0hvHHJ0DUaK8u', 'https://i.scdn.co/image/ab67616d000048517eae3f458be2ad5cb1943227', '64', NOW(), NOW()),
('4d2cc4c1-d244-4509-abc8-4015f9fb5409', '3JqCWdxdKpVguZ1aphkMuU', 'https://i.scdn.co/image/ab67616d0000b273b8fbeaee57278d17cef7f784', '640', NOW(), NOW()),
('4d2cc4c1-d244-4509-abc8-4015f9fb5409', '3JqCWdxdKpVguZ1aphkMuU', 'https://i.scdn.co/image/ab67616d00001e02b8fbeaee57278d17cef7f784', '300', NOW(), NOW()),
('4d2cc4c1-d244-4509-abc8-4015f9fb5409', '3JqCWdxdKpVguZ1aphkMuU', 'https://i.scdn.co/image/ab67616d00004851b8fbeaee57278d17cef7f784', '64', NOW(), NOW()),
('9dec90ed-9e2d-401f-83ec-ea10967534dc', '3KvdnK273GpBQePqWgxP2N', 'https://i.scdn.co/image/ab67616d0000b273146d60fca611f1a6c43051bf', '640', NOW(), NOW()),
('9dec90ed-9e2d-401f-83ec-ea10967534dc', '3KvdnK273GpBQePqWgxP2N', 'https://i.scdn.co/image/ab67616d00001e02146d60fca611f1a6c43051bf', '300', NOW(), NOW()),
('9dec90ed-9e2d-401f-83ec-ea10967534dc', '3KvdnK273GpBQePqWgxP2N', 'https://i.scdn.co/image/ab67616d00004851146d60fca611f1a6c43051bf', '64', NOW(), NOW()),
('61f92d86-884b-4241-99a7-d978e9ba5e9d', '6y16u6Jld3yicO52YWMUKw', 'https://i.scdn.co/image/ab67616d0000b2733bb3658de8dc878f0f58cda2', '640', NOW(), NOW()),
('61f92d86-884b-4241-99a7-d978e9ba5e9d', '6y16u6Jld3yicO52YWMUKw', 'https://i.scdn.co/image/ab67616d00001e023bb3658de8dc878f0f58cda2', '300', NOW(), NOW()),
('61f92d86-884b-4241-99a7-d978e9ba5e9d', '6y16u6Jld3yicO52YWMUKw', 'https://i.scdn.co/image/ab67616d000048513bb3658de8dc878f0f58cda2', '64', NOW(), NOW()),
('09172d0d-d350-4aea-9f78-c18a944edf49', '6x5Ck0yTgJ0QxvJNrP957M', 'https://i.scdn.co/image/ab67616d0000b2730fffe977a46f7898a23793a9', '640', NOW(), NOW()),
('09172d0d-d350-4aea-9f78-c18a944edf49', '6x5Ck0yTgJ0QxvJNrP957M', 'https://i.scdn.co/image/ab67616d00001e020fffe977a46f7898a23793a9', '300', NOW(), NOW()),
('09172d0d-d350-4aea-9f78-c18a944edf49', '6x5Ck0yTgJ0QxvJNrP957M', 'https://i.scdn.co/image/ab67616d000048510fffe977a46f7898a23793a9', '64', NOW(), NOW()),
('06dffc48-24f9-4fdf-84e6-70e18ee1b50d', '4WEzaR79DkjCPj27G42L6d', 'https://i.scdn.co/image/ab67616d0000b273f59703cfff2f667c513d7e8e', '640', NOW(), NOW()),
('06dffc48-24f9-4fdf-84e6-70e18ee1b50d', '4WEzaR79DkjCPj27G42L6d', 'https://i.scdn.co/image/ab67616d00001e02f59703cfff2f667c513d7e8e', '300', NOW(), NOW()),
('06dffc48-24f9-4fdf-84e6-70e18ee1b50d', '4WEzaR79DkjCPj27G42L6d', 'https://i.scdn.co/image/ab67616d00004851f59703cfff2f667c513d7e8e', '64', NOW(), NOW()),
('9689f2d3-ba70-4399-b8df-13121214869f', '19w7mdR35ILq8i1aaHxyH3', 'https://i.scdn.co/image/ab67616d0000b27322d4875041fa198b406b4280', '640', NOW(), NOW()),
('9689f2d3-ba70-4399-b8df-13121214869f', '19w7mdR35ILq8i1aaHxyH3', 'https://i.scdn.co/image/ab67616d00001e0222d4875041fa198b406b4280', '300', NOW(), NOW()),
('9689f2d3-ba70-4399-b8df-13121214869f', '19w7mdR35ILq8i1aaHxyH3', 'https://i.scdn.co/image/ab67616d0000485122d4875041fa198b406b4280', '64', NOW(), NOW()),
('49379655-99b9-4fec-a354-c184956edaaa', '6mkW9JXO3018OtRPM7AeFq', 'https://i.scdn.co/image/ab67616d0000b2730127c102faa67407949a2951', '640', NOW(), NOW()),
('49379655-99b9-4fec-a354-c184956edaaa', '6mkW9JXO3018OtRPM7AeFq', 'https://i.scdn.co/image/ab67616d00001e020127c102faa67407949a2951', '300', NOW(), NOW()),
('49379655-99b9-4fec-a354-c184956edaaa', '6mkW9JXO3018OtRPM7AeFq', 'https://i.scdn.co/image/ab67616d000048510127c102faa67407949a2951', '64', NOW(), NOW()),
('a69bbd8f-dc80-4ca0-a311-98e096e0128f', '6IclYodcCJxwIWau8eyKt7', 'https://i.scdn.co/image/ab67616d0000b273b0821348ee31c3d2e6e04f32', '640', NOW(), NOW()),
('a69bbd8f-dc80-4ca0-a311-98e096e0128f', '6IclYodcCJxwIWau8eyKt7', 'https://i.scdn.co/image/ab67616d00001e02b0821348ee31c3d2e6e04f32', '300', NOW(), NOW()),
('a69bbd8f-dc80-4ca0-a311-98e096e0128f', '6IclYodcCJxwIWau8eyKt7', 'https://i.scdn.co/image/ab67616d00004851b0821348ee31c3d2e6e04f32', '64', NOW(), NOW()),
('eaac071a-e2aa-49bc-9661-41f19eb8be47', '6MEj7BfcNGrpPBI7SzVYpY', 'https://i.scdn.co/image/ab67616d0000b27388b42153da74e05415750548', '640', NOW(), NOW()),
('eaac071a-e2aa-49bc-9661-41f19eb8be47', '6MEj7BfcNGrpPBI7SzVYpY', 'https://i.scdn.co/image/ab67616d00001e0288b42153da74e05415750548', '300', NOW(), NOW()),
('eaac071a-e2aa-49bc-9661-41f19eb8be47', '6MEj7BfcNGrpPBI7SzVYpY', 'https://i.scdn.co/image/ab67616d0000485188b42153da74e05415750548', '64', NOW(), NOW()),
('67bc70cf-1ee9-4862-884c-74226fdd5acf', '2PnEVMZRRohQjrOtnCQKjh', 'https://i.scdn.co/image/ab67616d0000b273f4a31083ae7b32f4027b5236', '640', NOW(), NOW()),
('67bc70cf-1ee9-4862-884c-74226fdd5acf', '2PnEVMZRRohQjrOtnCQKjh', 'https://i.scdn.co/image/ab67616d00001e02f4a31083ae7b32f4027b5236', '300', NOW(), NOW()),
('67bc70cf-1ee9-4862-884c-74226fdd5acf', '2PnEVMZRRohQjrOtnCQKjh', 'https://i.scdn.co/image/ab67616d00004851f4a31083ae7b32f4027b5236', '64', NOW(), NOW()),
('b9eb1e89-c1a1-45fd-801e-fa5586835e28', '6Hy1C1Y0ySz28nVHyXjRXT', 'https://i.scdn.co/image/ab67616d0000b2733be60c920919fb8c83659dad', '640', NOW(), NOW()),
('b9eb1e89-c1a1-45fd-801e-fa5586835e28', '6Hy1C1Y0ySz28nVHyXjRXT', 'https://i.scdn.co/image/ab67616d00001e023be60c920919fb8c83659dad', '300', NOW(), NOW()),
('b9eb1e89-c1a1-45fd-801e-fa5586835e28', '6Hy1C1Y0ySz28nVHyXjRXT', 'https://i.scdn.co/image/ab67616d000048513be60c920919fb8c83659dad', '64', NOW(), NOW()),
('b5890383-c31d-456e-b029-fe96965a16d3', '4BUZv7OI1vIN7gQTeNdGHg', 'https://i.scdn.co/image/ab67616d0000b273f2b14d711602ee0b2057ed7d', '640', NOW(), NOW()),
('b5890383-c31d-456e-b029-fe96965a16d3', '4BUZv7OI1vIN7gQTeNdGHg', 'https://i.scdn.co/image/ab67616d00001e02f2b14d711602ee0b2057ed7d', '300', NOW(), NOW()),
('b5890383-c31d-456e-b029-fe96965a16d3', '4BUZv7OI1vIN7gQTeNdGHg', 'https://i.scdn.co/image/ab67616d00004851f2b14d711602ee0b2057ed7d', '64', NOW(), NOW()),
('6be27f6b-f4b9-424a-9b5b-02360bec1e6c', '5CjIhZHZOl4bnYMAO1sXYv', 'https://i.scdn.co/image/ab67616d0000b27320c737a81f465eaf4f9d800c', '640', NOW(), NOW()),
('6be27f6b-f4b9-424a-9b5b-02360bec1e6c', '5CjIhZHZOl4bnYMAO1sXYv', 'https://i.scdn.co/image/ab67616d00001e0220c737a81f465eaf4f9d800c', '300', NOW(), NOW()),
('6be27f6b-f4b9-424a-9b5b-02360bec1e6c', '5CjIhZHZOl4bnYMAO1sXYv', 'https://i.scdn.co/image/ab67616d0000485120c737a81f465eaf4f9d800c', '64', NOW(), NOW());



INSERT INTO "Song" ("id", "albumId", "title", "duration", "lyric", "filePathAudio", "privacy", "uploadUserId", "createdAt", "updatedAt") VALUES
('6f01c892-5aee-4681-afde-28ab50b7c578', '02e2c543-aedb-4b55-947a-7b87797aaae5', 'Ai Cũng Có Ngày Xưa / Chị Tôi (Mashup)', '319129', 'lyric', 'nan', FALSE, 'Null', NOW(), NOW()),
('52b176e6-1e1f-4c60-b327-e63643d336cd', '02e2c543-aedb-4b55-947a-7b87797aaae5', 'Chuyện Của Mặt Trời / Chuyện Của Chúng Ta (Mashup)', '327980', 'lyric', 'nan', FALSE, 'Null', NOW(), NOW()),
('6e3e14cd-02af-42f6-9895-2d5173417f9d', '02e2c543-aedb-4b55-947a-7b87797aaae5', 'Có Chàng Trai Viết Lên Cây / Chuyện Tình Thảo Nguyên (Mashup)', '377166', 'lyric', 'nan', FALSE, 'Null', NOW(), NOW()),
('50102842-a3e0-4520-b28d-bcb9c95a9116', '02e2c543-aedb-4b55-947a-7b87797aaae5', 'Cô Gái Và Cây Dương Cầm', '309189', 'lyric', 'nan', FALSE, 'Null', NOW(), NOW()),
('de730fa9-380c-453f-b2a8-7aa367b0cacd', '02e2c543-aedb-4b55-947a-7b87797aaae5', 'Có Một Nơi Như Thế', '291008', 'lyric', 'https://audiomelodies.nyc3.digitaloceanspaces.com/LOC/PhanManhQuynh/CoMotNoiNhuThe/CoMotNoiNhuThe.m4a', FALSE, 'Null', NOW(), NOW()),
('cdb316fe-186d-497b-9b85-ae3340dff4c9', '02e2c543-aedb-4b55-947a-7b87797aaae5', 'Hà Lan / Từ Đó (Mashup)', '305688', 'lyric', 'nan', FALSE, 'Null', NOW(), NOW()),
('0e416dd0-2051-47dd-a1a6-24cd87a57665', '02e2c543-aedb-4b55-947a-7b87797aaae5', 'Không Tưởng', '281544', 'lyric', 'nan', FALSE, 'Null', NOW(), NOW()),
('24f7cdf6-05a0-4d7e-827b-c4b865bc7a7f', '02e2c543-aedb-4b55-947a-7b87797aaae5', 'Người Buông Neo', '281306', 'lyric', 'nan', FALSE, 'Null', NOW(), NOW()),
('a5430c1a-58ef-4753-9028-7178b77e1f28', '02e2c543-aedb-4b55-947a-7b87797aaae5', 'Hồi Ức / Sắc Màu (Mashup)', '419573', 'lyric', 'nan', FALSE, 'Null', NOW(), NOW()),
('daa02f62-5e78-44b3-b069-60ee52f7414a', '02e2c543-aedb-4b55-947a-7b87797aaae5', 'Tri Kỷ', '250503', 'lyric', 'https://audiomelodies.nyc3.digitaloceanspaces.com/LOC/PhanManhQuynh/TriKy/TriKy.m4a', FALSE, 'Null', NOW(), NOW()),
('067d3b3a-dbee-40f3-94ec-552843e45f64', '1aa7f824-0bc7-402d-9c6e-b720899c845d', 'Góc Khuất Sau Hạnh Phúc', '207999', 'lyric', 'https://audiomelodies.nyc3.digitaloceanspaces.com/LOC/PhanManhQuynh/NguoiYeuCu/GocKhuatSauHanhPhuc.m4a', FALSE, 'Null', NOW(), NOW()),
('88780035-961c-45b4-b37e-dd71575c3d0a', '1aa7f824-0bc7-402d-9c6e-b720899c845d', 'Anh Ghét Làm Bạn Em', '227914', 'lyric', 'https://audiomelodies.nyc3.digitaloceanspaces.com/LOC/PhanManhQuynh/AnhGhetLamBanEm/AnhGhetLamBanEm.m4a', FALSE, 'Null', NOW(), NOW()),
('a4ed800b-10eb-431e-aa06-5d140ffc031e', '1aa7f824-0bc7-402d-9c6e-b720899c845d', 'Thật May Cho Anh', '221999', 'lyric', 'https://audiomelodies.nyc3.digitaloceanspaces.com/LOC/PhanManhQuynh/NhungNgayau/ThatMayChoAnh.m4a', FALSE, 'Null', NOW(), NOW()),
('1882d209-70bc-4690-a58a-f1a711284c7a', '1aa7f824-0bc7-402d-9c6e-b720899c845d', 'Nước Ngoài', '210399', 'lyric', 'https://audiomelodies.nyc3.digitaloceanspaces.com/LOC/PhanManhQuynh/NhungNgayau/NuocNgoai.m4a', FALSE, 'Null', NOW(), NOW()),
('6655ae41-c138-4c21-84a0-01f4030e6781', '1aa7f824-0bc7-402d-9c6e-b720899c845d', 'Nắng Mùa Hạ', '238799', 'lyric', 'https://audiomelodies.nyc3.digitaloceanspaces.com/LOC/PhanManhQuynh/NangMuaHa/NangMuaHa.m4a', FALSE, 'Null', NOW(), NOW()),
('a5af9c15-c414-459a-ac69-beb5fdd32a59', '1aa7f824-0bc7-402d-9c6e-b720899c845d', 'Bước Qua Thế Giới', '225799', 'lyric', 'https://audiomelodies.nyc3.digitaloceanspaces.com/LOC/PhanManhQuynh/NhungNgayau/BuocQuaTheGioi.m4a', FALSE, 'Null', NOW(), NOW()),
('ecf3649e-41df-4013-ad91-7ccbb4592e77', '1aa7f824-0bc7-402d-9c6e-b720899c845d', 'Khi Phải Quên Đi', '321399', 'lyric', 'https://audiomelodies.nyc3.digitaloceanspaces.com/LOC/PhanManhQuynh/NhungNgayau/KhiPhaiQuenDi.m4a', FALSE, 'Null', NOW(), NOW()),
('861696b4-6348-4d69-aef4-6595d955f63f', '1aa7f824-0bc7-402d-9c6e-b720899c845d', 'Mất Hy Vọng', '228799', 'lyric', 'https://audiomelodies.nyc3.digitaloceanspaces.com/LOC/PhanManhQuynh/MatHyVong/MatHyVong.m4a', FALSE, 'Null', NOW(), NOW()),
('bff1c183-660f-499d-a398-bcd6e5bc1e7d', '1aa7f824-0bc7-402d-9c6e-b720899c845d', 'Khi Người Mình Yêu Khóc', '222491', 'lyric', 'https://audiomelodies.nyc3.digitaloceanspaces.com/LOC/PhanManhQuynh/NhungNgayau/KhiNguoiMinhYeuKhoc.m4a', FALSE, 'Null', NOW(), NOW()),
('d7a4e19e-21cd-43d5-8a10-ff5820852ba4', '1aa7f824-0bc7-402d-9c6e-b720899c845d', 'Người Khác', '228000', 'lyric', 'https://audiomelodies.nyc3.digitaloceanspaces.com/LOC/PhanManhQuynh/NguoiKhac/NguoiKhac.m4a', FALSE, 'Null', NOW(), NOW()),
('8a1d0d7e-0059-430f-9481-d23a79e6a590', '1aa7f824-0bc7-402d-9c6e-b720899c845d', 'Tôi Muốn Quên Em', '227000', 'lyric', 'https://audiomelodies.nyc3.digitaloceanspaces.com/LOC/PhanManhQuynh/NhungNgayau/ToiMuonQuenEm.m4a', FALSE, 'Null', NOW(), NOW()),
('60a28827-5eb0-4753-9a78-575d6aac0a01', '1aa7f824-0bc7-402d-9c6e-b720899c845d', 'Yêu Nhau Nửa Ngày', '229599', 'lyric', 'https://audiomelodies.nyc3.digitaloceanspaces.com/LOC/PhanManhQuynh/NhungNgayau/YeuNhauNuaNgay.m4a', FALSE, 'Null', NOW(), NOW()),
('2d204ee2-462a-4dea-acaa-a4ae9124dc68', '1aa7f824-0bc7-402d-9c6e-b720899c845d', 'Người Yêu Cũ (lofi)', '222127', 'lyric', 'https://audiomelodies.nyc3.digitaloceanspaces.com/LOC/PhanManhQuynh/NhungNgayau/NguoiYeuCulofi.m4a', FALSE, 'Null', NOW(), NOW()),
('3f41f768-ad70-455d-92ca-f985c5b38749', '72060c7f-0e23-47a7-9bfd-7fd8266c56a3', 'Anh Ghét Làm Bạn Em', '249208', 'lyric', 'https://audiomelodies.nyc3.digitaloceanspaces.com/LOC/PhanManhQuynh/NhungNgayau/AnhGhetLamBanEm.m4a', FALSE, 'Null', NOW(), NOW()),
('45a00119-8741-4a8b-8f0d-ae32498cd8bd', '72060c7f-0e23-47a7-9bfd-7fd8266c56a3', 'Anh Ghét Làm Bạn Em (Beat)', '247066', 'lyric', 'https://audiomelodies.nyc3.digitaloceanspaces.com/LOC/PhanManhQuynh/AnhGhetLamBanEm/AnhGhetLamBanEmBeat.m4a', FALSE, 'Null', NOW(), NOW()),
('689e94a7-bab8-4c33-aa0b-aaa54a7f3f4d', '72060c7f-0e23-47a7-9bfd-7fd8266c56a3', 'Bóng Tối Không Em (Beat)', '256940', 'lyric', 'https://audiomelodies.nyc3.digitaloceanspaces.com/LOC/PhanManhQuynh/AnhGhetLamBanEm/BongToiKhongEmBeat.m4a', FALSE, 'Null', NOW(), NOW()),
('2da3e9db-212a-4a7f-98e1-f8860f734d8c', '72060c7f-0e23-47a7-9bfd-7fd8266c56a3', 'Giấc Mơ Mang Em Đi', '301348', 'lyric', 'https://audiomelodies.nyc3.digitaloceanspaces.com/LOC/PhanManhQuynh/AnhGhetLamBanEm/GiacMoMangEmDi.m4a', FALSE, 'Null', NOW(), NOW()),
('92e84731-d5a6-4c4f-b384-17ba03fb643d', '72060c7f-0e23-47a7-9bfd-7fd8266c56a3', 'Lời Từ Trái Tim Anh', '241606', 'lyric', 'https://audiomelodies.nyc3.digitaloceanspaces.com/LOC/PhanManhQuynh/AnhGhetLamBanEm/LoiTuTraiTimAnh.m4a', FALSE, 'Null', NOW(), NOW()),
('8eacefaf-58a1-4e97-9cf7-6a5deec91cf7', '72060c7f-0e23-47a7-9bfd-7fd8266c56a3', 'Lời Từ Trái Tim Anh (Beat)', '241606', 'lyric', 'https://audiomelodies.nyc3.digitaloceanspaces.com/LOC/PhanManhQuynh/AnhGhetLamBanEm/LoiTuTraiTimAnhBeat.m4a', FALSE, 'Null', NOW(), NOW()),
('88f28502-9e96-4e20-b7fa-65df755c7277', '72060c7f-0e23-47a7-9bfd-7fd8266c56a3', 'Người Yêu Cũ (Beat)', '235075', 'lyric', 'https://audiomelodies.nyc3.digitaloceanspaces.com/LOC/PhanManhQuynh/AnhGhetLamBanEm/NguoiYeuCuBeat.m4a', FALSE, 'Null', NOW(), NOW()),
('f6e43912-988a-4303-8f1a-a07825f97f42', '72060c7f-0e23-47a7-9bfd-7fd8266c56a3', 'Nơi Ấy Con Tìm Về', '267389', 'lyric', 'https://audiomelodies.nyc3.digitaloceanspaces.com/LOC/PhanManhQuynh/AnhGhetLamBanEm/NoiAyConTimVe.m4a', FALSE, 'Null', NOW(), NOW()),
('23c200ce-d58a-467b-a5c2-7a1f9c4eb640', '72060c7f-0e23-47a7-9bfd-7fd8266c56a3', 'Nơi Ấy Con Tìm Về (Beat)', '267676', 'lyric', 'https://audiomelodies.nyc3.digitaloceanspaces.com/LOC/PhanManhQuynh/AnhGhetLamBanEm/NoiAyConTimVeBeat.m4a', FALSE, 'Null', NOW(), NOW()),
('b6d10028-5fc4-4682-b2f8-89d812a3dffd', '72060c7f-0e23-47a7-9bfd-7fd8266c56a3', 'Xa Em Kỷ Niệm', '238915', 'lyric', 'https://audiomelodies.nyc3.digitaloceanspaces.com/LOC/PhanManhQuynh/AnhGhetLamBanEm/XaEmKyNiem.m4a', FALSE, 'Null', NOW(), NOW()),
('acbfe244-5cba-4671-9212-15200410bfd9', '72060c7f-0e23-47a7-9bfd-7fd8266c56a3', 'Yêu Nhau Là Dĩ Vãng', '267728', 'lyric', 'https://audiomelodies.nyc3.digitaloceanspaces.com/LOC/PhanManhQuynh/AnhGhetLamBanEm/YeuNhauLaDiVang.m4a', FALSE, 'Null', NOW(), NOW()),
('5f5680ca-d6b6-403a-b5ec-77aae2e85905', '72060c7f-0e23-47a7-9bfd-7fd8266c56a3', 'Yêu Anh Nhé', '281208', 'lyric', 'https://audiomelodies.nyc3.digitaloceanspaces.com/LOC/PhanManhQuynh/AnhGhetLamBanEm/YeuAnhNhe.m4a', FALSE, 'Null', NOW(), NOW()),
('7c98a1ce-1f79-4b7c-898e-10352d2844c8', '72060c7f-0e23-47a7-9bfd-7fd8266c56a3', 'Bóng Tối Không Em', '258220', 'lyric', 'https://audiomelodies.nyc3.digitaloceanspaces.com/LOC/PhanManhQuynh/AnhGhetLamBanEm/BongToiKhongEm.m4a', FALSE, 'Null', NOW(), NOW()),
('7b2e286d-4113-4493-8c5e-f01131fbf857', '72060c7f-0e23-47a7-9bfd-7fd8266c56a3', 'Người Yêu Cũ', '232646', 'lyric', 'https://audiomelodies.nyc3.digitaloceanspaces.com/LOC/PhanManhQuynh/AnhGhetLamBanEm/NguoiYeuCu.m4a', FALSE, 'Null', NOW(), NOW()),
('e93afe2b-f247-4234-9166-c5153a27c5d0', '9333e396-0c21-4a28-b892-a5095e7a52ae', 'Có Một Chuyện Tình (Theme Song From “Ngày Xưa Có Một Chuyện Tình")', '215000', 'lyric', 'nan', FALSE, 'Null', NOW(), NOW()),
('230b7419-7f9f-487e-980b-c6a8dfa74c6a', '2ec19c07-a2fe-4834-a308-d62b8d7ee140', 'Đưa Anh Về', '241037', 'lyric', 'https://audiomelodies.nyc3.digitaloceanspaces.com/LOC/PhanManhQuynh/uaAnhVe/DuaAnhVe.m4a', FALSE, 'Null', NOW(), NOW()),
('d8ce3533-f100-4a14-9012-1935cb759132', '006e4a27-1316-4510-aedf-4bcec95cd753', 'Sau Lời Từ Khước (Theme Song From "MAI")', '250122', 'lyric', 'https://audiomelodies.nyc3.digitaloceanspaces.com/LOC/PhanManhQuynh/SauLoiTuKhuocThemeSongFromMAI/SauLoiTuKhuocThemeSongFromMAI.m4a', FALSE, 'Null', NOW(), NOW()),
('3740b82d-757e-405e-8604-0997e2e7a501', '50c93086-287d-4a1e-8653-d622ec58f919', 'Bôn Ba (Nước Ngoài)', '206400', 'lyric', 'https://audiomelodies.nyc3.digitaloceanspaces.com/LOC/PhanManhQuynh/BonBaNuocNgoai/BonBaNuocNgoai.m4a', FALSE, 'Null', NOW(), NOW()),
('1bc913ee-a26c-44a0-be55-fb3f15e5ebf7', '75232d67-8587-4da0-864a-a84a33e090b1', 'Biết Ơn Bởi Đang Ở Lại', '270410', 'lyric', 'https://audiomelodies.nyc3.digitaloceanspaces.com/LOC/PhanManhQuynh/BietOnBoiangOLai/BietOnBoiDangOLai.m4a', FALSE, 'Null', NOW(), NOW()),
('ecb95f7b-e16c-4288-a343-a92aeff656fd', 'dca4b9c4-921a-4e49-bcf2-dbee7183f41e', 'Đèn Trời', '204863', 'lyric', 'https://audiomelodies.nyc3.digitaloceanspaces.com/LOC/PhanManhQuynh/enTroi/DenTroi.m4a', FALSE, 'Null', NOW(), NOW()),
('c362713b-bcb8-414e-adc6-18ce42fe2617', 'fadc330f-46ef-41bf-ba22-102a02082c6c', 'Vườn Nhà', '208163', 'lyric', 'https://audiomelodies.nyc3.digitaloceanspaces.com/LOC/PhanManhQuynh/VuonNha/VuonNha.m4a', FALSE, 'Null', NOW(), NOW()),
('625dfa4a-bf2b-4197-b6dc-07de8326cfdb', 'fb1ae113-8bf3-4444-bfaf-6f478f8e8464', 'Chuyến Xe', '255295', 'lyric', 'https://audiomelodies.nyc3.digitaloceanspaces.com/LOC/PhanManhQuynh/ChuyenXe/ChuyenXe.m4a', FALSE, 'Null', NOW(), NOW()),
('734c4ddd-1fa9-4141-b32d-7bb948e1f155', 'e040ca9d-c013-40b7-922b-021cd1f1e1f9', 'Khi Người Mình Yêu Khóc 2 - Vinz x Hải Nam Remix', '359633', 'lyric', 'nan', FALSE, 'Null', NOW(), NOW()),
('7ce4d081-9461-44b1-ab91-0280fcaa10ab', '78129e22-cbd4-4e8c-8c66-6406871c9425', 'Khi Người Mình Yêu Khóc - Vinz Remix', '172421', 'lyric', 'https://audiomelodies.nyc3.digitaloceanspaces.com/LOC/PhanManhQuynh/KhiNguoiMinhYeuKhocVinzRemix/KhiNguoiMinhYeuKhocVinzRemix.m4a', FALSE, 'Null', NOW(), NOW()),
('ed96f4e7-194a-4274-b786-1afb6e977fee', 'b2ccc39e-7fc6-4b45-baa7-ab8cd48ceb4c', 'Đợi Chờ Đừng Cáu', '168837', 'lyric', 'https://audiomelodies.nyc3.digitaloceanspaces.com/LOC/PhanManhQuynh/oiChoungCau/DoiChoDungCau.m4a', FALSE, 'Null', NOW(), NOW()),
('197afe47-1449-4f9f-92cf-8924c4831fdb', 'c616962a-c80c-4ea8-8f07-9f245fb1f5fb', 'Đa Đoan', '200730', 'lyric', 'https://audiomelodies.nyc3.digitaloceanspaces.com/LOC/PhanManhQuynh/aoan/DaDoan.m4a', FALSE, 'Null', NOW(), NOW()),
('03e62178-c576-4f74-8b29-0da0ab736ecf', '8e5a2eda-2673-4bef-a161-9f5981ab2391', 'Tình Nhớ', '254523', 'lyric', 'https://audiomelodies.nyc3.digitaloceanspaces.com/LOC/PhanManhQuynh/TinhNho/TinhNho.m4a', FALSE, 'Null', NOW(), NOW()),
('1342386d-bbf0-4608-b5e4-a52909b6e33e', '523d3b7c-5d05-4b58-a956-10016c0db633', 'Nơi Dành Cho Các Thiên Thần', '292941', 'lyric', 'https://audiomelodies.nyc3.digitaloceanspaces.com/LOC/PhanManhQuynh/NoiDanhChoCacThienThan/NoiDanhChoCacThienThan.m4a', FALSE, 'Null', NOW(), NOW()),
('fa8ad136-30d3-4266-aba3-dd94d504bb9a', 'd5393efd-75df-4150-b6d3-6fe0c88538ae', 'Yêu Thương Tiếp Nối', '204000', 'lyric', 'nan', FALSE, 'Null', NOW(), NOW()),
('1bc422d3-b838-4d78-9b04-2f5fb9707384', '83d7505e-2a8a-43d9-9f07-6a11b6cc34e6', 'Về', '239986', 'lyric', 'https://audiomelodies.nyc3.digitaloceanspaces.com/LOC/PhanManhQuynh/Ve/Ve.m4a', FALSE, 'Null', NOW(), NOW()),
('271c6327-0ec9-4e7a-be56-dee57e6a8804', '071625ee-8a98-4885-961a-a734474fc849', 'Gặp Gỡ, Yêu Đương Và Được Bên Em', '240461', 'lyric', 'https://audiomelodies.nyc3.digitaloceanspaces.com/LOC/PhanManhQuynh/GapGoYeuuongVauocBenEm/GapGoYeuDuongVaDuocBenEm.m4a', FALSE, 'Null', NOW(), NOW()),
('529e2665-c6e4-4737-8d21-f97a28c5ec62', 'c531bd67-40f4-4c22-8a02-317eb2e66afd', 'Nơi Ấy Con Tìm Về - Live At Tết Tân Thời', '234280', 'lyric', 'https://audiomelodies.nyc3.digitaloceanspaces.com/LOC/PhanManhQuynh/NoiAyConTimVeLiveAtTetTanThoi/NoiAyConTimVeLiveAtTetTanThoi.m4a', FALSE, 'Null', NOW(), NOW()),
('ea1ef447-147c-451b-a8a4-a8638e0bca53', '2406721c-28ed-4a07-b792-005575668e67', 'Có Chàng Trai Viết Lên Cây - DJ Version', '212168', 'lyric', 'https://audiomelodies.nyc3.digitaloceanspaces.com/LOC/PhanManhQuynh/CoChangTraiVietLenCayDJVersion/CoChangTraiVietLenCayDJVersion.m4a', FALSE, 'Null', NOW(), NOW()),
('3745105c-f049-4654-b956-c9d57afcf119', '22f728a6-a718-46ac-a014-2fe5ca6c26b9', 'Đàn Ông Không Nói (feat. Karik)', '219981', 'lyric', 'https://audiomelodies.nyc3.digitaloceanspaces.com/LOC/PhanManhQuynh/anOngKhongNoifeatKarik/DanOngKhongNoifeatKarik.m4a', FALSE, 'Null', NOW(), NOW()),
('8a65b389-2d09-4833-a063-c4fe51fc6c99', 'f290d6f1-6802-46b5-b0d1-161593da9277', 'Đi Để Trở Về Mashup', '223954', 'lyric', 'https://audiomelodies.nyc3.digitaloceanspaces.com/LOC/PhanManhQuynh/ieTroVeMashup/DiDeTroVeMashup.m4a', FALSE, 'Null', NOW(), NOW()),
('24eda667-387b-4aa4-b3bd-5e269ec80e8b', '82cc5e6b-7fa8-4ec3-a517-6042e0bdbaa4', 'Tết Về Sớm Nhé', '187164', 'lyric', 'https://audiomelodies.nyc3.digitaloceanspaces.com/LOC/PhanManhQuynh/TetVeSomNhe/TetVeSomNhe.m4a', FALSE, 'Null', NOW(), NOW()),
('33090314-8522-4d54-87a9-628eb48e88c6', '0c4b8919-5fdd-4c70-9a88-75338e684161', 'Trong Ánh Mặt Trời (feat. Oanh Tiny)', '204225', 'lyric', 'https://audiomelodies.nyc3.digitaloceanspaces.com/LOC/PhanManhQuynh/TrongAnhMatTroifeatOanhTiny/TrongAnhMatTroifeatOanhTiny.m4a', FALSE, 'Null', NOW(), NOW()),
('3f95d389-2922-4ede-b909-0808bae6bce5', 'd7fc362d-4119-48ab-8f24-b7610fa6102e', 'Tri Kỷ', '215808', 'lyric', 'nan', FALSE, 'Null', NOW(), NOW()),
('d5e19922-46b5-45ee-9f7e-32f86140b3ac', '31c87116-cff8-4e26-a359-dd94b99d1477', 'Sao Cha Không (From "Bố Già" Original Motion Picture Soundtrack)', '279609', 'lyric', 'nan', FALSE, 'Null', NOW(), NOW()),
('83ca6035-3c48-4382-8222-e0693d70b4d5', '34a7281e-307d-4f7f-baef-89ef9fd87bd9', 'Nắng Mùa Hạ', '240062', 'lyric', 'https://audiomelodies.nyc3.digitaloceanspaces.com/LOC/PhanManhQuynh/NhungNgayau/NangMuaHa.m4a', FALSE, 'Null', NOW(), NOW()),
('6e83842f-1dac-4fcb-ab93-82bba8af4c1b', '4d2cc4c1-d244-4509-abc8-4015f9fb5409', 'Nước Ngoài', '212666', 'lyric', 'https://audiomelodies.nyc3.digitaloceanspaces.com/LOC/PhanManhQuynh/NuocNgoai/NuocNgoai.m4a', FALSE, 'Null', NOW(), NOW()),
('dacc5e6b-902e-4ce3-bb6f-ab2c40ad4cc2', '9dec90ed-9e2d-401f-83ec-ea10967534dc', 'Người Khác', '228000', 'lyric', 'https://audiomelodies.nyc3.digitaloceanspaces.com/LOC/PhanManhQuynh/NhungNgayau/NguoiKhac.m4a', FALSE, 'Null', NOW(), NOW()),
('7fb6b5b5-4a0a-4d32-b973-a5700ec48449', '61f92d86-884b-4241-99a7-d978e9ba5e9d', 'NHẠT', '208500', 'lyric', 'https://audiomelodies.nyc3.digitaloceanspaces.com/LOC/PhanManhQuynh/NHAT/NHAT.m4a', FALSE, 'Null', NOW(), NOW()),
('39a18b4e-1854-43d5-b057-5f5b0504200a', '09172d0d-d350-4aea-9f78-c18a944edf49', 'Mất Hy Vọng', '232000', 'lyric', 'https://audiomelodies.nyc3.digitaloceanspaces.com/LOC/PhanManhQuynh/NhungNgayau/MatHyVong.m4a', FALSE, 'Null', NOW(), NOW()),
('10596ac0-82ac-4875-a3b4-c7f8f7cca022', '06dffc48-24f9-4fdf-84e6-70e18ee1b50d', 'Miền Gian Khổ', '214687', 'lyric', 'https://audiomelodies.nyc3.digitaloceanspaces.com/LOC/PhanManhQuynh/MienGianKho/MienGianKho.m4a', FALSE, 'Null', NOW(), NOW()),
('e71539bc-343a-4395-a524-9d744fe25019', '9689f2d3-ba70-4399-b8df-13121214869f', 'Hồi Ức', '347207', 'lyric', 'https://audiomelodies.nyc3.digitaloceanspaces.com/LOC/PhanManhQuynh/HoiUc/HoiUc.m4a', FALSE, 'Null', NOW(), NOW()),
('75011fdf-c211-402c-af8e-79f61be36284', '49379655-99b9-4fec-a354-c184956edaaa', 'Huyền Thoại', '289000', 'lyric', 'https://audiomelodies.nyc3.digitaloceanspaces.com/LOC/PhanManhQuynh/HuyenThoai/HuyenThoai.m4a', FALSE, 'Null', NOW(), NOW()),
('ac825fa1-5b04-4bbf-92d2-f2da9b296f02', 'a69bbd8f-dc80-4ca0-a311-98e096e0128f', 'Có Một Nơi Như Thế', '235000', 'lyric', 'nan', FALSE, 'Null', NOW(), NOW()),
('b375270c-cf8f-4473-8529-3e4a0d7b64b2', 'eaac071a-e2aa-49bc-9661-41f19eb8be47', 'Cuộc Gọi (feat. Aazuki)', '218266', 'lyric', 'https://audiomelodies.nyc3.digitaloceanspaces.com/LOC/PhanManhQuynh/CuocGoifeatAazuki/CuocGoifeatAazuki.m4a', FALSE, 'Null', NOW(), NOW()),
('6260f61b-903a-4004-a1e0-685a503dd364', '67bc70cf-1ee9-4862-884c-74226fdd5acf', 'Con Tim Tan Vỡ', '197774', 'lyric', 'https://audiomelodies.nyc3.digitaloceanspaces.com/LOC/PhanManhQuynh/ConTimTanVo/ConTimTanVo.m4a', FALSE, 'Null', NOW(), NOW()),
('1bad76cc-da00-4545-ba41-429065f7daed', 'b9eb1e89-c1a1-45fd-801e-fa5586835e28', 'Chưa Có Người Yêu', '204179', 'lyric', 'https://audiomelodies.nyc3.digitaloceanspaces.com/LOC/PhanManhQuynh/ChuaCoNguoiYeu/ChuaCoNguoiYeu.m4a', FALSE, 'Null', NOW(), NOW()),
('6b67c80b-4761-4fc8-90a6-0bc1cf1bd7ac', 'b5890383-c31d-456e-b029-fe96965a16d3', 'Bóng Tối Không Em', '258142', 'lyric', 'https://audiomelodies.nyc3.digitaloceanspaces.com/LOC/PhanManhQuynh/NguoiYeuCu/BongToiKhongEm.m4a', FALSE, 'Null', NOW(), NOW()),
('55d917bc-4b62-4b3f-9c9f-27e0d738140c', 'b5890383-c31d-456e-b029-fe96965a16d3', 'Góc Khuất Sau Hạnh Phúc', '211069', 'lyric', 'https://audiomelodies.nyc3.digitaloceanspaces.com/LOC/PhanManhQuynh/NhungNgayau/GocKhuatSauHanhPhuc.m4a', FALSE, 'Null', NOW(), NOW()),
('983dd7e7-fb11-49c7-a96b-4d8d3305b417', 'b5890383-c31d-456e-b029-fe96965a16d3', 'Khi Lòng Ta Hiểu', '216633', 'lyric', 'https://audiomelodies.nyc3.digitaloceanspaces.com/LOC/PhanManhQuynh/NguoiYeuCu/KhiLongTaHieu.m4a', FALSE, 'Null', NOW(), NOW()),
('66bf4954-ca8c-4f81-9199-e9502cf44cdd', 'b5890383-c31d-456e-b029-fe96965a16d3', 'Người Yêu Cũ', '232576', 'lyric', 'https://audiomelodies.nyc3.digitaloceanspaces.com/LOC/PhanManhQuynh/NguoiYeuCu/NguoiYeuCu.m4a', FALSE, 'Null', NOW(), NOW()),
('fd69042a-bf6b-46f7-abf8-e13eb4b98d73', 'b5890383-c31d-456e-b029-fe96965a16d3', 'Những Ngày Không Bên Nhau', '290951', 'lyric', 'https://audiomelodies.nyc3.digitaloceanspaces.com/LOC/PhanManhQuynh/NguoiYeuCu/NhungNgayKhongBenNhau.m4a', FALSE, 'Null', NOW(), NOW()),
('9e709218-64c0-45e4-a94d-026b1baac691', '6be27f6b-f4b9-424a-9b5b-02360bec1e6c', 'Những Ngày Không Bên Nhau', '291494', 'lyric', 'https://audiomelodies.nyc3.digitaloceanspaces.com/LOC/PhanManhQuynh/NhungNgayKhongBenNhau/NhungNgayKhongBenNhau.m4a', FALSE, 'Null', NOW(), NOW());



INSERT INTO "ArtistSong" ("songId", "artistId", "main", "createdAt", "updatedAt") VALUES
('6f01c892-5aee-4681-afde-28ab50b7c578',  'e21a1b87-55eb-4c75-866a-6b7408e33881', , TRUE, NOW(), NOW()),
('52b176e6-1e1f-4c60-b327-e63643d336cd',  'Unknown', , TRUE, NOW(), NOW()),
('6e3e14cd-02af-42f6-9895-2d5173417f9d', 'Unknown', TRUE, NOW(), NOW()),
('6e3e14cd-02af-42f6-9895-2d5173417f9d', 'e21a1b87-55eb-4c75-866a-6b7408e33881', FALSE, NOW(), NOW()),
('50102842-a3e0-4520-b28d-bcb9c95a9116',  'Unknown', , TRUE, NOW(), NOW()),
('de730fa9-380c-453f-b2a8-7aa367b0cacd',  'e21a1b87-55eb-4c75-866a-6b7408e33881', , TRUE, NOW(), NOW()),
('cdb316fe-186d-497b-9b85-ae3340dff4c9',  'e21a1b87-55eb-4c75-866a-6b7408e33881', , TRUE, NOW(), NOW()),
('0e416dd0-2051-47dd-a1a6-24cd87a57665',  'e21a1b87-55eb-4c75-866a-6b7408e33881', , TRUE, NOW(), NOW()),
('24f7cdf6-05a0-4d7e-827b-c4b865bc7a7f',  'Unknown', , TRUE, NOW(), NOW()),
('a5430c1a-58ef-4753-9028-7178b77e1f28', 'Unknown', TRUE, NOW(), NOW()),
('a5430c1a-58ef-4753-9028-7178b77e1f28', 'e21a1b87-55eb-4c75-866a-6b7408e33881', FALSE, NOW(), NOW()),
('daa02f62-5e78-44b3-b069-60ee52f7414a',  'Unknown', , TRUE, NOW(), NOW()),
('067d3b3a-dbee-40f3-94ec-552843e45f64',  'e21a1b87-55eb-4c75-866a-6b7408e33881', , TRUE, NOW(), NOW()),
('88780035-961c-45b4-b37e-dd71575c3d0a',  'e21a1b87-55eb-4c75-866a-6b7408e33881', , TRUE, NOW(), NOW()),
('a4ed800b-10eb-431e-aa06-5d140ffc031e',  'e21a1b87-55eb-4c75-866a-6b7408e33881', , TRUE, NOW(), NOW()),
('1882d209-70bc-4690-a58a-f1a711284c7a',  'e21a1b87-55eb-4c75-866a-6b7408e33881', , TRUE, NOW(), NOW()),
('6655ae41-c138-4c21-84a0-01f4030e6781',  'e21a1b87-55eb-4c75-866a-6b7408e33881', , TRUE, NOW(), NOW()),
('a5af9c15-c414-459a-ac69-beb5fdd32a59',  'e21a1b87-55eb-4c75-866a-6b7408e33881', , TRUE, NOW(), NOW()),
('ecf3649e-41df-4013-ad91-7ccbb4592e77',  'e21a1b87-55eb-4c75-866a-6b7408e33881', , TRUE, NOW(), NOW()),
('861696b4-6348-4d69-aef4-6595d955f63f',  'e21a1b87-55eb-4c75-866a-6b7408e33881', , TRUE, NOW(), NOW()),
('bff1c183-660f-499d-a398-bcd6e5bc1e7d',  'e21a1b87-55eb-4c75-866a-6b7408e33881', , TRUE, NOW(), NOW()),
('d7a4e19e-21cd-43d5-8a10-ff5820852ba4',  'e21a1b87-55eb-4c75-866a-6b7408e33881', , TRUE, NOW(), NOW()),
('8a1d0d7e-0059-430f-9481-d23a79e6a590',  'e21a1b87-55eb-4c75-866a-6b7408e33881', , TRUE, NOW(), NOW()),
('60a28827-5eb0-4753-9a78-575d6aac0a01',  'e21a1b87-55eb-4c75-866a-6b7408e33881', , TRUE, NOW(), NOW()),
('2d204ee2-462a-4dea-acaa-a4ae9124dc68',  'e21a1b87-55eb-4c75-866a-6b7408e33881', , TRUE, NOW(), NOW()),
('3f41f768-ad70-455d-92ca-f985c5b38749',  'e21a1b87-55eb-4c75-866a-6b7408e33881', , TRUE, NOW(), NOW()),
('45a00119-8741-4a8b-8f0d-ae32498cd8bd',  'e21a1b87-55eb-4c75-866a-6b7408e33881', , TRUE, NOW(), NOW()),
('689e94a7-bab8-4c33-aa0b-aaa54a7f3f4d',  'e21a1b87-55eb-4c75-866a-6b7408e33881', , TRUE, NOW(), NOW()),
('2da3e9db-212a-4a7f-98e1-f8860f734d8c',  'e21a1b87-55eb-4c75-866a-6b7408e33881', , TRUE, NOW(), NOW()),
('92e84731-d5a6-4c4f-b384-17ba03fb643d',  'e21a1b87-55eb-4c75-866a-6b7408e33881', , TRUE, NOW(), NOW()),
('8eacefaf-58a1-4e97-9cf7-6a5deec91cf7',  'e21a1b87-55eb-4c75-866a-6b7408e33881', , TRUE, NOW(), NOW()),
('88f28502-9e96-4e20-b7fa-65df755c7277',  'e21a1b87-55eb-4c75-866a-6b7408e33881', , TRUE, NOW(), NOW()),
('f6e43912-988a-4303-8f1a-a07825f97f42',  'e21a1b87-55eb-4c75-866a-6b7408e33881', , TRUE, NOW(), NOW()),
('23c200ce-d58a-467b-a5c2-7a1f9c4eb640',  'e21a1b87-55eb-4c75-866a-6b7408e33881', , TRUE, NOW(), NOW()),
('b6d10028-5fc4-4682-b2f8-89d812a3dffd',  'e21a1b87-55eb-4c75-866a-6b7408e33881', , TRUE, NOW(), NOW()),
('acbfe244-5cba-4671-9212-15200410bfd9',  'e21a1b87-55eb-4c75-866a-6b7408e33881', , TRUE, NOW(), NOW()),
('5f5680ca-d6b6-403a-b5ec-77aae2e85905',  'e21a1b87-55eb-4c75-866a-6b7408e33881', , TRUE, NOW(), NOW()),
('7c98a1ce-1f79-4b7c-898e-10352d2844c8',  'e21a1b87-55eb-4c75-866a-6b7408e33881', , TRUE, NOW(), NOW()),
('7b2e286d-4113-4493-8c5e-f01131fbf857',  'e21a1b87-55eb-4c75-866a-6b7408e33881', , TRUE, NOW(), NOW()),
('e93afe2b-f247-4234-9166-c5153a27c5d0',  'e21a1b87-55eb-4c75-866a-6b7408e33881', , TRUE, NOW(), NOW()),
('230b7419-7f9f-487e-980b-c6a8dfa74c6a',  'e21a1b87-55eb-4c75-866a-6b7408e33881', , TRUE, NOW(), NOW()),
('d8ce3533-f100-4a14-9012-1935cb759132',  'e21a1b87-55eb-4c75-866a-6b7408e33881', , TRUE, NOW(), NOW()),
('3740b82d-757e-405e-8604-0997e2e7a501', 'e21a1b87-55eb-4c75-866a-6b7408e33881', TRUE, NOW(), NOW()),
('3740b82d-757e-405e-8604-0997e2e7a501', 'Unknown', FALSE, NOW(), NOW()),
('3740b82d-757e-405e-8604-0997e2e7a501', 'Unknown', FALSE, NOW(), NOW()),
('1bc913ee-a26c-44a0-be55-fb3f15e5ebf7',  'e21a1b87-55eb-4c75-866a-6b7408e33881', , TRUE, NOW(), NOW()),
('ecb95f7b-e16c-4288-a343-a92aeff656fd',  'e21a1b87-55eb-4c75-866a-6b7408e33881', , TRUE, NOW(), NOW()),
('c362713b-bcb8-414e-adc6-18ce42fe2617',  'e21a1b87-55eb-4c75-866a-6b7408e33881', , TRUE, NOW(), NOW()),
('625dfa4a-bf2b-4197-b6dc-07de8326cfdb', 'e21a1b87-55eb-4c75-866a-6b7408e33881', TRUE, NOW(), NOW()),
('625dfa4a-bf2b-4197-b6dc-07de8326cfdb', 'Unknown', FALSE, NOW(), NOW()),
('734c4ddd-1fa9-4141-b32d-7bb948e1f155', '25161a58-e0ca-45d0-a219-7b84af1c858c', TRUE, NOW(), NOW()),
('734c4ddd-1fa9-4141-b32d-7bb948e1f155', 'e21a1b87-55eb-4c75-866a-6b7408e33881', FALSE, NOW(), NOW()),
('7ce4d081-9461-44b1-ab91-0280fcaa10ab', 'e21a1b87-55eb-4c75-866a-6b7408e33881', TRUE, NOW(), NOW()),
('7ce4d081-9461-44b1-ab91-0280fcaa10ab', '25161a58-e0ca-45d0-a219-7b84af1c858c', FALSE, NOW(), NOW()),
('ed96f4e7-194a-4274-b786-1afb6e977fee', 'e21a1b87-55eb-4c75-866a-6b7408e33881', TRUE, NOW(), NOW()),
('ed96f4e7-194a-4274-b786-1afb6e977fee', '8759cf6a-6b44-456c-8101-e1ac0a62b0b0', FALSE, NOW(), NOW()),
('197afe47-1449-4f9f-92cf-8924c4831fdb',  'e21a1b87-55eb-4c75-866a-6b7408e33881', , TRUE, NOW(), NOW()),
('03e62178-c576-4f74-8b29-0da0ab736ecf',  'e21a1b87-55eb-4c75-866a-6b7408e33881', , TRUE, NOW(), NOW()),
('1342386d-bbf0-4608-b5e4-a52909b6e33e',  'e21a1b87-55eb-4c75-866a-6b7408e33881', , TRUE, NOW(), NOW()),
('fa8ad136-30d3-4266-aba3-dd94d504bb9a', 'Unknown', TRUE, NOW(), NOW()),
('fa8ad136-30d3-4266-aba3-dd94d504bb9a', 'e21a1b87-55eb-4c75-866a-6b7408e33881', FALSE, NOW(), NOW()),
('1bc422d3-b838-4d78-9b04-2f5fb9707384',  'e21a1b87-55eb-4c75-866a-6b7408e33881', , TRUE, NOW(), NOW()),
('271c6327-0ec9-4e7a-be56-dee57e6a8804',  'e21a1b87-55eb-4c75-866a-6b7408e33881', , TRUE, NOW(), NOW()),
('529e2665-c6e4-4737-8d21-f97a28c5ec62',  'e21a1b87-55eb-4c75-866a-6b7408e33881', , TRUE, NOW(), NOW()),
('ea1ef447-147c-451b-a8a4-a8638e0bca53',  'e21a1b87-55eb-4c75-866a-6b7408e33881', , TRUE, NOW(), NOW()),
('3745105c-f049-4654-b956-c9d57afcf119', 'e21a1b87-55eb-4c75-866a-6b7408e33881', TRUE, NOW(), NOW()),
('3745105c-f049-4654-b956-c9d57afcf119', 'Unknown', FALSE, NOW(), NOW()),
('8a65b389-2d09-4833-a063-c4fe51fc6c99',  'e21a1b87-55eb-4c75-866a-6b7408e33881', , TRUE, NOW(), NOW()),
('24eda667-387b-4aa4-b3bd-5e269ec80e8b',  'e21a1b87-55eb-4c75-866a-6b7408e33881', , TRUE, NOW(), NOW()),
('33090314-8522-4d54-87a9-628eb48e88c6', 'e21a1b87-55eb-4c75-866a-6b7408e33881', TRUE, NOW(), NOW()),
('33090314-8522-4d54-87a9-628eb48e88c6', 'Unknown', FALSE, NOW(), NOW()),
('3f95d389-2922-4ede-b909-0808bae6bce5',  'e21a1b87-55eb-4c75-866a-6b7408e33881', , TRUE, NOW(), NOW()),
('d5e19922-46b5-45ee-9f7e-32f86140b3ac',  'e21a1b87-55eb-4c75-866a-6b7408e33881', , TRUE, NOW(), NOW()),
('83ca6035-3c48-4382-8222-e0693d70b4d5',  'e21a1b87-55eb-4c75-866a-6b7408e33881', , TRUE, NOW(), NOW()),
('6e83842f-1dac-4fcb-ab93-82bba8af4c1b',  'e21a1b87-55eb-4c75-866a-6b7408e33881', , TRUE, NOW(), NOW()),
('dacc5e6b-902e-4ce3-bb6f-ab2c40ad4cc2',  'e21a1b87-55eb-4c75-866a-6b7408e33881', , TRUE, NOW(), NOW()),
('7fb6b5b5-4a0a-4d32-b973-a5700ec48449',  'e21a1b87-55eb-4c75-866a-6b7408e33881', , TRUE, NOW(), NOW()),
('39a18b4e-1854-43d5-b057-5f5b0504200a',  'e21a1b87-55eb-4c75-866a-6b7408e33881', , TRUE, NOW(), NOW()),
('10596ac0-82ac-4875-a3b4-c7f8f7cca022',  'e21a1b87-55eb-4c75-866a-6b7408e33881', , TRUE, NOW(), NOW()),
('e71539bc-343a-4395-a524-9d744fe25019',  'e21a1b87-55eb-4c75-866a-6b7408e33881', , TRUE, NOW(), NOW()),
('75011fdf-c211-402c-af8e-79f61be36284',  'e21a1b87-55eb-4c75-866a-6b7408e33881', , TRUE, NOW(), NOW()),
('ac825fa1-5b04-4bbf-92d2-f2da9b296f02', 'e21a1b87-55eb-4c75-866a-6b7408e33881', TRUE, NOW(), NOW()),
('ac825fa1-5b04-4bbf-92d2-f2da9b296f02', 'Unknown', FALSE, NOW(), NOW()),
('b375270c-cf8f-4473-8529-3e4a0d7b64b2', 'e21a1b87-55eb-4c75-866a-6b7408e33881', TRUE, NOW(), NOW()),
('b375270c-cf8f-4473-8529-3e4a0d7b64b2', 'Unknown', FALSE, NOW(), NOW()),
('6260f61b-903a-4004-a1e0-685a503dd364',  'e21a1b87-55eb-4c75-866a-6b7408e33881', , TRUE, NOW(), NOW()),
('1bad76cc-da00-4545-ba41-429065f7daed', 'e21a1b87-55eb-4c75-866a-6b7408e33881', TRUE, NOW(), NOW()),
('1bad76cc-da00-4545-ba41-429065f7daed', 'cc1c304e-aba9-4c47-8999-b685d9023a10', FALSE, NOW(), NOW()),
('6b67c80b-4761-4fc8-90a6-0bc1cf1bd7ac',  'e21a1b87-55eb-4c75-866a-6b7408e33881', , TRUE, NOW(), NOW()),
('55d917bc-4b62-4b3f-9c9f-27e0d738140c',  'e21a1b87-55eb-4c75-866a-6b7408e33881', , TRUE, NOW(), NOW()),
('983dd7e7-fb11-49c7-a96b-4d8d3305b417',  'e21a1b87-55eb-4c75-866a-6b7408e33881', , TRUE, NOW(), NOW()),
('66bf4954-ca8c-4f81-9199-e9502cf44cdd',  'e21a1b87-55eb-4c75-866a-6b7408e33881', , TRUE, NOW(), NOW()),
('fd69042a-bf6b-46f7-abf8-e13eb4b98d73',  'e21a1b87-55eb-4c75-866a-6b7408e33881', , TRUE, NOW(), NOW()),
('9e709218-64c0-45e4-a94d-026b1baac691',  'e21a1b87-55eb-4c75-866a-6b7408e33881', , TRUE, NOW(), NOW());