INSERT INTO "Album" ("albumId",  "title", "releaseDate", "albumType", "createdAt", "updatedAt") VALUES
('b749fb76-8ddd-43cb-afda-b6acc7795162', 'Sky Tour (Original Motion Picture Soundtrack)', '2020-06-12', 'album', NOW(), NOW()),
('3e6c9f64-e412-4c14-a2c4-9cf5fbf95777', 'm-tp M-TP', '2017-04-01', 'album', NOW(), NOW()),
('a0801108-0bd2-4572-b28c-a255a150e47b', 'Đừng Làm Trái Tim Anh Đau', '2024-06-08', 'single', NOW(), NOW()),
('0fba1cc2-74e4-4be6-95d9-6aaac31ac817', 'Chúng Ta Của Tương Lai', '2024-03-08', 'single', NOW(), NOW()),
('a6c3b802-842e-4c5a-b770-503197774505', 'Có Chắc Yêu Là Đây (Remix)', '2023-09-29', 'single', NOW(), NOW()),
('00565902-37a2-4f81-8370-8787a0ad61f1', 'Nơi Này Có Anh (Remix)', '2023-09-20', 'single', NOW(), NOW()),
('4c935246-cb37-4e9a-9f07-6f7d7e85e3e2', 'Muộn Rồi Mà Sao Còn (Remix)', '2023-09-08', 'single', NOW(), NOW()),
('92c28e7f-c80c-449a-a00a-dc2ed2dc82f5', 'MAKING MY WAY', '2023-05-05', 'single', NOW(), NOW()),
('cd73fa14-5688-4eec-b644-7023bd7abc8e', 'SKY DECADE', '2022-10-06', 'ep', NOW(), NOW()),
('bb2445fd-b1df-4927-a931-d0670795b143', 'SKY DECADE', '2022-10-06', 'ep', NOW(), NOW()),
('ac9be1a4-af53-4648-9f00-e933c89b4450', 'Cơn Mưa Ngang Qua (Remix 2022)', '2022-07-06', 'single', NOW(), NOW()),
('635add2f-5025-45ab-afaf-715c23c6591d', 'There's No One At All (Another Version)', '2022-07-05', 'single', NOW(), NOW()),
('79394ddd-0dc6-48ac-96d7-0b9ced8ca054', 'THERE'S NO ONE AT ALL', '2022-04-28', 'single', NOW(), NOW()),
('491f7d67-6130-4eed-afaf-805e01bd827c', 'Muộn Rồi Mà Sao Còn', '2021-04-29', 'single', NOW(), NOW()),
('0e8882c2-b730-4db6-9c24-729207f92834', 'Remember Me (Onionn Remix Countdown 2021)', '2021-02-08', 'single', NOW(), NOW()),
('1dcc7891-4257-4003-b2df-45e0905ea4ae', 'Có Chắc Yêu Là Đây (Onionn Remix Countdown 2021)', '2021-02-08', 'single', NOW(), NOW()),
('580fe218-07f4-47e0-b4a5-2c2579d06297', 'Skyler', '2021-01-28', 'single', NOW(), NOW()),
('0d96cf95-255a-4b9c-9dd5-664cc02d7a8a', 'Chúng Ta Của Hiện Tại', '2020-12-20', 'single', NOW(), NOW()),
('70f62990-1d97-400c-90ca-adf7f787b9ed', 'Có Chắc Yêu Là Đây', '2020-07-06', 'single', NOW(), NOW()),
('d707f993-49ae-4781-96c0-53ff29cea510', 'Gia Đình Tôi Chọn', '2020-01-01', 'single', NOW(), NOW()),
('c17e8553-8854-4279-8bb0-b910bf4da82a', 'Hãy Trao Cho Anh', '2019-07-02', 'single', NOW(), NOW()),
('0f325355-d95c-4d56-8a06-fb4812bcc7f1', 'Nắng Ấm Xa Dần (Onionn Remix)', '2019-04-05', 'single', NOW(), NOW()),
('6d7dee9a-c980-45c7-b661-e857339fb3b2', 'You Of Yesterday (Khắc Hưng Remix)', '2018-07-13', 'single', NOW(), NOW()),
('6b916c52-beb2-457c-a026-4fc02be486f6', 'Chạy Ngay Đi (Onionn Remix)', '2018-07-05', 'single', NOW(), NOW()),
('51084c90-1f01-4c84-a97a-76c406d284c6', 'Chạy Ngay Đi', '2018-05-11', 'single', NOW(), NOW()),
('7b9c5e55-f6b2-4e4e-b04c-e90e8c85f0c5', 'Lạc Trôi (Triple D Remix)', '2017-09-08', 'single', NOW(), NOW()),
('cb2bb572-737e-442c-a8a0-57fc7cd9644b', 'Nơi Này Có Anh', '2017-02-13', 'single', NOW(), NOW()),
('bf8d0c5e-813e-4a95-be03-8bc825e816b6', 'Lạc Trôi', '2016-12-31', 'single', NOW(), NOW()),
('63a7ce4f-0bfd-4529-95d1-209282d7b1ff', 'Chúng Ta Không Thuộc Về Nhau', '2016-08-02', 'single', NOW(), NOW()),
('632c64e6-8f59-4aaa-95e4-84ec95d7a2a4', 'Một Năm Mới Bình An', '2016-01-22', 'single', NOW(), NOW()),
('0d682506-c6b9-436d-aeb2-28e8229ac845', 'Anh Sai Rồi', '2015-12-05', 'single', NOW(), NOW()),
('ee1c3bd7-bef8-4b2a-86f5-7b7ddc3fecd2', 'Âm Thầm Bên Em', '2015-08-21', 'single', NOW(), NOW()),
('dbc5d520-d9f3-4293-a315-24a11a4b6e39', 'Ấn Nút Nhớ... Thả Giấc Mơ', '2015-06-17', 'single', NOW(), NOW()),
('793f18ca-601c-4857-a2cc-5b9a1ab30f4a', 'Tiến Lên Việt Nam Ơi', '2015-06-16', 'single', NOW(), NOW()),
('044098b1-0d42-4dd2-847a-c6b6b2b791e3', 'Thái Bình Mồ Hôi Rơi', '2015-05-14', 'single', NOW(), NOW()),
('3032dd94-4bcb-4113-bee5-48734bfbb53b', 'Không Phải Dạng Vừa Đâu', '2015-04-22', 'single', NOW(), NOW()),
('f3365a77-be1a-43b3-9e3d-3accde4fde18', 'Khuôn Mặt Đáng Thương', '2015-03-31', 'single', NOW(), NOW()),
('7601e0b4-b7f6-4458-b29a-9e2c01854ad5', 'Chắc Ai Đó Sẽ Về', '2015-01-30', 'single', NOW(), NOW()),
('25891d44-3ad0-4272-8957-2cc4573b1234', 'Em Của Ngày Hôm Qua', '2014-10-20', 'single', NOW(), NOW()),
('23ed8bc9-c66e-4f91-a0a4-a5038f5514ad', 'Nắng Ấm Xa Dần', '2014-01-19', 'single', NOW(), NOW());



INSERT INTO "AlbumImage" ("albumId", "image", "size", "createdAt", "updatedAt") VALUES
('b749fb76-8ddd-43cb-afda-b6acc7795162', '2UZre9rniPNke0bwRs1SMf', 'https://i.scdn.co/image/ab67616d0000b2738a0966b80365345d1a56a20a', '640', NOW(), NOW()),
('b749fb76-8ddd-43cb-afda-b6acc7795162', '2UZre9rniPNke0bwRs1SMf', 'https://i.scdn.co/image/ab67616d00001e028a0966b80365345d1a56a20a', '300', NOW(), NOW()),
('b749fb76-8ddd-43cb-afda-b6acc7795162', '2UZre9rniPNke0bwRs1SMf', 'https://i.scdn.co/image/ab67616d000048518a0966b80365345d1a56a20a', '64', NOW(), NOW()),
('3e6c9f64-e412-4c14-a2c4-9cf5fbf95777', '1AaxmI2e1HRhbwe9XJGPnT', 'https://i.scdn.co/image/ab67616d0000b273794744c57c9f35db88249842', '640', NOW(), NOW()),
('3e6c9f64-e412-4c14-a2c4-9cf5fbf95777', '1AaxmI2e1HRhbwe9XJGPnT', 'https://i.scdn.co/image/ab67616d00001e02794744c57c9f35db88249842', '300', NOW(), NOW()),
('3e6c9f64-e412-4c14-a2c4-9cf5fbf95777', '1AaxmI2e1HRhbwe9XJGPnT', 'https://i.scdn.co/image/ab67616d00004851794744c57c9f35db88249842', '64', NOW(), NOW()),
('a0801108-0bd2-4572-b28c-a255a150e47b', '6TnmFHbUYVfe4iuQjPQB2r', 'https://i.scdn.co/image/ab67616d0000b273a1bc26cdd8eecd89da3adc39', '640', NOW(), NOW()),
('a0801108-0bd2-4572-b28c-a255a150e47b', '6TnmFHbUYVfe4iuQjPQB2r', 'https://i.scdn.co/image/ab67616d00001e02a1bc26cdd8eecd89da3adc39', '300', NOW(), NOW()),
('a0801108-0bd2-4572-b28c-a255a150e47b', '6TnmFHbUYVfe4iuQjPQB2r', 'https://i.scdn.co/image/ab67616d00004851a1bc26cdd8eecd89da3adc39', '64', NOW(), NOW()),
('0fba1cc2-74e4-4be6-95d9-6aaac31ac817', '4ZSKIwN9yS4wP9GOfxaDB3', 'https://i.scdn.co/image/ab67616d0000b273b5a7da0c97f51481d6f7a3c6', '640', NOW(), NOW()),
('0fba1cc2-74e4-4be6-95d9-6aaac31ac817', '4ZSKIwN9yS4wP9GOfxaDB3', 'https://i.scdn.co/image/ab67616d00001e02b5a7da0c97f51481d6f7a3c6', '300', NOW(), NOW()),
('0fba1cc2-74e4-4be6-95d9-6aaac31ac817', '4ZSKIwN9yS4wP9GOfxaDB3', 'https://i.scdn.co/image/ab67616d00004851b5a7da0c97f51481d6f7a3c6', '64', NOW(), NOW()),
('a6c3b802-842e-4c5a-b770-503197774505', '7aC9B1MX96IcDSOWNbpdQv', 'https://i.scdn.co/image/ab67616d0000b273b7f41f4d85812467205c1156', '640', NOW(), NOW()),
('a6c3b802-842e-4c5a-b770-503197774505', '7aC9B1MX96IcDSOWNbpdQv', 'https://i.scdn.co/image/ab67616d00001e02b7f41f4d85812467205c1156', '300', NOW(), NOW()),
('a6c3b802-842e-4c5a-b770-503197774505', '7aC9B1MX96IcDSOWNbpdQv', 'https://i.scdn.co/image/ab67616d00004851b7f41f4d85812467205c1156', '64', NOW(), NOW()),
('00565902-37a2-4f81-8370-8787a0ad61f1', '3zjstOHqjokMIFMlnL1a9w', 'https://i.scdn.co/image/ab67616d0000b27313d38e4353a8c3ae89fec15b', '640', NOW(), NOW()),
('00565902-37a2-4f81-8370-8787a0ad61f1', '3zjstOHqjokMIFMlnL1a9w', 'https://i.scdn.co/image/ab67616d00001e0213d38e4353a8c3ae89fec15b', '300', NOW(), NOW()),
('00565902-37a2-4f81-8370-8787a0ad61f1', '3zjstOHqjokMIFMlnL1a9w', 'https://i.scdn.co/image/ab67616d0000485113d38e4353a8c3ae89fec15b', '64', NOW(), NOW()),
('4c935246-cb37-4e9a-9f07-6f7d7e85e3e2', '2Qli7V3HbTq8rd2DURr7jA', 'https://i.scdn.co/image/ab67616d0000b273c9f20f36f29f30bf2c3fbd19', '640', NOW(), NOW()),
('4c935246-cb37-4e9a-9f07-6f7d7e85e3e2', '2Qli7V3HbTq8rd2DURr7jA', 'https://i.scdn.co/image/ab67616d00001e02c9f20f36f29f30bf2c3fbd19', '300', NOW(), NOW()),
('4c935246-cb37-4e9a-9f07-6f7d7e85e3e2', '2Qli7V3HbTq8rd2DURr7jA', 'https://i.scdn.co/image/ab67616d00004851c9f20f36f29f30bf2c3fbd19', '64', NOW(), NOW()),
('92c28e7f-c80c-449a-a00a-dc2ed2dc82f5', '371NWHWKJxyUYwOywWpTal', 'https://i.scdn.co/image/ab67616d0000b273fe9b8ddbf97fcd1d049197f7', '640', NOW(), NOW()),
('92c28e7f-c80c-449a-a00a-dc2ed2dc82f5', '371NWHWKJxyUYwOywWpTal', 'https://i.scdn.co/image/ab67616d00001e02fe9b8ddbf97fcd1d049197f7', '300', NOW(), NOW()),
('92c28e7f-c80c-449a-a00a-dc2ed2dc82f5', '371NWHWKJxyUYwOywWpTal', 'https://i.scdn.co/image/ab67616d00004851fe9b8ddbf97fcd1d049197f7', '64', NOW(), NOW()),
('cd73fa14-5688-4eec-b644-7023bd7abc8e', '1aOWxs5ResBxq9mbYUMsoF', 'https://i.scdn.co/image/ab67616d0000b273958ead5f61728bc5d99892df', '640', NOW(), NOW()),
('cd73fa14-5688-4eec-b644-7023bd7abc8e', '1aOWxs5ResBxq9mbYUMsoF', 'https://i.scdn.co/image/ab67616d00001e02958ead5f61728bc5d99892df', '300', NOW(), NOW()),
('cd73fa14-5688-4eec-b644-7023bd7abc8e', '1aOWxs5ResBxq9mbYUMsoF', 'https://i.scdn.co/image/ab67616d00004851958ead5f61728bc5d99892df', '64', NOW(), NOW()),
('bb2445fd-b1df-4927-a931-d0670795b143', '1YK6MXJPSdgr4Jx87RfgwZ', 'https://i.scdn.co/image/ab67616d0000b273b0711adaaff88567278fcb53', '640', NOW(), NOW()),
('bb2445fd-b1df-4927-a931-d0670795b143', '1YK6MXJPSdgr4Jx87RfgwZ', 'https://i.scdn.co/image/ab67616d00001e02b0711adaaff88567278fcb53', '300', NOW(), NOW()),
('bb2445fd-b1df-4927-a931-d0670795b143', '1YK6MXJPSdgr4Jx87RfgwZ', 'https://i.scdn.co/image/ab67616d00004851b0711adaaff88567278fcb53', '64', NOW(), NOW()),
('ac9be1a4-af53-4648-9f00-e933c89b4450', '2cumttrA59bE58Uc0nlrZN', 'https://i.scdn.co/image/ab67616d0000b273cc1536367e60eda5afe53705', '640', NOW(), NOW()),
('ac9be1a4-af53-4648-9f00-e933c89b4450', '2cumttrA59bE58Uc0nlrZN', 'https://i.scdn.co/image/ab67616d00001e02cc1536367e60eda5afe53705', '300', NOW(), NOW()),
('ac9be1a4-af53-4648-9f00-e933c89b4450', '2cumttrA59bE58Uc0nlrZN', 'https://i.scdn.co/image/ab67616d00004851cc1536367e60eda5afe53705', '64', NOW(), NOW()),
('635add2f-5025-45ab-afaf-715c23c6591d', '0d0Blbqh2qSxiej0aoJJvw', 'https://i.scdn.co/image/ab67616d0000b2738df0d48c84650c99b01a3fd3', '640', NOW(), NOW()),
('635add2f-5025-45ab-afaf-715c23c6591d', '0d0Blbqh2qSxiej0aoJJvw', 'https://i.scdn.co/image/ab67616d00001e028df0d48c84650c99b01a3fd3', '300', NOW(), NOW()),
('635add2f-5025-45ab-afaf-715c23c6591d', '0d0Blbqh2qSxiej0aoJJvw', 'https://i.scdn.co/image/ab67616d000048518df0d48c84650c99b01a3fd3', '64', NOW(), NOW()),
('79394ddd-0dc6-48ac-96d7-0b9ced8ca054', '1ZutY9YHq5MEPDTT0wy06u', 'https://i.scdn.co/image/ab67616d0000b27348e90a4c48b31c66e8b0d24f', '640', NOW(), NOW()),
('79394ddd-0dc6-48ac-96d7-0b9ced8ca054', '1ZutY9YHq5MEPDTT0wy06u', 'https://i.scdn.co/image/ab67616d00001e0248e90a4c48b31c66e8b0d24f', '300', NOW(), NOW()),
('79394ddd-0dc6-48ac-96d7-0b9ced8ca054', '1ZutY9YHq5MEPDTT0wy06u', 'https://i.scdn.co/image/ab67616d0000485148e90a4c48b31c66e8b0d24f', '64', NOW(), NOW()),
('491f7d67-6130-4eed-afaf-805e01bd827c', '7qsfEiPEeU9gQS142tzaSW', 'https://i.scdn.co/image/ab67616d0000b2730121ea113166222d5c743e2e', '640', NOW(), NOW()),
('491f7d67-6130-4eed-afaf-805e01bd827c', '7qsfEiPEeU9gQS142tzaSW', 'https://i.scdn.co/image/ab67616d00001e020121ea113166222d5c743e2e', '300', NOW(), NOW()),
('491f7d67-6130-4eed-afaf-805e01bd827c', '7qsfEiPEeU9gQS142tzaSW', 'https://i.scdn.co/image/ab67616d000048510121ea113166222d5c743e2e', '64', NOW(), NOW()),
('0e8882c2-b730-4db6-9c24-729207f92834', '4xGBMjCx8kCNMvHHLAaOjp', 'https://i.scdn.co/image/ab67616d0000b273c75842b600a2227136b5632d', '640', NOW(), NOW()),
('0e8882c2-b730-4db6-9c24-729207f92834', '4xGBMjCx8kCNMvHHLAaOjp', 'https://i.scdn.co/image/ab67616d00001e02c75842b600a2227136b5632d', '300', NOW(), NOW()),
('0e8882c2-b730-4db6-9c24-729207f92834', '4xGBMjCx8kCNMvHHLAaOjp', 'https://i.scdn.co/image/ab67616d00004851c75842b600a2227136b5632d', '64', NOW(), NOW()),
('1dcc7891-4257-4003-b2df-45e0905ea4ae', '0y6D7NhAE771866ORkT9SK', 'https://i.scdn.co/image/ab67616d0000b273aa35b8fca95fb30b132c2d25', '640', NOW(), NOW()),
('1dcc7891-4257-4003-b2df-45e0905ea4ae', '0y6D7NhAE771866ORkT9SK', 'https://i.scdn.co/image/ab67616d00001e02aa35b8fca95fb30b132c2d25', '300', NOW(), NOW()),
('1dcc7891-4257-4003-b2df-45e0905ea4ae', '0y6D7NhAE771866ORkT9SK', 'https://i.scdn.co/image/ab67616d00004851aa35b8fca95fb30b132c2d25', '64', NOW(), NOW()),
('580fe218-07f4-47e0-b4a5-2c2579d06297', '3nelvryoyAwYm2jM3okoS3', 'https://i.scdn.co/image/ab67616d0000b27377cc25f34af2a0520262cf1d', '640', NOW(), NOW()),
('580fe218-07f4-47e0-b4a5-2c2579d06297', '3nelvryoyAwYm2jM3okoS3', 'https://i.scdn.co/image/ab67616d00001e0277cc25f34af2a0520262cf1d', '300', NOW(), NOW()),
('580fe218-07f4-47e0-b4a5-2c2579d06297', '3nelvryoyAwYm2jM3okoS3', 'https://i.scdn.co/image/ab67616d0000485177cc25f34af2a0520262cf1d', '64', NOW(), NOW()),
('0d96cf95-255a-4b9c-9dd5-664cc02d7a8a', '1V77kA4O1MlAUwfyBONfp1', 'https://i.scdn.co/image/ab67616d0000b2732cd9649ea111a552283f0165', '640', NOW(), NOW()),
('0d96cf95-255a-4b9c-9dd5-664cc02d7a8a', '1V77kA4O1MlAUwfyBONfp1', 'https://i.scdn.co/image/ab67616d00001e022cd9649ea111a552283f0165', '300', NOW(), NOW()),
('0d96cf95-255a-4b9c-9dd5-664cc02d7a8a', '1V77kA4O1MlAUwfyBONfp1', 'https://i.scdn.co/image/ab67616d000048512cd9649ea111a552283f0165', '64', NOW(), NOW()),
('70f62990-1d97-400c-90ca-adf7f787b9ed', '3n87yoT93qALw3XqO5wQyn', 'https://i.scdn.co/image/ab67616d0000b2733047c1ad9b273a23b6d9f036', '640', NOW(), NOW()),
('70f62990-1d97-400c-90ca-adf7f787b9ed', '3n87yoT93qALw3XqO5wQyn', 'https://i.scdn.co/image/ab67616d00001e023047c1ad9b273a23b6d9f036', '300', NOW(), NOW()),
('70f62990-1d97-400c-90ca-adf7f787b9ed', '3n87yoT93qALw3XqO5wQyn', 'https://i.scdn.co/image/ab67616d000048513047c1ad9b273a23b6d9f036', '64', NOW(), NOW()),
('d707f993-49ae-4781-96c0-53ff29cea510', '7CtjNRyGIcHdOEGxSRggDT', 'https://i.scdn.co/image/ab67616d0000b273bce5a4ee42993bd5df61306c', '640', NOW(), NOW()),
('d707f993-49ae-4781-96c0-53ff29cea510', '7CtjNRyGIcHdOEGxSRggDT', 'https://i.scdn.co/image/ab67616d00001e02bce5a4ee42993bd5df61306c', '300', NOW(), NOW()),
('d707f993-49ae-4781-96c0-53ff29cea510', '7CtjNRyGIcHdOEGxSRggDT', 'https://i.scdn.co/image/ab67616d00004851bce5a4ee42993bd5df61306c', '64', NOW(), NOW()),
('c17e8553-8854-4279-8bb0-b910bf4da82a', '4QnIATuCvL0uTHP5YCix7G', 'https://i.scdn.co/image/ab67616d0000b2733403b37254ffacb7732e92da', '640', NOW(), NOW()),
('c17e8553-8854-4279-8bb0-b910bf4da82a', '4QnIATuCvL0uTHP5YCix7G', 'https://i.scdn.co/image/ab67616d00001e023403b37254ffacb7732e92da', '300', NOW(), NOW()),
('c17e8553-8854-4279-8bb0-b910bf4da82a', '4QnIATuCvL0uTHP5YCix7G', 'https://i.scdn.co/image/ab67616d000048513403b37254ffacb7732e92da', '64', NOW(), NOW()),
('0f325355-d95c-4d56-8a06-fb4812bcc7f1', '3KUd9jGyYodRBvyXirMZ4s', 'https://i.scdn.co/image/ab67616d0000b273245a66669cf03111533d48df', '640', NOW(), NOW()),
('0f325355-d95c-4d56-8a06-fb4812bcc7f1', '3KUd9jGyYodRBvyXirMZ4s', 'https://i.scdn.co/image/ab67616d00001e02245a66669cf03111533d48df', '300', NOW(), NOW()),
('0f325355-d95c-4d56-8a06-fb4812bcc7f1', '3KUd9jGyYodRBvyXirMZ4s', 'https://i.scdn.co/image/ab67616d00004851245a66669cf03111533d48df', '64', NOW(), NOW()),
('6d7dee9a-c980-45c7-b661-e857339fb3b2', '4Cphf5IqaHSxrvyoqKyfSb', 'https://i.scdn.co/image/ab67616d0000b27316bf889a6c3e965501db487c', '640', NOW(), NOW()),
('6d7dee9a-c980-45c7-b661-e857339fb3b2', '4Cphf5IqaHSxrvyoqKyfSb', 'https://i.scdn.co/image/ab67616d00001e0216bf889a6c3e965501db487c', '300', NOW(), NOW()),
('6d7dee9a-c980-45c7-b661-e857339fb3b2', '4Cphf5IqaHSxrvyoqKyfSb', 'https://i.scdn.co/image/ab67616d0000485116bf889a6c3e965501db487c', '64', NOW(), NOW()),
('6b916c52-beb2-457c-a026-4fc02be486f6', '7rj8J20yLUzYS7ViXe35Dk', 'https://i.scdn.co/image/ab67616d0000b2737e467e49171f7fc8b8117de3', '640', NOW(), NOW()),
('6b916c52-beb2-457c-a026-4fc02be486f6', '7rj8J20yLUzYS7ViXe35Dk', 'https://i.scdn.co/image/ab67616d00001e027e467e49171f7fc8b8117de3', '300', NOW(), NOW()),
('6b916c52-beb2-457c-a026-4fc02be486f6', '7rj8J20yLUzYS7ViXe35Dk', 'https://i.scdn.co/image/ab67616d000048517e467e49171f7fc8b8117de3', '64', NOW(), NOW()),
('51084c90-1f01-4c84-a97a-76c406d284c6', '13U69iqaX0siQ443YDfFuH', 'https://i.scdn.co/image/ab67616d0000b2736bdc1240274a5f89bf6d2938', '640', NOW(), NOW()),
('51084c90-1f01-4c84-a97a-76c406d284c6', '13U69iqaX0siQ443YDfFuH', 'https://i.scdn.co/image/ab67616d00001e026bdc1240274a5f89bf6d2938', '300', NOW(), NOW()),
('51084c90-1f01-4c84-a97a-76c406d284c6', '13U69iqaX0siQ443YDfFuH', 'https://i.scdn.co/image/ab67616d000048516bdc1240274a5f89bf6d2938', '64', NOW(), NOW()),
('7b9c5e55-f6b2-4e4e-b04c-e90e8c85f0c5', '2ZmEtrLOsdddjm7s53wc5n', 'https://i.scdn.co/image/ab67616d0000b273569118cbe628ce2e7802d684', '640', NOW(), NOW()),
('7b9c5e55-f6b2-4e4e-b04c-e90e8c85f0c5', '2ZmEtrLOsdddjm7s53wc5n', 'https://i.scdn.co/image/ab67616d00001e02569118cbe628ce2e7802d684', '300', NOW(), NOW()),
('7b9c5e55-f6b2-4e4e-b04c-e90e8c85f0c5', '2ZmEtrLOsdddjm7s53wc5n', 'https://i.scdn.co/image/ab67616d00004851569118cbe628ce2e7802d684', '64', NOW(), NOW()),
('cb2bb572-737e-442c-a8a0-57fc7cd9644b', '0SvaonaTjqObbijCwcyXiA', 'https://i.scdn.co/image/ab67616d0000b273292cf02066847ecc86b12a74', '640', NOW(), NOW()),
('cb2bb572-737e-442c-a8a0-57fc7cd9644b', '0SvaonaTjqObbijCwcyXiA', 'https://i.scdn.co/image/ab67616d00001e02292cf02066847ecc86b12a74', '300', NOW(), NOW()),
('cb2bb572-737e-442c-a8a0-57fc7cd9644b', '0SvaonaTjqObbijCwcyXiA', 'https://i.scdn.co/image/ab67616d00004851292cf02066847ecc86b12a74', '64', NOW(), NOW()),
('bf8d0c5e-813e-4a95-be03-8bc825e816b6', '3DMcilCRYTxJFvST4J9kbA', 'https://i.scdn.co/image/ab67616d0000b273d1f68eb7862f17842aafd26b', '640', NOW(), NOW()),
('bf8d0c5e-813e-4a95-be03-8bc825e816b6', '3DMcilCRYTxJFvST4J9kbA', 'https://i.scdn.co/image/ab67616d00001e02d1f68eb7862f17842aafd26b', '300', NOW(), NOW()),
('bf8d0c5e-813e-4a95-be03-8bc825e816b6', '3DMcilCRYTxJFvST4J9kbA', 'https://i.scdn.co/image/ab67616d00004851d1f68eb7862f17842aafd26b', '64', NOW(), NOW()),
('63a7ce4f-0bfd-4529-95d1-209282d7b1ff', '0Sa5MOda7mX9tCPGehXu4s', 'https://i.scdn.co/image/ab67616d0000b27378cd659eb426281b97f9e7b8', '640', NOW(), NOW()),
('63a7ce4f-0bfd-4529-95d1-209282d7b1ff', '0Sa5MOda7mX9tCPGehXu4s', 'https://i.scdn.co/image/ab67616d00001e0278cd659eb426281b97f9e7b8', '300', NOW(), NOW()),
('63a7ce4f-0bfd-4529-95d1-209282d7b1ff', '0Sa5MOda7mX9tCPGehXu4s', 'https://i.scdn.co/image/ab67616d0000485178cd659eb426281b97f9e7b8', '64', NOW(), NOW()),
('632c64e6-8f59-4aaa-95e4-84ec95d7a2a4', '3FR1UiyeZqrnb3asyJSMCY', 'https://i.scdn.co/image/ab67616d0000b2738cc9d0c8890f6ae25c965809', '640', NOW(), NOW()),
('632c64e6-8f59-4aaa-95e4-84ec95d7a2a4', '3FR1UiyeZqrnb3asyJSMCY', 'https://i.scdn.co/image/ab67616d00001e028cc9d0c8890f6ae25c965809', '300', NOW(), NOW()),
('632c64e6-8f59-4aaa-95e4-84ec95d7a2a4', '3FR1UiyeZqrnb3asyJSMCY', 'https://i.scdn.co/image/ab67616d000048518cc9d0c8890f6ae25c965809', '64', NOW(), NOW()),
('0d682506-c6b9-436d-aeb2-28e8229ac845', '2TtW6E1o8hJwfnjXfI5VsG', 'https://i.scdn.co/image/ab67616d0000b2739b43d8795fc6d9b0c4ddfe51', '640', NOW(), NOW()),
('0d682506-c6b9-436d-aeb2-28e8229ac845', '2TtW6E1o8hJwfnjXfI5VsG', 'https://i.scdn.co/image/ab67616d00001e029b43d8795fc6d9b0c4ddfe51', '300', NOW(), NOW()),
('0d682506-c6b9-436d-aeb2-28e8229ac845', '2TtW6E1o8hJwfnjXfI5VsG', 'https://i.scdn.co/image/ab67616d000048519b43d8795fc6d9b0c4ddfe51', '64', NOW(), NOW()),
('ee1c3bd7-bef8-4b2a-86f5-7b7ddc3fecd2', '2400OHjHEahXf5nxpYKuuo', 'https://i.scdn.co/image/ab67616d0000b273e22dc5110a402420596ad412', '640', NOW(), NOW()),
('ee1c3bd7-bef8-4b2a-86f5-7b7ddc3fecd2', '2400OHjHEahXf5nxpYKuuo', 'https://i.scdn.co/image/ab67616d00001e02e22dc5110a402420596ad412', '300', NOW(), NOW()),
('ee1c3bd7-bef8-4b2a-86f5-7b7ddc3fecd2', '2400OHjHEahXf5nxpYKuuo', 'https://i.scdn.co/image/ab67616d00004851e22dc5110a402420596ad412', '64', NOW(), NOW()),
('dbc5d520-d9f3-4293-a315-24a11a4b6e39', '2ciwRIK7SdweHmr5TcbhZE', 'https://i.scdn.co/image/ab67616d0000b2734acca0356c750d500b2aa742', '640', NOW(), NOW()),
('dbc5d520-d9f3-4293-a315-24a11a4b6e39', '2ciwRIK7SdweHmr5TcbhZE', 'https://i.scdn.co/image/ab67616d00001e024acca0356c750d500b2aa742', '300', NOW(), NOW()),
('dbc5d520-d9f3-4293-a315-24a11a4b6e39', '2ciwRIK7SdweHmr5TcbhZE', 'https://i.scdn.co/image/ab67616d000048514acca0356c750d500b2aa742', '64', NOW(), NOW()),
('793f18ca-601c-4857-a2cc-5b9a1ab30f4a', '3bPqB8mzWf8ApzbqcF0MOs', 'https://i.scdn.co/image/ab67616d0000b27395b79e948a7d25249e58a261', '640', NOW(), NOW()),
('793f18ca-601c-4857-a2cc-5b9a1ab30f4a', '3bPqB8mzWf8ApzbqcF0MOs', 'https://i.scdn.co/image/ab67616d00001e0295b79e948a7d25249e58a261', '300', NOW(), NOW()),
('793f18ca-601c-4857-a2cc-5b9a1ab30f4a', '3bPqB8mzWf8ApzbqcF0MOs', 'https://i.scdn.co/image/ab67616d0000485195b79e948a7d25249e58a261', '64', NOW(), NOW()),
('044098b1-0d42-4dd2-847a-c6b6b2b791e3', '0BOV077mBWAWTtsEytztbl', 'https://i.scdn.co/image/ab67616d0000b27326b08785d2555abef12ed949', '640', NOW(), NOW()),
('044098b1-0d42-4dd2-847a-c6b6b2b791e3', '0BOV077mBWAWTtsEytztbl', 'https://i.scdn.co/image/ab67616d00001e0226b08785d2555abef12ed949', '300', NOW(), NOW()),
('044098b1-0d42-4dd2-847a-c6b6b2b791e3', '0BOV077mBWAWTtsEytztbl', 'https://i.scdn.co/image/ab67616d0000485126b08785d2555abef12ed949', '64', NOW(), NOW()),
('3032dd94-4bcb-4113-bee5-48734bfbb53b', '5NqmQGsgTmrXqrezXqLTsI', 'https://i.scdn.co/image/ab67616d0000b273021798db6c7bdfa2bdc7069b', '640', NOW(), NOW()),
('3032dd94-4bcb-4113-bee5-48734bfbb53b', '5NqmQGsgTmrXqrezXqLTsI', 'https://i.scdn.co/image/ab67616d00001e02021798db6c7bdfa2bdc7069b', '300', NOW(), NOW()),
('3032dd94-4bcb-4113-bee5-48734bfbb53b', '5NqmQGsgTmrXqrezXqLTsI', 'https://i.scdn.co/image/ab67616d00004851021798db6c7bdfa2bdc7069b', '64', NOW(), NOW()),
('f3365a77-be1a-43b3-9e3d-3accde4fde18', '0COWNE8IN9dq05M6FlJg7b', 'https://i.scdn.co/image/ab67616d0000b2732601eb978c246cc1f1d1e352', '640', NOW(), NOW()),
('f3365a77-be1a-43b3-9e3d-3accde4fde18', '0COWNE8IN9dq05M6FlJg7b', 'https://i.scdn.co/image/ab67616d00001e022601eb978c246cc1f1d1e352', '300', NOW(), NOW()),
('f3365a77-be1a-43b3-9e3d-3accde4fde18', '0COWNE8IN9dq05M6FlJg7b', 'https://i.scdn.co/image/ab67616d000048512601eb978c246cc1f1d1e352', '64', NOW(), NOW()),
('7601e0b4-b7f6-4458-b29a-9e2c01854ad5', '7E77NGcc2SegugziXeAadN', 'https://i.scdn.co/image/ab67616d0000b273b3510feac70d57a007738cb8', '640', NOW(), NOW()),
('7601e0b4-b7f6-4458-b29a-9e2c01854ad5', '7E77NGcc2SegugziXeAadN', 'https://i.scdn.co/image/ab67616d00001e02b3510feac70d57a007738cb8', '300', NOW(), NOW()),
('7601e0b4-b7f6-4458-b29a-9e2c01854ad5', '7E77NGcc2SegugziXeAadN', 'https://i.scdn.co/image/ab67616d00004851b3510feac70d57a007738cb8', '64', NOW(), NOW()),
('25891d44-3ad0-4272-8957-2cc4573b1234', '0tnP7BfhaV4kTkhQxwUTud', 'https://i.scdn.co/image/ab67616d0000b27320e8e67aab2c9321058c262a', '640', NOW(), NOW()),
('25891d44-3ad0-4272-8957-2cc4573b1234', '0tnP7BfhaV4kTkhQxwUTud', 'https://i.scdn.co/image/ab67616d00001e0220e8e67aab2c9321058c262a', '300', NOW(), NOW()),
('25891d44-3ad0-4272-8957-2cc4573b1234', '0tnP7BfhaV4kTkhQxwUTud', 'https://i.scdn.co/image/ab67616d0000485120e8e67aab2c9321058c262a', '64', NOW(), NOW()),
('23ed8bc9-c66e-4f91-a0a4-a5038f5514ad', '1IyKVpWL3oJpI1CEhsvmqs', 'https://i.scdn.co/image/ab67616d0000b273b4478f389c8bb7286bf00996', '640', NOW(), NOW()),
('23ed8bc9-c66e-4f91-a0a4-a5038f5514ad', '1IyKVpWL3oJpI1CEhsvmqs', 'https://i.scdn.co/image/ab67616d00001e02b4478f389c8bb7286bf00996', '300', NOW(), NOW()),
('23ed8bc9-c66e-4f91-a0a4-a5038f5514ad', '1IyKVpWL3oJpI1CEhsvmqs', 'https://i.scdn.co/image/ab67616d00004851b4478f389c8bb7286bf00996', '64', NOW(), NOW());



INSERT INTO "Song" ("id", "albumId", "title", "duration", "lyric", "filePathAudio", "privacy", "uploadUserId", "createdAt", "updatedAt") VALUES
('7ba467ba-4deb-47bb-94fb-091c76aa6bec', 'b749fb76-8ddd-43cb-afda-b6acc7795162', 'Sky Tour (Intro)', '149077', 'lyric', 'https://audiomelodies.nyc3.digitaloceanspaces.com/LOC/SonTungMTP/SkyTourOriginalMotionPictureSoundtrack/SkyTourIntro.m4a', FALSE, 'Null', NOW(), NOW()),
('68af1dc2-6f44-4242-b16d-1c954b456ff5', 'b749fb76-8ddd-43cb-afda-b6acc7795162', 'Chạy Ngay Đi - Sky Tour 2019', '309504', 'lyric', 'https://audiomelodies.nyc3.digitaloceanspaces.com/LOC/SonTungMTP/SkyTourOriginalMotionPictureSoundtrack/ChayNgayDiSkyTour2019.m4a', FALSE, 'Null', NOW(), NOW()),
('63648eb3-3e48-4c88-8b16-2360adf83a87', 'b749fb76-8ddd-43cb-afda-b6acc7795162', 'Chúng Ta Không Thuộc Về Nhau - Sky Tour 2019', '247594', 'lyric', 'https://audiomelodies.nyc3.digitaloceanspaces.com/LOC/SonTungMTP/SkyTourOriginalMotionPictureSoundtrack/ChungTaKhongThuocVeNhauSkyTour2019.m4a', FALSE, 'Null', NOW(), NOW()),
('c6144317-0fcc-407f-9096-e8e70cb3f483', 'b749fb76-8ddd-43cb-afda-b6acc7795162', 'Lạc Trôi - Sky Tour 2019', '293890', 'lyric', 'https://audiomelodies.nyc3.digitaloceanspaces.com/LOC/SonTungMTP/SkyTourOriginalMotionPictureSoundtrack/LacTroiSkyTour2019.m4a', FALSE, 'Null', NOW(), NOW()),
('cce3d7d8-28e0-4468-ad8d-52a1bf38aaac', 'b749fb76-8ddd-43cb-afda-b6acc7795162', 'Remember Me - Sky Tour 2019', '203433', 'lyric', 'https://audiomelodies.nyc3.digitaloceanspaces.com/LOC/SonTungMTP/SkyTourOriginalMotionPictureSoundtrack/RememberMeSkyTour2019.m4a', FALSE, 'Null', NOW(), NOW()),
('174d2329-28ad-46a1-af79-92ac56debd79', 'b749fb76-8ddd-43cb-afda-b6acc7795162', 'Chắc Ai Đó Sẽ Về - Sky Tour 2019', '283500', 'lyric', 'https://audiomelodies.nyc3.digitaloceanspaces.com/LOC/SonTungMTP/SkyTourOriginalMotionPictureSoundtrack/ChacAiDoSeVeSkyTour2019.m4a', FALSE, 'Null', NOW(), NOW()),
('ee73b775-d237-4037-a52f-ead70061a902', 'b749fb76-8ddd-43cb-afda-b6acc7795162', 'Em Của Ngày Hôm Qua - Sky Tour 2019', '246241', 'lyric', 'https://audiomelodies.nyc3.digitaloceanspaces.com/LOC/SonTungMTP/SkyTourOriginalMotionPictureSoundtrack/EmCuaNgayHomQuaSkyTour2019.m4a', FALSE, 'Null', NOW(), NOW()),
('b682b581-6b9d-4bf5-a681-1d5a7c4b61d0', 'b749fb76-8ddd-43cb-afda-b6acc7795162', 'Hãy Trao Cho Anh - Sky Tour 2019', '253033', 'lyric', 'https://audiomelodies.nyc3.digitaloceanspaces.com/LOC/SonTungMTP/SkyTourOriginalMotionPictureSoundtrack/HayTraoChoAnhSkyTour2019.m4a', FALSE, 'Null', NOW(), NOW()),
('ccd1708e-bac9-426c-8d97-931b34b6ab80', '3e6c9f64-e412-4c14-a2c4-9cf5fbf95777', 'Cơn Mưa Ngang Qua', '234214', 'lyric', 'https://audiomelodies.nyc3.digitaloceanspaces.com/LOC/SonTungMTP/mtpMTP/ConMuaNgangQua.m4a', FALSE, 'Null', NOW(), NOW()),
('a4372731-e7ca-4ec9-a55a-6735a1c54499', '3e6c9f64-e412-4c14-a2c4-9cf5fbf95777', 'Anh Sai Rồi', '252303', 'lyric', 'https://audiomelodies.nyc3.digitaloceanspaces.com/LOC/SonTungMTP/AnhSaiRoi/AnhSaiRoi.m4a', FALSE, 'Null', NOW(), NOW()),
('04ee084d-ff36-43ca-8125-1dd7cc824069', '3e6c9f64-e412-4c14-a2c4-9cf5fbf95777', 'Nắng Ấm Xa Dần', '191922', 'lyric', 'https://audiomelodies.nyc3.digitaloceanspaces.com/LOC/SonTungMTP/mtpMTP/NangAmXaDan.m4a', FALSE, 'Null', NOW(), NOW()),
('d9cbed83-071f-43e7-8c05-97e4bc83e845', '3e6c9f64-e412-4c14-a2c4-9cf5fbf95777', 'Em Của Ngày Hôm Qua', '263949', 'lyric', 'https://audiomelodies.nyc3.digitaloceanspaces.com/LOC/SonTungMTP/EmCuaNgayHomQua/EmCuaNgayHomQua.m4a', FALSE, 'Null', NOW(), NOW()),
('3881a7ca-9998-4743-bda5-ebd28e8758f7', '3e6c9f64-e412-4c14-a2c4-9cf5fbf95777', 'Chắc Ai Đó Sẽ Về', '262164', 'lyric', 'https://audiomelodies.nyc3.digitaloceanspaces.com/LOC/SonTungMTP/ChacAioSeVe/ChacAiDoSeVe.m4a', FALSE, 'Null', NOW(), NOW()),
('900fbea6-05e4-44f7-bc4e-ea9c402a94c1', '3e6c9f64-e412-4c14-a2c4-9cf5fbf95777', 'Không Phải Dạng Vừa Đâu', '247634', 'lyric', 'https://audiomelodies.nyc3.digitaloceanspaces.com/LOC/SonTungMTP/KhongPhaiDangVuaau/KhongPhaiDangVuaDau.m4a', FALSE, 'Null', NOW(), NOW()),
('b0fc77fb-047e-4cf4-8eec-dcbaa13bead6', '3e6c9f64-e412-4c14-a2c4-9cf5fbf95777', 'Thái Bình Mồ Hôi Rơi', '318093', 'lyric', 'https://audiomelodies.nyc3.digitaloceanspaces.com/LOC/SonTungMTP/mtpMTP/ThaiBinhMoHoiRoi.m4a', FALSE, 'Null', NOW(), NOW()),
('8fcc9ae0-c341-4f44-8efc-e236f4572c50', '3e6c9f64-e412-4c14-a2c4-9cf5fbf95777', 'Khuôn Mặt Đáng Thương', '257450', 'lyric', 'https://audiomelodies.nyc3.digitaloceanspaces.com/LOC/SonTungMTP/KhuonMatangThuong/KhuonMatDangThuong.m4a', FALSE, 'Null', NOW(), NOW()),
('6774d426-6e0b-46ee-90ed-09ac1e241a6a', '3e6c9f64-e412-4c14-a2c4-9cf5fbf95777', 'Tiến Lên Việt Nam Ơi', '218627', 'lyric', 'https://audiomelodies.nyc3.digitaloceanspaces.com/LOC/SonTungMTP/mtpMTP/TienLenVietNamOi.m4a', FALSE, 'Null', NOW(), NOW()),
('b34af79f-efd8-43ce-b3df-e84038032f95', '3e6c9f64-e412-4c14-a2c4-9cf5fbf95777', 'Ấn Nút Nhớ... Thả Giấc Mơ', '244539', 'lyric', 'https://audiomelodies.nyc3.digitaloceanspaces.com/LOC/SonTungMTP/AnNutNhoThaGiacMo/AnNutNhoThaGiacMo.m4a', FALSE, 'Null', NOW(), NOW()),
('eec28e29-99e2-4691-a191-bc75ff385eaa', '3e6c9f64-e412-4c14-a2c4-9cf5fbf95777', 'Âm Thầm Bên Em', '293112', 'lyric', 'https://audiomelodies.nyc3.digitaloceanspaces.com/LOC/SonTungMTP/AmThamBenEm/AmThamBenEm.m4a', FALSE, 'Null', NOW(), NOW()),
('c46432e1-f8e8-4dbe-9556-7e725d93a005', '3e6c9f64-e412-4c14-a2c4-9cf5fbf95777', 'Buông Đôi Tay Nhau Ra', '227492', 'lyric', 'https://audiomelodies.nyc3.digitaloceanspaces.com/LOC/SonTungMTP/mtpMTP/BuongDoiTayNhauRa.m4a', FALSE, 'Null', NOW(), NOW()),
('05ea65c3-a325-4d47-b833-06e91743ce40', '3e6c9f64-e412-4c14-a2c4-9cf5fbf95777', 'Như Ngày Hôm Qua', '222981', 'lyric', 'https://audiomelodies.nyc3.digitaloceanspaces.com/LOC/SonTungMTP/mtpMTP/NhuNgayHomQua.m4a', FALSE, 'Null', NOW(), NOW()),
('d2206f17-3fa6-4bfc-bbeb-f8769741d994', '3e6c9f64-e412-4c14-a2c4-9cf5fbf95777', 'Remember Me - SlimV Remix', '201369', 'lyric', 'https://audiomelodies.nyc3.digitaloceanspaces.com/LOC/SonTungMTP/mtpMTP/RememberMeSlimVRemix.m4a', FALSE, 'Null', NOW(), NOW()),
('505c7f03-6106-4909-a273-6dc0faeff159', '3e6c9f64-e412-4c14-a2c4-9cf5fbf95777', 'Một Năm Mới Bình An', '247196', 'lyric', 'https://audiomelodies.nyc3.digitaloceanspaces.com/LOC/SonTungMTP/MotNamMoiBinhAn/MotNamMoiBinhAn.m4a', FALSE, 'Null', NOW(), NOW()),
('4244d5bf-678e-46e5-b38c-3293958ab406', '3e6c9f64-e412-4c14-a2c4-9cf5fbf95777', 'Chúng Ta Không Thuộc Về Nhau', '233009', 'lyric', 'https://audiomelodies.nyc3.digitaloceanspaces.com/LOC/SonTungMTP/ChungTaKhongThuocVeNhau/ChungTaKhongThuocVeNhau.m4a', FALSE, 'Null', NOW(), NOW()),
('a06955c7-1077-441c-ba77-ed251d2838ba', '3e6c9f64-e412-4c14-a2c4-9cf5fbf95777', 'Lạc Trôi', '232888', 'lyric', 'https://audiomelodies.nyc3.digitaloceanspaces.com/LOC/SonTungMTP/LacTroi/LacTroi.m4a', FALSE, 'Null', NOW(), NOW()),
('2fd60112-b440-469f-97a9-e680fc90cdbc', '3e6c9f64-e412-4c14-a2c4-9cf5fbf95777', 'Nơi Này Có Anh', '260117', 'lyric', 'https://audiomelodies.nyc3.digitaloceanspaces.com/LOC/SonTungMTP/mtpMTP/NoiNayCoAnh.m4a', FALSE, 'Null', NOW(), NOW()),
('dba3fa44-feb4-4cba-b4c9-6cb473b2afa1', 'a0801108-0bd2-4572-b28c-a255a150e47b', 'Đừng Làm Trái Tim Anh Đau', '279208', 'lyric', 'https://audiomelodies.nyc3.digitaloceanspaces.com/LOC/SonTungMTP/ungLamTraiTimAnhau/DungLamTraiTimAnhDau.m4a', FALSE, 'Null', NOW(), NOW()),
('271b8d21-5ad7-41a5-91aa-b1c633ada2f1', '0fba1cc2-74e4-4be6-95d9-6aaac31ac817', 'Chúng Ta Của Tương Lai', '249871', 'lyric', 'https://audiomelodies.nyc3.digitaloceanspaces.com/LOC/SonTungMTP/ChungTaCuaTuongLai/ChungTaCuaTuongLai.m4a', FALSE, 'Null', NOW(), NOW()),
('f6909ae4-4418-4283-ae68-a667c3fb8740', 'a6c3b802-842e-4c5a-b770-503197774505', 'Có Chắc Yêu Là Đây - Remix', '226276', 'lyric', 'https://audiomelodies.nyc3.digitaloceanspaces.com/LOC/SonTungMTP/CoChacYeuLaayRemix/CoChacYeuLaDayRemix.m4a', FALSE, 'Null', NOW(), NOW()),
('3387afea-9d91-4a92-bc62-aebc9b558da7', '00565902-37a2-4f81-8370-8787a0ad61f1', 'Nơi Này Có Anh - Remix', '214863', 'lyric', 'https://audiomelodies.nyc3.digitaloceanspaces.com/LOC/SonTungMTP/NoiNayCoAnhRemix/NoiNayCoAnhRemix.m4a', FALSE, 'Null', NOW(), NOW()),
('ea25cb41-a655-41b5-96b3-81491c14fbce', '4c935246-cb37-4e9a-9f07-6f7d7e85e3e2', 'Muộn Rồi Mà Sao Còn - Remix', '446027', 'lyric', 'https://audiomelodies.nyc3.digitaloceanspaces.com/LOC/SonTungMTP/MuonRoiMaSaoConRemix/MuonRoiMaSaoConRemix.m4a', FALSE, 'Null', NOW(), NOW()),
('b86bbe68-b49c-4d74-8723-50463fb67964', '92c28e7f-c80c-449a-a00a-dc2ed2dc82f5', 'MAKING MY WAY', '258006', 'lyric', 'https://audiomelodies.nyc3.digitaloceanspaces.com/LOC/SonTungMTP/MAKINGMYWAY/MAKINGMYWAY.m4a', FALSE, 'Null', NOW(), NOW()),
('b1512290-e1d5-449c-ac40-b1394d9513b2', 'cd73fa14-5688-4eec-b644-7023bd7abc8e', 'Intro 2022', '83240', 'lyric', 'https://audiomelodies.nyc3.digitaloceanspaces.com/LOC/SonTungMTP/SKYDECADE/Intro2022.m4a', FALSE, 'Null', NOW(), NOW()),
('25242401-ae5f-485d-8c4f-06204bdafaf0', 'cd73fa14-5688-4eec-b644-7023bd7abc8e', 'Cơn Mưa Xa Dần', '196923', 'lyric', 'https://audiomelodies.nyc3.digitaloceanspaces.com/LOC/SonTungMTP/SKYDECADE/ConMuaXaDan.m4a', FALSE, 'Null', NOW(), NOW()),
('4c3fbe32-0d99-4d9e-b1f2-2572cdc42532', 'cd73fa14-5688-4eec-b644-7023bd7abc8e', 'Nắng Ấm Ngang Qua', '195697', 'lyric', 'https://audiomelodies.nyc3.digitaloceanspaces.com/LOC/SonTungMTP/SKYDECADE/NangAmNgangQua.m4a', FALSE, 'Null', NOW(), NOW()),
('7127074b-45be-467c-8737-2589ec81db0a', 'cd73fa14-5688-4eec-b644-7023bd7abc8e', 'Special Thanks', '80000', 'lyric', 'https://audiomelodies.nyc3.digitaloceanspaces.com/LOC/SonTungMTP/SKYDECADE/SpecialThanks.m4a', FALSE, 'Null', NOW(), NOW()),
('1496116f-57bd-4a28-8dd5-781054216fb2', 'bb2445fd-b1df-4927-a931-d0670795b143', 'Intro 2022', '83240', 'lyric', 'nan', FALSE, 'Null', NOW(), NOW()),
('ab2b09a2-9c58-492b-9434-7a2107990182', 'bb2445fd-b1df-4927-a931-d0670795b143', 'Cơn Mưa Xa Dần', '196923', 'lyric', 'nan', FALSE, 'Null', NOW(), NOW()),
('aa6b1fe2-8730-461c-b30d-06974c3fff07', 'bb2445fd-b1df-4927-a931-d0670795b143', 'Nắng Ấm Ngang Qua', '195697', 'lyric', 'nan', FALSE, 'Null', NOW(), NOW()),
('c13738ed-503a-4c19-824c-6f5fb5cea551', 'ac9be1a4-af53-4648-9f00-e933c89b4450', 'Cơn Mưa Ngang Qua - Remix 2022', '233365', 'lyric', 'https://audiomelodies.nyc3.digitaloceanspaces.com/LOC/SonTungMTP/ConMuaNgangQuaRemix2022/ConMuaNgangQuaRemix2022.m4a', FALSE, 'Null', NOW(), NOW()),
('fc5fd298-15b1-46fb-af81-0167243a146f', '635add2f-5025-45ab-afaf-715c23c6591d', 'There's No One At All (Another Version)', '201469', 'lyric', 'https://audiomelodies.nyc3.digitaloceanspaces.com/LOC/SonTungMTP/TheresNoOneAtAllAnotherVersion/TheresNoOneAtAllAnotherVersion.m4a', FALSE, 'Null', NOW(), NOW()),
('173dce5e-5427-4987-b31a-ae14b9ca0cd1', '79394ddd-0dc6-48ac-96d7-0b9ced8ca054', 'THERE'S NO ONE AT ALL', '172250', 'lyric', 'https://audiomelodies.nyc3.digitaloceanspaces.com/LOC/SonTungMTP/THERESNOONEATALL/THERESNOONEATALL.m4a', FALSE, 'Null', NOW(), NOW()),
('a799cd97-8958-4ad6-9dd6-57f78c6aeb8a', '491f7d67-6130-4eed-afaf-805e01bd827c', 'Muộn Rồi Mà Sao Còn', '275905', 'lyric', 'https://audiomelodies.nyc3.digitaloceanspaces.com/LOC/SonTungMTP/MuonRoiMaSaoCon/MuonRoiMaSaoCon.m4a', FALSE, 'Null', NOW(), NOW()),
('b9dd9275-450b-4ddf-8b77-7c39923d43f3', '0e8882c2-b730-4db6-9c24-729207f92834', 'Remember Me - Onionn Remix Countdown 2021', '197818', 'lyric', 'https://audiomelodies.nyc3.digitaloceanspaces.com/LOC/SonTungMTP/RememberMeOnionnRemixCountdown2021/RememberMeOnionnRemixCountdown2021.m4a', FALSE, 'Null', NOW(), NOW()),
('b2c3f34a-ddac-4b8b-a508-2afab3a8ad14', '1dcc7891-4257-4003-b2df-45e0905ea4ae', 'Có Chắc Yêu Là Đây - Onionn Remix Countdown 2021', '229973', 'lyric', 'https://audiomelodies.nyc3.digitaloceanspaces.com/LOC/SonTungMTP/CoChacYeuLaayOnionnRemixCountdown2021/CoChacYeuLaDayOnionnRemixCountdown2021.m4a', FALSE, 'Null', NOW(), NOW()),
('78d84c41-fd06-4f75-9a4d-d6c373e8e34a', '580fe218-07f4-47e0-b4a5-2c2579d06297', 'Skyler', '134400', 'lyric', 'https://audiomelodies.nyc3.digitaloceanspaces.com/LOC/SonTungMTP/Skyler/Skyler.m4a', FALSE, 'Null', NOW(), NOW()),
('9cbcaac5-6ff0-4117-8ca2-9ed16c444d2f', '0d96cf95-255a-4b9c-9dd5-664cc02d7a8a', 'Chúng Ta Của Hiện Tại', '301538', 'lyric', 'https://audiomelodies.nyc3.digitaloceanspaces.com/LOC/SonTungMTP/ChungTaCuaHienTai/ChungTaCuaHienTai.m4a', FALSE, 'Null', NOW(), NOW()),
('4f88766c-09d3-4c6c-b861-53740c5b6ea1', '70f62990-1d97-400c-90ca-adf7f787b9ed', 'Có Chắc Yêu Là Đây', '202105', 'lyric', 'https://audiomelodies.nyc3.digitaloceanspaces.com/LOC/SonTungMTP/CoChacYeuLaay/CoChacYeuLaDay.m4a', FALSE, 'Null', NOW(), NOW()),
('b2927612-9bc1-4d8d-a296-55eff94dcf81', 'd707f993-49ae-4781-96c0-53ff29cea510', 'Gia Đình Tôi Chọn', '279066', 'lyric', 'nan', FALSE, 'Null', NOW(), NOW()),
('1d274579-abec-4126-9ccc-f87efcdfab63', 'c17e8553-8854-4279-8bb0-b910bf4da82a', 'Hãy Trao Cho Anh', '245658', 'lyric', 'https://audiomelodies.nyc3.digitaloceanspaces.com/LOC/SonTungMTP/HayTraoChoAnh/HayTraoChoAnh.m4a', FALSE, 'Null', NOW(), NOW()),
('1c56a12b-24fc-4551-9249-39109067d754', '0f325355-d95c-4d56-8a06-fb4812bcc7f1', 'Nắng Ấm Xa Dần - Onionn Remix', '190088', 'lyric', 'https://audiomelodies.nyc3.digitaloceanspaces.com/LOC/SonTungMTP/NangAmXaDanOnionnRemix/NangAmXaDanOnionnRemix.m4a', FALSE, 'Null', NOW(), NOW()),
('3c39a61e-2de4-41c8-951a-84b492cdea4f', '6d7dee9a-c980-45c7-b661-e857339fb3b2', 'You Of Yesterday - Khắc Hưng Remix', '264000', 'lyric', 'https://audiomelodies.nyc3.digitaloceanspaces.com/LOC/SonTungMTP/YouOfYesterdayKhacHungRemix/YouOfYesterdayKhacHungRemix.m4a', FALSE, 'Null', NOW(), NOW()),
('58d8ed1e-7d21-4ea6-8306-9bbc6cb36702', '6b916c52-beb2-457c-a026-4fc02be486f6', 'Chạy Ngay Đi - Onionn Remix', '230400', 'lyric', 'https://audiomelodies.nyc3.digitaloceanspaces.com/LOC/SonTungMTP/ChayNgayiOnionnRemix/ChayNgayDiOnionnRemix.m4a', FALSE, 'Null', NOW(), NOW()),
('5574519b-a94b-47f4-ae61-dce0f4d0d09a', '51084c90-1f01-4c84-a97a-76c406d284c6', 'Chạy Ngay Đi', '272507', 'lyric', 'https://audiomelodies.nyc3.digitaloceanspaces.com/LOC/SonTungMTP/ChayNgayi/ChayNgayDi.m4a', FALSE, 'Null', NOW(), NOW()),
('9ab6af04-b77e-4133-ab61-0432b02df350', '7b9c5e55-f6b2-4e4e-b04c-e90e8c85f0c5', 'Lạc Trôi - Triple D Remix', '260571', 'lyric', 'https://audiomelodies.nyc3.digitaloceanspaces.com/LOC/SonTungMTP/LacTroiTripleDRemix/LacTroiTripleDRemix.m4a', FALSE, 'Null', NOW(), NOW()),
('a21dbb03-61d8-4bdf-9099-4e8374c8cacc', 'cb2bb572-737e-442c-a8a0-57fc7cd9644b', 'Nơi Này Có Anh', '260117', 'lyric', 'https://audiomelodies.nyc3.digitaloceanspaces.com/LOC/SonTungMTP/NoiNayCoAnh/NoiNayCoAnh.m4a', FALSE, 'Null', NOW(), NOW()),
('50846c3b-e7ee-4f6f-8a49-03732a3eb81f', 'bf8d0c5e-813e-4a95-be03-8bc825e816b6', 'Lạc Trôi', '232888', 'lyric', 'https://audiomelodies.nyc3.digitaloceanspaces.com/LOC/SonTungMTP/mtpMTP/LacTroi.m4a', FALSE, 'Null', NOW(), NOW()),
('a54e79fc-2a9b-4091-8aff-95fa714468c1', '63a7ce4f-0bfd-4529-95d1-209282d7b1ff', 'Chúng Ta Không Thuộc Về Nhau', '233009', 'lyric', 'https://audiomelodies.nyc3.digitaloceanspaces.com/LOC/SonTungMTP/mtpMTP/ChungTaKhongThuocVeNhau.m4a', FALSE, 'Null', NOW(), NOW()),
('74c623e5-8c46-44ad-a0ea-94e63a63c338', '632c64e6-8f59-4aaa-95e4-84ec95d7a2a4', 'Một Năm Mới Bình An', '247196', 'lyric', 'https://audiomelodies.nyc3.digitaloceanspaces.com/LOC/SonTungMTP/mtpMTP/MotNamMoiBinhAn.m4a', FALSE, 'Null', NOW(), NOW()),
('7331a35b-b93c-4c0e-896c-98001a900eac', '0d682506-c6b9-436d-aeb2-28e8229ac845', 'Anh Sai Rồi', '252303', 'lyric', 'https://audiomelodies.nyc3.digitaloceanspaces.com/LOC/SonTungMTP/mtpMTP/AnhSaiRoi.m4a', FALSE, 'Null', NOW(), NOW()),
('373967c0-7a07-4721-95d3-3959948299a8', 'ee1c3bd7-bef8-4b2a-86f5-7b7ddc3fecd2', 'Âm Thầm Bên Em', '293112', 'lyric', 'https://audiomelodies.nyc3.digitaloceanspaces.com/LOC/SonTungMTP/mtpMTP/AmThamBenEm.m4a', FALSE, 'Null', NOW(), NOW()),
('8c747859-5a2e-4e16-8724-5f5f360a27d1', 'dbc5d520-d9f3-4293-a315-24a11a4b6e39', 'Ấn Nút Nhớ... Thả Giấc Mơ', '244539', 'lyric', 'https://audiomelodies.nyc3.digitaloceanspaces.com/LOC/SonTungMTP/mtpMTP/AnNutNhoThaGiacMo.m4a', FALSE, 'Null', NOW(), NOW()),
('6cd7a241-7740-434e-ac34-43c7575367bb', '793f18ca-601c-4857-a2cc-5b9a1ab30f4a', 'Tiến Lên Việt Nam Ơi', '218627', 'lyric', 'https://audiomelodies.nyc3.digitaloceanspaces.com/LOC/SonTungMTP/TienLenVietNamOi/TienLenVietNamOi.m4a', FALSE, 'Null', NOW(), NOW()),
('069a87d6-bcea-416f-b8fd-2e6cf0bc73f1', '044098b1-0d42-4dd2-847a-c6b6b2b791e3', 'Thái Bình Mồ Hôi Rơi', '318093', 'lyric', 'https://audiomelodies.nyc3.digitaloceanspaces.com/LOC/SonTungMTP/ThaiBinhMoHoiRoi/ThaiBinhMoHoiRoi.m4a', FALSE, 'Null', NOW(), NOW()),
('6f4b9c04-fe56-4ec5-b83f-9dfb715f3ed2', '3032dd94-4bcb-4113-bee5-48734bfbb53b', 'Không Phải Dạng Vừa Đâu', '247634', 'lyric', 'https://audiomelodies.nyc3.digitaloceanspaces.com/LOC/SonTungMTP/mtpMTP/KhongPhaiDangVuaDau.m4a', FALSE, 'Null', NOW(), NOW()),
('b952d814-99a3-4109-bd4d-b35d818fd6ee', 'f3365a77-be1a-43b3-9e3d-3accde4fde18', 'Khuôn Mặt Đáng Thương', '257450', 'lyric', 'https://audiomelodies.nyc3.digitaloceanspaces.com/LOC/SonTungMTP/mtpMTP/KhuonMatDangThuong.m4a', FALSE, 'Null', NOW(), NOW()),
('4c27533e-7729-4b46-8d74-c54325ed996a', '7601e0b4-b7f6-4458-b29a-9e2c01854ad5', 'Chắc Ai Đó Sẽ Về', '262164', 'lyric', 'https://audiomelodies.nyc3.digitaloceanspaces.com/LOC/SonTungMTP/mtpMTP/ChacAiDoSeVe.m4a', FALSE, 'Null', NOW(), NOW()),
('96e24d72-8e23-4c23-9158-77a6b93816ff', '25891d44-3ad0-4272-8957-2cc4573b1234', 'Em Của Ngày Hôm Qua', '225830', 'lyric', 'https://audiomelodies.nyc3.digitaloceanspaces.com/LOC/SonTungMTP/mtpMTP/EmCuaNgayHomQua.m4a', FALSE, 'Null', NOW(), NOW()),
('6e2841f3-e31c-4780-b379-f6ea2133bba4', '23ed8bc9-c66e-4f91-a0a4-a5038f5514ad', 'Nắng Ấm Xa Dần', '191922', 'lyric', 'https://audiomelodies.nyc3.digitaloceanspaces.com/LOC/SonTungMTP/NangAmXaDan/NangAmXaDan.m4a', FALSE, 'Null', NOW(), NOW());



INSERT INTO "ArtistSong" ("songId", "artistId", "main", "createdAt", "updatedAt") VALUES
('7ba467ba-4deb-47bb-94fb-091c76aa6bec',  '7e942ebc-58ee-48eb-94da-52e9ae67ade0', , TRUE, NOW(), NOW()),
('68af1dc2-6f44-4242-b16d-1c954b456ff5',  '7e942ebc-58ee-48eb-94da-52e9ae67ade0', , TRUE, NOW(), NOW()),
('63648eb3-3e48-4c88-8b16-2360adf83a87',  '7e942ebc-58ee-48eb-94da-52e9ae67ade0', , TRUE, NOW(), NOW()),
('c6144317-0fcc-407f-9096-e8e70cb3f483',  '7e942ebc-58ee-48eb-94da-52e9ae67ade0', , TRUE, NOW(), NOW()),
('cce3d7d8-28e0-4468-ad8d-52a1bf38aaac', '7e942ebc-58ee-48eb-94da-52e9ae67ade0', TRUE, NOW(), NOW()),
('cce3d7d8-28e0-4468-ad8d-52a1bf38aaac', 'fb1ec22c-9a5a-4e5d-92bf-11bf895de457', FALSE, NOW(), NOW()),
('174d2329-28ad-46a1-af79-92ac56debd79',  '7e942ebc-58ee-48eb-94da-52e9ae67ade0', , TRUE, NOW(), NOW()),
('ee73b775-d237-4037-a52f-ead70061a902',  '7e942ebc-58ee-48eb-94da-52e9ae67ade0', , TRUE, NOW(), NOW()),
('b682b581-6b9d-4bf5-a681-1d5a7c4b61d0',  '7e942ebc-58ee-48eb-94da-52e9ae67ade0', , TRUE, NOW(), NOW()),
('ccd1708e-bac9-426c-8d97-931b34b6ab80',  '7e942ebc-58ee-48eb-94da-52e9ae67ade0', , TRUE, NOW(), NOW()),
('a4372731-e7ca-4ec9-a55a-6735a1c54499',  '7e942ebc-58ee-48eb-94da-52e9ae67ade0', , TRUE, NOW(), NOW()),
('04ee084d-ff36-43ca-8125-1dd7cc824069',  '7e942ebc-58ee-48eb-94da-52e9ae67ade0', , TRUE, NOW(), NOW()),
('d9cbed83-071f-43e7-8c05-97e4bc83e845',  '7e942ebc-58ee-48eb-94da-52e9ae67ade0', , TRUE, NOW(), NOW()),
('3881a7ca-9998-4743-bda5-ebd28e8758f7',  '7e942ebc-58ee-48eb-94da-52e9ae67ade0', , TRUE, NOW(), NOW()),
('900fbea6-05e4-44f7-bc4e-ea9c402a94c1',  '7e942ebc-58ee-48eb-94da-52e9ae67ade0', , TRUE, NOW(), NOW()),
('b0fc77fb-047e-4cf4-8eec-dcbaa13bead6',  '7e942ebc-58ee-48eb-94da-52e9ae67ade0', , TRUE, NOW(), NOW()),
('8fcc9ae0-c341-4f44-8efc-e236f4572c50',  '7e942ebc-58ee-48eb-94da-52e9ae67ade0', , TRUE, NOW(), NOW()),
('6774d426-6e0b-46ee-90ed-09ac1e241a6a',  '7e942ebc-58ee-48eb-94da-52e9ae67ade0', , TRUE, NOW(), NOW()),
('b34af79f-efd8-43ce-b3df-e84038032f95',  '7e942ebc-58ee-48eb-94da-52e9ae67ade0', , TRUE, NOW(), NOW()),
('eec28e29-99e2-4691-a191-bc75ff385eaa',  '7e942ebc-58ee-48eb-94da-52e9ae67ade0', , TRUE, NOW(), NOW()),
('c46432e1-f8e8-4dbe-9556-7e725d93a005',  '7e942ebc-58ee-48eb-94da-52e9ae67ade0', , TRUE, NOW(), NOW()),
('05ea65c3-a325-4d47-b833-06e91743ce40',  '7e942ebc-58ee-48eb-94da-52e9ae67ade0', , TRUE, NOW(), NOW()),
('d2206f17-3fa6-4bfc-bbeb-f8769741d994', '7e942ebc-58ee-48eb-94da-52e9ae67ade0', TRUE, NOW(), NOW()),
('d2206f17-3fa6-4bfc-bbeb-f8769741d994', 'fb1ec22c-9a5a-4e5d-92bf-11bf895de457', FALSE, NOW(), NOW()),
('505c7f03-6106-4909-a273-6dc0faeff159',  '7e942ebc-58ee-48eb-94da-52e9ae67ade0', , TRUE, NOW(), NOW()),
('4244d5bf-678e-46e5-b38c-3293958ab406',  '7e942ebc-58ee-48eb-94da-52e9ae67ade0', , TRUE, NOW(), NOW()),
('a06955c7-1077-441c-ba77-ed251d2838ba',  '7e942ebc-58ee-48eb-94da-52e9ae67ade0', , TRUE, NOW(), NOW()),
('2fd60112-b440-469f-97a9-e680fc90cdbc',  '7e942ebc-58ee-48eb-94da-52e9ae67ade0', , TRUE, NOW(), NOW()),
('dba3fa44-feb4-4cba-b4c9-6cb473b2afa1',  '7e942ebc-58ee-48eb-94da-52e9ae67ade0', , TRUE, NOW(), NOW()),
('271b8d21-5ad7-41a5-91aa-b1c633ada2f1',  '7e942ebc-58ee-48eb-94da-52e9ae67ade0', , TRUE, NOW(), NOW()),
('f6909ae4-4418-4283-ae68-a667c3fb8740', '7e942ebc-58ee-48eb-94da-52e9ae67ade0', TRUE, NOW(), NOW()),
('f6909ae4-4418-4283-ae68-a667c3fb8740', 'Unknown', FALSE, NOW(), NOW()),
('3387afea-9d91-4a92-bc62-aebc9b558da7', '7e942ebc-58ee-48eb-94da-52e9ae67ade0', TRUE, NOW(), NOW()),
('3387afea-9d91-4a92-bc62-aebc9b558da7', 'Unknown', FALSE, NOW(), NOW()),
('ea25cb41-a655-41b5-96b3-81491c14fbce', '7e942ebc-58ee-48eb-94da-52e9ae67ade0', TRUE, NOW(), NOW()),
('ea25cb41-a655-41b5-96b3-81491c14fbce', 'Unknown', FALSE, NOW(), NOW()),
('b86bbe68-b49c-4d74-8723-50463fb67964',  '7e942ebc-58ee-48eb-94da-52e9ae67ade0', , TRUE, NOW(), NOW()),
('b1512290-e1d5-449c-ac40-b1394d9513b2',  '7e942ebc-58ee-48eb-94da-52e9ae67ade0', , TRUE, NOW(), NOW()),
('25242401-ae5f-485d-8c4f-06204bdafaf0',  '7e942ebc-58ee-48eb-94da-52e9ae67ade0', , TRUE, NOW(), NOW()),
('4c3fbe32-0d99-4d9e-b1f2-2572cdc42532',  '7e942ebc-58ee-48eb-94da-52e9ae67ade0', , TRUE, NOW(), NOW()),
('7127074b-45be-467c-8737-2589ec81db0a',  '7e942ebc-58ee-48eb-94da-52e9ae67ade0', , TRUE, NOW(), NOW()),
('1496116f-57bd-4a28-8dd5-781054216fb2',  '7e942ebc-58ee-48eb-94da-52e9ae67ade0', , TRUE, NOW(), NOW()),
('ab2b09a2-9c58-492b-9434-7a2107990182',  '7e942ebc-58ee-48eb-94da-52e9ae67ade0', , TRUE, NOW(), NOW()),
('aa6b1fe2-8730-461c-b30d-06974c3fff07',  '7e942ebc-58ee-48eb-94da-52e9ae67ade0', , TRUE, NOW(), NOW()),
('c13738ed-503a-4c19-824c-6f5fb5cea551',  '7e942ebc-58ee-48eb-94da-52e9ae67ade0', , TRUE, NOW(), NOW()),
('fc5fd298-15b1-46fb-af81-0167243a146f',  '7e942ebc-58ee-48eb-94da-52e9ae67ade0', , TRUE, NOW(), NOW()),
('173dce5e-5427-4987-b31a-ae14b9ca0cd1',  '7e942ebc-58ee-48eb-94da-52e9ae67ade0', , TRUE, NOW(), NOW()),
('a799cd97-8958-4ad6-9dd6-57f78c6aeb8a',  '7e942ebc-58ee-48eb-94da-52e9ae67ade0', , TRUE, NOW(), NOW()),
('b9dd9275-450b-4ddf-8b77-7c39923d43f3', '7e942ebc-58ee-48eb-94da-52e9ae67ade0', TRUE, NOW(), NOW()),
('b9dd9275-450b-4ddf-8b77-7c39923d43f3', 'Unknown', FALSE, NOW(), NOW()),
('b2c3f34a-ddac-4b8b-a508-2afab3a8ad14', '7e942ebc-58ee-48eb-94da-52e9ae67ade0', TRUE, NOW(), NOW()),
('b2c3f34a-ddac-4b8b-a508-2afab3a8ad14', 'Unknown', FALSE, NOW(), NOW()),
('78d84c41-fd06-4f75-9a4d-d6c373e8e34a',  '7e942ebc-58ee-48eb-94da-52e9ae67ade0', , TRUE, NOW(), NOW()),
('9cbcaac5-6ff0-4117-8ca2-9ed16c444d2f',  '7e942ebc-58ee-48eb-94da-52e9ae67ade0', , TRUE, NOW(), NOW()),
('4f88766c-09d3-4c6c-b861-53740c5b6ea1',  '7e942ebc-58ee-48eb-94da-52e9ae67ade0', , TRUE, NOW(), NOW()),
('b2927612-9bc1-4d8d-a296-55eff94dcf81', 'ef8cc6c3-250a-497c-bef5-4d32bc8b94b0', TRUE, NOW(), NOW()),
('b2927612-9bc1-4d8d-a296-55eff94dcf81', 'Unknown', FALSE, NOW(), NOW()),
('b2927612-9bc1-4d8d-a296-55eff94dcf81', '7e942ebc-58ee-48eb-94da-52e9ae67ade0', FALSE, NOW(), NOW()),
('b2927612-9bc1-4d8d-a296-55eff94dcf81', 'Unknown', FALSE, NOW(), NOW()),
('b2927612-9bc1-4d8d-a296-55eff94dcf81', 'Unknown', FALSE, NOW(), NOW()),
('b2927612-9bc1-4d8d-a296-55eff94dcf81', 'Unknown', FALSE, NOW(), NOW()),
('b2927612-9bc1-4d8d-a296-55eff94dcf81', 'Unknown', FALSE, NOW(), NOW()),
('1d274579-abec-4126-9ccc-f87efcdfab63', '7e942ebc-58ee-48eb-94da-52e9ae67ade0', TRUE, NOW(), NOW()),
('1d274579-abec-4126-9ccc-f87efcdfab63', 'Unknown', FALSE, NOW(), NOW()),
('1c56a12b-24fc-4551-9249-39109067d754', '7e942ebc-58ee-48eb-94da-52e9ae67ade0', TRUE, NOW(), NOW()),
('1c56a12b-24fc-4551-9249-39109067d754', 'Unknown', FALSE, NOW(), NOW()),
('3c39a61e-2de4-41c8-951a-84b492cdea4f', '7e942ebc-58ee-48eb-94da-52e9ae67ade0', TRUE, NOW(), NOW()),
('3c39a61e-2de4-41c8-951a-84b492cdea4f', 'Unknown', FALSE, NOW(), NOW()),
('58d8ed1e-7d21-4ea6-8306-9bbc6cb36702', '7e942ebc-58ee-48eb-94da-52e9ae67ade0', TRUE, NOW(), NOW()),
('58d8ed1e-7d21-4ea6-8306-9bbc6cb36702', 'Unknown', FALSE, NOW(), NOW()),
('5574519b-a94b-47f4-ae61-dce0f4d0d09a',  '7e942ebc-58ee-48eb-94da-52e9ae67ade0', , TRUE, NOW(), NOW()),
('9ab6af04-b77e-4133-ab61-0432b02df350', '7e942ebc-58ee-48eb-94da-52e9ae67ade0', TRUE, NOW(), NOW()),
('9ab6af04-b77e-4133-ab61-0432b02df350', 'Unknown', FALSE, NOW(), NOW()),
('a21dbb03-61d8-4bdf-9099-4e8374c8cacc',  '7e942ebc-58ee-48eb-94da-52e9ae67ade0', , TRUE, NOW(), NOW()),
('50846c3b-e7ee-4f6f-8a49-03732a3eb81f',  '7e942ebc-58ee-48eb-94da-52e9ae67ade0', , TRUE, NOW(), NOW()),
('a54e79fc-2a9b-4091-8aff-95fa714468c1',  '7e942ebc-58ee-48eb-94da-52e9ae67ade0', , TRUE, NOW(), NOW()),
('74c623e5-8c46-44ad-a0ea-94e63a63c338',  '7e942ebc-58ee-48eb-94da-52e9ae67ade0', , TRUE, NOW(), NOW()),
('7331a35b-b93c-4c0e-896c-98001a900eac',  '7e942ebc-58ee-48eb-94da-52e9ae67ade0', , TRUE, NOW(), NOW()),
('373967c0-7a07-4721-95d3-3959948299a8',  '7e942ebc-58ee-48eb-94da-52e9ae67ade0', , TRUE, NOW(), NOW()),
('8c747859-5a2e-4e16-8724-5f5f360a27d1',  '7e942ebc-58ee-48eb-94da-52e9ae67ade0', , TRUE, NOW(), NOW()),
('6cd7a241-7740-434e-ac34-43c7575367bb',  '7e942ebc-58ee-48eb-94da-52e9ae67ade0', , TRUE, NOW(), NOW()),
('069a87d6-bcea-416f-b8fd-2e6cf0bc73f1',  '7e942ebc-58ee-48eb-94da-52e9ae67ade0', , TRUE, NOW(), NOW()),
('6f4b9c04-fe56-4ec5-b83f-9dfb715f3ed2',  '7e942ebc-58ee-48eb-94da-52e9ae67ade0', , TRUE, NOW(), NOW()),
('b952d814-99a3-4109-bd4d-b35d818fd6ee',  '7e942ebc-58ee-48eb-94da-52e9ae67ade0', , TRUE, NOW(), NOW()),
('4c27533e-7729-4b46-8d74-c54325ed996a',  '7e942ebc-58ee-48eb-94da-52e9ae67ade0', , TRUE, NOW(), NOW()),
('96e24d72-8e23-4c23-9158-77a6b93816ff',  '7e942ebc-58ee-48eb-94da-52e9ae67ade0', , TRUE, NOW(), NOW()),
('6e2841f3-e31c-4780-b379-f6ea2133bba4',  '7e942ebc-58ee-48eb-94da-52e9ae67ade0', , TRUE, NOW(), NOW());