-- --------------------------------------------------------------------------
-- ----  ALBUM
INSERT INTO "Album" ("albumId", "title", "releaseDate", "albumType", "createdAt", "updatedAt") VALUES
('7FbJRg2IYkVJioqMayEukG', 'Qua Khung Cửa Sổ', '2021-05-05', 'album', NOW(), NOW()),
('02NJ8bzgtfdFCjtugWxqU3', 'Cơn Mưa Rào Đầu Tiên (from "Mùa Hè Đẹp Nhất")', '2024-06-30', 'single', NOW(), NOW()),
('5ysXBJHiqhcE5Pw8p1XDia', 'Đại Lộ Mặt Trời', '2024-01-04', 'ep', NOW(), NOW()),
('10iLcoMKkITSroCcStXUTK', 'Có Em Đời Bỗng Vui', '2023-06-27', 'single', NOW(), NOW()),
('1ds7bOlVzPrP64m8Fyz1Tk', 'đưa em về nhàa', '2023-04-24', 'single', NOW(), NOW()),
('0dQz4JaLqkpS7ENjwH3PwC', 'Trên Những Đám Mây', '2023-03-03', 'ep', NOW(), NOW()),
('7FtMm2ysb7gCxNO3MvAyjN', 'Trên Những Đám Mây', '2023-03-02', 'single', NOW(), NOW()),
('7Es5a5gTXIzJVZTw5wG8rM', 'Giấc Mơ Khác', '2023-02-09', 'single', NOW(), NOW()),
('0PerNE2c03V8oWboKkdhqd', 'Vì Sao', '2022-07-08', 'single', NOW(), NOW()),
('2greZVau20V2fjDYKe7PcK', 'Sunkissed (feat. Châu Bùi)', '2022-04-21', 'single', NOW(), NOW()),
('6KTWsYeoNn54xqlBpyYCBH', 'Để Ngày Mai Luôn Tới (feat. Generali)', '2021-12-24', 'single', NOW(), NOW()),
('6L4KtnRSSqWda3bh8Fg8td', 'Em Đừng Khóc', '2021-04-29', 'single', NOW(), NOW()),
('4Ah5jAqDu3nUrGlKysqmXG', 'Giá Như', '2020-12-25', 'single', NOW(), NOW()),
('7Kmjgg0UXtZyZQdgTuSg1d', 'Qua Khung Cửa Sổ', '2020-11-11', 'single', NOW(), NOW()),
('7FEh6eJumH2tqhXKfQ5Tul', 'Cứ Chill Thôi', '2020-07-11', 'single', NOW(), NOW()),
('1aBnXH1LQCX6w6te98vRoi', 'Vùng Ký Ức', '2020-03-27', 'single', NOW(), NOW()),
('0u3o3ESS1rnXlpF3VDI3gj', 'Mascara', '2019-12-06', 'single', NOW(), NOW()),
('7kT4Uja9jEoToBrOwP16LD', 'Cảm Ơn Và Xin Lỗi', '2019-07-25', 'single', NOW(), NOW()),
('39DlQMTaGCwxPmDs9y2KEN', 'Những Con Đường Song Song', '2019-05-22', 'single', NOW(), NOW()),
('3OeMev79HMbyR6z2STSWdG', 'Nếu Ngày Mai Không Đến', '2019-03-22', 'single', NOW(), NOW()),
('2i62jora7liYgLSk3h8Xmb', 'Và Thế Là Hết', '2018-12-24', 'single', NOW(), NOW()),
('0YE6n6CvPpZJZshCrzgMYF', 'Who', '2018-10-06', 'single', NOW(), NOW());



-- --------------------------------------------------------------------------
-- ----  ALBUMIMAGE

INSERT INTO "AlbumImage" ("albumId", "image", "size", "createdAt", "updatedAt") VALUES
('7FbJRg2IYkVJioqMayEukG', 'https://i.scdn.co/image/ab67616d0000b2734a5c0d176134cb5ab9db4924', '640', NOW(), NOW()),
('7FbJRg2IYkVJioqMayEukG', 'https://i.scdn.co/image/ab67616d00001e024a5c0d176134cb5ab9db4924', '300', NOW(), NOW()),
('7FbJRg2IYkVJioqMayEukG', 'https://i.scdn.co/image/ab67616d000048514a5c0d176134cb5ab9db4924', '64', NOW(), NOW()),
('02NJ8bzgtfdFCjtugWxqU3', 'https://i.scdn.co/image/ab67616d0000b273612e4a9c1d05f58836278550', '640', NOW(), NOW()),
('02NJ8bzgtfdFCjtugWxqU3', 'https://i.scdn.co/image/ab67616d00001e02612e4a9c1d05f58836278550', '300', NOW(), NOW()),
('02NJ8bzgtfdFCjtugWxqU3', 'https://i.scdn.co/image/ab67616d00004851612e4a9c1d05f58836278550', '64', NOW(), NOW()),
('5ysXBJHiqhcE5Pw8p1XDia', 'https://i.scdn.co/image/ab67616d0000b273249abe1ba8f2fc71681dec3e', '640', NOW(), NOW()),
('5ysXBJHiqhcE5Pw8p1XDia', 'https://i.scdn.co/image/ab67616d00001e02249abe1ba8f2fc71681dec3e', '300', NOW(), NOW()),
('5ysXBJHiqhcE5Pw8p1XDia', 'https://i.scdn.co/image/ab67616d00004851249abe1ba8f2fc71681dec3e', '64', NOW(), NOW()),
('10iLcoMKkITSroCcStXUTK', 'https://i.scdn.co/image/ab67616d0000b2732ba0ae37aee137f1365dfb1e', '640', NOW(), NOW()),
('10iLcoMKkITSroCcStXUTK', 'https://i.scdn.co/image/ab67616d00001e022ba0ae37aee137f1365dfb1e', '300', NOW(), NOW()),
('10iLcoMKkITSroCcStXUTK', 'https://i.scdn.co/image/ab67616d000048512ba0ae37aee137f1365dfb1e', '64', NOW(), NOW()),
('1ds7bOlVzPrP64m8Fyz1Tk', 'https://i.scdn.co/image/ab67616d0000b273f5f1c702277641302f435ad7', '640', NOW(), NOW()),
('1ds7bOlVzPrP64m8Fyz1Tk', 'https://i.scdn.co/image/ab67616d00001e02f5f1c702277641302f435ad7', '300', NOW(), NOW()),
('1ds7bOlVzPrP64m8Fyz1Tk', 'https://i.scdn.co/image/ab67616d00004851f5f1c702277641302f435ad7', '64', NOW(), NOW()),
('0dQz4JaLqkpS7ENjwH3PwC', 'https://i.scdn.co/image/ab67616d0000b27301cea91916a9dc4986775a2b', '640', NOW(), NOW()),
('0dQz4JaLqkpS7ENjwH3PwC', 'https://i.scdn.co/image/ab67616d00001e0201cea91916a9dc4986775a2b', '300', NOW(), NOW()),
('0dQz4JaLqkpS7ENjwH3PwC', 'https://i.scdn.co/image/ab67616d0000485101cea91916a9dc4986775a2b', '64', NOW(), NOW()),
('7FtMm2ysb7gCxNO3MvAyjN', 'https://i.scdn.co/image/ab67616d0000b273cc648865f7ad949e66cf56e7', '640', NOW(), NOW()),
('7FtMm2ysb7gCxNO3MvAyjN', 'https://i.scdn.co/image/ab67616d00001e02cc648865f7ad949e66cf56e7', '300', NOW(), NOW()),
('7FtMm2ysb7gCxNO3MvAyjN', 'https://i.scdn.co/image/ab67616d00004851cc648865f7ad949e66cf56e7', '64', NOW(), NOW()),
('7Es5a5gTXIzJVZTw5wG8rM', 'https://i.scdn.co/image/ab67616d0000b2737fa39203a5f3e8abff2e2368', '640', NOW(), NOW()),
('7Es5a5gTXIzJVZTw5wG8rM', 'https://i.scdn.co/image/ab67616d00001e027fa39203a5f3e8abff2e2368', '300', NOW(), NOW()),
('7Es5a5gTXIzJVZTw5wG8rM', 'https://i.scdn.co/image/ab67616d000048517fa39203a5f3e8abff2e2368', '64', NOW(), NOW()),
('0PerNE2c03V8oWboKkdhqd', 'https://i.scdn.co/image/ab67616d0000b2739ee516b4e2f21d0c66d5ec34', '640', NOW(), NOW()),
('0PerNE2c03V8oWboKkdhqd', 'https://i.scdn.co/image/ab67616d00001e029ee516b4e2f21d0c66d5ec34', '300', NOW(), NOW()),
('0PerNE2c03V8oWboKkdhqd', 'https://i.scdn.co/image/ab67616d000048519ee516b4e2f21d0c66d5ec34', '64', NOW(), NOW()),
('2greZVau20V2fjDYKe7PcK', 'https://i.scdn.co/image/ab67616d0000b273eeab1d2f756cba4c2807a62f', '640', NOW(), NOW()),
('2greZVau20V2fjDYKe7PcK', 'https://i.scdn.co/image/ab67616d00001e02eeab1d2f756cba4c2807a62f', '300', NOW(), NOW()),
('2greZVau20V2fjDYKe7PcK', 'https://i.scdn.co/image/ab67616d00004851eeab1d2f756cba4c2807a62f', '64', NOW(), NOW()),
('6KTWsYeoNn54xqlBpyYCBH', 'https://i.scdn.co/image/ab67616d0000b2735a8c8669a4b7784c53873d90', '640', NOW(), NOW()),
('6KTWsYeoNn54xqlBpyYCBH', 'https://i.scdn.co/image/ab67616d00001e025a8c8669a4b7784c53873d90', '300', NOW(), NOW()),
('6KTWsYeoNn54xqlBpyYCBH', 'https://i.scdn.co/image/ab67616d000048515a8c8669a4b7784c53873d90', '64', NOW(), NOW()),
('6L4KtnRSSqWda3bh8Fg8td', 'https://i.scdn.co/image/ab67616d0000b273827bd87fc2dec81441a4a059', '640', NOW(), NOW()),
('6L4KtnRSSqWda3bh8Fg8td', 'https://i.scdn.co/image/ab67616d00001e02827bd87fc2dec81441a4a059', '300', NOW(), NOW()),
('6L4KtnRSSqWda3bh8Fg8td', 'https://i.scdn.co/image/ab67616d00004851827bd87fc2dec81441a4a059', '64', NOW(), NOW()),
('4Ah5jAqDu3nUrGlKysqmXG', 'https://i.scdn.co/image/ab67616d0000b273529d77aea2711b55e2c2a431', '640', NOW(), NOW()),
('4Ah5jAqDu3nUrGlKysqmXG', 'https://i.scdn.co/image/ab67616d00001e02529d77aea2711b55e2c2a431', '300', NOW(), NOW()),
('4Ah5jAqDu3nUrGlKysqmXG', 'https://i.scdn.co/image/ab67616d00004851529d77aea2711b55e2c2a431', '64', NOW(), NOW()),
('7Kmjgg0UXtZyZQdgTuSg1d', 'https://i.scdn.co/image/ab67616d0000b273b78612216bdb603f614de427', '640', NOW(), NOW()),
('7Kmjgg0UXtZyZQdgTuSg1d', 'https://i.scdn.co/image/ab67616d00001e02b78612216bdb603f614de427', '300', NOW(), NOW()),
('7Kmjgg0UXtZyZQdgTuSg1d', 'https://i.scdn.co/image/ab67616d00004851b78612216bdb603f614de427', '64', NOW(), NOW()),
('7FEh6eJumH2tqhXKfQ5Tul', 'https://i.scdn.co/image/ab67616d0000b27336553f37510f4d4f3ccde8bf', '640', NOW(), NOW()),
('7FEh6eJumH2tqhXKfQ5Tul', 'https://i.scdn.co/image/ab67616d00001e0236553f37510f4d4f3ccde8bf', '300', NOW(), NOW()),
('7FEh6eJumH2tqhXKfQ5Tul', 'https://i.scdn.co/image/ab67616d0000485136553f37510f4d4f3ccde8bf', '64', NOW(), NOW()),
('1aBnXH1LQCX6w6te98vRoi', 'https://i.scdn.co/image/ab67616d0000b273f164fabd64c6b087d431104c', '640', NOW(), NOW()),
('1aBnXH1LQCX6w6te98vRoi', 'https://i.scdn.co/image/ab67616d00001e02f164fabd64c6b087d431104c', '300', NOW(), NOW()),
('1aBnXH1LQCX6w6te98vRoi', 'https://i.scdn.co/image/ab67616d00004851f164fabd64c6b087d431104c', '64', NOW(), NOW()),
('0u3o3ESS1rnXlpF3VDI3gj', 'https://i.scdn.co/image/ab67616d0000b2733a82403bfe141a2cc39a1911', '640', NOW(), NOW()),
('0u3o3ESS1rnXlpF3VDI3gj', 'https://i.scdn.co/image/ab67616d00001e023a82403bfe141a2cc39a1911', '300', NOW(), NOW()),
('0u3o3ESS1rnXlpF3VDI3gj', 'https://i.scdn.co/image/ab67616d000048513a82403bfe141a2cc39a1911', '64', NOW(), NOW()),
('7kT4Uja9jEoToBrOwP16LD', 'https://i.scdn.co/image/ab67616d0000b273acd83dac3ad9258e8b885617', '640', NOW(), NOW()),
('7kT4Uja9jEoToBrOwP16LD', 'https://i.scdn.co/image/ab67616d00001e02acd83dac3ad9258e8b885617', '300', NOW(), NOW()),
('7kT4Uja9jEoToBrOwP16LD', 'https://i.scdn.co/image/ab67616d00004851acd83dac3ad9258e8b885617', '64', NOW(), NOW()),
('39DlQMTaGCwxPmDs9y2KEN', 'https://i.scdn.co/image/ab67616d0000b27331849e55956290eba5cf0f54', '640', NOW(), NOW()),
('39DlQMTaGCwxPmDs9y2KEN', 'https://i.scdn.co/image/ab67616d00001e0231849e55956290eba5cf0f54', '300', NOW(), NOW()),
('39DlQMTaGCwxPmDs9y2KEN', 'https://i.scdn.co/image/ab67616d0000485131849e55956290eba5cf0f54', '64', NOW(), NOW()),
('3OeMev79HMbyR6z2STSWdG', 'https://i.scdn.co/image/ab67616d0000b27354f5d72f4efcaf7dae81e79f', '640', NOW(), NOW()),
('3OeMev79HMbyR6z2STSWdG', 'https://i.scdn.co/image/ab67616d00001e0254f5d72f4efcaf7dae81e79f', '300', NOW(), NOW()),
('3OeMev79HMbyR6z2STSWdG', 'https://i.scdn.co/image/ab67616d0000485154f5d72f4efcaf7dae81e79f', '64', NOW(), NOW()),
('2i62jora7liYgLSk3h8Xmb', 'https://i.scdn.co/image/ab67616d0000b27306bbb7b057b82a85800d27b7', '640', NOW(), NOW()),
('2i62jora7liYgLSk3h8Xmb', 'https://i.scdn.co/image/ab67616d00001e0206bbb7b057b82a85800d27b7', '300', NOW(), NOW()),
('2i62jora7liYgLSk3h8Xmb', 'https://i.scdn.co/image/ab67616d0000485106bbb7b057b82a85800d27b7', '64', NOW(), NOW()),
('0YE6n6CvPpZJZshCrzgMYF', 'https://i.scdn.co/image/ab67616d0000b273d1a1ef1e576a5e32911963f9', '640', NOW(), NOW()),
('0YE6n6CvPpZJZshCrzgMYF', 'https://i.scdn.co/image/ab67616d00001e02d1a1ef1e576a5e32911963f9', '300', NOW(), NOW()),
('0YE6n6CvPpZJZshCrzgMYF', 'https://i.scdn.co/image/ab67616d00004851d1a1ef1e576a5e32911963f9', '64', NOW(), NOW());





-- --------------------------------------------------------------------------
-- ----  ARTIST
INSERT INTO "Artist" ("id", "name", "avatar", "bio", "createdAt", "updatedAt") VALUES('2xvW7dgL1640K8exTcRMS4', 'Chillies', 'https://i.scdn.co/image/ab67616100005174ae678a70cd3899b2167026ea', Null, NOW(), NOW());


-- --------------------------------------------------------------------------
-- ----  GENRE

INSERT INTO "Genre" ("name", "createdAt", "updatedAt") VALUES
('acoustic', NOW(), NOW()),
('afrobeat', NOW(), NOW()),
('alt-rock', NOW(), NOW()),
('alternative', NOW(), NOW()),
('ambient', NOW(), NOW()),
('anime', NOW(), NOW()),
('black-metal', NOW(), NOW()),
('bluegrass', NOW(), NOW()),
('blues', NOW(), NOW()),
('bossanova', NOW(), NOW()),
('brazil', NOW(), NOW()),
('breakbeat', NOW(), NOW()),
('british', NOW(), NOW()),
('cantopop', NOW(), NOW()),
('chicago-house', NOW(), NOW()),
('children', NOW(), NOW()),
('chill', NOW(), NOW()),
('classical', NOW(), NOW()),
('club', NOW(), NOW()),
('comedy', NOW(), NOW()),
('country', NOW(), NOW()),
('dance', NOW(), NOW()),
('dancehall', NOW(), NOW()),
('death-metal', NOW(), NOW()),
('deep-house', NOW(), NOW()),
('detroit-techno', NOW(), NOW()),
('disco', NOW(), NOW()),
('disney', NOW(), NOW()),
('drum-and-bass', NOW(), NOW()),
('dub', NOW(), NOW()),
('dubstep', NOW(), NOW()),
('edm', NOW(), NOW()),
('electro', NOW(), NOW()),
('electronic', NOW(), NOW()),
('emo', NOW(), NOW()),
('folk', NOW(), NOW()),
('forro', NOW(), NOW()),
('french', NOW(), NOW()),
('funk', NOW(), NOW()),
('garage', NOW(), NOW()),
('german', NOW(), NOW()),
('gospel', NOW(), NOW()),
('goth', NOW(), NOW()),
('grindcore', NOW(), NOW()),
('groove', NOW(), NOW()),
('grunge', NOW(), NOW()),
('guitar', NOW(), NOW()),
('happy', NOW(), NOW()),
('hard-rock', NOW(), NOW()),
('hardcore', NOW(), NOW()),
('hardstyle', NOW(), NOW()),
('heavy-metal', NOW(), NOW()),
('hip-hop', NOW(), NOW()),
('holidays', NOW(), NOW()),
('honky-tonk', NOW(), NOW()),
('house', NOW(), NOW()),
('idm', NOW(), NOW()),
('indian', NOW(), NOW()),
('indie', NOW(), NOW()),
('indie-pop', NOW(), NOW()),
('industrial', NOW(), NOW()),
('iranian', NOW(), NOW()),
('j-dance', NOW(), NOW()),
('j-idol', NOW(), NOW()),
('j-pop', NOW(), NOW()),
('j-rock', NOW(), NOW()),
('jazz', NOW(), NOW()),
('k-pop', NOW(), NOW()),
('kids', NOW(), NOW()),
('latin', NOW(), NOW()),
('latino', NOW(), NOW()),
('malay', NOW(), NOW()),
('mandopop', NOW(), NOW()),
('metal', NOW(), NOW()),
('metal-misc', NOW(), NOW()),
('metalcore', NOW(), NOW()),
('minimal-techno', NOW(), NOW()),
('movies', NOW(), NOW()),
('mpb', NOW(), NOW()),
('new-age', NOW(), NOW()),
('new-release', NOW(), NOW()),
('opera', NOW(), NOW()),
('pagode', NOW(), NOW()),
('party', NOW(), NOW()),
('philippines-opm', NOW(), NOW()),
('piano', NOW(), NOW()),
('pop', NOW(), NOW()),
('pop-film', NOW(), NOW()),
('post-dubstep', NOW(), NOW()),
('power-pop', NOW(), NOW()),
('progressive-house', NOW(), NOW()),
('psych-rock', NOW(), NOW()),
('punk', NOW(), NOW()),
('punk-rock', NOW(), NOW()),
('r-n-b', NOW(), NOW()),
('rainy-day', NOW(), NOW()),
('reggae', NOW(), NOW()),
('reggaeton', NOW(), NOW()),
('road-trip', NOW(), NOW()),
('rock', NOW(), NOW()),
('rock-n-roll', NOW(), NOW()),
('rockabilly', NOW(), NOW()),
('romance', NOW(), NOW()),
('sad', NOW(), NOW()),
('salsa', NOW(), NOW()),
('samba', NOW(), NOW()),
('sertanejo', NOW(), NOW()),
('show-tunes', NOW(), NOW()),
('singer-songwriter', NOW(), NOW()),
('ska', NOW(), NOW()),
('sleep', NOW(), NOW()),
('songwriter', NOW(), NOW()),
('soul', NOW(), NOW()),
('soundtracks', NOW(), NOW()),
('spanish', NOW(), NOW()),
('study', NOW(), NOW()),
('summer', NOW(), NOW()),
('swedish', NOW(), NOW()),
('synth-pop', NOW(), NOW()),
('tango', NOW(), NOW()),
('techno', NOW(), NOW()),
('trance', NOW(), NOW()),
('trip-hop', NOW(), NOW()),
('turkish', NOW(), NOW()),
('work-out', NOW(), NOW()),
('world-music', NOW(), NOW());


-- --------------------------------------------------------------------------
-- ----  ARTISTGENRE



-- --------------------------------------------------------------------------
-- ----  TRACK


INSERT INTO "Song" ("id", "albumId", "title", "duration", "lyric", "filePathAudio", "privacy", "uploadUserId", "createdAt", "updatedAt") VALUES
('5xfeQsy7aUdM1pHvTRZMDI' ,'7FbJRg2IYkVJioqMayEukG', 'Bao Nhiêu', '229666', 'lyric', 'https://audiomelodies.nyc3.digitaloceanspaces.com/LOC/Chillies/QuaKhungCuaSo/BaoNhieu.m4a', 'False', Null, NOW(), NOW()),
('0JKEP4dB1riE6l7Kq5kJm1' ,'7FbJRg2IYkVJioqMayEukG', 'Em Đừng Khóc', '267230', 'lyric', 'https://audiomelodies.nyc3.digitaloceanspaces.com/LOC/Chillies/EmungKhoc/EmDungKhoc.m4a', 'False', Null, NOW(), NOW()),
('0zGOn9WCE4UOUM5Ngeu4kx' ,'7FbJRg2IYkVJioqMayEukG', 'Giá Như', '297000', 'lyric', 'https://audiomelodies.nyc3.digitaloceanspaces.com/LOC/Chillies/GiaNhu/GiaNhu.m4a', 'False', Null, NOW(), NOW()),
('6NCBemUJvjspFiLuATSUm3' ,'7FbJRg2IYkVJioqMayEukG', 'Ms. May (feat. Magazine)', '203593', 'lyric', 'https://audiomelodies.nyc3.digitaloceanspaces.com/LOC/Chillies/QuaKhungCuaSo/MsMayfeatMagazine.m4a', 'False', Null, NOW(), NOW()),
('3H6nzsPNMttEvUl3ai3xN8' ,'7FbJRg2IYkVJioqMayEukG', 'Vùng Ký Ức', '296500', 'lyric', 'https://audiomelodies.nyc3.digitaloceanspaces.com/LOC/Chillies/QuaKhungCuaSo/VungKyUc.m4a', 'False', Null, NOW(), NOW()),
('1X0cRJUAsFhEnaBhs4H7Yj' ,'7FbJRg2IYkVJioqMayEukG', 'Mộng Du', '240000', 'lyric', 'https://audiomelodies.nyc3.digitaloceanspaces.com/LOC/Chillies/QuaKhungCuaSo/MongDu.m4a', 'False', Null, NOW(), NOW()),
('5tuggdTrO21Wi9ydcyUXlX' ,'7FbJRg2IYkVJioqMayEukG', 'Qua Khung Cửa Sổ', '299090', 'lyric', 'https://audiomelodies.nyc3.digitaloceanspaces.com/LOC/Chillies/QuaKhungCuaSo/QuaKhungCuaSo.m4a', 'False', Null, NOW(), NOW()),
('5qr3vaUs2uL0kdyPnNG3VA' ,'7FbJRg2IYkVJioqMayEukG', 'Một Cái Tên (feat. Orange)', '241463', 'lyric', 'https://audiomelodies.nyc3.digitaloceanspaces.com/LOC/Chillies/QuaKhungCuaSo/MotCaiTenfeatOrange.m4a', 'False', Null, NOW(), NOW()),
('50cmxP6KlnQA9IG3q5ckKD' ,'7FbJRg2IYkVJioqMayEukG', 'Mascara', '293157', 'lyric', 'https://audiomelodies.nyc3.digitaloceanspaces.com/LOC/Chillies/Mascara/Mascara.m4a', 'False', Null, NOW(), NOW()),
('0glDqpRJ9WyPHI1AXk0GcD' ,'7FbJRg2IYkVJioqMayEukG', 'Đường Chân Trời', '310000', 'lyric', 'https://audiomelodies.nyc3.digitaloceanspaces.com/LOC/Chillies/QuaKhungCuaSo/DuongChanTroi.m4a', 'False', Null, NOW(), NOW()),
('7aAobrQzeaFO7JQiPFi3cU' ,'02NJ8bzgtfdFCjtugWxqU3', 'Cơn Mưa Rào Đầu Tiên (from "Mùa Hè Đẹp Nhất")', '255384', 'lyric', 'https://audiomelodies.nyc3.digitaloceanspaces.com/LOC/Chillies/ConMuaRaoauTienfromMuaHeepNhat/ConMuaRaoDauTienfromMuaHeDepNhat.m4a', 'False', Null, NOW(), NOW()),
('0RRaMSF6sPNAvMTntUiv8m' ,'5ysXBJHiqhcE5Pw8p1XDia', 'Đại Lộ Mặt Trời', '271578', 'lyric', 'https://audiomelodies.nyc3.digitaloceanspaces.com/LOC/Chillies/aiLoMatTroi/DaiLoMatTroi.m4a', 'False', Null, NOW(), NOW()),
('0H0BIBNimztpyK22DS8odp' ,'5ysXBJHiqhcE5Pw8p1XDia', 'Đại Lộ Mặt Trời - Japanese Version', '271578', 'lyric', 'https://audiomelodies.nyc3.digitaloceanspaces.com/LOC/Chillies/aiLoMatTroi/DaiLoMatTroiJapaneseVersion.m4a', 'False', Null, NOW(), NOW()),
('0yCWGVeHcbaP3yiicXvgK3' ,'10iLcoMKkITSroCcStXUTK', 'Có Em Đời Bỗng Vui', '247530', 'lyric', 'https://audiomelodies.nyc3.digitaloceanspaces.com/LOC/Chillies/CoEmoiBongVui/CoEmDoiBongVui.m4a', 'False', Null, NOW(), NOW()),
('5LQpQ6SDeaz6SIkR0lvsoC' ,'1ds7bOlVzPrP64m8Fyz1Tk', 'đưa em về nhàa', '240000', 'lyric', 'nan', 'False', Null, NOW(), NOW()),
('12ReD5zsmUdKXw7xUSd4R4' ,'0dQz4JaLqkpS7ENjwH3PwC', 'Trên Những Đám Mây', '235411', 'lyric', 'https://audiomelodies.nyc3.digitaloceanspaces.com/LOC/Chillies/TrenNhungamMay/TrenNhungDamMay.m4a', 'False', Null, NOW(), NOW()),
('0hoHiHMNyww5XmkKbkuBPB' ,'0dQz4JaLqkpS7ENjwH3PwC', 'Giấc Mơ Khác', '223154', 'lyric', 'https://audiomelodies.nyc3.digitaloceanspaces.com/LOC/Chillies/GiacMoKhac/GiacMoKhac.m4a', 'False', Null, NOW(), NOW()),
('6vcLkhkWT26riaW2erEYjI' ,'0dQz4JaLqkpS7ENjwH3PwC', 'Tình Yêu Mới', '242222', 'lyric', 'https://audiomelodies.nyc3.digitaloceanspaces.com/LOC/Chillies/TrenNhungamMay/TinhYeuMoi.m4a', 'False', Null, NOW(), NOW()),
('3hDuPFZRVw4pfo0YJo4ZqX' ,'0dQz4JaLqkpS7ENjwH3PwC', 'Vì Sao', '274951', 'lyric', 'https://audiomelodies.nyc3.digitaloceanspaces.com/LOC/Chillies/TrenNhungamMay/ViSao.m4a', 'False', Null, NOW(), NOW()),
('4gGxU1XltKdGeFWhiqeNms' ,'0dQz4JaLqkpS7ENjwH3PwC', 'Tầng Mây Thứ 8', '295125', 'lyric', 'https://audiomelodies.nyc3.digitaloceanspaces.com/LOC/Chillies/TrenNhungamMay/TangMayThu8.m4a', 'False', Null, NOW(), NOW()),
('0Pf2hR940vgS9iVk4CriZX' ,'7FtMm2ysb7gCxNO3MvAyjN', 'Trên Những Đám Mây', '235411', 'lyric', 'nan', 'False', Null, NOW(), NOW()),
('5YiqPAVbiFUj1G1qvbXo0X' ,'7Es5a5gTXIzJVZTw5wG8rM', 'Giấc Mơ Khác', '223154', 'lyric', 'https://audiomelodies.nyc3.digitaloceanspaces.com/LOC/Chillies/TrenNhungamMay/GiacMoKhac.m4a', 'False', Null, NOW(), NOW()),
('5usije28Kb2Dvzg1kZaa21' ,'0PerNE2c03V8oWboKkdhqd', 'Vì Sao', '274951', 'lyric', 'https://audiomelodies.nyc3.digitaloceanspaces.com/LOC/Chillies/ViSao/ViSao.m4a', 'False', Null, NOW(), NOW()),
('1HQcB17Uevy4vdHlsuqCqe' ,'2greZVau20V2fjDYKe7PcK', 'Sunkissed (feat. Châu Bùi)', '202615', 'lyric', 'https://audiomelodies.nyc3.digitaloceanspaces.com/LOC/Chillies/SunkissedfeatChauBui/SunkissedfeatChauBui.m4a', 'False', Null, NOW(), NOW()),
('30XMamr641niyKOg3yV9B0' ,'6KTWsYeoNn54xqlBpyYCBH', 'Để Ngày Mai Luôn Tới (feat. Generali)', '286125', 'lyric', 'https://audiomelodies.nyc3.digitaloceanspaces.com/LOC/Chillies/eNgayMaiLuonToifeatGenerali/DeNgayMaiLuonToifeatGenerali.m4a', 'False', Null, NOW(), NOW()),
('6ZxLr6LFCBjVtmoWf2YXws' ,'6L4KtnRSSqWda3bh8Fg8td', 'Em Đừng Khóc', '267230', 'lyric', 'https://audiomelodies.nyc3.digitaloceanspaces.com/LOC/Chillies/QuaKhungCuaSo/EmDungKhoc.m4a', 'False', Null, NOW(), NOW()),
('42mIT9wfmgA48DTN8GmCxX' ,'4Ah5jAqDu3nUrGlKysqmXG', 'Giá Như', '297000', 'lyric', 'https://audiomelodies.nyc3.digitaloceanspaces.com/LOC/Chillies/QuaKhungCuaSo/GiaNhu.m4a', 'False', Null, NOW(), NOW()),
('6jOP08e9PHDnoF3reZcePE' ,'7Kmjgg0UXtZyZQdgTuSg1d', 'Qua Khung Cửa Sổ', '299090', 'lyric', 'nan', 'False', Null, NOW(), NOW()),
('014DA3BdnmD3kI5pBogH7c' ,'7FEh6eJumH2tqhXKfQ5Tul', 'Cứ Chill Thôi', '270000', 'lyric', 'https://audiomelodies.nyc3.digitaloceanspaces.com/LOC/Chillies/CuChillThoi/CuChillThoi.m4a', 'False', Null, NOW(), NOW()),
('1503Da6qbgNifRnRwIjtZe' ,'1aBnXH1LQCX6w6te98vRoi', 'Vùng Ký Ức', '296500', 'lyric', 'https://audiomelodies.nyc3.digitaloceanspaces.com/LOC/Chillies/VungKyUc/VungKyUc.m4a', 'False', Null, NOW(), NOW()),
('2Jaaw8PrdUfPlU6o6tL5dl' ,'0u3o3ESS1rnXlpF3VDI3gj', 'Mascara', '293157', 'lyric', 'https://audiomelodies.nyc3.digitaloceanspaces.com/LOC/Chillies/QuaKhungCuaSo/Mascara.m4a', 'False', Null, NOW(), NOW()),
('7wHBNIBO353lf9aVvmUydT' ,'7kT4Uja9jEoToBrOwP16LD', 'Cảm Ơn Và Xin Lỗi', '316285', 'lyric', 'https://audiomelodies.nyc3.digitaloceanspaces.com/LOC/Chillies/CamOnVaXinLoi/CamOnVaXinLoi.m4a', 'False', Null, NOW(), NOW()),
('70cMlm2Ib00pnJHtjMem9b' ,'39DlQMTaGCwxPmDs9y2KEN', 'Những Con Đường Song Song', '297662', 'lyric', 'https://audiomelodies.nyc3.digitaloceanspaces.com/LOC/Chillies/NhungConuongSongSong/NhungConDuongSongSong.m4a', 'False', Null, NOW(), NOW()),
('1IyaXs95EqH8emANUrhRwH' ,'3OeMev79HMbyR6z2STSWdG', 'Nếu Ngày Mai Không Đến', '330967', 'lyric', 'https://audiomelodies.nyc3.digitaloceanspaces.com/LOC/Chillies/NeuNgayMaiKhongen/NeuNgayMaiKhongDen.m4a', 'False', Null, NOW(), NOW()),
('0Bk064jKjWtfdOD8UkcImR' ,'2i62jora7liYgLSk3h8Xmb', 'Và Thế Là Hết', '291650', 'lyric', 'https://audiomelodies.nyc3.digitaloceanspaces.com/LOC/Chillies/VaTheLaHet/VaTheLaHet.m4a', 'False', Null, NOW(), NOW()),
('4fpd6aRKixkz7usrx7QQkh' ,'0YE6n6CvPpZJZshCrzgMYF', 'Who', '243409', 'lyric', 'https://audiomelodies.nyc3.digitaloceanspaces.com/LOC/Chillies/Who/Who.m4a', 'False', Null, NOW(), NOW());



-- --------------------------------------------------------------------------
-- ----  ARTISTSONG


INSERT INTO "ArtistSong" ("songId", "artistId", "main", "createdAt", "updatedAt") VALUES
('5xfeQsy7aUdM1pHvTRZMDI', '2xvW7dgL1640K8exTcRMS4', 'True', NOW(), NOW()),
('0JKEP4dB1riE6l7Kq5kJm1', '2xvW7dgL1640K8exTcRMS4', 'True', NOW(), NOW()),
('0zGOn9WCE4UOUM5Ngeu4kx', '2xvW7dgL1640K8exTcRMS4', 'True', NOW(), NOW()),
('6NCBemUJvjspFiLuATSUm3', '2xvW7dgL1640K8exTcRMS4', 'True', NOW(), NOW()),
('3H6nzsPNMttEvUl3ai3xN8', '2xvW7dgL1640K8exTcRMS4', 'True', NOW(), NOW()),
('1X0cRJUAsFhEnaBhs4H7Yj', '2xvW7dgL1640K8exTcRMS4', 'True', NOW(), NOW()),
('5tuggdTrO21Wi9ydcyUXlX', '2xvW7dgL1640K8exTcRMS4', 'True', NOW(), NOW()),
('5qr3vaUs2uL0kdyPnNG3VA', '2xvW7dgL1640K8exTcRMS4', 'True', NOW(), NOW()),
('50cmxP6KlnQA9IG3q5ckKD', '2xvW7dgL1640K8exTcRMS4', 'True', NOW(), NOW()),
('0glDqpRJ9WyPHI1AXk0GcD', '2xvW7dgL1640K8exTcRMS4', 'True', NOW(), NOW()),
('7aAobrQzeaFO7JQiPFi3cU', '2xvW7dgL1640K8exTcRMS4', 'True', NOW(), NOW()),
('0RRaMSF6sPNAvMTntUiv8m', '2xvW7dgL1640K8exTcRMS4', 'True', NOW(), NOW()),
('0H0BIBNimztpyK22DS8odp', '2xvW7dgL1640K8exTcRMS4', 'True', NOW(), NOW()),
('0yCWGVeHcbaP3yiicXvgK3', '2xvW7dgL1640K8exTcRMS4', 'True', NOW(), NOW()),
-- ('5LQpQ6SDeaz6SIkR0lvsoC', '6d0dLenjy5CnR5ZMn2agiV', 'True', NOW(), NOW()),
('5LQpQ6SDeaz6SIkR0lvsoC', '2xvW7dgL1640K8exTcRMS4', 'False', NOW(), NOW()),
('12ReD5zsmUdKXw7xUSd4R4', '2xvW7dgL1640K8exTcRMS4', 'True', NOW(), NOW()),
('0hoHiHMNyww5XmkKbkuBPB', '2xvW7dgL1640K8exTcRMS4', 'True', NOW(), NOW()),
('6vcLkhkWT26riaW2erEYjI', '2xvW7dgL1640K8exTcRMS4', 'True', NOW(), NOW()),
('3hDuPFZRVw4pfo0YJo4ZqX', '2xvW7dgL1640K8exTcRMS4', 'True', NOW(), NOW()),
('4gGxU1XltKdGeFWhiqeNms', '2xvW7dgL1640K8exTcRMS4', 'True', NOW(), NOW()),
('0Pf2hR940vgS9iVk4CriZX', '2xvW7dgL1640K8exTcRMS4', 'True', NOW(), NOW()),
('5YiqPAVbiFUj1G1qvbXo0X', '2xvW7dgL1640K8exTcRMS4', 'True', NOW(), NOW()),
('5usije28Kb2Dvzg1kZaa21', '2xvW7dgL1640K8exTcRMS4', 'True', NOW(), NOW()),
('1HQcB17Uevy4vdHlsuqCqe', '2xvW7dgL1640K8exTcRMS4', 'True', NOW(), NOW()),
('30XMamr641niyKOg3yV9B0', '2xvW7dgL1640K8exTcRMS4', 'True', NOW(), NOW()),
('6ZxLr6LFCBjVtmoWf2YXws', '2xvW7dgL1640K8exTcRMS4', 'True', NOW(), NOW()),
('42mIT9wfmgA48DTN8GmCxX', '2xvW7dgL1640K8exTcRMS4', 'True', NOW(), NOW()),
('6jOP08e9PHDnoF3reZcePE', '2xvW7dgL1640K8exTcRMS4', 'True', NOW(), NOW()),
('014DA3BdnmD3kI5pBogH7c', '2xvW7dgL1640K8exTcRMS4', 'True', NOW(), NOW()),
-- ('014DA3BdnmD3kI5pBogH7c', '4x1fUORHa2EsxrQ6ZzAoQ0', 'False', NOW(), NOW()),
-- ('014DA3BdnmD3kI5pBogH7c', '0gGd4WhPXBSgDX6fdOHcOw', 'False', NOW(), NOW()),
('1503Da6qbgNifRnRwIjtZe', '2xvW7dgL1640K8exTcRMS4', 'True', NOW(), NOW()),
('2Jaaw8PrdUfPlU6o6tL5dl', '2xvW7dgL1640K8exTcRMS4', 'True', NOW(), NOW()),
('7wHBNIBO353lf9aVvmUydT', '2xvW7dgL1640K8exTcRMS4', 'True', NOW(), NOW()),
('70cMlm2Ib00pnJHtjMem9b', '2xvW7dgL1640K8exTcRMS4', 'True', NOW(), NOW()),
('1IyaXs95EqH8emANUrhRwH', '2xvW7dgL1640K8exTcRMS4', 'True', NOW(), NOW()),
('0Bk064jKjWtfdOD8UkcImR', '2xvW7dgL1640K8exTcRMS4', 'True', NOW(), NOW()),
('4fpd6aRKixkz7usrx7QQkh', '2xvW7dgL1640K8exTcRMS4', 'True', NOW(), NOW());


-- --------------------------------------------------------------------------
-- ----  ALBUMGENRE


-- INSERT INTO "Artist" ("artistId", "genreId", "createdAt", "updatedAt") VALUES('2uWcrwgWmZcQc3IPBs3tfU', 'k-pop girl group', NOW(), NOW()),
-- ('0qlWcS66ohOIi0M8JZwPft', 'k-pop girl group', NOW(), NOW()),
-- ('2019zR22qK2RBvCqtudBaI', 'k-pop girl group', NOW(), NOW()),
-- ('4SpbR6yFEvexJuaBpgAU5p', 'k-pop girl group', NOW(), NOW()),
-- ('2AfmfGFbe0A0WsTYm0SDTx', 'k-pop girl group', NOW(), NOW()),
-- ('6rJqqRce0Kvo2dJUXoHleC', 'country rock', NOW(), NOW()),
-- ('3KonOYiLsU53m4yT7gNotP', 'k-pop boy group', NOW(), NOW()),
-- ('5qRSs6mvI17zrkJpOHkCoM', 'k-pop boy group', NOW(), NOW()),
-- ('6YVMFz59CuY7ngCxTxjpxE', 'k-pop girl group', NOW(), NOW()),
-- ('3qNVuliS40BLgXGxhdBdqu', 'k-pop', NOW(), NOW()),
-- ('3HqSLMAZ3g3d5poNaI7GOU', 'pop', NOW(), NOW()),
-- ('6RHTUrRF63xao58xh9FXYJ', 'k-pop girl group', NOW(), NOW()),
-- ('6HvZYsbFfjnjFrWF950C9d', 'k-pop girl group', NOW(), NOW()),
-- ('2dd5mrQZvg6SmahdgVKDzh', 'korean old school hip hop', NOW(), NOW()),
-- ('6udveWUgX4vu75FF0DTrXV', 'korean r&b', NOW(), NOW()),
-- ('6HaGTQPmzraVmaVxvz6EUc', 'k-pop', NOW(), NOW()),
-- ('3Cv2vi3WTl8VZOTdrBkKdM', 'k-pop girl group', NOW(), NOW()),
-- ('24nUVBIlCGi4twz4nYxJum', 'k-pop girl group', NOW(), NOW()),
-- ('13kJgvU22LHMsJtGWLmx7W', 'k-pop girl group', NOW(), NOW()),
-- ('1xs6WFotNQSXweo0GXrS0O', 'k-pop girl group', NOW(), NOW()),
-- ('6OwKE9Ez6ALxpTaKcT5ayv', 'k-pop', NOW(), NOW()),
-- ('5vGoWnZO65NBgiZYBmi3iW', 'k-pop', NOW(), NOW()),
-- ('7F1iAHRYxR3MY7yAEuFqgL', '', NOW(), NOW()),
-- ('0VMFTqmv0hYlWruyBERT95', 'singer-songwriter pop', NOW(), NOW()),
-- ('250b0Wlc5Vk0CoUsaCY84M', 'k-pop', NOW(), NOW()),
-- ('5L1lO4eRHmJ7a0Q6csE5cT', 'k-pop', NOW(), NOW()),
-- ('3eVa5w3URK5duf6eyVDbu9', 'k-pop', NOW(), NOW()),
-- ('1iyFL3CRuKW7PXgPH4VxSP', 'k-pop boy group', NOW(), NOW()),
-- ('6UZ0ba50XreR4TM8u322gs', 'k-pop', NOW(), NOW()),
-- ('4yiB30K5scGkjmAgHGIH8Y', '', NOW(), NOW()),
-- ('1SIocsqdEefUTE6XKGUiVS', '5th gen k-pop', NOW(), NOW()),
-- ('6S3tOdgtc5qz16hwmMjEBN', '5th gen k-pop', NOW(), NOW()),
-- ('5DuzBeOgFwViFcv00Q5PFb', 'k-pop boy group', NOW(), NOW());